:10D10000380C0020C12F02002D2F0200118F0200C9
:10D110001D8F0200298F0200418F0200358F02000F
:10D120000000000000000000000000003136020096
:10D130003D2F020000000000DD350200412F0200FB
:10D14000452F0200492F02009524020005390200F4
:10D150004D2F0200512F0200552F0200592F0200BF
:10D160005D2F0200612F0200652F0200692F02006F
:10D170006D2F0200712F0200752F0200792F02001F
:10D180007D2F0200812F0200852F0200892F0200CF
:10D190008D2F0200912F0200952F0200992F02007F
:10D1A0009D2F020025390200A12F0200153902002F
:10D1B000A52F0200A92F0200AD2F0200B12F0200FF
:0CD1C000B52F0200B92F0200BD2F0200A5
:10D1FC0000015F5F00000000FE0B00009937020089
:10D20C00000400000000000000000000000000000E
:10D21C000000000000000000407100200000000031
:10D22C0001015F5F01000000FF030000F9370200FD
:10D23C0000010000000000000000000000000000E1
:10D24C0000000000000000004075002000000000FD
:10D25C0001015F5F050100001F010000C5F1000026
:10D26C0000070000000000000100000001000000A9
:10D27C000000000000000000102D00200000000045
:10D28C00800000AE581B030020000000030F0000BC
:10D29C000100000009F100000100000001015F5FC6
:10D2AC002D0100000F030000FD0F01000010000015
:10D2BC00000000000000000005000000000000005D
:10D2CC0003000000A049002000000000701B0300B8
:10D2DC00800000AE000F0000010000000000000004
:10D2EC0010000000841B030070000000000500000B
:10D2FC00010000000000000020000000901B030053
:10D30C00710000000005000001000000000000009A
:10D31C00400000009C1B0300720000000005000090
:10D32C00010000000000000080000000B01B0300A2
:10D33C007300000000050000010000000000000068
:10D34C000001000021380200353902002D010000D7
:10D35C0003000000000000806D3802004D3902000F
:10D36C002D0100001B00000000000040B938020035
:10D37C00413902002D0100001900000000000020BE
:10D38C0001015F5F2C0100000F030000F923020074
:10D39C000010000000000000000000000100000070
:10D3AC000000000000000000680C002000000000DD
:10D3BC00C01B0300700000AE00050000010000005F
:10D3CC00000000001000000001015F5F2E01000052
:10D3DC000F020000F90B010000100000000000001B
:10D3EC00000000000100000000000000010000002F
:10D3FC00681C002000000000D41B0300000500AED8
:10D40C0000050000010000000000000010000000FA
:10D41C0049240200A52402002E0100000200000095
:04D42C00000000807C
:10D44000F8B50D4617460446C0E9265700F1A00777
:10D4500048220021ED0F38461E461CF01DF800231F
:10D460009FED157BC4F8D8500225069A204606CABF
:10D47000C4F8C06084ED347BC4E9373384F8C85005
:10D4800023F066FF2146384602F05CF9054638B1C4
:10D4900003280BD019280CBF012503252846F8BD09
:10D4A0002046052123F0C2FF2846F8BD0425284662
:10D4B000F8BD00BFAFF300805D81FF7F000000007A
:10D4C0009FED357B4FF4C2039FED356B70B504467D
:10D4D00086B04FF0FF308DED006B8DED027B049335
:10D4E00012F0F0FD002839D12F4D4FF0FF3012F02F
:10D4F0001BFE2E4AD2F8003FD907FBD44FF0E06163
:10D5000001202B4B19600199596002999960039988
:10D51000D960049919612549C2F8000FD1F8003F7C
:10D520009B07FBD5224B1A68002A4FF00202A2BFCC
:10D530005B68002623601D4BB8BF4FF0FF36C3F871
:10D54000002F12F0FDFD0023C5F8083212F0C6FDD1
:10D55000012002F079FE304606B070BD0026124D63
:10D560004FF4807231462846C5F808621BF094FFDC
:10D570004FF480723146A8181BF08EFF04F01EF99C
:10D5800018B9012002F03CFEAFE7C5F8086212F0BE
:10D59000A5FDAAE7AFF30080000000000000000036
:10D5A0000000000747365A4F1034002000300F406B
:10D5B00000000F400000000070B50546164C4FF407
:10D5C0008072002120462E691BF066FF4FF48072A6
:10D5D0000021A0181BF060FF0DA1D1E90001EB6A4A
:10D5E000326923610023C4E909336361E362636341
:10D5F0004FF0C8532263AA6BC4E90201A2616A6CAE
:10D6000023602262B5F84820C2F30B02E26170BDCC
:10D610002E00080808000000103400200000000060
:10D6200070B50546184C4FF48072002120462E69D3
:10D630001BF032FF4FF480720021A0181BF02CFF6A
:10D64000002233694FF0C8512363AB6B6262A36160
:10D65000B5F84830E262C3F30B0343F49003E3618F
:10D66000626300230022686C503520622160C4E9A7
:10D67000042303A1D1E90001A562C4E9020170BD40
:10D680002F000808080000001034002000000000EF
:10D6900070B5826FC36E04469A42474B474A0D46A7
:10D6A000DA62037E84B020D0042B01D00F295ED82B
:10D6B0000026636B404AC2F89030A36BC2F89430E6
:10D6C000E36BC2F89830236CC2F89C30002E37D040
:10D6D000237E022B02D0002004B070BDEFF305833F
:10D6E000002B51D0606904B070BD042B01D00F290C
:10D6F00050D800269FED2E7B94F88120E16AC2F17C
:10D700000E030DF101008DED007B8DED027B8DF898
:10D7100000301BF083FE0121009B274A8DF80F107B
:10D72000C2F89030019BC2F89430029BC2F8983046
:10D73000039BC2F89C30D069C307FCD4002EC7D12C
:10D74000D4E9090133462A4608F020FAA26F1A4BA1
:10D75000521BA267D3F890206263D3F89420A2638F
:10D76000D3F89820E263D3F89C302364B3E70B46E8
:10D77000D0E9091208F0E6F9A36F01261B1AA36786
:10D78000636E1B1A636694E74FF0FF310C4812F08A
:10D7900027FCA7E70B46D0E9091208F0D3F9A36FDD
:10D7A00001261B1AA367636E1B1A6366A2E700BFFC
:10D7B000000000000000000000000C402A002A01C8
:10D7C000406300200000000030B5C36905460C46E8
:10D7D00085B0002B3ED1284B284ADA629FED247B8E
:10D7E00095F820202969C2F10E030DF101008DED9D
:10D7F000007B8DED027B8DF800301BF00FFE0021C9
:10D80000009A1D4B8DF80F10C3F89020019AC3F8B1
:10D810009420029AC3F89820039AC3F89C20DA69EE
:10D82000D207FCD42168EA69C3F880106168C3F8A4
:10D830008410A168C3F88810E168C3F88C10196FD0
:10D840002160596F6160996FA160DB6FE3602AB955
:10D8500005B030BD084B0A4ADA62BFE70123D5E9BB
:10D86000020105B0BDE8304008F090B9AFF3008088
:10D87000000000000000000000000C4028002A0109
:10D880002A002A01000000002DE9F0470468DDE9C4
:10D890000889D4F8E050002D78D11E4694F8F03075
:10D8A000002B73D18E464FF0010A04F1040CD645CB
:10D8B00007460FCA8CE80F006561C4E91A68C4F80E
:10D8C000DC6084F87CE084F88090256784F87F50E1
:10D8D000C4F8D88084F8F0A051D02022002104F1AF
:10D8E00082001BF0D9FD1022002104F1A2001BF0E0
:10D8F000D3FD1022002104F1C4001BF0CDFD102245
:10D90000002104F1B2001BF0C7FD0023227923633C
:10D91000282AA36503D1204605F0CEFC0546102E2B
:10D9200005D9D4F8E4304BB12846BDE8F087B8F10A
:10D93000100FF9D9D4F8E430002BF5D1394620681E
:10D9400004F0E4F940B33C68302294F87C30012BB9
:10D9500019BF15A1D1E900010021114804F012FB03
:10D960003A4604200F4904F007FA90B904F04CFA43
:10D9700078B9656904F0F2F92846BDE8F087B9F195
:10D98000000FAAD1102384F88030A6E74FF0FF35AE
:10D99000CAE74FF0FF35EDE76FF00105C4E700BFC0
:10D9A00002281400D93101000228240000000000E0
:10D9B0002DE9F84F0B680D461A780646022A5DD00D
:10D9C000082A5BD0222A02D0282A40F0968095F8B7
:10D9D00020903468A9F10702062A00F28E80D4F85C
:10D9E000E020002A40F08980D5E9067E17EB0E0F73
:10D9F00000F0838094F8F080B8F1000F7DD101220F
:10DA000004F1040C84F87C200FCBC4F81480A565C5
:10DA10008CE80F006B68D5E902BAD5E9042CC4E99B
:10DA2000083BC4E90AA2C4F830C0C4F85CE0C4F8FA
:10DA30006CE095F821303146002B08BF1023C4F864
:10DA4000D8E0206884F88190C4F8E480C4F8D470E9
:10DA5000A766C4F8DC7084F8803004F057F9002819
:10DA60004ED0EB69102B01D91B070ED12379282B3F
:10DA700025D03046BDE8F84F06F018BB29463046A1
:10DA8000BDE8F84F012206F015BA3568302295F846
:10DA90007C30012B19BF1FA1D1E9000100211A48D8
:10DAA00004F070FA32460420184904F065F90028A1
:10DAB000DCD104F0A9F90028D8D16B69D6E720465B
:10DAC00005F0FAFB04460028D3D03568D5F8E40009
:10DAD00020B904F043F92046BDE8F88F04F082FA3B
:10DAE000324604200A4904F047F90028F1D104F035
:10DAF0008BF90028EDD16B69EBE74FF0FF34EAE7D3
:10DB00006FF00104E7E700BF02281400D9310100DB
:10DB1000B9310100022824000000000000000000CC
:10DB20002DE9F84F0B680D461A780646022A59D09F
:10DB3000082A57D0222A02D0282A40F0928095F84D
:10DB400020903468A9F10702062A00F28A80D4F8EE
:10DB5000E020002A40F08580D5E9067E17EB0E0F05
:10DB60007FD094F8F080B8F1000F7AD1022204F14E
:10DB7000040C84F87C200FCBC4F81480A5658CE8D5
:10DB80000F006B68D5E902BAD5E9042CC4E9083B5B
:10DB9000C4E90AA2C4F830C0C4F85CE0C4F86CE080
:10DBA00095F821303146C4F8D8E0206884F88030F8
:10DBB00084F88190C4F8E480C4F8D470A766C4F8EF
:10DBC000DC7004F0A3F800284ED0EB69102B01D9CB
:10DBD0001B070ED12379282B25D03046BDE8F84FFE
:10DBE00006F064BA29463046BDE8F84F022206F036
:10DBF00061B93568302295F87C30012B19BF1FA11F
:10DC0000D1E9000100211A4804F0BCF93246042091
:10DC1000184904F0B1F80028DCD104F0F5F8002828
:10DC2000D8D16B69D6E7204605F046FB04460028AC
:10DC3000D3D03568D5F8E40020B904F08FF8204639
:10DC4000BDE8F88F04F0CEF9324604200A4904F00A
:10DC500093F80028F1D104F0D7F80028EDD16B69D2
:10DC6000EBE74FF0FF34EAE76FF00104E7E700BFAE
:10DC700002281400D9310100B93101000228240022
:10DC8000000000000000000030B50468054660692F
:10DC900083B0002854D1C1B194F87CC06267BCF154
:10DCA000010FA267A166C4F8DC10E26684F8803038
:10DCB000206784F87F00C4F8D82044D0102917D9F1
:10DCC000D4F8E430D3B103B030BD002A4DD094F87D
:10DCD0007C1062670129A267A066C4F8DC00E266D6
:10DCE00084F88030206784F87F00C4F8D82030D0D2
:10DCF000102AE8D9D4F8E430002BE4D12946206872
:10DD000004F004F870B32C68302294F87C30012BB6
:10DD100019BF19A1D1E900010021154804F032F919
:10DD20002A460420134904F027F8C0B904F06CF81F
:10DD3000A8B96069019004F011F8019803B030BDF2
:10DD4000606903B030BD002BB8D1102384F8803057
:10DD5000B4E7002BCCD1102384F88030C8E74FF013
:10DD6000FF30E7E76FF00100ADE74FF0FF30AAE7C3
:10DD700002281400D931010002282400000000000C
:10DD80002DE9F04104684A4A94F84810494B11F0D3
:10DD9000100F94F8491005460CBF4FF400604FF483
:10DDA0008060012908BF134622798AB0222A09D04F
:10DDB000282A50D0A26D62B14FF0FF3630460AB02B
:10DDC000BDE8F081A36DA768002BF5D12646F26867
:10DDD00001E026461746012919BF33A1D1E9000108
:10DDE0000021354804F0CEF82A460420334903F0D8
:10DDF000C3FF0028E0D104F007F80028DCD17669E1
:10DE0000002EDBD1206812F08FF9002845D00123C5
:10DE1000D5F8008084F8613098F80430222B36D091
:10DE2000282B14BF3146D8F808103846D8F85820A7
:10DE300004F0BCF82A460420214903F09DFF48BBAA
:10DE400003F0E2FF30BBD8F8146012F079F93046E5
:10DE50000AB0BDE8F08101900093202204F158033C
:10DE600002A9201D03F04AFA06460028A6D1A26D99
:10DE700052B92E68337996F84910222B12D0282BEC
:10DE800002AFA8D1B268A6E784F8610096E7D8F897
:10DE90000C10CAE74FF0FF36D7E703F05FFF6FF0D3
:10DEA00001068BE702AF92E701281208000000008C
:10DEB0000002C0030001C00301281200894A0100CA
:10DEC0003D4A0100000000002DE9F04704680646C5
:10DED00094F84830676C13F0EF0336D0626D002A77
:10DEE0004AD04FF000094FF0FF385D1EBB6818BFE5
:10DEF00001250F2B30D93A68E2641A071CBF0025B0
:10DF000023F00F0320462A464946236504F048FDC6
:10DF1000206812F009F900284CD032463249207EA0
:10DF200003F02AFF38B903F06FFF20B9D4F814804A
:10DF30004046BDE8F08712F003F9304606F0FAFDDE
:10DF400003F00CFF4046BDE8F0870125BB684FF0A9
:10DF5000FF380F2BA946CED804F1300A1022002139
:10DF600050461BF099FA5046BA6839681BF056FAC9
:10DF7000BB68C4F84CA0C5E794F849301022012BC7
:10DF800019BF17A1D1E900010021184803F0FAFFD9
:10DF900032460420164903F0EFFE80B903F034FF47
:10DFA0004FF0010994F8483090B9D4F8148003F088
:10DFB000EF039AE703F0D2FE6FF00108B8E794F898
:10DFC00048304FF001094FF0FF3803F0EF038CE7C2
:10DFD0004FF0FF3803F0EF0387E700BFAFF3008097
:10DFE0000228120800000000CD4B01000228120098
:10DFF000A94A010000000000F8B50468E66D751C30
:10E000003AD00F4694F849100546022936D0F968EF
:10E0100001390F2935D894F8606096BB84F84830F0
:10E0200004F1040C0FCA676466618CE80F001023CA
:10E0300004F12000194632466665A6650BF088FC9F
:10E040002946206803F062FE002839D02846FFF7F1
:10E0500097FEBB680646102B01D91B0714D136B9B1
:10E060002846BDE8F840FFF72FBF4FF0FF3628469F
:10E0700006F060FD03F072FE3046F8BDB968002975
:10E08000C5D14FF0FF36F7E72C68102294F84930DD
:10E09000012B19BF0EA1D1E9000100210A4803F0AC
:10E0A00071FF2A460420094903F066FE0028DCD1EE
:10E0B00003F0AAFE0028D8D16669002ED0D0D6E79A
:10E0C0006FF00106D8E700BF02281200A94A01003C
:10E0D00002281208000000002DE9F8430468DDF86A
:10E0E0002080D4F8EC50002D72D11E4694F8FC30FC
:10E0F000002B6DD18E464FF0100904F1040C074639
:10E100000FCA8CE80F0084F898E065612022294648
:10E11000C4F89080C4F88860C4F88C80C4F8946017
:10E12000E567C4F8805084F8999004F19B001BF0D7
:10E13000B3F94A46294604F1BB001BF0ADF94A4643
:10E14000294604F1DC001BF0A7F94A46294604F1F0
:10E15000CB001BF0A1F9012384F8FC30237925635F
:10E16000282BA56703D1204608F09CFC0546102EFD
:10E1700005D9D4F8F4304BB12846BDE8F883B8F19E
:10E18000100FF9D9D4F8F430002BF5D139462068B6
:10E1900003F0BCFD20B33C68302294F89830012B8A
:10E1A00007BF12A1D1E9000112A1D1E9000103F0DA
:10E1B000E9FE3A4604200C4903F0DEFD58B903F0AD
:10E1C00023FE40B9656903F0C9FD2846BDE8F88320
:10E1D0004FF0FF35D0E703F0C1FD4FF0FF35F2E718
:10E1E0006FF00105C8E700BFC169010002281408EB
:10E1F00000000000022824080000000000000000C9
:10E200002DE9F843D1E9067E1EEB070F046800F004
:10E210009780D4F8EC30002B40F0928094F8FC808A
:10E22000B8F1000F40F08C8001230D4684F898303F
:10E230000B6804F1040CC4F81480A16706460FCBE8
:10E240008CE80F006B68D5E90290D5E9042CC4E98D
:10E250000839C4E90A02C4F830C0C4F87CE0C4F844
:10E260008CE095F82130C4F88070002B08BF102393
:10E27000C4F8887095F820203146C4F890E084F8FE
:10E280009A20C4F89470C4F8F48084F89930206817
:10E2900003F03CFD002856D0EB69102B0ED82379F3
:10E2A00004F13405282B28D01022002128461BF029
:10E2B000F3F83046BDE8F84308F088BD1B07EED000
:10E2C0003568302295F89830012B07BF24A1D1E999
:10E2D000000125A1D1E9000103F054FE32460420DB
:10E2E0001D4903F049FD88BB03F08EFD70BB6B69CF
:10E2F000237904F13405282BD6D1204608F0D2FB2F
:10E3000004461022002128461BF0C6F8002CD0D06D
:10E310003568D5F8F40020B903F020FD2046BDE8AB
:10E32000F88303F05FFE324604200C4903F024FD1D
:10E330000028F1D103F068FD0028EDD16B69EBE70F
:10E340004FF0FF34EAE76FF00104E7E703F006FD62
:10E35000A5E700BFAFF30080C1690100A569010016
:10E360000228140800000000022824080000000011
:10E370002DE9F843D1E9067E1EEB070F046800F093
:10E380009480D4F8EC30002B40F08F8094F8FC801F
:10E39000B8F1000F40F0898002230D46064684F84C
:10E3A00098300B6804F1040CC4F81480A1670FCBFB
:10E3B0008CE80F006B68D5E90290D5E9042CC4E91C
:10E3C0000839C4E90A02C4F830C0C4F87CE0C4F8D3
:10E3D0008CE095F82130C4F8807084F89930C4F846
:10E3E000887095F820303146C4F890E084F89A306F
:10E3F000C4F89470C4F8F480206803F087FC002807
:10E4000056D0EB69102B0ED8237904F13405282B54
:10E4100028D01022002128461BF03EF83046BDE8E7
:10E42000F84308F0D3BC1B07EED03568302295F8CE
:10E430009830012B07BF24A1D1E9000124A1D1E923
:10E44000000103F09FFD324604201D4903F094FCB7
:10E4500088BB03F0D9FC70BB6B69237904F13405E8
:10E46000282BD6D1204608F01DFB0446102200219F
:10E4700028461BF011F8002CD0D03568D5F8F400F0
:10E4800020B903F06BFC2046BDE8F88303F0AAFD39
:10E49000324604200B4903F06FFC0028F1D103F051
:10E4A000B3FC0028EDD16B69EBE74FF0FF34EAE7EE
:10E4B0006FF00104E7E703F051FCA5E7AFF300803C
:10E4C000C1690100A56901000228140800000000CC
:10E4D000022824080000000030B50368044658698B
:10E4E00083B000283FD181BB002A47D0C3E9220274
:10E4F000C3F89400C3F89020102A32D9D3F8F4203E
:10E500007ABB2146186803F001FC002833D0256847
:10E51000302295F89830012B07BF1CA1D1E90001EA
:10E520001CA1D1E9000103F02DFD2246042016496B
:10E5300003F022FCD0B903F067FCB8B96869019018
:10E5400003F00CFC019803B030BD1029C3F89410FF
:10E55000C3E92212C3F89020CED9D3F8F420002AC0
:10E56000CFD003B030BD586903B030BD03F0F6FB27
:10E570004FF0FF30E3E76FF00100F2E74FF0FF30BC
:10E58000EFE700BFAFF30080C16901000228140863
:10E590000000000002282408000000000000000025
:10E5A0002DE9F047046894B0A36A013300F040837A
:10E5B0000022237F0746012B228201D0022B44D167
:10E5C000A3695E68002E40D0A34D31682B68994244
:10E5D0004BD1B269AB699A4247D1696870680BF058
:10E5E00099F9002840D0B269296930690BF092F995
:10E5F000002839D0E023012019466074E38120739C
:10E6000004F1400304F13C0220F096FD002800F0E4
:10E6100097822268137803F0DF01022902D0282BA9
:10E6200040F024826068257F0178012D01F0DF0130
:10E6300048D002293AD06FF02205284614B0BDE830
:10E64000F087607C002840F07283207B431E072BFC
:10E6500000F26F83DFE813F0DB00C600BC00EF00C0
:10E66000C600BC00E600E00031687C4D2B688B42A0
:10E6700040F0F980B269AB699A4240F0F480696871
:10E6800070680BF047F9002800F0EC80B269296946
:10E6900030690BF03FF9002800F0E4804FF48071FE
:10E6A00001200223E18160742373A9E7A16809783E
:10E6B00001F0DF01042907D06FF02305284614B0CC
:10E6C000BDE8F0870429B6D11B07E38954BF9168E0
:10E6D00051680733B1EBD30F4FEAD30640F0B7824E
:10E6E000A37F8268002B55D149000131914240F04F
:10E6F0008480022D00F08480012D66D100214068C5
:10E700001AF0CAFE0021902204F144001AF0C4FE5F
:10E710003946206A03F0FAFA002800F0BF82206A26
:10E7200011F002FD002800F0B7823E6833681A78C5
:10E73000282A00F09E8135464FF00008D3F8049057
:10E74000EA892B7B1F325209082B02F1010207BF15
:10E750003DA1D1E900013EA1D1E90001920003F001
:10E7600011FC3A4604203E4903F006FB002840F025
:10E77000E28103F049FB002840F0DD81AD6A002D05
:10E7800000F0928003F0AAF811F0DAFC284614B0E9
:10E79000BDE8F087237B082B2DD0B2EB410F2CD1A5
:10E7A000022DA9D1A36899688E4200F03281B1EBA5
:10E7B000460F4FEA460203D00132914240F0718287
:10E7C000002158681AF068FE9CE7A3689A68F7E78A
:10E7D0004FF4C0710328E18109D040F201230220E7
:10E7E00023820DE74FF480710228E181F5D10123E6
:10E7F0001846637404E79142D2D06FF025051CE7F8
:10E8000043681B78042BCDD06FF0280515E7E02175
:10E810000123E1816374F3E6FF2303201946E381BA
:10E820006074EDE64FF4007340F2012202201946B5
:10E83000E3812282E4E640F2092301201946E381C4
:10E840006074DDE6AFF30080014841040000000081
:10E850000148210400000000E81F0200CC20020053
:10E86000D57301003168BA4D2B688B4240F0298185
:10E87000B269AB699A4240F02481696870680BF014
:10E8800049F8002800F01C81B269296930690BF051
:10E8900041F8002800F014814FF4C07101200323D7
:10E8A000E18160742373ABE60123D7F800A086F8FA
:10E8B000D430BAF80E501F356D091D44AD00B8F1C3
:10E8C000000F00F0A8809AF80C30082B0BD199F8B3
:10E8D000043023F0070389F8043099F8233043F01B
:10E8E000400389F8233029464846DAF82C2003F003
:10E8F0005DFB3A460420974903F03EFA002840F0B9
:10E900001A8103F081FA002840F01581DAF82850C6
:10E91000002D7FF437AFD7F80080B8F80E2098F8B4
:10E920000C301F325209082B02F1010200F0C380A3
:10E9300000218948D20003F025FB3A46042087498C
:10E9400003F01AFA002840F0F68003F05DFA002880
:10E9500040F0F180D8F82850002D7FF413AF98F8DC
:10E960001C80B8F1020F00F0298102F0B7FF0028E7
:10E9700040F0C480337F022B00F0C0803D6800214E
:10E980002A6C774803F0FEFA3A460420754903F0F2
:10E99000F3F9002840F0CF8003F036FA002840F069
:10E9A000CA80AD6A002D7FF4EDAE3E68D6E90F0156
:10E9B000B26B03F0FBFA3A4604206B4903F0DCF932
:10E9C000002840F0898103F01FFA0546002840F036
:10E9D0008381B66A02F082FF002840F03E81002E5B
:10E9E00040F0A381237B082B3FF427AE3C682046F0
:10E9F00003F0D2FB3A4604205C4903F0BDF900283D
:10EA000040F09E8003F000FA002840F09980A56A4B
:10EA100013E63246D4E641460AF144082A46404607
:10EA20001AF03AFDDAF800309AF810205868BAF86F
:10EA30000E109AF81E30CDF8008011F0D1FB9AF834
:10EA40000C30082B0BD19AF8483023F007038AF8D2
:10EA500048309AF8673043F040038AF86730294617
:10EA60004046DAF82C2003F0A1FA42E76FF02105C6
:10EA7000E3E511F065FB4FF480453346DFF8F8C05D
:10EA800053F82C0B4822CDE900C502A902F036FC50
:10EA90000546306A11F048FB8046002800F0D2801D
:10EAA000002D7FF46FAEF36A002B40F0D3803D68F9
:10EAB0000DF1080944E6920023A1D1E900013AE7EB
:10EAC00031682B4D2B688B4259D1B269AB699A42A0
:10EAD00055D1696870680AF01DFF00284ED0B269F0
:10EAE000296930690AF016FF002847D040F2092151
:10EAF00001200423E1816074237381E53D68EA8984
:10EB00002B7F1F32012B4FEA521200F094809200AB
:10EB100040F20140002103F035FA3A46042015493D
:10EB200003F02AF938B903F06FF920B9AD6A002D66
:10EB30003FF424AF26E64FF0FF3523E611F000FB4B
:10EB40004FF0FF3579E500BF0140410000000000B3
:10EB5000A41E02003173010001402100F573010081
:10EB600001440F0035740100557401004973010020
:10EB7000E81C0200157401000000020931686F4DA5
:10EB80002B688B4271D1B269AB699A426DD16968C9
:10EB900070680AF0BFFE002866D0B2692969306942
:10EBA0000AF0B8FE00285FD04FF48071052240F2D1
:10EBB00001230220E1812273238221E529463D6859
:10EBC0009022EB8905F1440A1F335B09504603F19B
:10EBD00001091AF061FC2B7BE989082B08BF4FF073
:10EBE00001086B6808BF4FEA890958682B7CCDF88B
:10EBF00004A095F81EC018BF4FEAC9094246CDF8D7
:10EC000000C011F00BFB494650462A6B03F0CEF9C9
:10EC10003A4604204A4903F0AFF800288BD103F0AC
:10EC2000F3F8002887D1AD6A002D7FF4ABAD9CE6E8
:10EC30006FF01F0501E52B7B0132082B3FF467AF16
:10EC4000D20065E703F08AF86FF001059AE56FF0EE
:10EC50002405F2E486F8D4505DE611F071FA002E36
:10EC60003FF4C0AE3546E8E43168364D2B68994232
:10EC70001BD1B269AB699A4217D1696870680AF012
:10EC800049FE88B1B269296930690AF043FE58B17A
:10EC90004FF4C07106228AE703F060F86FF00105B7
:10ECA000CBE46FF02605C8E43168274D2B68994204
:10ECB0001BD1B269AB699A4217D1696870680AF0D2
:10ECC00029FE88B1B269296930690AF023FE58B17A
:10ECD0004FF4007107226AE702F000FE00287FF47B
:10ECE0002DAF4FF0FF354FE53168184D2B68994235
:10ECF0007FF4A7ACB269AB699A427FF4A2AC6968B1
:10ED000070680AF007FE00283FF49BACB2692969DD
:10ED100030690AF0FFFD00283FF493ACFF21032087
:10ED20000823E181607423736AE435462CE5E189A8
:10ED300066E400236FF0200563747EE4041C020087
:10ED400031730100C01A02001C19020020180200D1
:10ED50002DE9F04F05688DB06B6A013300F0D0816A
:10ED60002B7D04465A1E012A76D9032B00F04881D8
:10ED70006A68137819076DD55368202B40F08B8192
:10ED8000FF21042005F1400305F13C0220F0D4F9F5
:10ED9000002800F083812146286A02F0B7FF06466A
:10EDA000002800F07E8127683B7D5A1E012A40F230
:10EDB0009380B8467868032B72D0C1460026D0F8FD
:10EDC00004A0C6A1D1E90001242203F0DBF8224609
:10EDD0000420B94902F0D0FF002840F0F98003F088
:10EDE00013F8002840F0F480D8F824503DBB0125EA
:10EDF00099F8142089F80A50023AAA42D4F80090EF
:10EE000040F200813B7D023B012B40F2B2800021A9
:10EE1000AA48D9F8402003F0B5F822460420A849B2
:10EE200002F0AAFF002840F0D38002F0EDFF002896
:10EE300040F0CE80D9F82450002D00F0B18020465B
:10EE400009F0E4F902F08AFF28460DB0BDE8F08F22
:10EE500004281DD1936890E72A68117801F0DF003B
:10EE600002281BD0282913D15268202A40F0408163
:10EE70006968012B08780A4600F0DF00E8D00B78BB
:10EE80000A4603F0DF010229E4D0282B3FF474AFD7
:10EE90006FF0220528460DB0BDE8F08F9268E4E7D8
:10EEA0000378282B89D14FF400630193854B2422EA
:10EEB000009303A908F12C0302F020FA054600286C
:10EEC000BDD1D8F82C30002B40F01581C1460DF192
:10EED0000C0AD4F8008074E738680378282B00F017
:10EEE000BD803D464FF00009D0F804806EA1D1E905
:10EEF0000001242203F046F822460420724902F061
:10EF00003BFF002864D102F07FFF002860D16D6ACA
:10EF1000002D94D14FF0010A25682B68D3F804B076
:10EF200087F809A0B9F1000F55D040462421AA6AFC
:10EF300003F03CF822460420644902F01DFF00283B
:10EF400042D102F061FF00283ED16D6A002D7FF4AE
:10EF500076AFD4F8008098F81430022BD8F804006B
:10EF60007FF429AF0378282B7FF427AF4FF4806319
:10EF70009BE74FA1D1E90001402203F003F82246AC
:10EF80000420534902F0F8FE10BB02F03DFFF8B92F
:10EF9000D9F82450002D7FF452AFD4F8009036E712
:10EFA0002568D5E90F012A6B03F000F822460420FA
:10EFB000484902F0E1FE58B902F026FF40B96D6AF7
:10EFC000002D3FF467AF3AE7013001D102F0C6FEF1
:10EFD0004FF0FF3533E705F15008494624224046FB
:10EFE0001AF05AFA584652465346FF21CDF800808F
:10EFF00011F0F6F840462421AA6A02F0D7FF99E7FB
:10F0000069683CE7002E3FD1314609F150062422C1
:10F0100030461AF041FAD9F804302A465868FF21E0
:10F020002B46CDE9005611F0F9F830462421D9F8E5
:10F030002C2002F0BBFF22460420274902F09CFE50
:10F040000028C5D102F0E0FE0028C1D1D9F8245033
:10F05000002D7FF4F4AED4F80090D3E64FF4804254
:10F06000184B03A9CDE90032242207F1280302F04E
:10F0700045F9054600287FF4E2AEBB6A93BBB14672
:10F0800025680DF10C0831E750462421D9F82C20D1
:10F0900002F08CFFCFE76FF00605FBE64FF0FF357F
:10F0A000F8E66FF01F05F5E6014850380000000053
:10F0B0000228D001000000006581010001440F001A
:10F0C000A581010000080006458101002D81010095
:10F0D00085810100DD810100F5810100014050388A
:10F0E00000000000D4F80080787298F8143034E7FB
:10F0F0006FF00505CEE6D4F8009088F80A0081E6A6
:10F100006FF02005C6E600BF40F2E932F0B50368B3
:10F110000446934285B026D040F2EA3293421DD194
:10F120000369042B48D1036A042B45D18568244820
:10F130000021056002AA60681AF018FA0428064641
:10F140003AD1029803A900F08FF9054640B901466B
:10F150003346606803AA1AF015FA01E06FF08505DE
:10F16000284605B0F0BD0669076A731E3F2B23D8F9
:10F1700017B38268124B002140681A601AF03EFAF9
:10F180000021054660681AF049FA024603A800907B
:10F190003B462846314600F03DF905460028DFD1C0
:10F1A00029466068039A1AF041FA606829461AF005
:10F1B0002DFA284605B0F0BD6FF08605D0E700BFF8
:10F1C000205D002000F018B9202230B58DB0054632
:10F1D00004A901A8019213F09FFF60B90446019BA6
:10F1E0002846074902AA04ADCDE9025300F094FA7B
:10F1F00020460DB030BD052420460DB030BD00BF07
:10F2000008DBFEFF30B50D4B83B00193054600F0DF
:10F210005BFA6A4601A900F051F9044608B9009B5F
:10F2200013B1204603B030BD284601220023044913
:10F2300000F04CFA204603B030BD00BF02DBFEFFF9
:10F2400001DBFEFF38B50025044613F033FF2B46E3
:10F2500002460349204600F039FA284638BD00BF6F
:10F2600006DBFEFF30B583B0054601A800F0D2FCF6
:10F27000044628B9019A28460349D31700F026FA14
:10F28000204603B030BD00BF07DBFEFF202230B5B3
:10F290008DB0054604A901A8019213F06DFF60B975
:10F2A0000446019B2846074902AA04ADCDE9025352
:10F2B00000F01CFA20460DB030BD032420460DB0EE
:10F2C00030BD00BF05DBFEFF30B583B005466846A4
:10F2D00000F07EF9044620B96A462846024900F04B
:10F2E00005FA204603B030BDFFDAFEFF002230B53C
:10F2F0008BB0054602A92020CDE9002213F020FFA3
:10F3000060B90446202302A9284600916A460549AF
:10F31000019300F0EBF920460BB030BD03242046EA
:10F320000BB030BD04DBFEFFF0B5BDB004460D46AA
:10F330002E4802A9164621F0B1FEA0B9BDF808304A
:10F3400003F44F42B2F5824F11D0B3F5885F0AD172
:10F35000BDF80A30B3F5C07F1AD0B3F5007F3CD0BA
:10F36000B3F5807F37D0052420463DB0F0BDDBB239
:10F37000122BF8D1BDF80A30B3F5C07F32D0B3F507
:10F38000007F2CD0B3F5807FEDD16FF0060300E055
:10F39000062300220095114602A8FEF751F8B0B9E5
:10F3A0002246134902A800F0A1F9124D05F11C07ED
:10F3B00055F8043F02A8984704460028D4D1AF422C
:10F3C000F6D1314602A800F04DF90028CCD0012832
:10F3D000C9D10224C8E70523DBE70723D9E76FF08B
:10F3E0002303D6E76FF02203D3E700BF5D81FF7FE1
:10F3F00000DBFEFFAC14020008B500F0E1F80428C1
:10F4000096BF034B6FF0830053F8200008BD00BF88
:10F410009C14020000B587B0029221F01002202A4D
:10F4200000900191039306D0402904D06FF086002C
:10F4300007B05DF804FB002BF8D0684604AA02A9C7
:10F44000FFF772FF28B9059B089A136007B05DF8B3
:10F4500004FB042802D96FF08300E9E7014B53F85D
:10F460002000E5E79C14020000236FF0004210B575
:10F4700086B0CDE90232009320F01003202B0C4619
:10F48000019005D0402803D06FF0860006B010BD73
:10F49000684604AA02A9FFF747FF18B9059B236035
:10F4A00006B010BD042803D96FF0830006B010BD6C
:10F4B000014B53F82000E9E79C1402002DE9F04FBE
:10F4C00087B0019000285AD09046002A57D00023D8
:10F4D00042F2160A1D46384F04AE07F104091360C4
:10F4E00002913B88534503D0032007B0BDE8F08F5D
:10F4F000B7F802B0BB44CB451CD9304C05E0BDF891
:10F50000123004331C44A34514D90422214630464A
:10F5100019F084FFBDF81030C3F38512AA42EED172
:10F5200003F03F033F2BBDF812B016D0062D0DD0CF
:10F530000135D6E7062D09D0CB4505F10105D0D818
:10F5400042F2160339F8041C9942CDD1D8F80030A4
:10F55000CBB9002007B0BDE8F08FD8F800300133F8
:10F56000012BC8F8003014D00434CDF814B0049442
:10F57000092196E80C00019821F020FFD6E704202D
:10F5800007B0BDE8F08F0198042121F07FFF002033
:10F59000E0E7029B5BB11B6801981A460393DB17F7
:10F5A00021F0EEFE0421019821F040FFDCE7042168
:10F5B000019821F03BFFD7E7245D0020285D002063
:10F5C0004FF400720120014900F02CBB245D0020A3
:10F5D00070B51D4D04462A6886B03AB1002C31D072
:10F5E00000201A4BC4E9003206B070BD184E0092DC
:10F5F00033685BB9174801A921F050FD00BB3346C1
:10F6000041221549134821F069FDC8B968461349DC
:10F6100021F08AFDA0B9684632680F4921F0A8FDA3
:10F6200070B90F4E684620223146074B21F0C2FDCB
:10F6300030B901232A6806F8013C1A442A60CDE754
:10F640000320D1E70520CFE7285F00202C5F0020B2
:10F65000505F00205D81FF7F545F002009000002A1
:10F660002D5F002070B5044682B00D46052121F0C3
:10F670000DFF214604F1A00000F0E6F858B1032880
:10F6800019D0192803D10123184602B070BD0323F5
:10F69000184602B070BD6E462046314621F0D6FFB6
:10F6A00001280346EFD050B996E8030085E803002F
:10F6B000184602B070BD0423184602B070BD022384
:10F6C000184602B070BD00BF704700BF70B5164647
:10F6D00004461D460A46CB1721F052FE32462B4601
:10F6E0002046BDE8704021F04BBE00BF134670B508
:10F6F000D3E90065044682B00A46CB1721F040FEEC
:10F7000002212046CDE9006502AB13E90C0002B0EE
:10F71000BDE8704021F052BE134670B5D3E90065D4
:10F72000044682B00A46CB1721F02AFE0321204668
:10F73000CDE9006502AB13E90C0002B0BDE87040F2
:10F7400021F03CBE2DE9F0410446AAB0006A0E4605
:10F7500000F0FCF800285BD0A36B9A0752D5042177
:10F76000304621F063FE18226B4604AD00940192EE
:10F7700093E806002846276A21F0EAFD052128467D
:10F7800021F054FE01220023284621F0F9FD3A46DB
:10F79000FB17284621F0F4FD0521284621F076FECE
:10F7A000284602A921F052FF074630BB029B039A6C
:10F7B000A361E26123B304F1180393E8030085E831
:10F7C0000300022195E80C00304621F0F7FDA36B01
:10F7D000DB0733D4D4E90F840521304621F026FE1F
:10F7E000DCB93046052121F051FE0221304621F0DE
:10F7F0001DFE38462AB0BDE8F0810023C4E9063377
:10F800000227F6E712220023304621F005FEA6E784
:10F81000012738462AB0BDE8F081B8F1000FE0D0EA
:10F8200030460422002321F0ABFDCDE904840221FF
:10F8300095E80C00304621F0C1FDD2E71C27384680
:10F840002AB0BDE8F08100BF40232DE9F0430C460B
:10F850002025ADB00DEB03061CAA14AFCDE90E7543
:10F860000C9201213246054620460D9321F07AFE86
:10F87000A37B1BB101232374192630E0237C012BC9
:10F88000FAD0002B42D12268D5F820C05AB30DF12E
:10F890002008CDF8108002AF0EA903C987E8030045
:10F8A00096E803008DE8030005F11802604606CAD9
:10F8B00000F052F8064690B9AB6B0DF12809DB0752
:10F8C00029D599E8030012AB83E8030002210CCB91
:10F8D000204621F073FD0421204621F0D7FD30465B
:10F8E0002DB0BDE8F0830BAB029305F1300393E834
:10F8F00003008DE8030028350A92604695E80C0065
:10F9000000F010F90DF128090646DAE7182630460E
:10F910002DB0BDE8F083CDF8189004AA0CA903C956
:10F9200082E8030005F1280398E803000CCB87E880
:10F93000030005F1300C9CE803008DE80300286A01
:10F9400000F090F80028BCD00646C8E7C31D0CBFE5
:10F950006FF00F00002070472DE9F041BCB06F46FA
:10F9600087E8060030210AAA0292039102AA06CA79
:10F970003B4C804616A81E4621F0EAFC042116A83E
:10F9800021F054FD204622F0A9F80025CDE90840D9
:10F9900008AC032194E80C0016A821F00FFD97E8AD
:10F9A000030084E80300022194E80C0016A821F06B
:10F9B00005FDCDE90855022194E80C0016A821F0B8
:10F9C000FDFC002E3CD1CDE90866022194E80C0034
:10F9D00016A821F0F3FC0125042116A821F056FDFC
:10F9E00016A804A921F032FE002835D118F1070F1E
:10F9F0000CBF6FF00F01002106A800F0BDF8E0B9C0
:10FA0000DDE904235B1B34BF0121002100291CBF59
:10FA100000230022CDE9082306A894E8060000F0A0
:10FA2000C9F842AB93E8060006A800F0C3F844AA60
:10FA3000469B06A806CA00F0CBF83CB0BDE8F081B2
:10FA400042AB93E8030084E803000B2194E80C0028
:10FA500016A821F0B3FCBFE715203CB0BDE8F0814B
:10FA6000CC14020082B010B586B008A9073081E836
:10FA70000C0005D0012006B0BDE8104002B0704770
:10FA800005A8DDE90E41DDE90C23CDE90110009464
:10FA900023490A9821F0BCFB10F1850F32DA10F1EE
:10FAA000970F29DB9730112826D801A353F820F0AF
:10FAB0001BFB0000F9FA000017FB0000F9FA000038
:10FAC000F9FA0000F9FA0000F9FA0000F9FA00006A
:10FAD000F9FA0000F9FA000013FB0000F9FA00003F
:10FAE000F9FA0000F9FA0000F9FA0000F9FA00004A
:10FAF000F9FA000075FA0000172006B0BDE81040C2
:10FB000002B070470028F7D1059B109AC2E9004364
:10FB1000B1E71020AFE70D20ADE71220ABE700BF43
:10FB20000906000682B000B587B008A9073018BFE3
:10FB3000012081E80C0004D007B05DF804EB02B0AE
:10FB4000704700230A9801A9CDE90133CDE90333B9
:10FB5000059321F0A3FA28B1002007B05DF804EB6B
:10FB600002B07047BDF80620D308520718BF013312
:10FB70000C9A5B001360EFE74FF6FF720C4B10B569
:10FB800011F1100F14BF11461946002303600446FB
:10FB900021F0CAFA606038B110F1860F05D010F17B
:10FBA0008A0F14BF0420052010BD032010BD00BF24
:10FBB0000900000210B582B002AB03E906004368F9
:10FBC00023B919B1044621F0D3FA606002B010BD28
:10FBD00070B582B002AC04E90600426842B112F18D
:10FBE000860F13D08A3214BF0420052002B070BDE6
:10FBF0001D46019A04330E46044621F0DBFA60608C
:10FC000002462E600028EAD102B070BD032002B087
:10FC100070BD00BF0346024A002012681A60704798
:10FC2000205D002008B521F0E3F9003818BF01205D
:10FC300008BD00BF10F4004370B419D001224FF486
:10FC4000807140F202254FF400740020284BC3F865
:10FC50001052C3F81C22C3F8C420C3F81842C3F8DA
:10FC600000025965C3F800229965002070BC7047F6
:10FC7000C2051ED51E48D0F80822002A27DB40F214
:10FC8000DA551C4C26682260A6F5B7117339A942D3
:10FC90001DD8A2F5B7117339A94218D8921B953215
:10FCA000B2F5957F13D84FF4003242658265236028
:10FCB000DBE78303D9D50E4BD3F8C0200A2A11D035
:10FCC0000A214FF40032C3F8C0109A65CDE7002036
:10FCD00001214FF48072064BC3F80002C3F80012F2
:10FCE0009A65C2E7044A0120C3F89C20BEE700BF22
:10FCF00000100040985F002080841E802DE9F843AA
:10FD0000344C206830B10123836000F08BFF002267
:10FD100023689A600022304B304D3148314CD3F883
:10FD200008802A601F69D3F81490E468C5682E49DA
:10FD3000A4B2ADB20C430D43EFF3148616F00200EB
:10FD40003ED082F31488BFF36F8F4FF0706310467C
:10FD5000DB6C9847022383F31488BFF36F8F86F31D
:10FD60001488BFF36F8F1E4A1B4BD560A2F500327B
:10FD7000D4601E4AC3F808801F61C3F81490D2F8FB
:10FD8000843043F00503C2F8843001F0C5F9184906
:10FD9000184A0B6843F002030B605378FF2B14D012
:10FDA00053780133DBB2537001F0C2F94FF40042D3
:10FDB00001200E4B10495A659A650870BDE8F8831A
:10FDC0004FF07063DB6C9847CDE701F0B1F913F0A9
:10FDD00071FBEBE7B05F002000E002E0B45F0020C1
:10FDE00000ED02E000ED00E00000FA050010004028
:10FDF000346000203C600020082D0020F8B5834BC3
:10FE0000DD6C2F045D65DD6500F1908015F00A065C
:10FE100028D0D3F884207E4C22F00102C3F884203D
:10FE20005B6C180400F1D6807A4F784AD2F884309F
:10FE300043F00503C2F8843001F06EF93B6843F0EB
:10FE400002033B606378FF2B00F0BF8063780133CF
:10FE5000DBB2637001F06CF94FF400426B4B5A65F2
:10FE60009A659E6529074DD46B4C236813B12846CB
:10FE7000984710B9EB062ED4F8BD002601204FF0AC
:10FE80008042624B26606549C3F8B000D36A0C68B3
:10FE900043F00403D3622CB3A368DA061FD5D4E978
:10FEA0000332002110209847C8B101F035F9584BB2
:10FEB0005A78002A00F084805A78013AD2B25A70F7
:10FEC0005B7823B9534A136823F00203136001F0EF
:10FED0002FF9EB06D0D5BDE8F84013F0EBBA246853
:10FEE000002CD9D101F018F94D4A136843F01003E2
:10FEF000136001F01DF94B4B18680028D5D000F0B5
:10FF000087FED2E7414C01F007F9D4F8A43023F082
:10FF10000043C4F8A430D4F8A43043F00043C4F83C
:10FF2000A43001F005F90823A3659DE74FF40031E3
:10FF30003A4A596514685CB3A3681E0725D5D4E90D
:10FF40000332002108209847F8B1314C01F0E4F861
:10FF5000637805F00A065BB36378013BDBB263703C
:10FF6000637823B92B4F3B6823F002033B6001F019
:10FF7000DFF8002E3FF476AF244A264FD2F88430C3
:10FF800023F00103C2F884304FE72468002CD3D15A
:10FF900001F0C2F8224A136843F00803136001F02D
:10FFA000C7F8204B18680028CFD000F031FECCE70E
:10FFB00001F0BEF813F07EFA002E3FF453AFDBE7FA
:10FFC00001F0B6F813F076FA54E701F0B1F813F047
:10FFD00071FA41E701F0A0F863784BB16378013B17
:10FFE000DBB26370637843B101F0A2F8094F1CE7FC
:10FFF00001F09EF813F05EFA16E7064F3B6823F017
:020000021000EC
:1000000002033B6001F094F80FE700BF00100040CE
:100010003C6000203460002044600020B85F002075
:10002000B45F0020B05F002070B584B001F074F8B8
:100030002D4B1D7825B101F07BF8002004B070BD78
:1000400001241C7001F074F801A801F0A5F8274AFA
:1000500001AB132126488DF80C5001F081F80321E3
:100060004FF4826019F046F94FF0804048F20A06DA
:10007000426C204B2049214D42F4801242649E651F
:100080008C650C662C66D3F8842042F00502C3F818
:10009000842001F041F81A491A4A0B6843F0020320
:1000A0000B605378FF2B1AD053780133DBB25370B7
:1000B00001F03EF84FF4004210240E4B12495A65ED
:1000C0009A65D3F8A420132042F00042C3F8A4207C
:1000D000C1F8004801F042F8002004B070BD01F002
:1000E00027F813F0E7F9E5E7686D0020FDFD000053
:1000F0009C5F0020001000400020004000200240D3
:10010000346000203C6000200050004010F47F4329
:1001100008D1124BC0B21A181B5CD07FDBB2C0B240
:1001200018447047B3F5807F0BD0B3F5007F11D131
:100130000B4BC0B21A181B5CD07BDBB2C0B21844A8
:100140007047084BC0B21A181B5CD079DBB2C0B242
:10015000184470476FF00100704700BFF05F002047
:10016000C05F0020E05F002010F47F4307D1104BF8
:10017000C1EB41110B44C0B2185CC0B27047B3F57B
:10018000807F0AD0B3F5007F0FD10A4BC1EB01117C
:100190000B44C0B2185CC0B27047074BC1EBC10141
:1001A0000B44C0B2185CC0B270476FF001007047DA
:1001B000F05F0020C05F0020E05F0020034610B425
:1001C000034A044C002023605DF8044B1160704723
:1001D0003860002030600020844660B15AB1084683
:1001E00008B56146CCE90202CCF81030034800F0B3
:1001F00049FD002008BD6FF002007047B85F002085
:10020000042838B518D8044600F086FF01230C49AD
:10021000A3400D680B4A2B430B60135DFF2B08D0E6
:100220000025135D0133DBB2135500F081FF284632
:1002300038BD4FF0FF35F8E76FF00105F7E700BF75
:10024000346000203C600020042810B51AD8044611
:1002500000F062FF0D4B1A5D8AB11A5D013AD2B20D
:100260001A551B5D33B901220949A2400B6823EAE4
:1002700002030B60002400F05BFF204610BD4FF02E
:10028000FF34F8E76FF00104F7E700BF3C6000209F
:100290003460002038B5044600F03EFF14F47F437C
:1002A000054610D12B4BE4B2185D19191A5DC97FB0
:1002B000FF285FFA80FCD2B2C9B224D1284600F0F0
:1002C00037FF002038BDB3F5807F29D0B3F5007F1C
:1002D000F4D1214BE4B2185D1A19195DD27BFF28C5
:1002E0005FFA80FCC9B2D2B2E8D00CF1010C5FFA1F
:1002F0008CFC891803F804C0E0D10123A34098B214
:1003000019F00AF8DAE70CF1010C5FFA8CFCCA422A
:1003100003F804C0D2D10123104AA3405361CDE7B2
:100320000F4BE4B2185D19191A5DC979FF285FFAFD
:1003300080FCD2B2C9B2C1D00CF1010C5FFA8CFCC6
:10034000CA4203F804C0B9D10123044AA34093610F
:10035000B4E700BFF05F0020C05F00200000024053
:10036000E05F002070B505460C4600F0D5FE15F4A0
:100370007F43064612D12A4BC4EB4414EDB21C4411
:10038000615D5A195B5DD27FFF29DBB2D2B2C8B280
:1003900023D1304600F0CCFE002070BDB3F5807F45
:1003A00025D0B3F5007FF4D11E4BC4EB0414EDB29D
:1003B0001C44625D5819595DC37BFF2AC9B2DBB288
:1003C000D0B2E6D00130C0B2C9186055E1D10123E6
:1003D000AB4098B218F0A0FFDBE70130C0B2D342C7
:1003E0006055D6D10123104AAB405361D1E70F4B82
:1003F000C4EBC404EDB21C44615D5A195B5DD27953
:10040000FF29DBB2D2B2C8B2C3D00130C0B2D342EE
:100410006055BED10123044AAB409361B9E700BFE8
:10042000F05F0020C05F002000000240E05F00207D
:1004300070B5044600F070FE14F47F43054617D1F2
:10044000254EE1B2725C02F0FF03002A3ED0013B70
:10045000DBB220467354FFF759FE18B901231F4A37
:100460008B4013620024284600F062FE204670BDD7
:10047000B3F5807F17D0B3F5007F2AD11849E6B2D3
:100480008A5D02F0FF030AB3013BDBB220468B55C5
:10049000FFF73CFE01460028E4D10120B04080B2C5
:1004A00018F068FFDEE70F4EE1B2725C02F0FF0366
:1004B00062B1013BDBB220467354FFF727FE0028F0
:1004C000D0D10123054A8B405362CBE74FF0FF3474
:1004D000C9E76FF00104C6E7F05F002000000240AA
:1004E000C05F0020E05F0020F8B505460C4600F034
:1004F00013FE15F47F4306461AD12A4AC4EB44146E
:10050000E9B22244505C00F0FF03002844D0013BD4
:10051000DBB228465354FFF7F9FD18B90123224AEC
:100520008B4013620024304600F002FE2046F8BDE6
:10053000B3F5807F1AD0B3F5007F30D11B4BC4EBED
:100540000414EFB22344D95D01F0FF0221B3013A54
:10055000D2B22846DA55FFF7D9FD01460028E1D18D
:100560000120B84080B218F005FFDBE7104BC4EB68
:10057000C404EFB22344D95D01F0FF0261B1013A36
:10058000D2B22846DA55FFF7C1FD0028CAD10123AF
:10059000054ABB405362C5E74FF0FF34C3E76FF035
:1005A0000104C0E7F05F002000000240C05F0020AF
:1005B000E05F0020F8B500F0AFFD394B394A1B6809
:1005C0001168044611B1126812681343D9070AD49E
:1005D000354E3378012B0DD06FF00405204600F026
:1005E000A7FD2846F8BD6FF00305204600F0A0FDEA
:1005F0002846F8BD04232D4A33701568002D33D0EA
:10060000AB689A072DD5D5E903320021022098471F
:1006100038B3274A274B12781D78AA4298BF4FF06B
:10062000FF3C15D80020244F00E00A46930003F158
:10063000804303F544531B68511C9B0205D5FB6C9A
:10064000D34013F0010F18BF0120AA42EDD1F0B141
:1006500001234FF0FF352046337000F069FD284636
:10066000F8BD2D68002DCBD1144D286830B1022380
:10067000836000F0D7FA00222B689A600C4A0D4B79
:1006800012781D78954205D34FF0000CCAE7BCF1F3
:10069000000FDDD14FF080434AF2A5529A60D7E7B0
:1006A0003460002030600020082D0020B85F00205A
:1006B000252202002422020000300240B05F002008
:1006C00072B64FF08042D36A43F00103D362FEE773
:1006D0004FF08043186B20F40040562832D856283B
:1006E0002DD8DFE800F02E2E2E2C2E2C2E2C2C2E8A
:1006F0002C2C2C2C2C2C2C2C2C2C2C2C2E2C2C2C38
:100700002C2C2C2C2C2C2C2C2C2C2C2C2E2C2C2C27
:100710002C2C2C2C2C2C2C2C2C2C2C2C2E2C2C2C17
:100720002C2C2C2C2C2C2C2C2C2C2C2C2E2C2C2C07
:100730002C2C2C2C2C2C2C2C2C2C2C2C2E004FF03C
:10074000FF307047B0F5003FFBD0B0F5403F18BF19
:100750004FF0FF30704700BF4FF080430122DA6056
:10076000704700BF70B5012002241E4B1E4A1F496E
:10077000C3F8C040C3F89000116000F0CDFC1C49E4
:100780001C4A0B6823430B605378FF2B25D053780A
:100790000133DBB2537000F0CBFC00F0BDFC114B19
:1007A0005A6C12F4004214D101214FF4807440F2CB
:1007B00002264FF40075C3F81062C3F81C12C3F888
:1007C000C410C3F81852C3F800225C65C3F80012C5
:1007D0009C65BDE8704000F0ABBC00F0A9FC12F0D5
:1007E00069FEDAE7001000404460002035FC00009C
:1007F000346000203C600020344BD3F84031DA07ED
:1008000060D4334B98420BD0324B984249D0A3F17D
:100810008B73A3F5A633984233D06FF00100704775
:100820004FF09C4292F85303B2F8523392F852239D
:100830002949C0F34000C3F3431302F01F025B01D8
:1008400010B443EA4023254C1343204A6382D2F874
:10085000443103F040430B43C2F84431D2F84031F5
:1008600043F00503C2F84031936C1B03FCD5D2F86A
:100870004431002043F000435DF8044BC2F844319A
:1008800070474FF09C4292F85103B2F8503392F8FF
:1008900050231349C0F34000C3F3431302F01F0277
:1008A000CDE74FF09C4292F85503B2F8543392F8DA
:1008B00054234FF0FA61C0F34000C3F3431302F036
:1008C0001F02BCE74FF0FF30704700BF0010004030
:1008D000002062050000DC05E9DE80080011004010
:1008E0009A999909064BD3F8442122F00042C3F8A3
:1008F0004421D3F8402122F00102C3F8402170477F
:1009000000100040B0F5803F09D200F47F43B3F5FA
:10091000807FC0B20FD0B3F5007F07D00BB10020AD
:1009200070471E288CBF0020012070470E288CBF06
:1009300000200120704706288CBF0020012070474E
:1009400010B500F0E9FB0022034B1C681A6000F0B0
:10095000EFFB204610BD00BFB45F0020064A08B57B
:10096000106010B1054B1B680BB9002008BD00F0EA
:100970004FF9002008BD00BFB05F0020B45F002029
:100980002DE9F047074686B0EFF39085012383F306
:100990009088EFF3108683F31088644C644A2168D2
:1009A000136813B113681B681943624B5B68C3F388
:1009B000083343B186F31088002785F390883846C2
:1009C00006B0BDE8F08701F00400890720D50028B3
:1009D000F0D186F31088EFF3908C012787F390888D
:1009E000554E54482368116811B1116809680B43CA
:1009F00013F0040104D11B0754BFB764B16430BFC6
:100A00004368C3F30833002BECD08CF39088D3E712
:100A10004A49D1F8C03003F00303012B68D06FF4CA
:100A2000FA78DFF838C14649DCF80431FB1A434450
:100A30008B42CCD8434A44491369684623F00103EA
:100A400013611822DCF84440DCF8448118F0E6FC1D
:100A5000042140F2444018F04DFC202000F070FBCF
:100A6000DFF8FC90394B963F5F62D9F80070002F99
:100A700046D0BB68D90740D5D7E903320021012011
:100A80009847002839D001224FF0FF37304B1A70B9
:100A900001222E4B2F49DA6020205A650B6800F0A6
:100AA0004FFB232140F24440DFF8B0A018F022FCB5
:100AB000DAF8403103F01103012BF9D1694618220D
:100AC000214818F0ABFCCAF84481CAF8444018F039
:100AD0007FFCD9F80040D4B1A3685A0714D5D4E9F3
:100AE000033200210420984770B186F3108864E730
:100AF0008B6C9B037FF55EAF91E73F68002FB8D109
:100B0000FFF7FCF80027C3E72468002CE4D1124C5F
:100B100020680028E9D00423836000F083F80022D5
:100B200023689A6086F3108847E700BF346000208E
:100B30003060002000ED00E00000024000100040A6
:100B40000AFEBFFF00E002E04C210240002000400E
:100B5000082D002000300040B05F0020002002403F
:100B6000B85F002070B4EFF3908C012686F3908874
:100B70000D4C0E490E4D0F4823680A6812B10A68E1
:100B80001268134313F0040204D11B0754BFAE6470
:100B9000AA6430BF4368C3F30833002BECD08CF356
:100BA000908870BC704700BF346000203060002027
:100BB0000000024000ED00E040F661010C4A08B57B
:100BC0000C48D2F8183103400B43C2F81831D2F860
:100BD0001C3103400B43C2F81C31FFF725FAFFF725
:100BE000C1FD4FF08042536943F00103536108BDDA
:100BF0000010004000F0FFFF08B511F021FD11F0DA
:100C000085FF4FF000414FF0FF3018F09FFCF8E7F0
:100C10000346012202491A73086820F0C1BD00BFD3
:100C2000E41402000346002210B50469806824F031
:100C300001041A7364086400214622462346B7EE75
:100C4000000AF7EE000AB7EE001AF7EE001AB7EE48
:100C5000002AF7EE002AB7EE003AF7EE003AB7EEB8
:100C6000004AF7EE004AB7EE005AF7EE005AB7EE28
:100C7000006AF7EE006AB7EE007AF7EE007A20F02D
:100C8000EDFE10BD38B505460C4600F045FA0022D1
:100C90006B68C4E900232BB11C606C60BDE8384070
:100CA00000F046BA2C606C60BDE8384000F040BAF5
:100CB00038B50C46054600F02FFAD4E9002332B1CE
:100CC00053603BB11A60BDE8384000F031BA6B6048
:100CD000002BF7D12A60BDE8384000F029BA00BFE8
:100CE00038B503680C465B7E9BB10B4D20462C68E3
:100CF0000FF09CF82B68196AE06129B1084608F0EA
:100D000057FF00222B681A621846BDE83840FFF7EB
:100D10007FBF02F08BF8E8E74860002038B5036831
:100D20000C465B7E9BB10B4D20462C680FF07EF885
:100D30002B68196AE06129B1084608F039FF0022E2
:100D40002B681A621846BDE83840FFF761BF03F010
:100D500073FBE8E74860002038B503680C465B7E0B
:100D60009BB10B4D20462C680FF060F82B68196A78
:100D7000E06129B1084608F01BFF00222B681A62C7
:100D80001846BDE83840FFF743BF04F0C5FCE8E76C
:100D90004860002038B503680C465B7E9BB10B4D64
:100DA00020462C680FF042F82B68196AE06129B1DF
:100DB000084608F0FDFE00222B681A621846BDE8BE
:100DC0003840FFF725BF04F0A7FCE8E748600020A3
:100DD00038B503680C465B7E9BB10B4D20462C68F2
:100DE0000FF024F82B68196AE06129B1084608F071
:100DF000DFFE00222B681A621846BDE83840FFF774
:100E000007BF04F09BFEE8E74860002038B50368A0
:100E10000C465B7E9BB10B4D20462C680FF006F80C
:100E20002B68196AE06129B1084608F0C1FE00226A
:100E30002B681A621846BDE83840FFF7E9BE05F096
:100E4000EFFBE8E74860002038B503680C465B7E9E
:100E50009BB10B4D20462C680EF0E8FF2B68196AF9
:100E6000E06129B1084608F0A3FE00222B681A624F
:100E70001846BDE83840FFF7CBBE06F003F9E8E7B7
:100E80004860002070B5114D044608462E680EF0EB
:100E9000B5FF2B68196AF06129B1084608F088FE91
:100EA00000222B681A62226892F8D52022B1BDE890
:100EB00070401846FFF7ACBE204606F02FFC2B68AA
:100EC000BDE870401846FFF7A3BE00BF4860002091
:100ED00070B504460846A3F10201B1FA81F1104D44
:100EE00049092E680EF02AFF2B68196AF06129B1B2
:100EF000084608F05DFE00222B681A62226892F80C
:100F0000CD2022B1BDE870401846FFF781BE2046D3
:100F100007F016F82B68BDE870401846FFF778BE5A
:100F20004860002070B504460846A3F10301B1FAF9
:100F300081F1104D49092E680EF02EFF2B68196AB9
:100F4000F06129B1084608F033FE00222B681A62CE
:100F50002268127A22B1BDE870401846FFF758BEE9
:100F6000204607F0EFFB2B68BDE870401846FFF7FE
:100F70004FBE00BF4860002070B5114D04460846C2
:100F80002E680EF0CFFE2B68196AF06129B1084671
:100F900008F00EFE00222B681A62226892F8F820F0
:100FA00022B1BDE870401846FFF732BE204608F077
:100FB000D5F82B68BDE870401846FFF729BE00BF82
:100FC0004860002010B54FF4A052012300240848C7
:100FD00088B00590074908480291079001A902A826
:100FE000CDE9033206940EF0CBFD08B010BD00BF72
:100FF00009060006127100015D81FF7F00234FF496
:10100000C072F0B587B0CDE90032CDE90233CDE949
:101010000433FFF7D1FD08F061FD002861D100F035
:10102000F3F800286AD10EF05BFE002863D1694610
:10103000364809F085FE002856D14FF0004018F0E0
:10104000CDFA4FF0005018F0C9FA4FF0804018F078
:10105000CDFA2F4C2F4E4FF000414FF0FF3018F0DB
:1010600075FAC3060FD52146102018F077FA2368C9
:1010700053B345F6F022934208D06FF080016068C8
:1010800018F08CFAE7E718F091FAE4E7D4E9015395
:10109000002B37DA2369042B34D13246002128464D
:1010A00018F064FA03461722042B4FF0AC013068A5
:1010B0000CBF00276FF0800720F0C8FB08B339464B
:1010C000284618F06BFAC6E7A068C00F09F006FEC4
:1010D0002046656808F022FE0146284618F05EFAB0
:1010E000B9E718F063FA9AE7FFF76CFF0028A4D07D
:1010F00018F05CFAA1E718F059FA98E718F056FAD8
:1011000091E730606FF08007D9E700BF5D81FF7F16
:101110004C60002048600020EFF39080EFF31083D4
:10112000012282F3908872B643EA0020704700BF24
:10113000C30700D462B6000A80F39088704700BFEE
:1011400020F060BB20F014BB034B53F8203013B1E8
:10115000D3E90120104770477C60002020F0F0BAEE
:1011600010B5044648B153B118681B7AC4E9012090
:10117000084A216042F821403BB9204610BD05488D
:10118000626040F82140A3602160084620F0D8FA50
:10119000204610BD7C60002030B100214FF0FF32AE
:1011A0000123016042600372704700BF00B5EFF396
:1011B0009083EFF3108C4FF0010E8EF3908872B68F
:1011C0001CF0010FC0E901124CEA032300D162B602
:1011D0001B0A83F390885DF804FB00BF20F0E0BA9F
:1011E000704700BF4FF0FF3108B503480EF0F8FE1E
:1011F000B0FA80F0400908BD4861002001480EF0B7
:10120000F9BE00BF4861002038B5174D2B7813B1E7
:101210000024204638BD00F057FA00F079FB014663
:10122000D8B900F073FDD8B119F074FD044600F090
:1012300095FD002CEDD118F001FA70B90B4C94F823
:10124000503013B101232B70E2E7012120460EF04C
:10125000C1FE012384F85030F4E76FF08304D8E72F
:101260006FF0F904D5E700BF696D002048610020E8
:101270002DE9F043204F0446894687B04FF0FF31F7
:101280003846164698460EF0ABFE48BB012387F859
:10129000513046B3054605A92046C8F800501AF05B
:1012A0003DFC044658B110F1FA0F87F8515017D0A1
:1012B00038460EF09FFE204607B0BDE8F083014699
:1012C0000F9B0E9A0598CDF808800196CDF80090F6
:1012D0001AF056FF10F1FA0F044687F85150E7D183
:1012E0006FF0F904E7E738466FF0890487F851603A
:1012F0000EF080FEDFE700BF486100202DE9F04FCF
:10130000002407464FF4C075454E8DB088463046E0
:101310004FF0FF3191469A46CDE90844CDE90A44A1
:10132000D7F808B00795069404940EF059FE68B9F2
:101330000123054606A9584686F851301BF060FF88
:1013400010F1FA0F044686F8515005D16FF0F904F8
:1013500020460DB0BDE8F08F30460EF04BFE002C5D
:10136000F6D106A80EF02EFF054606A80EF026FFC1
:101370003B78040A082B20D02CBB179B4A460193CC
:10138000169B41460093584604ABFFF771FF044695
:101390000028DDD1002DDBD005F11F03049A5B0985
:1013A0000133B2EB830FD3D0B2EBC30FD0D07B6845
:1013B0009A4218BF6FF08304CAE7002CDDD0194BA6
:1013C000169A9A421AD1012C26D14FF0FF311448B7
:1013D0000EF006FE0028B9D1584605A986F85140FE
:1013E0001AF09CFB044660B1002314F1FA0F86F852
:1013F0005130ABD00A480EF0FDFDA9E76FF0840430
:10140000A6E7CDE90100DDE91623009051460598D5
:101410001AF0B6FE0446E7E76FF0850498E700BFD0
:10142000486100200001500500234FF4C072F0B560
:101430002A4E89B007464FF0FF313046CDE90232DF
:10144000CDE90433CDE906330EF0CAFD002839D1C9
:101450000123054602A9384686F851301BF0D0FE1C
:10146000044690B9039B1A0A012A2ED1DBB2802BC5
:1014700016D002A80EF0A4FE10F0040510D13846D4
:1014800001A91AF04BFB044698B114F1FA0F86F843
:10149000515017D030460EF0ADFD204609B0F0BDDA
:1014A00000230E4886F851300EF0A4FD204609B006
:1014B000F0BD01981AF088FC10F1FA0F044686F886
:1014C0005150E7D16FF0F904E7E7304686F8514014
:1014D0000EF090FD6FF08604DFE700BF486100204A
:1014E000F8B5104D06460F4628464FF0FF310EF076
:1014F00077FD68B9012304463946304685F85130F6
:101500001BF07EFE10F1FA0F85F85140044603D11E
:101510006FF0F9042046F8BD28460EF06BFD20461A
:10152000F8BD00BF4861002030B41B491B4C1C4A69
:10153000012808BF2146536843F00403536002F5B5
:101540002022D2F8003FD807FBD44FF017450120E6
:10155000144B154C1D605C609960C2F8000FD2F806
:10156000003F9A0709D40E4A1049536843F0080314
:101570005360D1F8003F9B07F7D530BC02210B4BDD
:101580000848074A0068C3F8001F5368C01723F0D3
:1015900004035360704700BF0400020014000200FF
:1015A0000030054000000F4047365A4F00300F40D2
:1015B00010B51DF081FD04462920FFF7C1FD29204B
:1015C000FFF7C0FD21460E481DF04AFD00200D4AE0
:1015D0000D4992F800320870022B0BD0012B00D07D
:1015E00010BDD2F80432002BFAD0BDE81040D2F87A
:1015F000080218470548BDE810400EF0FBBC00BFCC
:1016000010350020103400206A6D0020EC610020AD
:10161000F0B5DFF8B0E064209EF800304FF0A0573E
:10162000012B0CBF4FF0140C4FF0040C01260224C8
:10163000214A2249224DD2F8003F13F00103FAD18A
:101640000F604D60C1F808C0CB60C2F8006FD2F8DF
:10165000003F9B07FBD50B68C2F8004FB3F1807FBA
:1016600028D3013880B20028E5D113498EF8004014
:10167000D1F8003F13F00103FAD14FF0A055042236
:1016800001240E4805600E4D456082600A4AC36021
:10169000C1F8004FD2F8003F9B07FBD50223074952
:1016A0000868C2F8003FB0F1807F4FF0FF3038BFCC
:1016B0000020F0BD0020F0BD00300F4000000F40C2
:1016C00047365A4F092D0020F0B585B0FFF724FDAD
:1016D000124E0446357825B12046FFF729FD05B0A6
:1016E000F0BD4FF0FF3701A8FFF756FD0C4A01ABE4
:1016F00029210C488DF80C500297FFF731FD0EF0B0
:10170000F3FC0EF0C3FC294607480EF063FC0123EE
:1017100020463370FFF70CFD05B0F0BD6B6D002067
:10172000B1150100D8610020EC6100201648037853
:101730000BB90020704770B4144AD2F8003FD907A3
:10174000FBD44FF09E460124114B124D0F491E60F1
:101750005D60C2F8004FD1F8003F9B07FBD50C4BF2
:101760001B68002B0DDB022410230B4AC1F8004F2D
:101770005362136913F01003FBD10370002070BC97
:1017800070474FF0FF30FAE70A2D002000300F407D
:1017900000000F4047365A4F00000240012804D095
:1017A000043818BF4FF0FF30704708B5FFF7BEFF91
:1017B000003818BF0120404208BD00BF70B53D4C45
:1017C00082B0207800285FD110203B493B4AD1F8F5
:1017D000FC3323F4E06323F0010343F4407343F04C
:1017E0000103C1F8FC3390611369D806FCD5402091
:1017F0004FF000450021324B324A334EC3F8106F90
:1018000055605060D3F8002F304842F00402C3F80E
:10181000002FC3F8081FD3F8102F22F08802C3F856
:10182000102F1DF06BFA40B1FF25032301226946FA
:101830000095ADF804301DF003FF01232370204A0A
:10184000D2F8003FD907FBD44FF0BE460120204B11
:10185000204D1B491E605D60C2F8000FD1F8003FAB
:101860009B07FBD51C4A1A4B12781B68022A03F00F
:101870007F431CD0012A0FD04FF0FF300222104BC3
:10188000C3F8002F02B070BD0128D8D0023818BFAD
:101890004FF0FF3002B070BD2BB1B3F14A4F02D010
:1018A000B3F14C4FE8D1022300202370E6E7002B70
:1018B000E2D1F8E70A2D002000400240000002407B
:1018C00000300F4000300540FCFCFFFFEC1402002C
:1018D00000000F4047365A4F092D00200A4B187858
:1018E00038B10A4B997F5A7F1B7F0329D2B2DBB2F2
:1018F00000D9704701D000207047012AF9D8FAD1E9
:10190000181E18BF012070476C6D0020B4610020C4
:101910002DE9F041794C267826B1794B1D6828468F
:10192000BDE8F081FFF7F8FB2422314605467548F3
:1019300017F0B2FD1021744AD2F8FC3323F4E063AF
:1019400023F0010343F4407343F00103C2F8FC3376
:10195000A2F5804291611369D906FCD54FF000468B
:1019600040200021694B6A4A6A4FC3F8107F5660D5
:101970005060D3F8002F42F00402C3F8002FC3F8E0
:10198000081FD3F8102F22F08802C3F8102FD3F8C5
:10199000E02F8A4247DBD3F8E02F12021CD52846FD
:1019A000FFF7C6FB002301215B4A5C48FEF714FCED
:1019B0004FF48270FEF76EFC1DF04CFB06460028CB
:1019C0003AD04FF0FF331D464D4A13600122544B6D
:1019D00028461A70BDE8F081D3F8002FD707FBD452
:1019E0004FF04F4001214F4A10604F48506002F5C0
:1019F0004052C3F8001FD2F8003F9E07FBD5494B69
:101A00001B68002B5EDB0220484B4049C2F8000FE8
:101A100001E0013B07D0D1F8E02F1002F9D5FFF724
:101A2000F7FD0028BBD04FF0FF33354C284623602C
:101A3000FFF77EFB2568C9E70EF044FB28B96FF07D
:101A400003032F4A1D461360C0E7394F4FF48072DD
:101A500031463846C7F8086217F01EFD4FF4807211
:101A60003146B81817F018FDFFF7A8FE054620B15B
:101A7000C7F808620EF032FBE1E70120FEF7C0FB79
:101A8000224AD2F8003FD907FBD40121254B29482F
:101A90001E4E186028485860C2F8001FD6F8003F54
:101AA0009B07FBD51F4B1B68002B0FDA022200237C
:101AB000C6F8002FC7F808320EF010FB0120FEF721
:101AC000C3FB7EE70223C2F8003FACE724221B4998
:101AD0000C4817F0A3FC4FF000080223C7F8088257
:101AE000C6F8003F0EF0FAFA0120FEF7ADFB012325
:101AF000034A2370C2F8008068E700BF6C6D0020C5
:101B0000B0610020B46100200040024000300F406E
:101B100000300540FCFCFFFF9D1701009C61002088
:101B2000092D002000000F4046577203FFFF0F00F1
:101B3000103400200000030F47365A4F04000F40B6
:101B400070B56A4B84B01B78002B74D00022684BB0
:101B50005B890392180503D50025284604B070BDA3
:101B600003A8FBF7ADFC10B9039B002BF4D14FF099
:101B7000FF300EF0A7FA002835D15E4E4FF0FF304F
:101B80000EF0D2FA5C4B64241D7800E0CCB12846FC
:101B9000FFF7CAFC013CA4B20028F7D101900EF077
:101BA000CFFA0198C6F808020EF098FA0120FEF765
:101BB0004BFB00200EF086FA00283FD16FF00305A2
:101BC000CBE70220FFF7B0FC05460EF0B9FAC6F8E5
:101BD00008420EF083FA0120FEF736FB002DE8D014
:101BE000284604B070BD0024424E4FF48072214656
:101BF0003046C6F8084217F04FFC4FF48072214679
:101C0000B01817F049FCFFF7D9FD18B90120FEF70D
:101C1000F7FAB3E7C6F808420EF060FAAEE7022121
:101C20000023364AC2F8001FC6F808320EF056FAF2
:101C30000120FEF709FB4FF0FF358EE700244FF43B
:101C4000807221462B48C6F8084217F025FC4FF455
:101C5000807221462A4817F01FFCFFF7AFFD20B124
:101C6000C6F808420EF03AFAA8E70120FEF7C8FAD3
:101C7000224AD2F8003FD907FBD401234FF03C5051
:101C800020490860C2F8003FD2F8003F9A070AD402
:101C90001D4A01F54051536843F008035360D1F8E1
:101CA000003F9B07F7D5174B1B68002BB7DB0221C2
:101CB0000023124AC2F8001FC6F808320EF00EFACE
:101CC0000120FEF7C1FAFFF7A3FC054600287FF4C8
:101CD00044AF03A8FBF7F4FB054600287FF43DAFB3
:101CE000039DB5FA85F56D096D4236E76C6D0020F0
:101CF000B461002010340020092D002000300F4076
:101D00001035002000000F400030054070B50D4632
:101D10000EF0D8F910B90024204670BD0E4E4FF4D5
:101D20008072002104463046C6F8085217F0B4FB12
:101D30004FF480720021B01817F0AEFBFFF73EFDA4
:101D400020B90120FEF75CFA204670BD0023C6F8DA
:101D500008320EF0C3F9DEE710340020002208B587
:101D6000044BC3F808220EF0B9F9BDE80840012081
:101D7000FEF76ABA1034002038B5204D204B2D787C
:101D80001C68022D2BD104F07F44B4F1A05F32D047
:101D9000D3F8084294422ED1042883F80002C3F8F5
:101DA00004124FF0290014D0FFF7CAF92920FFF7D9
:101DB000D5F9FFF7B1F9054611481DF04DF9044674
:101DC00080B901220F4B28461A70FFF7B1F920465F
:101DD00038BDFFF7B5F92920FFF7B4F9E9E76FF04F
:101DE0000204F4E72846FFF7A3F92920FFF7A8F932
:101DF0002920FFF7A7F94FF0FF34E8E70A2D00206C
:101E0000103400206A6D002010B5184C94F8003290
:101E1000022B1BD0042B04D0012B15D04FF0FF3028
:101E200010BD04F580701DF04FF90022104B0E30EC
:101E30001A7017D094F80032042B10D1D4F8043261
:101E400013B1D4F808029847002010BD4FF0FF31BD
:101E500008480EF0C5F894F80032042BEED0022B9F
:101E6000ECD0F1E76FF0010010BD00BF103400208E
:101E70006A6D0020EC61002070B5144EFFF74CF93C
:101E80003478FCB105462920FFF75AF92920FFF7DD
:101E900059F92846FFF74CF90D481DF015F90025B2
:101EA0000E300CBF6FF001042C4635700EF048F96F
:101EB000084BC3F808520EF011F90120FEF7C4F9DF
:101EC000204670BDFFF734F9204670BD6A6D0020D2
:101ED0001035002010340020104B10B5D3F800311D
:101EE000002B4FEA136403F4803207DA04F07F0416
:101EF00064427AB19B0305D4204610BD9B0344EA9B
:101F00000204F9D5FFF784FB002818BF6FF01E0408
:101F1000204610BD24F48034ECE700BF10340020CC
:101F2000014BD3F8040170471034002003460A46E1
:101F3000014802211DF0E4BA103500200A4601498B
:101F400017F06CBA28350020034610220221014800
:101F50001DF0D6BA1035002003460A46014802217A
:101F60001DF0CEBA1035002030B44FF08E4500245D
:101F7000034B1D605C61C3E9032130BC986070476E
:101F800010340020D0B40F4606464FF0B85400215C
:101F9000054BC2F30902C3E902671C601A6159616B
:101FA0009961D0BC704700BF1034002010B44FF0CE
:101FB000000C4FF01C540A4BC1F3090141F00061C1
:101FC0001C6018615DF8044B9A60C3F814C0C3F834
:101FD00018C0C3F81CC0C3F820C0D960704700BF48
:101FE000103400204FF05C52014B98601A6070472B
:101FF0001034002001290CD15AB910B44FF02744F5
:10200000054B98601C601046C3E903125DF8044B51
:1020100070474FF0FF30704710340020F8B590F84B
:10202000F73004465A1ED2B2022A2DD8284901336D
:102030008E5C03F0010294F8F6302068D4F8E47066
:10204000D4F8EC1003F00F0308B3C81C20F0030011
:102050000AB943F010034FF0985C00221D4DC5E90A
:1020600002176861C5F800C02A610EB943F0200369
:10207000AB61D4E901322A6203B1EB610023D4F8E9
:10208000D420C5E90A23F8BD01263246D3E70AB9B0
:1020900043F010034FF0905000220E4DC5E9021797
:1020A000696128602A610EB943F020030026AB6104
:1020B00004F10C02D4F8F0300E210648EE611DF058
:1020C000EBF90023D4F8D420C5E90A23F8BD00BFFA
:1020D0003C150200103400202DE9F0412A4B90F805
:1020E000BA101A78B0F8B630022903F11F034FEA8C
:1020F000531303F1010E84460CBF072106214FEA5A
:10210000CE0E6AB1214A947F507F127F032CC0B259
:10211000D2B204D94FF0FF38DCF80C6004E02CD0C8
:102120004FF000080CF114064FF0C852DCE90174BE
:102130000025DBB203EB0323154841EA0341BCF859
:10214000B83002600733134A8160C3F3C70102EA63
:102150000E4241F08041C0E9085544610761C26107
:1021600086628561C0F82C80C160DCF8C8200C2133
:10217000BDE8F041DB081DF08FB90128CAD8CFD1E6
:10218000002ACDD0C6E700BF6C6D0020B4610020EE
:10219000103400200000FF0F70B4037FC46A022BCC
:1021A0004FF00001C38908BF066B856B0CBF00248C
:1021B00000264FF0C8501F33C3F3471303EB03232C
:1021C000084A1B0443F00103C2E904659461C2E9B3
:1021D000071170BCC2E9091193601060D160D1622F
:1021E000704700BF103400204FF0C85290F80CC068
:1021F0000021BCF1080F0CBF4FF02A0C4FF0160C59
:102200000E4B10B41A60C2890D4C1F32C2F3471234
:1022100002EB02224CEA02429A60C26AC3E9071149
:10222000C3E90911DC60D962446B016B1A61826BEE
:102230001C63C3E905215DF8044B7047103400208E
:102240000401008038B5124C05464FF4807200211D
:10225000204617F021F94FF480720021A01817F0E2
:102260001BF94FF4101200234FF0C8510948E261E6
:1022700005F15002C4E90833A060E360A86AA262D5
:10228000EA6AE3622B6B20612160A261636138BD61
:10229000103400202B00080838B5134C05464FF4C5
:1022A00080720021204617F0F7F84FF48072002169
:1022B000A01817F0F1F800234FF0C8520B49E36063
:1022C000A160A96AC4E90933E362B5F84830216125
:1022D000C3F30B03E3612B6B226063616B6BA36140
:1022E0006B6C236238BD00BF103400202D0008083D
:1022F000F8B50E4C0D460646174600214FF4807285
:10230000204617F0C9F84FF480720021A01817F08A
:10231000C3F800234FF0905223613523C4E90256DD
:10232000C4E90553E7612260F8BD00BF1034002006
:1023300038B5154C05464FF480720021204617F041
:10234000ABF84FF480720021A01817F0A5F8002315
:102350004FF0C8520D49E360A1606362E96AE3622D
:10236000B5F848302161C3F30B0343F49003E361F4
:1023700005F15003A3622B6B226063616B6BA36159
:102380006B6C236238BD00BF103400203000080899
:1023900070B50546134C4FF48072002120462E691B
:1023A00017F07AF84FF480720021A01817F074F833
:1023B000F368686C2363AB6B0821A361B5F8483000
:1023C0004FF0C852C3F30B03C4E90730002306489B
:1023D000C4E90433C4E9020122606362A362E362D8
:1023E000636370BD10340020310008082DE9F04708
:1023F000044682B0E76F8946904600214FF4807210
:102400004F4817F049F84FF4807200214D4817F0FB
:1024100043F87B1E0E2B237998BF1027222B00F048
:102420008480282B19BF6FF00F0A0026A668A6F13A
:10243000100A4FF08072424D4FEA09332A60626AF7
:1024400043EA482343F48043EA60A26A43F07003FE
:10245000AA61226AEB62D4F88C306F612F626A62E3
:10246000AB60B9F1000F02D0D4F8F4302B63B8F1AF
:10247000000F5ED0D4F8F4306B6394F89830012BE1
:1024800012D0082B0BD8012202FA03F313F4AA7F0F
:1024900007D094F89920216B2B4816F0BFFFEA6A09
:1024A00005E013F0A80FFAD0EA6A42F40042BAF14C
:1024B000100F8EBF0021254B53F82A1094F8993045
:1024C0001B0603F0F85313430B43EB622379222BD3
:1024D00025D0D4F8F020D4F8F8300192C3B104220A
:1024E0001B480DEB020116F099FFEB6A43F4807371
:1024F000EB624FF08072D4F88810D4F8F43069663B
:102500002A6413B1D4F88030AB6602B0BDE8F0871E
:10251000324604F19B010E4816F080FFE9E732468F
:10252000A1680B4816F07AFFE3E7E668A6F1100A07
:102530007FE794F89A20E16A064816F06FFF9CE75F
:10254000103400201035002094340020F8140200CC
:1025500054340020443400202DE9F047044682B072
:10256000E76D8946904600214FF48072544816F07A
:1025700093FF4FF480720021524816F08DFF7B1EAE
:1025800094F804C00E2B98BF1027BCF1220F00F066
:102590008D80BCF1280F19BF6FF00F0A0026A668C6
:1025A000A6F1100A4FF08073454D4FEA09322B60B7
:1025B000636A42EA4822EB60A36A42F48040AB615E
:1025C000236A40F050006B62E36E6F612F62AB6074
:1025D000E862B9F1000F02D0D4F8E4302B63B8F10F
:1025E000000F02D0D4F8E4306B6394F87C30012BF8
:1025F00048D0082B0ED8012101FA03F313F4AA7F67
:102600003DD094F88020216B2F4816F007FFE86A30
:1026100094F804C0BAF1100F8CBF00212B4B94F832
:10262000802098BF53F82A1094F8813012061B05B9
:1026300003F4700302F0F852134303430B43BCF15D
:10264000220FEB6236D0D4E93A230192FBB1042287
:102650001F480DEB020116F0E1FEEB6A43F48073B4
:10266000EB6294F88120E2B9A26ED4F8E4306A6695
:1026700013B1D4F8D430AB6602B0BDE8F08713F0E4
:10268000A80FC7D042F4404040F05000C2E73246A5
:102690000F4804F1820116F0C1FE94F88120002A4F
:1026A000E2D0E16A0B4816F0B9FEDDE7E668A6F174
:1026B000100A77E73246A168054816F0AFFED0E76A
:1026C000103400201035002094340020F81402004B
:1026D00054340020843400202DE9F043036A90F83C
:1026E00004C0DF68BCF1220F07F1030683B026F0B7
:1026F0000306D3E901893FD0BCF1280F31D090F80F
:10270000285005F0FB03022B4BD06FF00F02002383
:10271000043D18BF0125ED034FF0807E254C102AA3
:10272000A760C4F800E005D8DFF890E05EF822204A
:1027300045EA0245BCF1220FE56221D0426C0192CC
:10274000826C1ABB1A461C4816F068FE0023C4E9C6
:102750000579C4F80C8026622361E36103B0BDE80B
:10276000F0838368A3F1100290F8285005F0FB0471
:10277000022CCDD10025CFE7C368A3F11002F3E707
:102780000A460C4811211CF087FEDFE704220A48A4
:102790000DEB020116F042FEE36A43F48073E3623C
:1027A000D4E700234FF08072024CA7602260E362FE
:1027B000C4E700BF1034002054340020401502004C
:1027C0002DE9F041866B044600790F3626F00F069E
:1027D0002228B04682B047D028283AD094F84850F2
:1027E00005F0EF03022B54D06FF00F020023222DCF
:1027F00048F2200708BF20274FF0807C294D102A7F
:10280000AE60C5F800C005D8DFF8A0C05CF8222093
:1028100047EA02472228EF622AD0226D0192626DB8
:1028200062BB1A46204816F0F9FD04F1200210237D
:102830000D211C481CF030FED4E90C32EB60002363
:102840006E61AA61C5F820802B61EB6102B0BDE822
:10285000F081A368A3F1100294F8485005F0EF0747
:10286000022FC4D12027C7E7E368A3F11002F3E7E2
:102870000A460C4811211CF00FFED6E704220A4834
:102880000DEB020116F0CAFDEB6A43F48073EB62B4
:10289000CBE74FF08073034D2B602023AE60EB62DB
:1028A0000023BAE710340020543400204015020001
:1028B000F0B5476C90F804C0FE1CBCF1220F044632
:1028C00083B026F0030646D0BCF1280F38D090F82C
:1028D000400000F0FB03022B52D06FF00F0E0023DC
:1028E000042848F2100008BF10204FF08072294DD4
:1028F000BEF1100FAF602A6004D8274A52F82E208C
:1029000040EA0240BCF1220FE86228D0E26C01925A
:10291000226D52BB1A46214816F080FD04F12002B8
:1029200010230D211B481CF0B7FDD4E90C32EB60DD
:1029300000236F61AA612E622B61EB6103B0F0BDD1
:102940008368A3F1100E94F8400000F0FB02022A05
:10295000C6D11020C9E7C368A3F1100EF3E70A46F9
:102960000C4811211CF098FDD8E704220B480DEB10
:10297000020116F053FDEB6A43F48073EB62CDE77E
:102980004FF08073034D2B601023AF60EB62002388
:10299000BCE700BF10340020401502005434002072
:1029A000F8B505460C46164600214FF480722348C0
:1029B0002F6D16F071FD4FF480720021204816F043
:1029C0006BFD95F84930022B2B6D1ED00F2B25D9AE
:1029D00008224FF0000C4FF09851184B84F001047E
:1029E00086F00106240144EA46141960E96C144398
:1029F000082AD9609C61D5E915019F60C3E90701E8
:102A00005F6108BFC3F828C0F8BD0F2B4FF0090263
:102A100010D8C7F1100C4FB11027DCE78021EA6C09
:102A2000C7F1100CD1540822002FF5D167464FF0A2
:102A30000F0CD0E74FF0000CCDE700BF10340020A2
:102A40001035002010B400224FF08064044B89B28E
:102A50001C60C3E903025DF8044B9960704700BF36
:102A60001034002000234FF4C07270B5046890B099
:102A7000054601462068CDE90232CDE90433CDE9AF
:102A80000633FFF743F9002857D02379222B39D09A
:102A9000282B55D194F8403003F0FD02012A15D0BF
:102AA000052BE06802A914BF4FF400764FF480763E
:102AB000FEF716FD90B188300CBF6FF004046FF084
:102AC0000504FFF74BF9204610B070BDE06802A97D
:102AD0004FF48076FEF704FD0028ECD120221B4B3A
:102AE000019600930DEB020104F14C03201DFEF74B
:102AF00005FC0028DFD102A80DF060FB000A08A940
:102B0000206500E0A1682046FFF7D2FE20680DF0A6
:102B10000BFB80B12A460E49207EFFF72DF930B914
:102B2000FFF772F918B96469204610B070BD0DF056
:102B300007FB0024C5E7FFF711F96FF00104C2E7B6
:102B4000FFF70CF96FF00604BDE700BF004040043A
:102B5000D52C01002DE9F04104681E462379054675
:102B6000022B0F4690468AB027D0082B40F09F805A
:102B700094F8403003F0FD02012A1BD0052B14BF4E
:102B80004FF400734FF4807301934A4B202200935B
:102B900002A904F14C03201DFEF7B0FB00285DD014
:102BA000883014BF6FF005066FF0040630460AB097
:102BB000BDE8F0814FF48073E6E7102E04F10400C5
:102BC00071D03D490DF092FD3C4804F1200114F014
:102BD000A7FE237E042B01D00F2E5DD8334620465E
:102BE0004246394603F0ACFD2C6894F84030012B86
:102BF00024D0227EE16B042A896801D00F2924D8D1
:102C0000052B35D02E4B1A6F22625A6F62629A6F73
:102C1000A262DB6FE362204666690DF0F3FD237E5E
:102C2000012BC3D128463146A56B94F84030E26BA6
:102C3000A847002630460AB0BDE8F081227E042A6B
:102C400016D0E36B1B690F2B12D9022AF1D14FF07A
:102C5000FF311C480DF0C4F96669A7E71A4802A9BC
:102C600014F05EFE102E164B0CD0134ADA62ABE75E
:102C700010230022194604F1200006F069FE00230B
:102C8000E376C8E7114ADA620C4804F1200114F037
:102C900047FE237E042BA1D06B6829461A780C4886
:102CA0000DF0F0FD9AE709490DF020FDECE76FF01B
:102CB00006067BE7004040043A00000170000C402B
:102CC00000000C404063002050000C403800000120
:102CD000492D010070B506460468FFF7FDF810F0B5
:102CE000FF052BD04FF0FF350DF02AFA33681A7923
:102CF000282A10D06561FFF731F894F8403023F0AE
:102D00000402013A012A9CBF002284F85420227E4A
:102D1000012A0BD070BD1A6D012AEBD1D868FEF7DD
:102D200083FB002818BF4FF0FF35E3E7D4E90E52CC
:102D30003046AC466169BDE87040604704F1200050
:102D4000FFF702F9D0E700BF2DE9F0411E4E0468FD
:102D5000D6F80C71054620460DF0B4FD3B0701D4B2
:102D6000BDE8F0812022194BC3F8042594F84030C7
:102D700003F0FB03012B17D0336F2362736F636281
:102D8000B36FA362F36FE36220460DF03BFD237E39
:102D9000022B13D02846A56B6169AC4694F84030ED
:102DA000E26BBDE8F041604710230022194604F1B0
:102DB000200006F0CDFD0023E376E5E70448BDE8FA
:102DC000F0410DF017B900BF00000C4000400C406E
:102DD0004063002008B5FEF777FCBDE808400DF021
:102DE0003BBC00BF70B5056806460C46FEF790FD7B
:102DF00000230D4A85F854309C4208BF1446C31A7C
:102E000018BF0123012162685B42AA63A268AB6418
:102E100085F84110284621780DF028FC00280CBFC9
:102E20003046002070BD00BFC416020000680DF0DF
:102E300043BC00BF006810B5446934B9102A07D1FB
:102E4000203016F0EBFA204610BD4469204610BD34
:102E50004FF0FF34F7E700BF2DE9F0410B680C4657
:102E60001A780646022A2AD0082A28D0222A01D017
:102E7000282A5ED13568AA6C002A5AD12769002F0A
:102E800057D095F85420002A53D16A61012205F1E8
:102E9000040C85F840200FCBEC638CE80F00D4E9DC
:102EA0000123C5E90C2305F12000E16810226F64BD
:102EB00016F0B4FA3046BDE8F041FFF7D3BDD4E9CF
:102EC00001018B0753EA80733568226936D182B3DA
:102ED00013072ED12B7E042B02D00DF0B3FC40B390
:102EE00028460DF0EFFB074628BB95F841302BB183
:102EF00028680DF0B9F820B30123AB76012385F8DB
:102F00004030E1681022EC6305F1200016F086FAEB
:102F10004FF0000C23682F1D0FCB87E80F00D4E97A
:102F2000011223693046C5F814C0BDE8F041FFF72F
:102F300011BE4FF0FF373846BDE8F0816FF007074C
:102F4000F9E7EF766FF00107F5E700BFF8B50B681A
:102F50000D461A780746222A01D0282A24D13C6837
:102F6000A26CF2B92E69E6B194F85420CAB9626134
:102F7000022204F1040C84F840200FCBE5638CE8B6
:102F80000F00D5E90123C4E90C2304F12000E9680E
:102F90001022666416F042FA3846BDE8F840FFF7A2
:102FA00061BD4FF0FF30F8BD6FF00600F8BD00BF07
:102FB00038B50B780468022B1BD0082B19D0222BB4
:102FC00001D0282B1BD1A36CCBB994F85450B5B9C0
:102FD0000FC94FF0010E04F1040C8CE80F0065617D
:102FE00084F854E00322002384F840201846E36369
:102FF00038BD20460DF008FC0028F3D038BD4FF056
:10300000FF3038BD70B50B780468222B04D0282B14
:1030100002D06FF0060512E0A56C9DB994F854300B
:1030200083B90FC901264FF0040E04F1040C8CE89B
:103030000F006561E56384F8546084F840E06561E1
:10304000284670BD4FF0FF35FAE700BF70B5056840
:1030500006462B790C46222B24D0282B22D06B69D4
:103060000BB1686970BDD1E900018B0753EA807329
:10307000A2682FD15AB3130729D12B7E042B22D15A
:1030800095F841302BB128680CF0EEFF28B30123EE
:10309000AB76D4E9012330462168EC63BDE870408B
:1030A000FFF758BDAB6C93B96B69002BD9D1D4E94C
:1030B0000012A3683046C5E90C12EC636B64BDE8EE
:1030C0007040FFF7CFBC0DF0BDFB0028D8D14FF00A
:1030D000FF3070BD6FF0070070BD6FF0010070BD74
:1030E00070B50468064623790D46222B26D0282B7E
:1030F00024D0636923BB8A682AB30868830754D144
:1031000049688B0751D113073FD1237E042B38D157
:1031100094F8413033B120680CF0A6FF002847D066
:103120000123A376052384F840303046D5E90123F6
:103130002968E563BDE87040FFF70CBD63696BB1BA
:103140006169084670BD237E6169012BE276F8D182
:1031500005232A46A46BA0470021F2E794F84030EB
:10316000AA68032B14BF062305238AB984F85420C8
:10317000227E6169012AE4D12A463046A46BA04729
:10318000EAE70DF05FFB0028C2D14FF0FF31D8E72E
:1031900084F8403029686B683046C4E90C13E56355
:1031A0006264BDE87040FFF75DBC6FF00701C8E7DF
:1031B0006FF00101C5E700BF10B50468FEF78CFE93
:1031C00040B220B90346C4F8E400636110BD4FF07B
:1031D000FF33636110BD00BF38B50568FEF77CFEA4
:1031E00044B21CB14FF0FF346C6138BDFEF798FE5D
:1031F0006C61C5F8E40038BD38B505680446D5F8FB
:10320000E40008B9002038BDFEF7ECFE2246042099
:103210000549FEF7B1FD0028F4D1FEF7F5FD0028C1
:10322000F0D1686938BD00BFB93101002DE9F04126
:103230000468064694F87C305A1E012A08D9073BD8
:10324000012B05D9D4E916239268A2EB030801E00B
:10325000D4F8D88004F1A20510220021284616F0E7
:103260001BF9E36D616A4246194404F1C40728461C
:1032700016F0D4F810220021384616F00DF900217E
:1032800001222046C4F8D4106562A762C4F85C80AD
:10329000FFF762F932460749207EFEF76DFD28B937
:1032A000FEF7B2FD10B96069BDE8F0814FF0FF3064
:1032B000FAE700BFDD35010000234FF4C07230B5DE
:1032C00089B0CDE90232CDE90433CDE9063390F877
:1032D0007C300446022B2CD0082B2DD84FF4A8723A
:1032E00022FA03F313F0010F14BF4FF400754FF4EB
:1032F0008075E06802A9FEF7F3F830B1883013D08A
:103300006FF00505284609B030BD114B2022CDE9EC
:10331000003504F1820104F1E803201DFDF7EEFF02
:10332000054660B18835EBD16FF00405284609B039
:1033300030BD4FF40075DCE74FF48075D9E702A883
:103340000CF03CFF000AC4F8EC00284609B030BD80
:103350000001500530B50022054600231D4C1E49D2
:1033600085B0E162CDE90023CDE9022395F8812003
:10337000E96AC2F10E030DF101008DF8003016F07C
:103380004DF80022009B8DF80F20C4F89030019B6F
:10339000C4F89430029BC4F89830039BC4F89C3066
:1033A000E369DB07FCD46B6CC4F88030AB6CC4F809
:1033B0008430EB6CC4F888302B6DC4F88C30236FEC
:1033C0006B64636FAB64A36FEB64E36F2B6505B055
:1033D00030BD00BF00000C4028002A012DE9F0415B
:1033E000046805460E4694F87C3039B9012B48D064
:1033F000072B33D0052B5ED012324BD0073B012B6D
:1034000031D90CF09DFE2F6897F87C30033B032BDD
:1034100009D93B79282B03D1D7F8EC30012B44D0C4
:10342000D7F8E40038B96661FEF798FC237E012BDB
:103430001DD0BDE8F081FEF7D5FD2A4604202849BD
:10344000FEF79AFC0028EED1FEF7DEFC0028EAD158
:103450007B69002BE7D04FF0FF36E4E7E36D9BBBC1
:10346000D4F8D43083BB002384F8F030C9E7284671
:10347000656D6169AC4694F87C30A26DBDE8F041A1
:103480006047A36D93F821105869FEF757FD94F833
:103490007C30B3E7082BB4D84FF4A272DA4012F0B4
:1034A000010F18BF6FF00306A8E7F868FDF7BCFF2F
:1034B00090B92F68B4E794F8801004F14400FEF747
:1034C0003DFD94F87C3099E7A36D197C9868FEF770
:1034D00035FD94F87C3091E72846FFF78DFEBAE77A
:1034E000B931010070B506460468FEF7F5FC45B237
:1034F00055B115F1120F42D04FF0FF312A46304638
:10350000BDE87040FFF76ABFD4F8DC30D4F8D420AF
:103510009B1AC4F8DC30D4F8D820E36DD21A94F8A2
:103520007C30C4F8D8205A1E012A1FD9DA1F012A7C
:1035300042D9053B012B20D8A36D9A68110701D011
:10354000102A32D80F2A18D8A16A586815F066FFD9
:1035500013E0D4F8DC30D4F8D4209B1AC4F8DC3063
:10356000D4F8D830E26D9B1AC4F8D830D4F8D830EB
:10357000A06DD3B9C2690F2A2BD90021BEE794F8F8
:103580007C30022BE5D0062B01D0082BB4D1D4F827
:10359000DC20D4F8D410521AC4F8DC20D4F8D82097
:1035A000E16D521AC4F8D820C0E73046FFF73EFE5E
:1035B00001460028A2D170BDD4F8D830A06D002BF0
:1035C000F3D1C2680F2AD8D8A16A406815F026FF47
:1035D000D3E7A16AC06815F021FFCEE770B50646B3
:1035E0000568FEF779FC44B254B114F1120F32D0E1
:1035F00022463046BDE870404FF0FF31FFF7EEBE87
:10360000D5F8D830EA6D9B1AC5F8D83095F87C30DB
:10361000591E012919D9053BA96D012B94BF8B684F
:10362000CB6848689B1A184405F1C40115F0F6FEF2
:1036300022463046BDE870400021FFF7CFBED5F8E6
:10364000D830EA6D9B1AC5F8D830AB6DD868EB6EF0
:103650009B1A1844E8E795F87C30022BEFD0062B34
:1036600001D0082BC4D1D5F8D810EA6D891AC5F855
:10367000D810D0E72DE9F043DFF8ACC2A94C1F46C3
:10368000036FCCF82C400E460446154685B01BB996
:10369000426FC36E9A426AD0636CA34A1367A36CED
:1036A0005367E36C9367236DD36716B3236F002BC7
:1036B00000F08980B046002294F87F10002940F085
:1036C000CA8038F00F0940F0F280A26E4344934262
:1036D00000F02E81B8F1020F40F04F81236A023EC4
:1036E0009A5D334484F87D205B7884F87F8084F889
:1036F0007E305DB3237E022FD4F8248008BFD4F837
:103700002880042B25F00F0602D00F2E00F28180B6
:1037100026BB2A468449CB69D807FCD4824EF3697C
:10372000DB07FCD40123F76A414627F00F0CC6F8EB
:103730002CC07E48B36115F071FE03233361F7623C
:10374000236E5B1B2366636F5B1B636704F144009E
:1037500001F05AFD002005B0BDE8F0834046314637
:1037600001F062FDAA1B18BFB044E9D0D2E70222E3
:10377000CCF8182090F8801090F881200239490880
:10378000C2F10E0040EAC100A16ED4F82CC009B10C
:1037900040F040001BBA03930023009061460DF1F6
:1037A0000100CDE9013315F039FE009A5E4BC3F8F4
:1037B0009020019AC3F89420029AC3F89820039AA3
:1037C000C3F89C2071E7CDE90033CDE90233A36E45
:1037D000012E8DF80130C3F30723216A8DF80030E4
:1037E00000F084800E2E00F2858032460DF102003A
:1037F00015F014FE009A4C4BC3F89020019AC3F8C0
:103800009420029AC3F89820039AC3F89C20266754
:103810006FE7454D2121EB6A204623F08073EB6270
:103820000DF044F8314640460DF00AF80423082212
:10383000C5F80431236E9B1B2366636F9B1B636774
:103840002A61237E022B85D1EFF30583002B00F044
:103850008E8060697FE74FF00009B4F87D30216AFF
:10386000B8F10D0FCDF80090CDE901991144ADF8F4
:103870000030CDF80C9029D90E220DF1020015F080
:10388000CDFD236F684610331021A8F10E08236781
:1038900001F0CAFC84F87F9038F00F0905D1B8F127
:1038A000000F3FF426AF236F0FE7A6EB0802206A54
:1038B0004946104401F0B8FC236FA8EB09084B44BB
:1038C0002367B8F1000F3FF414AFECE742460DF167
:1038D000020015F0A3FD236F102102334344684614
:1038E000236701F0A1FC84F87F9002E70B788DF844
:1038F00002307FE70E220DF1020015F08FFD0E233E
:103900000099094AA6F10E08C2F890100199C2F870
:1039100094100299C2F898100399C2F89C101A46A4
:103920002367C9E63400000100000C4090000C4001
:10393000216AA6EB0806144A3144D369D807FCD49F
:10394000114EF369DB07FCD40123D6F82C904246D4
:1039500029F00F00F062B3610C4815F05FFD0323FE
:103960003361236FC6F82C9043442367C1E64FF0C0
:10397000FF3107480CF034FB6BE70122024B4FF09C
:10398000FF305A61E7E600BF00000C4090000C4099
:10399000406300202DE9F04F04687A4B064681B061
:1039A0002046D3F80C710CF08DFF94F87C3003F0B6
:1039B000FB02022A0AD0082B08D017F0040540F0B9
:1039C00087803B076AD54FF001092CE017F004050A
:1039D00025D010226C4BA16AC3F80425236E4FF04A
:1039E0000209002B7ED104F14405284601F00CFCAD
:1039F000D4F87480B8F1000F53D0B9F1020F63D03E
:103A00002046E16DF9F744FEE36D07F008070F2B40
:103A1000606140F29080002F40D0002503E03F0716
:103A20003CD54FF002092022574BC3F80425636EA2
:103A3000002B40F08380A36F63B1524BD3F89020EA
:103A40006263D3F89420A263D3F89820E263D3F89A
:103A50009C302364B9F1010F0AD0022300212046D3
:103A6000E26DFFF707FEE36D60610F2B00D9ADB18A
:103A7000A36F626F9B1800D1E37620460CF0C2FE64
:103A8000237E022B6BD0656D3046AC46616994F89D
:103A90007C30A26D01B0BDE8F04F604701B0BDE8D9
:103AA000F08F2046FFF756FC206B00285DD0B9F15F
:103AB000010F94F880205AD00146284605F02AFFCD
:103AC00000285AD0C4F814803A07D1D50125AAE7B6
:103AD00010222D4B616AC3F80425236E4FF00109B3
:103AE000002B80D0D4F860A0E36D2648A3EB0A0336
:103AF0001944C369DD07FCD4DFF88880D8F81C506E
:103B000015F00105FAD10123D8F82CB052462BF05C
:103B10000F00C8F82C00C8F818301C4815F07EFCBF
:103B20000323C8F81030C8F82CB0636FA3EB0A0366
:103B30006367256657E7002FC8D199E7676EE36D85
:103B4000A16A606ADB1B3A4619441844012302F05B
:103B50001DF80022A36FDB1BA36762666BE70C48AE
:103B600001B0BDE8F04F0CF045BA606145E7294669
:103B700015F054FCC4F8148042E76FF0030363614E
:103B8000A2E700BF00000C4000400C4090000C4039
:103B9000406300202DE9F0470468994601F0FD03D9
:103BA000052B0746206814BF4FF400754FF480754D
:103BB0000E469246DDF824800CF056FA002800F0FC
:103BC00098800123A3762379022B4AD0082B40F05A
:103BD00088802A464849201D0CF09EFD0546002895
:103BE0005CD1089B227EA3624FF4A073F34013F0D4
:103BF0000105C4F858A084F87C60C4F8249015D15D
:103C0000042A02D0B8F10F0F2FD801234246002119
:103C10002046FFF72FFD054600285CD0636F204645
:103C200065610CF0EFFD2846BDE8F087042A02D05C
:103C3000B8F10F0F3AD841462046F9F729FD05465D
:103C40000028EBD10146022342462046FFF712FD31
:103C50000546666F2E43E2D12046FFF77BFB3546D3
:103C6000DDE7201D0CF050FDBBE73E687B68C6F821
:103C70006080C6F85C80C6F864801A7839461F48B0
:103C80000CF000FE2946012342463046FFF7F2FCC5
:103C90000546002DC3D12846BDE8F0870023E37612
:103CA000A3760CF0EDF92846BDE8F087D7E900537C
:103CB000C5F86080C5F85C80C5F8648039461A781C
:103CC0000E480CF0DFFD28464146F9F7E1FC0546B9
:103CD000002DE0D0A3E741462046F9F7D9FC054680
:103CE000B7E70023E376A3766FF006050CF0C8F97A
:103CF00099E76FF0010596E700015005953901003D
:103D00002DE9F0410225684B684C1746DC620446F9
:103D10009D6190F8213090F82020023B0E46C56945
:103D200001695B08C2F10E0040EAC303A06986B0D6
:103D300008B143F040034FF000082DBA0DF109001F
:103D400002930595CDF80C80574DCDF8108015F0F5
:103D500065FB029BC5F89030039BC5F89430049B2B
:103D6000C5F89830059BC5F89C30A36933BBE5695D
:103D7000F5B1012FD4F8088018BFD4F80C8035F0C5
:103D80000F073DD1484AD369D907FCD4464CE369B3
:103D9000DB07FCD40123E76A2A4627F00F00E06224
:103DA0004146A361424815F039FB03232361E762D2
:103DB000304606B0BDE8F04101F026BAC3F3072251
:103DC000012BCDE90288CDE9048861688DF80930BE
:103DD0008DF8082056D00E2B1ED81A460DF10A0079
:103DE00015F01CFB029A304BC3F89020039AC3F8DD
:103DF0009420049AC3F89820059AC3F89C20B6E74B
:103E00003946404601F010FAEA1BD1D07B1B15461B
:103E1000E26913449844B5E70E220DF10A000193BC
:103E200015F0FCFA029A019BC5F89020039AA3F1C1
:103E30000E08C5F89420049AC5F89820059AC5F88C
:103E40009C2038F00F0521D1A3696168A3EB08031A
:103E5000154A1944D369DD07FCD4134DEB69D80723
:103E6000FCD401234246D5F82C80114828F00F0CD1
:103E7000C5F82CC0AB6115F0D1FA03232B61C5F84E
:103E80002C8074E70B788DF80A30ABE7A269606884
:103E90000E32D21A2946104401F0C6F9B8EB0508D3
:103EA0003FF465AFD0E700BF00000C4034000001D4
:103EB00090000C402DE9F04780468868012A0CBF2D
:103EC0004FF480794FF400798307D8F8005040F020
:103ED000DB800C46C9688B0740F0D68094F8203010
:103EE000073B062B00F2CD801746D4E90632DA42B2
:103EF00000F0C7802B7E042B04D00CF0A3FC00281C
:103F000000F0BF8028460CF0DDFB064610B13046BD
:103F1000BDE8F08728680CF0A7F8002800F0BE8004
:103F200001232068AB766E610378022B00F0848059
:103F3000082B40F0AC804A465A490CF0EDFB814614
:103F400000287CD12B7E042B3CD0D4F81C90B9F1F6
:103F50000F0F37D9002285F87C706368D4E9041C00
:103F6000D4E902E0C5E90A01C5E9083EAC65C5F837
:103F700030C094F8203085F88130A169C5F874907C
:103F8000C5E91A19C5F8789094F821302A6785F8A0
:103F9000803085F87F20002966D1D8E90043C4F835
:103FA0006090C4F85C90C4F8649041461A783E482A
:103FB0000CF068FC012F48D049462046BDE8F04788
:103FC000F9F766BB012F05F1440A25D005F1340944
:103FD00094F821206169484615F020FA49462046A8
:103FE000F9F7F2FB514602222046FFF789FE5046C0
:103FF000494694F8212005F08DFC6FF0030A08B1C2
:104000004FF0000A00232846EB760CF0FBFB2B7EDA
:10401000012B22D056467AE73A4651462046FFF712
:104020006FFE51462046F9F7CFFB514694F8212008
:10403000606915F0F3F9E3E70CF066FB82E7EE76D2
:10404000AE760CF01DF84E4661E73B464A462046E8
:10405000BDE8F0470021FFF70DBB22463B46514625
:1040600040466C6DA04752E73B462846FFF702FBEF
:10407000D4F81C908246B9F1000FC3D00028C1D1FA
:104080008BE74FF0FF3642E76FF007063FE7EE762B
:10409000AE760BF0F5FF6FF0060638E7EE766FF0C0
:1040A000010634E700015005953901002DE9F04182
:1040B0000468054694F87C30A66D5A1E012A62D920
:1040C000DA1E012A2BD9053B012BD4F8DC3040F253
:1040D0009480002B6ED11A46C4F8D430F368226263
:1040E000002B71D00F2B40F2DA80D6E90012C4E920
:1040F00009121A0718BF23F00F03D4F8E420E36570
:10410000002A4AD0D4F8DC20A16E914200F0B5809C
:104110000122D4F8D810C91A18BF01211AE00021D1
:10412000D6E9002313F00F00C4E90911E16522620A
:104130004DD1D4F8DC20C4F8D430934200F0C680CE
:10414000D4F8E4304BB3D4F8DC30A26E0121D21A9B
:1041500018BF01222046FEF7FFF920680BF0E4FFAC
:10416000002800F0CD802A467149207EFDF704FE2C
:10417000002840F08980FDF747FE002840F0848049
:104180006069BDE8F081F3690F2B5CD9190707D18D
:10419000D6E90212C4E90912E36500221146D9E703
:1041A00023F00F03D6E90221E3656262A1620022D7
:1041B0000121CFE794F87F3004F1B202C4F8D43083
:1041C000F3682262002B8DD1C4E9093395E704F12D
:1041D000B20784F87F001022384623F00F03C4F89A
:1041E000D43015F059F93168D4F8D430384694F801
:1041F0007F20194415F012F9A2E7002B3BD094F868
:104200007F3004F1B202C4F8D430B3682262002BCC
:10421000DAD00F2B3FF669AF04F1A207102200217C
:10422000384615F039F904F1C408B26831683846E7
:1042300015F0F4F810220021404615F02DF9B3686E
:10424000C4E9097859E704F1A20710220021384691
:1042500015F022F904F1C408F269B168384615F086
:10426000DDF810220021404615F016F9F369C4E983
:104270000978E36591E71A46C5E7D4F8D810E26EED
:10428000521A18BF012244E70BF05AFF2C68D4F8E9
:10429000E40030BBFDF762FD4FF0FF3071E704F141
:1042A000A20710220021384615F0F6F804F1C408E0
:1042B000F2683168384615F0B1F810220021404606
:1042C00015F0EAF8F368C4E9097816E71022103B04
:1042D00004F1B2070146C4F8D430384684F87F2090
:1042E0007FE7FDF77FFE2A4604201249FDF744FDD3
:1042F0000028CFD1FDF788FD0028CBD16369C9E73D
:104300002C68D4F8E40020B9FDF728FD6FF0010017
:1043100037E7FDF767FE2A4604200649FDF72CFD26
:104320000028F1D1FDF770FD0028EDD16369EBE7BE
:10433000E5340100B931010070B5046806466369CF
:104340000D46002B3ED1D4F8E030002B45D1D4F8F7
:10435000D830D168994240D1D4F8D800E16E884273
:1043600004BFD2E90001C4E9090190682063117C0F
:1043700084F8801013B9D4F8DC307BB1D4F8E03085
:104380005BBB3146206884F87C50A265FDF7BEFC1B
:1043900030B33046BDE87040FFF788BE072D84F883
:1043A0007C5014D031462068FDF7B0FCC0B1002528
:1043B00030462A462946C4F8D450E565FFF70EF882
:1043C000284670BD60690028FBD1D368C4E70A465F
:1043D00004F1440115F022F8E4E74FF0FF3070BD1E
:1043E0006FF0010070BD00BF08B5FDF76DF9BDE8C5
:1043F00008400CF031B900BF70B505460C460668A0
:10440000FDF786FA98B986F8F0000A4BC6F8E00086
:10441000002C08BF1C46636830467365A26821788B
:104420000CF024F900280CBF2846002070BD4FF086
:10443000FF30EAE7D416020000680CF03DB900BF77
:1044400070B51D460B780C46222B164682B019D04B
:10445000282B17D0046820460CF0D6F980B9012328
:10446000069AC4E91A65A56784F880206567206705
:1044700084F87F002063A0656062A06284F87C30CD
:1044800002B070BD2246069C33460121CDE900549E
:10449000F9F7FAF902B070BD70B51D460B780C46FD
:1044A000222B164682B019D0282B17D0046820463C
:1044B0000CF0AAF980B90223069AC4E91A65A56727
:1044C00084F880206567206784F87F002063A065FA
:1044D0006062A06284F87C3002B070BD2246069C07
:1044E00033460221CDE90054F9F7CEF902B070BD90
:1044F0000368586950B9A2F1070CBCF1060F8EBFD2
:104500004FF0FF30D96283F88120704758697047B7
:104510002DE9F8430468074623790D46222B5BD02A
:10452000282B59D06369A165002B5DD14A68236FA0
:1045300094F87F1013440B44002A5BD01207A16E3D
:1045400056D08B4256D194F87C90B9F1020F78D0B6
:10455000B9F1040F71D04FF003084FF00109206842
:104560000BF082FD002800F094800122A2762279CF
:10457000022A69D0082A40F08F80B9F1010F0CBFE0
:104580004FF480724FF400724749201D0CF0C4F8BC
:10459000064600285CD184F87C802A684B4622625B
:1045A000204600226968FFF765F8064628B9E36EE1
:1045B0001BB9226FA36E9A4252D020460CF022F90A
:1045C000237E6661012B10D143462A463146384688
:1045D000646DA047002608E0A36EA56553B1D4F82A
:1045E000E0303BB9636943B166693046BDE8F883A2
:1045F0008B42A8D94FF0FF36F7E76A68110703D05E
:10460000D4F8DC309A42F5D194F87C30022B25D0D6
:10461000042B18BF0323102A84F87C3003D8D4F865
:10462000DC309A4220D039462068FDF76FFB80B31A
:104630003846BDE8F843FFF739BDC8464FF00209D8
:104640008DE74FF004088AE7201D0CF05DF8A2E723
:104650000023E376A3760BF013FDC6E70423DAE725
:104660002046FEF777FEA8E7296804F1B20014F0AF
:10467000D5FE0022237E6968012B84F87F106261D9
:10468000A8D138466169656D94F87C30A26DA84761
:10469000A0E76FF00106A8E70023E376A3766FF0AA
:1046A00006060BF0EDFCA0E700015005F0B504682C
:1046B00083B06369002B4FD1064608680D46830717
:1046C0007FD1D1F804E05FEA8E737AD123798A68CA
:1046D000222B0DD0282B0BD03AB1110702D0676FD7
:1046E000974202D1676F97420AD24FF0FF3031E014
:1046F000002AFAD017074CD1D4F8D8709742F4D3D7
:10470000276FA16E8F4203D0022BEED0082BECD086
:1047100094F818C0BCF1040F05D071460CF092F863
:104720000028E2D0237994F87C2002F0FB010229D2
:104730002DD0042A14BF05270627022B0FD0082BE3
:104740000DD0222B2AD0282B28D0237E4FF0FF30EB
:10475000012B11D003B0F0BD606903B0F0BDAB68B0
:104760002A4601936B68394600932B683046FFF761
:1047700011FA237E012BEDD1AB680F2BEAD801464D
:104780003B4630462A46646DA0470020E2E70627F4
:10479000D3E7D4F8D8709742AED0A6E73368D3F801
:1047A000E020002AA1D13146186883F87C709D650D
:1047B000FDF7ACFA40B1304603B0BDE8F040FFF77A
:1047C00075BC6FF00700C5E76FF00100C2E700BFDE
:1047D000F0B50468064623790D46222B83B036D007
:1047E000282B34D06369002B2CD1086883075FD154
:1047F00049688B075CD1226FA36E9A4255D1636FD3
:10480000EA689A4251D1237E042B28D00CF01AF882
:1048100000284AD0EA68002A44D100272A7CA868E8
:1048200004F1440114F0FAFD237E0020012BE77609
:104830000BD101462A4630460723646DA04738460F
:1048400003B0F0BD60690028E4D003B0F0BD2A4693
:104850000721304603B0BDE8F040FFF76DBD002AE8
:10486000DBD00346A8682063287C84F88000CDE96B
:10487000001230462A460721FFF78CF9237E042BCD
:104880000AD0EA680F2AE0D80028C6D00027012BFA
:104890006061E776D9D1CCE70028BED00023606103
:1048A000E376D2E7D5E90001DBE74FF0FF30CCE754
:1048B0006FF00700C9E700BFF0B50468064623792A
:1048C0000D46222B83B038D0282B36D06369002BBD
:1048D0002ED10868830761D149688B075ED1226FAA
:1048E000A36E9A4257D1636FEA689A4253D1237EEE
:1048F000042B2AD00BF0A6FF00284CD0EA68002A2F
:1049000046D12A7CA96804F1440005F003F8002888
:1049100034D00020237E0027012BE7760BD10146FF
:104920002A4630460823646DA047384603B0F0BDE0
:1049300060690028E2D003B0F0BD2A460821304665
:1049400003B0BDE8F040FFF7F7BC002AD9D003461A
:10495000A8682063287C84F88000CDE900123046E6
:104960002A460821FFF716F9237E042B0AD0EA68AD
:104970000F2AE0D80028C4D06061CCE76FF00300B4
:10498000237EC8E70028BCD000236061E376D2E72D
:10499000D5E90001DBE74FF0FF30CCE76FF007000F
:1049A000C9E700BF70B54369456C90F84810FBB982
:1049B00003790446022B01F00F001AD0082B18D0FF
:1049C000012815D0CB066868EA6804F120052FD4C9
:1049D0000146284604F09EFF10B96FF0030363619F
:1049E00010232846BDE870400022194604F0B0BFED
:1049F00070BD01280FD0236B0F4AC2F89030636B53
:104A0000C2F89430A36BC2F89830E36BC2F89C30C4
:104A1000D369DB07FCD4084AD369DE07FCD4136FE3
:104A20002362536F6362936FA362D36FE362C7E73E
:104A3000294614F0F3FCD3E700000C4010B50468DD
:104A4000FDF74AFA40B2003818BF01204042E06545
:104A500010BD00BF70B504460568FDF73DFA40B2D1
:104A600030B14FF0FF322B7E6A61012B02D070BD56
:104A7000686170BD20462C6C6969A44695F8483081
:104A80006A6CBDE87040604738B50568FDF724FAE8
:104A900044B21CB14FF0FF346C6138BDFDF740FAF1
:104AA0006C61A86538BD00BF38B50568FDF714FA1C
:104AB00044B21CB14FF0FF346C6138BDFDF730FAE1
:104AC0006C61686538BD00BF174B70B50468D3F8DA
:104AD0000C61054620460BF0F5FE730700D470BD4F
:104AE0001022124B2046C3F80425FFF75BFF94F811
:104AF0004830204603F0EF03012B1CBF0023E37670
:104B00000BF080FE237E022B09D02846256C6169BC
:104B1000AC4694F84830626CBDE870406047044889
:104B2000BDE870400BF066BA00000C4000400C403D
:104B300040630020012270B5046894F84830A276E2
:104B400003F0EF03934216D00546A06D28B9636DBC
:104B50000020D3B90023A37670BD94F8613063B10F
:104B6000FDF740FA2A4604201749FDF705F910B36E
:104B70000023A365EBE7002070BDE068FCF754FC60
:104B80000028F5D0636D002BE4D018462E68FDF7A1
:104B900029FA2A4604200C49FDF7EEF818B1002343
:104BA00018466365D6E7FDF72FF90028F7D170693D
:104BB0000028CFD1F3E7FDF727F90028D8D16069A5
:104BC0000028DFD1D4E700BF554A010003682DE972
:104BD000F04705465C6CFDF77FF946B22EBBA36833
:104BE0002C68102B01D91A072DD1102104F12000B7
:104BF000FDF7B2F92046FFF7D5FE6669331D18BFF1
:104C000000260BF09DFA2846FFF794FF00239842F8
:104C100018BF4FF0FF3684F860306661FDF79EF8EC
:104C2000237E012B05D0BDE8F0874FF0FF362C68BE
:104C3000E7E72846256C6169AC4694F84830626C19
:104C4000BDE8F0476047D4F84490236DD9F80820B8
:104C500004F13007A2EB030831461022384614F065
:104C60001BFC236DD9F8001042461944384614F055
:104C7000D5FB314620460122E764C4F85080FDF799
:104C80008FFE2A460649207EFDF776F80028CCD113
:104C9000FDF7BAF80028C8D16669002EC3D0C6E770
:104CA000A54E010000232DE9F04F7C4A7C4C87B0D3
:104CB000D462C2F89030C2F89430C2F89830C2F88A
:104CC0009C30D369DB07FCD4166F16F0800F0E60A2
:104CD00014BF4FF0870A4FF0000A556FC6F307273D
:104CE0004D60936FC6F3C0398B60D46FC6F3C05864
:104CF000C4F30742520002EBD472C6F3074C5FFACA
:104D000082FB09EB460908EB4708F20F370EC5F3A3
:104D1000C01606EB4706F6B20096CE70C5F3C03655
:104D200006EB450606F0FF0602EB4C020196C5F3C2
:104D3000072C0E71C5F3C05606EB4C06F6B2C5F350
:104D4000074702964E712E0EED0F05EB4705EDB2AB
:104D500003958D71C3F3C01505EB4605EDB2C3F3A2
:104D6000072CC3F3C037C3F3C05607EB430706EB6A
:104D70004C0604954FEA136CCD71C3F30745DB0F66
:104D800003EB4503DBB2C4F3C015C4F3C03E05EB2F
:104D90004C050EEB440EC4F3C05C05938B72C4F358
:104DA0000723E40D0CEB430C04F0FE0409F0FF09AB
:104DB0005FFA88F8D2B207F0FF07F6B2EDB20EF054
:104DC000FF0E84EA0A045FFA8CFC012881F80EB019
:104DD00081F8009081F801808A700F724E72CD7256
:104DE00081F80CE081F80DC0CC7302D007B0BDE8AB
:104DF000F08F19F0800F14BF4FF0870A4FF0000AB0
:104E00004FEAD81000EB4900009B0870D00900EB76
:104E100048004870D80900EB4200887001988AEA7F
:104E2000440AC20902EB4302029BCA70DA0902EB90
:104E3000400203980A71C20902EB4302049B4A71C3
:104E4000DA0902EB40028A71FA0902EB4302CA71E5
:104E5000059BF20902EB47020A72DA0902EB4602ED
:104E60004A72EA0902EB43038B724FEADE1303EB4B
:104E70004503CB724FEADC1303EB4E030B734FEA8F
:104E8000DB124FEA4B0302EB4C0203EBD41381F825
:104E90000FA04A738B7307B0BDE8F08F00000C4081
:104EA0002800000170B50646FDF716F840B2A8B11B
:104EB0004FF0FF3534680BF043F93046FFF73AFE08
:104EC0000023984218BF4FF0FF3584F860306561C9
:104ED000FCF744FF237E012B0ED070BD34681021F7
:104EE00004F12000FDF738F82046FFF75BFD656907
:104EF0002B1D18BF0025DEE7256C3046AC466169E6
:104F000094F84830626CBDE8704060472DE9F04786
:104F1000046805462379676C022B94F84880BE68C4
:104F20008EB000F08280082B40F0288194F8490070
:104F30009449954B18F0100F0CBF4FF400624FF4DA
:104F40008062012808BF0B4606A9CDE90032201D6A
:104F5000202204F15803FCF7D1F948B1883014BF7E
:104F60006FF005086FF0040840460EB0BDE8F0870A
:104F7000864806A912F0D4FC08F00F08B8F1010F1A
:104F800020D01023D4F844A004F130080022404679
:104F9000194604F0DDFCDAF80860002E49D016F05E
:104FA0000F0908BF4FF01009DAF80010A6EB090648
:104FB00040464A46314414F031FA94F84930012B06
:104FC00000F0C780DFF8D881714BC8F82C30236A15
:104FD000C8F87030636AC8F87430A36AC8F87830CB
:104FE000E36AC8F87C30002E75D0237E042B00F0D5
:104FF00088800F2E39D8D7F800805FEA887300F0D8
:1050000087804146634812F08BFC2C68237E94F81D
:105010004860042B44D0626C92680F2A40D9022B5E
:1050200000F0A4804FF000089EE7201D0BF06CFB01
:10503000A2E794F84930012BC4D1012002A9FFF75F
:1050400031FE802388F800300298D4E90C124140E8
:1050500021630399A36B4A406263049A5340A3639C
:10506000E26B059B5340E363ACE76B6829461A7813
:1050700049480BF007FCD8F82C30204623F0807309
:10508000C8F82C3021210BF011FC314638680BF0A8
:10509000D7FB04220823C8F80421C8F81030B4E76D
:1050A000204606F00F06FFF77DFC012E18BF0023F7
:1050B000D4F81480204618BFE3760BF0A3FB237EC0
:1050C000012B7FF451AF28464146256C94F84830B7
:1050D000626CA847A6E72046FFF764FCD4F814806A
:1050E0002046E67694F848600BF08CFB237E012B7B
:1050F0007FF43AAF33463A4641462846246CA047EF
:1051000090E7D7F8008006F01F0A5FEA887304D1A1
:105110004046310912F0CCFB77E736F01F0608BF96
:10512000344610D000241B4F08F1100908EB04018D
:10513000384612F0F5FB09EB04013846203412F032
:10514000EFFBA642F2D8BAF1000F3FF45EAFA044E5
:1051500057E7DAF808303BB1B9F1100F04D100205D
:1051600002A9FFF79FFD6FE7C84466E74FF0FF31E4
:105170000A480AF035FFD4F81480F5E64FF0FF38FE
:10518000F2E600BF0002C0030001C00350000C4063
:105190003400000190000C40C94A01004063002027
:1051A00000000C4008B5FCF78FFABDE808400BF092
:1051B00053BA00BF70B5056806460C46FCF7A8FB5D
:1051C000002203460F496A65944208BF0C469B1AA9
:1051D00018BF012301215B42AA6585F86020EB65B9
:1051E0006378284685F84930636885F862102B6437
:1051F000A26821780BF03AFA00280CBF3046002054
:1052000070BD00BFE4160200064AD369DB07FCD478
:10521000136F0360536F4360936F8360D36FC360FA
:10522000704700BF00000C402DE9F8438307894612
:1052300020D031F01F07064608BF3C460FD000249F
:105240000F4D00F110083119284612F069FB08EBE8
:1052500004012846203412F063FBA742F3D819F06A
:105260001F0F01D1BDE8F88331190548BDE8F843A7
:1052700012F056BB0909BDE8F84312F019BB00BF94
:1052800090000C402DE9F04113781446022B07469C
:105290000D460DD0082B0BD0222B01D0282B50D13E
:1052A000224629463846BDE8F0411023F8F7A4BE4F
:1052B0003E6896F84930022B40D02B689B0743D1BB
:1052C000EB68102B3DD830460BF0FCF9804658BBFC
:1052D00096F862302BB130680AF0C6FEB8B30123ED
:1052E000B3764FF0100E4FF0000C756486F848E06E
:1052F000351D94E80F00C6F814C085E80F0073460A
:105300006246714606F1200004F022FB3379022B3D
:105310000DD0082B0BD04FF0FF38B37E23B10AF02D
:10532000AFFE0023B376F3764046BDE8F081384601
:10533000FFF7ECFD80460028F6D0EEE7AB68002BC7
:10534000BBD14FF0FF38EFE76FF00708ECE786F8C6
:105350001B806FF00108E7E72DE9F0411378144650
:10536000022B07460D460DD0082B0BD0222B01D067
:10537000282B4ED1224629463846BDE8F04100236D
:10538000F8F73ABE3E6896F84930022B3ED02B68BB
:105390009B0741D1EB68102B3BD830460BF092F9BC
:1053A000804648BB96F862302BB130680AF05CFE4C
:1053B000A8B30123B3764FF0000C756486F848C09B
:1053C000351D94E80F00C6F814C085E80F001023BF
:1053D0006246194606F1200004F0BAFA3379022B2E
:1053E0000DD0082B0BD04FF0FF38B37E23B10AF05D
:1053F00047FE0023B376F3764046BDE8F081384699
:10540000FFF784FD80460028F6D0EEE7AB68002B5E
:10541000BDD14FF0FF38EFE76FF00708ECE786F8F3
:105420001B806FF00108E7E7F8B50B780D46022BFB
:10543000074604683DD0082B3BD0222B01D0282BF7
:1054400044D194F860C0BCF1000F3FD195E80F0043
:105450004FF0010E261D86E80F00C4F814C0C4F8F2
:1054600054C0C4F858C084F860E0102300261946E0
:10547000324604F12000666404F06AFA112384F8CD
:1054800048302B78222B03D0282B01D03046F8BD92
:10549000E36D01331AD039462068FCF737FCC0B100
:1054A0003846F8F76DFC064660B9FCF757FC304605
:1054B000F8BD294620460BF0A7F906460028D4D0AF
:1054C0003046F8BD3846FFF735FBEEE74FF0FF36C4
:1054D000DCE76FF00106D9E7F8B50B780D46022B33
:1054E000074604683DD0082B3BD0222B01D0282B47
:1054F00044D194F860C0BCF1000F3FD195E80F0093
:105500004FF0010E261D86E80F00C4F814C0C4F841
:1055100054C0C4F858C084F860E01023002619462F
:10552000324604F12000666404F012FA012384F884
:1055300048302B78222B03D0282B01D03046F8BDE1
:10554000E36D01331AD039462068FCF7DFFBC0B1A8
:105550003846F8F715FC064660B9FCF7FFFB304605
:10556000F8BD294620460BF04FF906460028D4D056
:105570003046F8BD3846FFF7DDFAEEE74FF0FF366C
:10558000DCE76FF00106D9E770B5046806462379B9
:105590000D46222B82B01AD0282B18D06269DAB9B6
:1055A0000A68920749D18A68002A40D012073ED182
:1055B00094F86220002A32D1022B65640FD0082BA8
:1055C0000DD0A37E4FF0FF308BB902B070BDE06DFF
:1055D000431CFAD0636993B1606902B070BD304674
:1055E000FFF794FC0028F0D0A37E002BEDD00190B3
:1055F0000AF046FD00230198A37602B070BDAB68A7
:10560000ABB1190713D1314620686564FCF77EFB06
:1056100080B1304602B0BDE87040F8F755BC206854
:105620000AF022FD30B101222379A276C4E74FF0BF
:10563000FF30CAE76FF00100C7E76FF00700C4E76B
:1056400070B50468064623790D46222B82B023D01C
:10565000282B21D0626922BB0A68920759D1CA68F7
:10566000102A50D88A68002A4DD094F86220002A67
:1056700041D194F848206564112A14BF02221222F5
:10568000022B84F848200FD0082B0DD0A37E4FF0BA
:10569000FF308BB902B070BDE06D431CFAD0636976
:1056A00093B1606902B070BD3046FFF72FFC00284F
:1056B000F0D0A37E002BEDD001900AF0E1FC002396
:1056C0000198A37602B070BDAB68E3B194F848309E
:1056D000314613F0100F0CBF0223122320686564BB
:1056E00084F84830FCF712FB80B1304602B0BDE8C8
:1056F0007040F8F7E9BB20680AF0B6FC30B101222F
:105700002379A276B5E74FF0FF30C3E76FF00100D1
:10571000C0E76FF00700BDE710B5046823799B066A
:1057200004D42046BDE810400AF0C6BFFFF702FAD5
:105730002046BDE810400AF0BFBF00BF38B504687E
:105740000546FBF7E9FC22790346920601D4E27E86
:105750001AB31846FBF7ECFCFCF78EFB002223790A
:1057600084F860209B0614D4002120460BF072F8C8
:10577000237E012B01D0002038BD626C002AFAD0B4
:1057800028466FF00201256C94F84830A8470020A5
:1057900038BD2846FFF7CEF9E6E7FBF7C9FC002045
:1057A00038BD00BF00234FF4C07270B5046890B0DC
:1057B000CDE90232CDE90433CDE9063394F848301F
:1057C000054603F00F03012B0146206814BF4FF478
:1057D00000764FF48076FCF799FA00284CD02379B4
:1057E000222B21D0282B40D1E06802A9FBF778FEBC
:1057F00040B1883015D06FF00506FCF7AFFA30469F
:1058000010B070BD20221E4B019600930DEB0201DB
:1058100004F15003201DFBF771FD0646F0B18836F8
:10582000E9D16FF00406E8E74FF0FF36A1682046A3
:10583000FCF7C6FF20680AF077FCD8B12A46114968
:10584000207EFCF799FA30B9FCF7DEFA18B96669E0
:10585000304610B070BD0AF073FCCEE702A80AF023
:10586000ADFC000A08A96065E1E7FCF777FA6FF084
:105870000606C4E7FCF772FA6FF00106BFE700BF47
:105880000010C0048958010070B506460468FCF792
:1058900023FB10F0FF052BD04FF0FF350AF050FC32
:1058A00033681A79282A10D06561FCF757FA94F802
:1058B000483023F02002013A012A9CBF002284F8DC
:1058C0005820227E012A0BD070BD5A6D012AEBD1DF
:1058D000D868FBF7A9FD002818BF4FF0FF35E3E7B4
:1058E000D4E910253046AC466169BDE87040604798
:1058F00004F12000FCF728FBD0E700BF2DE9F041C0
:10590000754E0468D6F80C71054620460AF0DAFF99
:105910003B072BD52021E36B704AC2F804155A1EB1
:105920000E2A25D96C4B94F84820D3F8901012F029
:1059300010022162D3F8941020466162D3F89810C7
:10594000A162D3F89C3008BFE276E3620AF05AFF06
:10595000237E022B00F0BA802846656C6169AC4654
:1059600094F84830226CBDE8F0416047BDE8F08112
:10597000A26B206BD21A815C676B86F8801096F858
:105980007010012BB95400F09E80511C10F801C01A
:10599000022B86F881C096F871C007F801C000F0AC
:1059A0009280911C10F801C0032B86F882C096F8F3
:1059B00072C007F801C000F08680D11C10F801C049
:1059C000042B86F883C096F873C007F801C07AD01C
:1059D000111D10F801C0052B86F884C096F874C01C
:1059E00007F801C06FD0511D10F801C0062B86F8D2
:1059F00085C096F875C007F801C064D0911D10F8F5
:105A000001C0072B86F886C096F876C007F801C05B
:105A100059D0D11D10F801C0082B86F887C096F820
:105A200077607E544FD002F1080610F806C02A496C
:105A3000092B81F888C091F878C007F806C042D0D9
:105A400002F1090610F806C00A2B81F889C091F806
:105A500079C007F806C036D002F10A0610F806C071
:105A60000B2B81F88AC091F87AC007F806C02AD0BB
:105A700002F10B0610F806C00C2B81F88BC091F8D0
:105A80007BC007F806C01ED002F10C0610F806C055
:105A90000D2B81F88CC091F87CC007F806C012D09D
:105AA00002F10D0610F806C00F2B81F88DC091F899
:105AB0007DC007F806C006D10E32835C81F88E30B7
:105AC00091F87E30BB540023E3632BE70448BDE824
:105AD000F0410AF08FBA00BF00000C4000400C40BB
:105AE0004063002008B5FBF7EFFDBDE808400AF071
:105AF000B3BD00BF70B5056806460C46FBF708FF4E
:105B000000230D4A85F858309C4208BF1446C31A3A
:105B100018BF0123012162685B426A64A268EB64DA
:105B200085F84910284621780AF0A0FD00280CBF0E
:105B30003046002070BD00BFF416020000680AF075
:105B4000BBBD00BF70B50F4D0E46EC6A24F08074EB
:105B5000EC62154623F00F041B0714BF40F212310C
:105B600009490AF0A3FE214630460AF069FE28469C
:105B700021460AF06DFE0822024B2046C3F804219C
:105B800070BD00BF00000C4012030100F8B532F0F8
:105B90000F04154606460F4617D0151B220993B968
:105BA000ADB9012A05D9013A11F08AFE103C26440C
:105BB0002744104B104C39463046DC620122BDE8C8
:105BC000F84011F07DBE11F07BFE15B9F8BD11F063
:105BD00077FE0A4B013C30193919EA1810F801CF49
:105BE000013303F801CC13F811CC934201F801CF33
:105BF000F4D1F8BD00000C4028002A0180000C40C0
:105C00002DE9F0410468054694F84820207902F017
:105C10000F02012A14BF4FF400734FF4807302285F
:105C20000E468AB068D0082840F0A1800193554BF9
:105C30002022009302A904F15003201DFBF75EFB14
:105C400048B1883014BF6FF005066FF00406304687
:105C50000AB0BDE8F0814C4802A911F061FE4B4B3F
:105C60004B4ADA62237EA26B042B01D00F2A48D85C
:105C7000206A46493346C1F89000606AC1F8940032
:105C8000A06AC1F89800E06AC1F89C00D4E90C0150
:105C9000FFF77CFF0023E3632C68237E042B09D0ED
:105CA000A26B0F2A06D9022B64D0002630460AB018
:105CB000BDE8F081354B94F84820D3F8901012F0ED
:105CC00010022162D3F8941020466162D3F8981034
:105CD000A162D3F89C306669E36208BFE2760AF0FD
:105CE00091FD237E012BB2D128463146656C94F894
:105CF0004830226CA847D8E72549201D0AF0F6FC59
:105D0000B0E76B6823481A7829460AF0BBFD1F49A3
:105D1000A26BCB6A276B23F08073D4F83480CB62FC
:105D2000130722F00F060DBF204640F21231204625
:105D300019490AF0BBFD384631460AF081FD31466B
:105D400040460AF085FD0821E26B104B921BC3F818
:105D50000411E263226AC3F89020626AC3F89420B7
:105D6000A26AC3F89820E26AC3F89C2094E76FF017
:105D700006066CE74FF0FF3108480AF031F9666912
:105D800065E700BF0010C00450000C4000000C404C
:105D90002A002A01FD58010012030100406300207F
:105DA0002DE9F041064648683568830749D10C461D
:105DB00089688B0745D12B7E9046042B22692ED112
:105DC00092B328460AF07EFC074678BB95F8493026
:105DD0002BB128680AF048F9B0B30123AB76002252
:105DE00085F8488023682F1DD4F810C02C646A61A0
:105DF0000FCB87E80F00D4E90123C5E90C23E16844
:105E000005F1200E10227046C5E90ECC89B113F0C1
:105E100005FB3046BDE8F0410121FFF7F1BE0AF075
:105E200011FD08B12269CBE74FF0FF373846BDE8D6
:105E3000F08113F031FB3046BDE8F0410121FFF75E
:105E4000DFBE6FF00707F1E7EF766FF00107EDE7D0
:105E5000F8B50B680C461A780646022A29D0082A9B
:105E600027D0222A01D0282A31D13568EA6C72BBAA
:105E7000276967B395F858204ABB6A61012205F18A
:105E8000040C85F848200FCB2C648CE80F00D4E973
:105E90000123C5E90C23E16805F1200E10227046AC
:105EA000AF6369B113F0BAFA3046BDE8F840FFF7C6
:105EB00079BC21463046BDE8F8400122FFF770BFAB
:105EC00013F0EAFA3046BDE8F840FFF76BBC4FF03C
:105ED000FF30F8BDF8B50B680C461A780646022A62
:105EE00029D0082A27D0222A01D0282A31D1356882
:105EF000EA6C72BB276967B395F858204ABB6A61A0
:105F0000022205F1040C85F848200FCB2C648CE8A4
:105F10000F00D4E90123C5E90C23E16805F1200E47
:105F200010227046AF6369B113F078FA3046BDE8CD
:105F3000F840FFF737BC21463046BDE8F840022262
:105F4000FFF72EBF13F0A8FA3046BDE8F840FFF780
:105F500029BC4FF0FF30F8BD70B5046806462379C0
:105F60000D46222B2BD0282B29D063695BBB0868F8
:105F700083073CD149688B0739D1AA68002A33D0FE
:105F8000130731D1237E042B02D00AF05BFC58B3F7
:105F900094F849302BB120680AF066F850B3012319
:105FA000A376AB68D5E9001230462163C4E90E330D
:105FB000256462630021BDE87040FFF721BEE36CF9
:105FC00093B963690BB1606970BDAB6863B11A07BF
:105FD0000AD129686A683046C4E90C122564A363B3
:105FE000BDE87040FFF7DEBB4FF0FF3070BD6FF0D3
:105FF000070070BD6FF0010070BD00BF70B50B7879
:106000001546222B046808D0282B06D0022B23D05B
:10601000082B21D04FF0FF3070BDE36C002BF9D17D
:1060200094F85860002EF5D10FC94FF0010E04F11D
:10603000040C8CE80F0010222946666184F858E0B1
:1060400004F120009DB113F0E9F91122002384F836
:1060500048201846236470BD20460AF0D5FB00286E
:10606000DAD11022294604F12000002DEBD113F0E3
:1060700013FAEAE770B50B781546222B046808D0AE
:10608000282B06D0022B23D0082B21D04FF0FF3035
:1060900070BDE36C002BF9D194F85860002EF5D157
:1060A0000FC94FF0010E04F1040C8CE80F00102210
:1060B0002946666184F858E004F120009DB113F090
:1060C000ADF91222002384F848201846236470BDDD
:1060D00020460AF099FB0028DAD11022294604F163
:1060E0002000002DEBD113F0D7F9EAE738B50468AA
:1060F0000546FBF711F822790346920601D4E27EA9
:1061000052B31846FBF714F8012120460AF0A2FB0F
:1061100023799B0610D4237E012B01D0002038BDAB
:10612000226C002AFAD028466FF00201656C94F8C0
:106130004830A847002038BDFBF79EFE00222B68A0
:1061400084F858201A79282AE5D15A6D012AE2D11B
:10615000D868FBF769F9DEE7FAF7EAFF002038BDF7
:1061600038B50468E36C33BB63690BBB94F8483003
:106170008D68112B0A4614BF2223212365B994F898
:1061800018C06169BCF1010F84F8585002D1646CE9
:10619000A0472946084638BD84F848300968536846
:1061A0002264C4E90C13A563BDE83840FFF7FABACE
:1061B0006169084638BD4FF0FF31EBE72DE9F0414A
:1061C0000468064623790D46222B29D0282B27D098
:1061D000636913BB086883074FD149688B074CD1AB
:1061E00094F818C0AA68BCF1040F23D0F2B994F84F
:1061F0004830112B0CBF212722274FF00008BCF19B
:10620000010F606984F81B8008D101463B46304687
:106210002A46646CA047404600E06069BDE8F08112
:1062200029463046BDE8F041FFF79ABF0AF00AFB65
:1062300048B3AA6894F84830112B0CBF21272227B5
:10624000C2B194F8493033B1206809F00DFFB8B1FC
:106250000123AA68A37684F8487029686B683046E1
:106260002163C4E90E22256463630121BDE8F04186
:10627000FFF7C6BC94F818C0BFE76FF00700CDE782
:106280006FF00100CAE74FF0FF30C7E700234FF47B
:10629000C07230B5046891B0054601462068CDE96A
:1062A0000232CDE90433CDE90633FBF72FFD002898
:1062B0005AD02379222B41D0282B4ED1E06802A955
:1062C000FBF70EF9C0B994F82820052A3BD82A23F9
:1062D000D34013F0010F14BF4FF480734FF40073D9
:1062E00020220193244B0DEB02010093201D04F1A9
:1062F0004403FBF703F838B1883038D0FBF72EFDA4
:106300006FF0050011B030BD02A809F057FF034639
:106310001B0A204608A9A364FCF7DEF9206809F0EF
:1063200003FFF8B12A461549207EFBF725FD68B921
:10633000FBF76AFD50B9606911B030BD2046A16815
:10634000FCF7CAF9EAE74FF40073C9E709F0F8FE71
:10635000FBF704FD4FF0FF30D4E7FBF7FFFC6FF0D5
:106360000600CFE7FBF7FAFC6FF00100CAE7FBF786
:10637000F5FC6FF00400C5E700444004E963010048
:10638000164B70B50468D3F80C61054620460AF038
:1063900099FA33071BD52022114B2046C3F8042558
:1063A00094F8283003F0FB03012B04BF0023E376AD
:1063B0000AF028FA237E022B0AD02846656A616912
:1063C000AC4694F82830226ABDE87040604770BD42
:1063D0000448BDE8704009F00DBE00BF00000C404D
:1063E00000400C404063002070B506460568FBF78E
:1063F00073FD044609F0A4FE33681A79282A15D0E3
:10640000E3B2003B18BF01235B426B61FBF7A6FCC4
:1064100095F8283023F00402013A012A9CBF00229B
:1064200085F84C202A7E012A0BD070BD9A6C012A77
:10643000E6D1D868FAF7F8FF0028E1D04FF0FF3333
:10644000E3E7D5E908243046A4466969BDE8704011
:10645000604700BF2DE9F043054608680C46037805
:106460002E68022B8BB02FD0082B40F09A8096F824
:106470002820052A00F28B802A23D34013F0010F35
:1064800014BF4FF480734FF400730193464B2022E6
:10649000009302A906F14403FAF730FF48B18830AF
:1064A00014BF6FF005066FF0040630460BB0BDE870
:1064B000F0833E4802A911F033FAE7683C4B102FF5
:1064C0003CD03C4ADA6208E0CB68301D102B0CBF90
:1064D000394938490AF00AF9E768337E042B01D0BC
:1064E0000F2F30D8D4E90198414648463A0911F0B7
:1064F000F3F92C68237E042B0AD0226AD2680F2A73
:1065000006D9022B46D0002630460BB0BDE8F083FA
:1065100094F828306669032B18BF0023204618BF63
:10652000E3760AF06FF9237E012BBED1284631466F
:10653000656A94F82830226AA847E4E71E4ADA62BE
:10654000337E042BCED06B6829461A781B480AF09C
:1065500099F9D4E90198337EE768042BC4D00F2F52
:10656000C2D9134C3046E36A154923F08073E362C5
:106570000AF09CF9394648460AF062F93946404625
:106580000AF066F90823C4F804312361B1E74FF437
:1065900000737AE74FF0FF310A4809F021FD666980
:1065A00083E76FF0060680E70044400450000C408B
:1065B00000000C402A000001280000018163010056
:1065C000210202004063002008B5FBF77DF8BDE81A
:1065D00008400AF041B800BF70B5056806460C4691
:1065E000FBF796F900230D4A85F84C309C4208BF12
:1065F0001446C31A18BF0123012162685B426A6214
:10660000A2682B6485F82910284621780AF02EF814
:1066100000280CBF3046002070BD00BF04170200E8
:1066200000680AF049B800BFF8B50B680C461A7844
:106630000546022A1BD0082A19D0222A01D0282A6E
:1066400047D12E68326C002A43D196F84C70002F47
:106650003FD10122346286F82820341D0FCB84E814
:106660000F0028467761BDE8F840FFF70FBE60686D
:106670002E68830731D1A1688B072ED1E26842B31F
:10668000130726D1337E042B02D00AF0DBF800B3C7
:1066900030460AF017F80746E8B996F829302BB1CA
:1066A000306809F0E1FCD8B10123B37601234FF043
:1066B000000C86F828302368371D0FCB346287E83A
:1066C0000F0021462846C6F814C0BDE8F840FFF781
:1066D000C1BE4FF0FF373846F8BD6FF00707FAE745
:1066E000F7766FF00107F6E70B681A78022A23D0D5
:1066F000082A21D0222A844601D0282A16D130B572
:10670000DCF80040226CA2B994F84C508DB90222FA
:1067100004F1040E84F8282021620FCB8EE80F00CC
:1067200065616046BDE83040FFF7B0BD4FF0FF3017
:1067300070474FF0FF3030BD6FF00600704700BF6C
:10674000F8B590F818C00E46BCF1040F15461C466B
:1067500001D00F2B06D8294630462209BDE8F84063
:1067600011F0BAB80A4F0B49FB6A23F08073FB6241
:106770000AF09CF8214630460AF062F82146284685
:106780000AF066F80823C7F804313B61F8BD00BF82
:1067900000000C402102020038B50B780468022B7F
:1067A0001ED0082B1CD0222B07D0282B05D04FF051
:1067B000FF30032384F8283038BD236CB3B994F834
:1067C0004C509DB90FC94FF0010E04F1040C8CE838
:1067D0000F00656184F84CE0002318462362E8E767
:1067E00020460AF011F80028F6D0E2E74FF0FF301B
:1067F00038BD00BF70B50B780468222B01D0282B60
:1068000014D1256CBDB994F84C30A3B90FC9042636
:106810004FF0010E04F1040C8CE80F006561256255
:1068200084F8286084F84CE0284670BD6FF00603B9
:106830001D466361F8E74FF0FF35F5E770B50B686B
:106840000C461B780546222B066822D0282B20D028
:1068500073690BB1706970BD486883072BD1896873
:106860008B0728D1E2681AB3130721D1337E042B9A
:106870001AD196F829302BB1306809F0F5FBE8B150
:106880000123B376214628463462BDE87040FFF705
:10689000E1BD336C63B97369002BDBD128463462E8
:1068A000BDE87040FFF7F2BC09F0CCFF0028E0D152
:1068B0004FF0FF3070BD6FF0070070BD6FF001004A
:1068C00070BD00BF70B50B680C461B780646222BC6
:1068D000056824D0282B22D06B692BBBCA685AB319
:1068E0004868830757D189688B0754D113074FD164
:1068F0002B7E042B1AD195F8293033B1286809F082
:10690000B3FB00284AD00123AB76052385F8283055
:10691000214630462C62BDE87040FFF79BBD2B6CD2
:10692000002B35D16B69ABB1686970BD09F08AFF86
:1069300070B3E368002BDED100222B7E6869012B47
:10694000EA76F2D10523224601466C6A3046A0471A
:10695000002070BD95F82830032B0ED0042B03D1F6
:106960000622134685F82820E2685AB985F84C209B
:106970002A7E6869012AE6D070BD0522134685F893
:106980002820F1E730462C62BDE87040FFF77EBC5E
:106990004FF0FF3070BD6FF0070070BD6FF0010069
:1069A00070BD00BF10B50468FBF796FA18B9C4F8BB
:1069B000F400606110BD4FF0FF30606110BD00BF9A
:1069C00038B50568FBF788FA10F0FF0403D04FF0E4
:1069D000FF346C6138BDFBF7A3FA6C61C5F8F400B5
:1069E00038BD00BF38B505680446D5F8F40008B9CD
:1069F000002038BDFBF7F6FA224604200549FBF7D4
:106A0000BBF90028F4D1FBF7FFF90028F0D1686941
:106A100038BD00BFA56901002DE9F04104680646B4
:106A200094F898305A1E012A08D9073B012B05D942
:106A3000D4E91E239268A2EB030801E0D4F8908009
:106A400004F1BB0510220021284612F025FDE36F5A
:106A5000616A4246194404F1DC07284612F0DEFC64
:106A600010220021384612F017FD00210122204695
:106A7000C4F880106562A762C4F87C80FBF7B6FC9E
:106A800032460749207EFBF777F928B9FBF7BCF9B6
:106A900010B96069BDE8F0814FF0FF30FAE700BF40
:106AA000316D010000234FF4C07230B589B0CDE9DB
:106AB0000232CDE90433CDE9063390F8983004462C
:106AC00003F0FB02022A25D0042B14BF4FF480757B
:106AD0004FF40075E06802A9FAF702FD30B1883082
:106AE00013D06FF00505284609B030BD0F4B2022AA
:106AF000CDE9003504F19B0104F1F003201DFAF704
:106B0000FDFB054648B18835EBD16FF004052846FA
:106B100009B030BD4FF40075DCE702A809F04EFB68
:106B2000000AC4F8F800284609B030BD000150053D
:106B30002DE9F041046805460E4694F8983039B9BD
:106B4000012B48D0072B33D0052B5ED012324BD00F
:106B5000073B012B31D909F0F3FA2F6897F89830E9
:106B6000033B032B09D93B79282B03D1D7F8F83005
:106B7000012B44D0D7F8F40038B96661FBF7EEF882
:106B8000237E012B1DD0BDE8F081FBF72BFA2A46AE
:106B900004202849FBF7F0F80028EED1FBF734F980
:106BA0000028EAD17B69002BE7D04FF0FF36E4E7FD
:106BB000E36F9BBBD4F8803083BB002384F8FC30A8
:106BC000C9E72846656F6169AC4694F89830A26FB2
:106BD000BDE8F0416047A36F93F821105869FBF7B7
:106BE000ADF994F89830B3E7082BB4D84FF4A272FB
:106BF000DA4012F0010F18BF6FF00306A8E7F8683B
:106C0000FAF712FC90B92F68B4E794F8991004F1E0
:106C10004400FBF793F994F8983099E7A36F197C37
:106C20009868FBF78BF994F8983091E72846FFF7BE
:106C3000D9FEBAE7A569010070B506460468FBF7FE
:106C40004BF945B255B115F1120F42D04FF0FF315B
:106C50002A463046BDE87040FFF76ABFD4F894304A
:106C6000D4F880209B1AC4F89430D4F89020E36FB5
:106C7000D21A94F89830C4F890205A1E012A1FD9CD
:106C8000DA1F012A42D9053B012B20D8A36F9A684D
:106C9000110701D0102A32D80F2A18D8A16A5868D3
:106CA00012F0BCFB13E0D4F89430D4F880209B1A87
:106CB000C4F89430D4F89030E26F9B1AC4F8903046
:106CC000D4F89030A06FD3B9C2690F2A2BD9002114
:106CD000BEE794F89830022BE5D0062B01D0082BA4
:106CE000B4D1D4F89420D4F88010521AC4F8942067
:106CF000D4F89020E16F521AC4F89020C0E73046D3
:106D0000FFF78AFE01460028A2D170BDD4F890306A
:106D1000A06F002BF3D1C2680F2AD8D8A16A4068AF
:106D200012F07CFBD3E7A16AC06812F077FBCEE7D4
:106D300070B506460568FBF7CFF844B254B114F1BC
:106D4000120F33D022463046BDE870404FF0FF317D
:106D5000FFF7EEBED5F89030EA6F9B1AC5F8903079
:106D600095F89830591E012919D9053BA96F012BB7
:106D700094BF8B68CB6848689B1A184405F1DC0106
:106D800012F04CFB22463046BDE870400021FFF770
:106D9000CFBED5F89030EA6F9B1AC5F89030AB6F34
:106DA000D868D5F88C309B1A1844E7E795F89830E6
:106DB000022BEED0062B01D0082BC3D1D5F89010B2
:106DC000EA6F891AC5F89010CFE700BF2DE9F041AE
:106DD0000468054694F89830A66F5A1E012A64D9B3
:106DE000DA1E012A2CD9053B012BD4F8943040F24D
:106DF0009680002B70D11A46C4F88030F368226266
:106E0000002B73D00F2B40F2DD80D6E90012C4E9CD
:106E100009121A0718BF23F00F03D4F8F420E36710
:106E2000002A4CD0D4F89420D4F88810914200F075
:106E3000B6800122D4F89010C91A18BF01211BE0B6
:106E40000021D6E9002313F00F00C4E90911E1671E
:106E500022624ED1D4F89420C4F88030934200F0DE
:106E6000C880D4F8F43053B3D4F89430D4F88820E0
:106E70000121D21A18BF01222046FBF7B7FA206879
:106E800009F052F9002800F0CE802A466849207E99
:106E9000FAF772FF002840F08A80FAF7B5FF002861
:106EA00040F085806069BDE8F081F3690F2B5CD903
:106EB000190707D1D6E90212C4E90912E3670022D3
:106EC0001146D9E723F00F03D6E90221E367626296
:106ED000A16200220121CFE794F8843004F1CB02B3
:106EE000C4F88030F3682262002B8BD1C4E90933E7
:106EF00093E704F1CB0784F884001022384623F08E
:106F00000F03C4F8803012F0C7FA3168D4F880302B
:106F1000384694F88420194412F080FAA1E7002B37
:106F20003BD094F8843004F1CB02C4F88030B368CD
:106F30002262002BDAD00F2B3FF667AF04F1BB07BC
:106F400010220021384612F0A7FA04F1DC08B268DA
:106F50003168384612F062FA10220021404612F0E1
:106F60009BFAB368C4E9097857E704F1BB0710221C
:106F70000021384612F090FA04F1DC08F269B16899
:106F8000384612F04BFA10220021404612F084FAE3
:106F9000F369C4E90978E36791E71A46C5E7D4F8CD
:106FA0009010D4F88C20521A18BF012242E709F041
:106FB000C7F82C68D4F8F40030BBFAF7CFFE4FF0D6
:106FC000FF3070E704F1BB0710220021384612F0B1
:106FD00063FA04F1DC08F2683168384612F01EFAF0
:106FE00010220021404612F057FAF368C4E90978EC
:106FF00013E71022103B04F1CB070146C4F88030A0
:10700000384684F884207EE7FAF7ECFF2A4604200D
:107010000849FAF7B1FE0028CFD1FAF7F5FE0028AB
:10702000CBD16369C9E7FAF799FE6FF001003AE73F
:10703000396C0100A5690100FAF746BB70B5054639
:107040000C460668FAF764FC98B90D4BC6F8EC00DC
:10705000002C08BF1C466368002273672378022B4C
:10706000337614BF0346A3682846336086F8FC20B5
:1070700070BD4FF0FF330020C6F8EC3070BD00BF8C
:1070800014170200704700BF10B594468E461C4688
:1070900082B00121724663460094F7F71DF802B0F2
:1070A00010BD00BF10B594468E461C4682B002212A
:1070B000724663460094F7F70FF802B010BD00BFA8
:1070C0000368586918B9D96283F89A2070475869DB
:1070D000704700BFF8B50468D4F88830A167002B6A
:1070E0003BD0D4F8EC30002B37D16769EFB994F876
:1070F00098300546022B0E4615D0042B18BF0323EB
:1071000084F898307268102A03D8D4F894309A42E0
:107110000ED029462068FAF7F9FD08B32846BDE8E5
:10712000F840FFF753BE0423EAE767693846F8BD25
:10713000316804F1CB0012F071F9002273686261CA
:1071400084F88430237E012BF0D128466169656F75
:1071500094F89830A26FA847E8E74FF0FF37E5E7CB
:107160006FF00107E2E700BF03680A46596979BB7F
:107170005168890731D1916891B310B504468807E9
:107180001DD1D3F8900081421DD893F8981001F0DA
:10719000FB0002281AD0042914BF05200620D3F8CA
:1071A000EC1081B983F89800214618689A67FAF7BD
:1071B000ADFD78B12046BDE81040FFF707BED3F81B
:1071C00090008142DDD04FF0FF3010BD0620E6E791
:1071D000586970476FF0010010BD6FF007007047ED
:1071E0004FF0FF30704700BF70B504680546626914
:1071F0000B46002A41D1D4F8EC20002A42D1D4F821
:107200009060CA68B2423DD1D4F88C20D4F8901076
:10721000914204BFD3E90012C4E9091298682063BF
:107220001A7C84F8992016B9D4F8941081B1D4F856
:10723000EC203ABB072229462068A36784F89820EF
:10724000FAF764FD08B32846BDE87040FFF7BEBDFD
:10725000072304F1440184F8983012F0DFF829463E
:107260002068FAF753FD80B1284632463146C4E91A
:107270001F66FFF75DFC304670BD60690028FBD1DA
:10728000CE68C1E74FF0FF3070BD6FF0010070BDF8
:1072900070B50468064662690B46002A3DD1D4F8F1
:1072A000EC20002A3ED1D4F89050CA68AA4239D1C5
:1072B000D4F88C20D4F89010914204BFD3E9001286
:1072C000C4E909129A6822631A7C84F8992015B9D6
:1072D000D4F8942082B1D4F8EC201ABB08223146AD
:1072E0002068A36784F89820FAF710FDE8B13046CB
:1072F000BDE87040FFF76ABD08233146206884F876
:107300009830FAF703FD80B130462A462946C4E991
:107310001F55FFF70DFC284670BD60690028FBD1A2
:10732000CD68C5E74FF0FF3070BD6FF0010070BD54
:1073300010B50468FAF7D0FDC0B2003818BF0120BC
:107340004042A06210BD00BF10B50468FAF7C4FD4A
:1073500010F0FF0018BF6FF02700A06210BD00BF43
:1073600070B505460468902204F1440600213046B9
:1073700012F092F8E28931461F32D208606B02F0B7
:10738000FC02FAF7F1FD2A4600210420FAF7F4FC8A
:10739000E8B9FAF739FDD0B9FAF79EFD10F0FF050C
:1073A00015D1A268A37F50683BB1E289314607320C
:1073B000D20808F009FF284670BD00F8015BE28999
:1073C00031460732D20812F029F8284670BD4FF036
:1073D000FF35F0E738B50568FAF77EFD10F0FF04D9
:1073E00003D04FF0FF34AC6238BDFAF799FDAC62C0
:1073F000E86238BD38B50568FAF76EFD10F0FF0495
:1074000003D04FF0FF34AC6238BDFAF789FDAC62AF
:10741000286338BD38B50568FAF75EFD10F0FF0443
:1074200003D04FF0FF34AC6238BDFAF779FDAC629F
:10743000686338BD38B50568FAF74EFD10F0FF04F3
:1074400003D04FF0FF34AC6238BDFAF769FDAC628F
:10745000A86338BD10B50468FAF73EFDC0B2003825
:1074600018BF01204042A06210BD00BF10B50468E3
:10747000FAF732FDC0B2003818BF01204042A062C6
:1074800010BD00BFF8B504680546E06A48B900269B
:10749000206B00283CD1606B50BBA06BB8B9304664
:1074A000F8BD94F8D430002B42D0FAF79BFD2A4661
:1074B00004202849FAF760FC002848D1FAF7A4FC18
:1074C000002844D1A66A002EE2D1E662DFE72F68E9
:1074D000FAF788FD2A4604201E49FAF74DFC98BBAE
:1074E000FAF792FC80BBBB6A73BB3046A363F8BD5E
:1074F0002F68FAF777FD2A4604201649FAF73CFC74
:10750000F8B9FAF781FCE0B9BB6AD3B96363C4E7A1
:107510002F68FAF767FD2A4604200E49FAF72CFC7B
:1075200060B9FAF771FC48B9BB6A3BB92363B2E7AB
:1075300023689868F9F778FF0646C4E74FF0FF36EE
:10754000A9E74FF0FF36A8E74FF0FF36A7E74FF067
:10755000FF369DE76D7401002DE9F04383B00446CA
:107560000668FAF7B9FC0546FAF7B8F9002862D0C0
:10757000737F022B02D0042B40F088804FF0FF3045
:1075800008F0D2FD002800F08680EDB2002D3ED13B
:1075900096F81C80B8F1010F5FD127680021FD89A2
:1075A0003B7B1F356D09082B05F101050CBFAD00B4
:1075B000ED0007F144092A46484618BF4FF002087B
:1075C00011F06AFF4946786B05F0FC02FAF7CCFC33
:1075D000224600210420FAF7CFFBC0B9FAF714FCC9
:1075E000A8B9FAF779FCC0B288B9424648467B6828
:1075F000F9895D68BB7F009508F070FE73681A78A2
:10760000042A0CBF022222221A70002501E04FF04A
:10761000FF35266808F094FD2046FFF733FF002869
:1076200018BF05467562FAF799FB737F012B22D0CC
:1076300003B0BDE8F083EDB2002DE8D1327F012A1E
:107640000BD1317BB37F0829716818BF02224868CB
:10765000F189009006F14400CEE72046FFF780FE56
:1076600005460028D5D1B3681A78042A14BF22220F
:1076700002221A70C9E7204674692946A446B269F5
:10768000337F126803B0BDE8F043604708F076FD31
:1076900000287FF47AAF292003B0BDE8F043F9F762
:1076A0005DBD00BFFAF710B88446024B0FCB8CE8E3
:1076B0000F007047C8210200F8B506460D46046861
:1076C000FAF726F9F8B9144BA062002D08BF1D4641
:1076D000F9F722FD94F8D570D7B9012384F8D53095
:1076E000F9F726FD2B7830466377022B4FF0000325
:1076F0006A6808BFAF686261C4E90873E362236324
:107700006363A363F8BD4FF0FF33A3620020F8BDAD
:10771000F9F70EFDFAE700BFC821020010B50468B2
:10772000637F012B03D0002384F8D53010BDFAF716
:10773000A3FB002384F8D53010BD00BF4FF0020C2E
:10774000F8B5D1E90372002304688D68A260C4E92A
:1077500000570A7884F81CC022730A7DC4E90C33F0
:10776000A161A2776362E362A3630646F6F718FF9E
:1077700070B92046FAF738FD32460F49607FFAF7B4
:10778000FBFA78B9FAF740FB60B9656A2846F8BD9C
:10779000054608F0D5FC3046FFF774FEFAF7DEFA2E
:1077A0002846F8BD08F0CCFC3046FFF76BFE4FF0E2
:1077B000FF35FAF7D3FAE9E75975010010B5046807
:1077C000FAF78AFBC0B2003818BF01204042C4F863
:1077D000A80010BD38B50568FAF77EFB10F0FF046D
:1077E00004D04FF0FF34C5F8A84038BDFAF798FB35
:1077F000C5F8A840686038BD38B50568FAF76CFB75
:1078000010F0FF0404D04FF0FF34C5F8A84038BD95
:10781000FAF786FBC5F8A840A86038BD38B50568FA
:10782000FAF75AFB10F0FF0404D04FF0FF34C5F80C
:10783000A84038BDFAF774FBC5F8A840E86038BD29
:107840002DE9F04F04680546236894F8BA201978AA
:10785000012A01F0DF0014BF4FF400664FF4806688
:107860000228CFB073D0282940F004814FF00627BA
:10787000D3F8049008F064FC2346902253F8040BDC
:1078800006A9CDE90076F9F739FD0646D4F8B0002F
:1078900008F04AFC0746002800F0E480002E52D190
:1078A00063680DF1180813B1374684F8CC6094F87A
:1078B000BA20012A51D1B4F8B6300733B9EBD30F4F
:1078C0005FD123681B78282B00F0A8802E68B6F8BB
:1078D000B63096F8BA101F335B09013302294FEA1C
:1078E000830251D04FF0000C0129E3466146E14686
:1078F000E24650D1654BDFF8ACE1059303F17043EC
:10790000039303F160430493B6F8B8306048B3F5CD
:10791000C07F50D052D8E02B56D0B3F5807F56D1DF
:10792000FAF730FB2A4604205A49FAF725FA0028CC
:1079300040F09D80FAF768FA002840F09880D6F869
:10794000A860002E46D030464FB0BDE8F08F012A27
:107950004FF00007D3E90189ADD0022AB1D1B4F8C4
:10796000B6300733DB085B0001334B4509D1236890
:107970001B78282B70D0002FA8D198F80030042B4A
:10798000A4D06FF00906DEE74FF0000CE346614635
:10799000E146E246DA00404BDFF80CE1059303F1E3
:1079A0007043039303F160430493B6F8B8303B4847
:1079B000B3F5C07FAED159460598B1E7B3F5007F66
:1079C00005D170466146ABE749460398A8E75146A2
:1079D0000498A5E701222E68B6F8B63084F8CC20CA
:1079E0001F335B09134496F8BA20012A0CBF9C0090
:1079F000DC00CFB1214640467268FAF7D7FA2A4632
:107A000004202749FAF7B8F988BBFAF7FDF970BBEB
:107A1000D6F8A86030464FB0BDE8F08F6368002B01
:107A20003FF454AF00268EE7394622462AA811F0CB
:107A300033FD96F8BA30012B1FD096F8B520B6F872
:107A4000B61008F101002AAB08F058FD2146726813
:107A50002AA8FAF7ABFAD2E76368002BE2D1002F2D
:107A60008BD033E7FAF77AF96FF001066BE74FF046
:107A7000FF3668E76FF0200665E7404696F8B520C8
:107A8000B6F8B6102AAB08F0BDFDDFE7014830308C
:107A900001483028D57701000140303001403028BE
:107AA000BD77010001483038014030382DE9F047FA
:107AB000046882B0D4F8A830013300F013810022AA
:107AC000054694F8B40084F8B520431E062B00F256
:107AD0001181DFE803F07F51046051046F004FF41F
:107AE000C071B4F8B830A4F8B610002B08BF0B462C
:107AF0000328A4F8B8304CD00123022084F8B53014
:107B000004F1100304F1C40217F016FB002800F082
:107B1000E6802946D4F8B000FAF7F8F8002800F01B
:107B2000D280D4F8B00008F0FFFA002800F0CB8033
:107B30002846FFF785FE0446B0B92C6800216F483F
:107B40002269FAF71FFA2A4604206D49FAF714F958
:107B5000002840F0C180FAF757F9002840F0BC80B7
:107B6000D4F8A840002C40D0F9F7B8FE08F0E8FAA5
:107B7000204602B0BDE8F0874FF48071B4F8B83009
:107B8000A4F8B610002B08BF0B460228A4F8B830A2
:107B9000B2D10120B4E7B4F8B83040F20922002B8A
:107BA00008BF4FF4007301201146A4F8B620A4F8D2
:107BB000B830A5E74FF40071B4F8B8300122002BBB
:107BC00008BF0B460220A4F8B610A4F8B83084F819
:107BD000B52095E7E021B4F8B830A4F8B610002B32
:107BE00008BF0B46A4F8B8308AE72C682169D4F89E
:107BF000C400A268FAF7DAF92A4604204149FAF7E4
:107C0000BBF8002868D1FAF7FFF8002864D1D4F84F
:107C1000A840002CA8D1F9F761FE20B9F9F75EFE63
:107C20000028A5D0A2E72E6840F20140B6F8B620A1
:107C300000211F3252090132D200FAF7A3F92A4675
:107C400004203149FAF798F800283FD1FAF7DCF818
:107C5000E0BBD6F8A870DFBB96F8BA30022BDDD1B6
:107C6000D5F800809022B8F8B66008F1140A1F36E3
:107C7000D8F8BC90760939465046013611F00CFC14
:107C8000D9E90401B8F8B6303A46F600CDF800A0BC
:107C900008F094FB31465046D8F80C20FAF786F9E4
:107CA0002A4604201749FAF767F8F0B9FAF7ACF852
:107CB000D8B9D8F8A850F9F711FE10B9002D3FF443
:107CC00057AF2C4652E76FF0010451E74FF0FF37F2
:107CD000F9F704FE3C4649E74FF0FF3444E74FF024
:107CE000FF3445E76FF0210442E7F9F7F7FD4FF065
:107CF000FF343BE76FF01F043AE700BF01440F0079
:107D0000F9770100BD7701001D78010010B5046806
:107D1000FAF7E2F8C0B2003818BF01204042C4F8B8
:107D2000A80010BDF8B505680446686830B900269B
:107D3000A86860BBE868B8B93046F8BD95F8CC30A3
:107D4000002B37D0FAF74EF9224604201E49FAF7E5
:107D500013F8002834D1FAF757F888BBD5F8A86093
:107D6000002EE5D16E60E2E72568FAF73BF922467E
:107D700004201549FAF700F830B9FAF745F818B9B0
:107D8000D5F8A830002BD7D04FF0FF36D4E72768BE
:107D9000FAF728F9224604200B49F9F7EDFF30B92C
:107DA000FAF732F818B9D7F8A830002BC2D04FF044
:107DB000FF36BFE72B689868F9F736FB0646CFE732
:107DC0004FF0FF36B4E700BF0D7D01002DE9F04311
:107DD0000668044696F8BA3083B0012B30D0FAF723
:107DE0007BF82768064608F0ABF92046FFF79AFFB4
:107DF000054650B1C7F8A450F9F7B0FF97F8AC307A
:107E0000012B0FD003B0BDE8F083F0B2003818BFEB
:107E100001204542C7F8A450F9F7A0FF97F8AC300D
:107E2000012BEFD129462046D7F8BC20D7F8C04017
:107E300097F8BA30A446126803B0BDE8F043604733
:107E4000FAF74AF80546F9F749FDF0B915F0FF05CC
:107E500030D04FF0FF35266808F072F92046FFF762
:107E600061FF002818BF0546C6F8A450F9F776FF51
:107E700096F8AC30012BC5D120462946D6F8BC2057
:107E8000D6F8C04096F8BA30D4E796F8AC30022B5A
:107E90000BD0042B09D008F071F9C0B115F0FF0523
:107EA00026681AD04FF0FF35D6E74FF0FF3008F0C4
:107EB0003BF9F2E7D6F8BC20B6F8B610D2E90532A5
:107EC00006F1140000922A4608F046FAC3E729207A
:107ED00003B0BDE8F043F9F741B9B6F8B67006F162
:107EE00014081F377F090137FF003A4629464046EC
:107EF000D6F8BC9011F0D0FA4146F06807F0F802CD
:107F0000FAF732F8224629460420F9F735FF90B9EE
:107F1000F9F77AFF78B9F9F7DFFF10F0FF050AD11A
:107F2000D9E90532B6F8B610404600922A4608F064
:107F300013FA266890E72668B4E700BFF9F7C4BBD8
:107F40000022036883F8CD20704700BFF8B50646CD
:107F50000C460768F9F7DCFC20BB154BC7F8A800F6
:107F6000002C08BF1C46F9F7D7F897F8CD50ADB9EB
:107F7000012387F8CD30F9F7DBF82378304687F80E
:107F8000AC30022B4FF0000308BFA5686268C7F849
:107F9000B050C7F8C0207B60BB60F8BDF9F7C8F8E7
:107FA0000020F8BD4FF0FF33C7F8A830F8E700BF56
:107FB000D821020070B501260022CB68046805466E
:107FC00023600B7884F8BA6084F8B4304B68C4F846
:107FD000BC100969DB00C4F8C81023F4807162602A
:107FE000A260C4F8A42039B1E02B05D0B3F5C07F5E
:107FF00002D0B3F5007F27D12846A4F8B830FFF7A8
:1080000055FD064680B92046FAF766F82A4610491B
:1080100094F8AC00F9F7B0FE78B9F9F7F5FE60B95D
:10802000D4F8A460304670BD08F08AF82846FFF7FF
:1080300079FEF9F793FE304670BD08F081F82846C6
:10804000FFF770FEF9F78AFE4FF0FF36EAE700BF50
:10805000CD7D01002DE9F041022700228B680468E4
:108060000D4623600B7884F8BA7084F8B4304B68FE
:10807000C4F8BC10DB00C9686260A260C4F8A42028
:1080800023F48072064682B0C4F8C8103AB1E02BDF
:1080900005D0B3F5C07F02D0B3F5007F40D13046A4
:1080A000A4F8B830FFF702FD074638BBF9F716FC15
:1080B000074690B12046FAF70FF832461A4994F86D
:1080C000AC00F9F759FE20BBF9F79EFE08BBD4F8C7
:1080D000A470384602B0BDE8F08104F114080146EE
:1080E0009022404611F0D8F9B4F8B630CDF80080AF
:1080F0003A46D5E9040108F061F9DBE708F020F819
:108100003046FFF70FFEF9F729FE384602B0BDE80A
:10811000F08108F015F83046FFF704FEF9F71EFE6F
:108120004FF0FF37D5E700BFCD7D010010B50468E3
:10813000F9F7D2FEC0B2003818BF01204042606299
:1081400010BD00BF38B50568F9F7C6FE10F0FF0492
:1081500003D04FF0FF346C6238BDF9F7E1FE6C627A
:10816000A86238BD38B50568F9F7B6FE10F0FF040F
:1081700003D04FF0FF346C6238BDF9F7D1FE6C626A
:10818000E86238BD38B50568F9F7A6FE10F0FF04BF
:1081900003D04FF0FF346C6238BDF9F7C1FE6C625A
:1081A000686338BD38B50568F9F796FE10F0FF042E
:1081B00003D04FF0FF346C6238BDF9F7B1FE6C624A
:1081C000286338BD10B50468F9F786FEC0B20038E0
:1081D00018BF01204042606210BD00BF10B50468A6
:1081E000F9F77AFEC0B2003818BF01204042606241
:1081F00010BD00BF10B50468F9F76EFEC0B20038BC
:1082000018BF01204042606210BD00BFF8B504688D
:108210000546A06A28BB0026E06A90B1A37AD3B1D4
:108220002E68F9F7DFFE2A4604203B49F9F7A4FD42
:1082300000286BD1F9F7E8FD002867D1766A06B906
:10824000E662606B002842D1206B00282FD1A06B22
:10825000E0B93046F8BD63689868F9F7E5F8064676
:10826000EDE7637A002B42D0F9F7BCFE2A460420E2
:108270002949F9F781FD00284BD1F9F7C5FD002800
:1082800047D1666A002EC7D1A662C4E72F68F9F706
:10829000A9FE2A4604202049F9F76EFD98BBF9F79C
:1082A000B3FD80BB7B6A73BB3046A363F8BD2F6808
:1082B000F9F798FE2A4604201749F9F75DFDF8B949
:1082C000F9F7A2FDE0B97B6AD3B92363BFE72F6852
:1082D000F9F788FE2A4604200F49F9F74DFD60B9E9
:1082E000F9F792FD48B97B6A3BB96363ACE7236851
:1082F0009868F9F799F80646C4E74FF0FF36A3E708
:108300004FF0FF36A3E74FF0FF36A2E74FF0FF36FE
:1083100097E74FF0FF367FE7C581010070B582B067
:1083200005460468F9F7D8FD40B238B9237DA0634B
:10833000012B1FD0022B2FD0002601E04FF0FF367B
:108340002846FFF763FF002818BF4FF0FF36E660AE
:10835000F9F704FD237F012B01D002B070BD284640
:10836000A5693146AC462269237D126802B0BDE89A
:10837000704060472669FF21B26804F150005268DE
:1083800000921A4607F0AAFFB3681A78042A14BFAD
:10839000222202221A70CFE72269FF21D2E9053298
:1083A00004F150000092012207F0D6FFC4E700BF9D
:1083B00070B50E4605460468E36C626BA3F58073E6
:1083C000B3F5001F2CBF0E4923F07F01606CA16440
:1083D000F9F78EFF2A463146207FF9F7CDFC20B908
:1083E000F9F712FD08B9E06870BD013004D12846E4
:1083F000FFF70CFFF9F7B2FC6FF0020070BD00BF91
:1084000080FD1F0038B5046805462269E16CD2E999
:10841000033211B1501A0A4603442046C4E911320E
:10842000F5F7CAF82A460A49207FF9F7A5FC20B9D2
:10843000F9F7EAFC08B9E06838BD013004D12846F4
:10844000FFF7E4FEF9F78AFC4FF0FF3038BD00BFBC
:108450000985010070B5056804462E69F9F73CFDF1
:1084600040B260B10D3014BF4FF0FF366FF0070619
:108470002046FFF7CBFEF9F771FCEE6070BDF9F70F
:108480004FFDF368AA6C316913446B64EB6CB1F572
:10849000835FA3EB0203A863EB64204607D307497D
:1084A000FFF786FF0646002EE2D1EE6070BDFFF7B3
:1084B000A9FF0646002EF8D0DAE700BFC18401000C
:1084C00070B504460568F9F707FD40B2B8B9D5E9BB
:1084D00012239B1AB3F5805F2046EB640BD3094946
:1084E000FFF766FF064626B12046FFF78FFEF9F735
:1084F00035FCEE6070BDFFF785FF0646F3E76FF0D1
:108500000206F1E7C184010070B5046805462669DA
:10851000F9F7E2FC40B200283AD1D6E90323402B18
:108520006264A364E3641FD82E683169F26C0B693E
:108530009A4204D0C9689B1A0B44C6E911323046EE
:10854000F5F76EF82A461449307FF9F715FCC0B9E3
:10855000F9F75AFCA8B9F66826B12846FFF756FE87
:10856000F9F7FCFBE66070BD403B4032B3F5805F3D
:108570006264E364D8D328460849FFF719FF06462A
:10858000EAE7013004D12846FFF740FEF9F7E6FBA1
:108590004FF0FF36E1E700BF1D830100A586010013
:1085A00038B5046805462269E16CD2E9023211B19E
:1085B000501A0A4603442046C4E91132F9F7E8FE8E
:1085C0002A460A49207FF9F7D7FB20B9F9F71CFCA6
:1085D00008B9E06838BD013004D12846FFF716FE1F
:1085E000F9F7BCFB4FF0FF3038BD00BF1D83010021
:1085F00070B5056804462E69F9F76EFC40B260B1AB
:108600000D3014BF4FF0FF366FF007062046FFF71E
:10861000FDFDF9F7A3FBEE6070BDF9F781FCB368CF
:10862000AA6CF16813446B64EB6CB1F5825FA3EB49
:108630000203A863EB64204607D30749FFF7B8FE9F
:108640000646002EE2D1EE6070BDFFF7A9FF064698
:10865000002EF8D0DAE700BF5D86010070B5044651
:108660000568F9F739FC40B2B8B9D5E912239B1A6D
:10867000B3F5805F2046EB640BD30949FFF798FE02
:10868000064626B12046FFF7C1FDF9F767FBEE600D
:1086900070BDFFF785FF0646F3E76FF00206F1E7CE
:1086A0005D86010070B504460568F9F715FC40B217
:1086B00060BBD5E912239B1AB3F5805FEB641FD230
:1086C00026683169F26C0B699A4204D0C9689B1A1A
:1086D0000B44C6E911323046F4F7A2FF2246124994
:1086E000307FF9F749FBA0B9F9F78EFB88B9F66836
:1086F00026B12046FFF78AFDF9F730FBEE6070BD2A
:1087000020460A49FFF754FE0646F1E76FF00206DD
:10871000EFE7013004D12046FFF778FDF9F71EFBA3
:108720004FF0FF36E5E700BF1D830100A58601007D
:1087300008B5F8F7C9FF0122014B1A7008BD00BF48
:108740006D6D0020002203681A72704770B50646EE
:108750000C460568F9F7DCF828BB154B6862002C5D
:1087600008BF1C46F8F7D8FC124B1A780346AAB18A
:108770002A7A9AB901232B72F8F7DAFC237830466B
:108780002B77012B08BF6368A26808BFAB61002389
:108790002A62AB62EB622B636B6370BD1846F8F71D
:1087A000C7FC002070BD4FF0FF336B62F9E700BFDC
:1087B000E82102006D6D0020F8B5D1E901750023B4
:1087C000012204680646C4E90075C4E90A33C4E915
:1087D0000C3322752161F6F7BBFA054608B128462D
:1087E000F8BD2046F9F72EFD32460949207FF9F7FA
:1087F000C3FA38B10130F2D13046FFF707FDF9F77F
:10880000ADFAECE7F9F700FB0028F3D1E568E6E7FD
:108810001D8301004FF0020C0022036870B5D1E9FE
:10882000016583F814C019610969C3E90065C3E9EA
:108830000A22C3E90C2239B30446F6F789FA00B1DB
:1088400070BD25682A692846D2E90313602B1A46B1
:1088500028BF60226964AA64EB64F9F71DFD224613
:108860000B49287FF9F788FA20B9F9F7CDFA08B94A
:10887000E86870BD013004D12046FFF7C7FCF9F766
:108880006DFA4FF0FF3070BD6FF0210070BD00BF7A
:1088900055840100F0B50326002403684A681E755C
:1088A0005A60CA6883B01C6019619C62DC621C63F8
:1088B0005C63002A36D00546F6F74AFA08B103B0E1
:1088C000F0BD2C680146266904F15007B3684822C0
:1088D0006364F3683846402BE36428BF4023A364F5
:1088E00010F0DAFDD6E904010122FF23009707F01A
:1088F00065FD2046F9F71CFD2A460C49207FF9F753
:108900003BFA28B9F9F780FA10B9E06803B0F0BD76
:10891000013004D12846FFF779FCF9F71FFA4FF030
:10892000FF30CCE76FF02100C9E700BFF1850100FF
:1089300070B504460568F9F7CFFA10F0FF0008D0CB
:108940004FF0FF3195F8E030C5F8D810012B03D077
:1089500070BDC5F8D80070BD2046D5F8DC30BDE844
:108960007040184710B50468F9F7B6FA003818BF18
:1089700001204042C4F8D80010BD00BF38B50468DB
:10898000054694F8E130032B09D8DFE803F0025DD7
:10899000564F0222202384F8F620C4F8F030B4F8B1
:1089A000F430D4F8D02004F14C00C4E93901C4F803
:1089B000EC3022B1002B55D00120134400E01046CA
:1089C00084F8F7002946D4F8CC00C4F8D430F9F77D
:1089D0009DF900284BD02046F9F720FB94F8E130B0
:1089E00003B3022B04BF3023C4F8F030D4F8CC001A
:1089F00007F09AFBC8B3F8F78FFB03462A461D49D8
:108A000094F8E0001D46F9F7B7F920BB012328468A
:108A100084F8F930F8F78CFBF9F7F6F9F0B9D4F8E7
:108A2000D80038BD1C23C4F8F030DFE7052240230E
:108A300084F8F620C4F8F030B1E70422402384F82B
:108A4000F620C4F8F030AAE70322202384F8F620A9
:108A5000C4F8F030A3E72846F8F76AFB07F070FB8C
:108A6000F9F77CF94FF0FF3038BDF9F777F96FF07F
:108A7000010038BDAD8C010070B506460568F9F7F8
:108A80002BFA10F0FF0415D04FF0FF3407F058FB1D
:108A90000023C5F8D84085F8F930F9F75FF995F863
:108AA000E030012B00D070BD3046D5E93613BDE86B
:108AB00070401847D5F8F010D5F8E800F9F736FA05
:108AC000E4E700BF38B50568F9F706FA20B14FF0C2
:108AD000FF34C5F8D84038BD0446F9F721FAC5F887
:108AE000D840A86038BD00BF38B50568F9F7F4F97B
:108AF00020B14FF0FF34C5F8D84038BD0446F9F72F
:108B00000FFAC5F8D840686038BD00BF2DE9F041C4
:108B10000568A2B095F8E130032B21D806462868F5
:108B20000278222A18D0282A1AD14FF4806403F13F
:108B30006073083300930194802202A905F10803B1
:108B4000F8F7DCFB044618B9AA687AB185F8FA0090
:108B5000204622B0BDE8F081AA684768002A4BD0C1
:108B60004FF0FF34204622B0BDE8F0813468206821
:108B700094F8E1300178222945D0282908BF4268BD
:108B8000032B02AF3AD900212448F9F7FBF932460A
:108B900004202349F9F7F0F80028E1D1F9F734F976
:108BA0000028DDD1D4F8D840002CD1D1D5F8CC00A4
:108BB00007F0BAFA70B30123D6F80080D8F8002085
:108BC00085F8FA301378222B1FD0282B14BF2146AA
:108BD00051683846D8F80820F9F7E8F932460420F9
:108BE0001049F9F7C9F890B9F9F70EF978B9D8F83A
:108BF000D84007F0A5FAABE72C4682680A489B05E7
:108C000000211844C1E78268BAE79168E1E74FF0B4
:108C1000FF34EEE76FF001049AE700BF012811006E
:108C2000C58A0100658901000128110170B5056838
:108C30000446A86818B900206B68A3B970BD95F800
:108C4000FA301BB3F9F7CEF9224604201649F9F79A
:108C500093F830BBF9F7D8F818BBD5F8D80000283E
:108C6000EAD1A860E7E718462668F9F7BBF922467B
:108C700004200D49F9F780F880B9F9F7C5F868B90B
:108C8000D6F8D8000028D9D1686070BD2B689868E4
:108C9000F8F7CAFB0028CFD1A860CCE74FF0FF302F
:108CA00070BD4FF0FF30C7E73189010070B5054650
:108CB0000468F9F711F910F0FF0329D04FF0FF33E2
:108CC000C4F8D83007F03CFA002316481649226849
:108CD000C4F8D030A4F8F43003600B601AB1284611
:108CE000FFF7A4FF48B9F9F739F8002294F8E0300B
:108CF00084F8F920012B05D070BD4FF0FF33C4F884
:108D0000D830F0E72846D4E93613BDE8704018475C
:108D1000D4F8F010D4F8E800C4F8D830F9F706F920
:108D2000D0E700BF446200204062002070B50546D5
:108D30000668F9F7D1F810F0FF0419D04FF0FF34AE
:108D400007F0FEF92846FFF771FF002818BF4FF023
:108D5000FF34C6F8D840F9F701F896F8E030012B57
:108D600000D070BD2846D6E93613BDE870401847DC
:108D7000D6F8F010D6F8E800F9F7D8F8E0E700BF29
:108D80002DE9F0470468834E94F8E1300546F75C1E
:108D9000F9F7A2F810F0FF006BD194F8E110C4F8D5
:108DA000D80001293BD9023901298CBF00210121BA
:108DB000890104F10C00F9F7B9F8774BDFF8E48189
:108DC0001A68D4F8D0301344C4F8D030D8F8003042
:108DD000BB4213D807F0B4F9D8F80020002A40F0BD
:108DE0008A800026C4F8D860F8F7B8FF94F8E0301D
:108DF00084F8F960012B77D0BDE8F0872F6897F8E9
:108E0000E110705CB3FBF0F200FB02F2934208BF8A
:108E1000121A03290BD8DFE801F00452605920210F
:108E2000C7E7022387F8F6302023C7F8F030032382
:108E3000DFF86C91C7F8EC20D9F800203846C7F865
:108E4000E42087F8F730F9F7E9F82A46534997F80C
:108E5000E000F8F791FF0646002877D1F8F7D4FF35
:108E6000002840F08F80D7F8D830C4F8D830BDE85B
:108E7000F0874FF0FF33C4F8D83007F061F92F685E
:108E800097F8F930002B41D1DFF81491DFF8148105
:108E90000026A7F8F460C7F8D060C9F80060C8F8E9
:108EA0000060F8F75BFF94F8E03084F8F960012B7C
:108EB000A2D1D4E936132846BDE8F047184703236A
:108EC00087F8F6302023C7F8F030B0E7052387F89D
:108ED000F6304023C7F8F030A9E7042387F8F630CE
:108EE0004023C7F8F030A2E731462846D4F8DC30FA
:108EF000BDE8F04718472A4B04F14C00196810F000
:108F00008DFAD8F80030A4F8F4306AE70023DFF8CF
:108F10009090DFF8908097F8F920A7F8F430C7F820
:108F2000D030C9F80030C8F80030002AB0D087F837
:108F3000F930F8F7A1FF97F8E030012BA8D16FF0D6
:108F400002012846D7F8DC309847A1E70026A7F8A9
:108F5000F460C7F8D060C9F80060C8F8006007F096
:108F6000EFF8F8F7FBFE97F8E03087F8F960012B8F
:108F700005D14FF0FF312846D7F8DC3098474FF045
:108F8000FF3372E707F0DCF887F8F960F8F7E6FEE0
:108F9000F5E700BF841502003C620020A98F0100A4
:108FA00044620020406200202DE9F0410468454AF7
:108FB00094F8E130444F82B006463D6812F80380D1
:108FC000F8F78AFFC0B2F0B107F0BAF84FF0FF32FD
:108FD000356895F8F930C4F8D820002B54D13B4AB5
:108FE00000231360A5F8F430C5F8D0303B60F8F7E3
:108FF000B5FE002294F8E03084F8F920012B3CD033
:1090000002B0BDE8F0813B68B5FBF8F5B3FBF8F2C0
:1090100008FB123308FB05F50BB9A5EB080594F81E
:10902000E110012922D8202104F10C00F8F77EFF7D
:10903000D4F8D0303A682B44AA42C4F8D0300ED0CD
:10904000224B521B196804F14C00294410F0E6F938
:10905000B4F8F4203B6813445B1BA4F8F4300025FB
:109060003D6007F06DF8C4F8D850C0E70239012917
:109070008CBF002101218901D6E73046D4E936139F
:1090800002B0BDE8F04118470023104A95F8F910E6
:10909000A5F8F430C5F8D03013603B6000299FD0AC
:1090A00085F8F9300192F8F7E7FE95F8E030019A7B
:1090B000012B95D16FF002013046D5F8DC3098478E
:1090C000019A8DE78415020040620020446200206E
:1090D00008B5F8F7F9FA0122014B1A7008BD00BF74
:1090E0006E6D002070B5046806460D46F8F714F85A
:1090F00094F8F820034642BB1649097829B30123A6
:1091000084F8F92084F8F830F8F712F8124B002DA3
:1091100008BF1D46F8F7FCFBD0B9A4F8F400C4F86A
:10912000D0006B78022B84F8E03018BF03466A68E1
:10913000C4F8DC202A786060A06084F8E12008BFD1
:10914000AB683046C4F8CC3070BD1846F7F7F0FF76
:10915000002070BD6E6D0020F821020038B5056852
:10916000044695F8F9307BB92146D5F8CC00F8F7DC
:10917000CDFD00B938BD2046FFF758FDF8F7EEFDEC
:10918000002385F8F83038BD00230D480D4995F8C7
:10919000F920A5F8F430C5F8D03003600B60002A40
:1091A000E2D085F8F930F8F767FE95F8E030012B4A
:1091B000DAD16FF002012046D5F8DC309847D3E7CA
:1091C00044620020406200202DE9F04F0468DFF87F
:1091D00038C294F8E13006460F4683B00146D4F811
:1091E000CC0015461CF80380F8F790FD002800F02D
:1091F000FA8085B3B4F8F400C24605EB0009C8450F
:1092000000F0B88019D2B9FBF8FB08FB0BFBBBF5EB
:10921000001F80F0EB8090BBD94508BFABEB080B7B
:10922000B5EB0B0540F08B80DA4694F8E130032B68
:1092300040D8DFE803F0397D6F764C302A46394656
:10924000204410F0EBF80022B4F8F4301D446A4BCF
:10925000A4F8F4501A600025C4F8D85006F070FF46
:10926000F8F77CFD94F8E030012B04D12946304614
:10927000D4F8DC309847002003B0BDE8F08FA8EBAD
:1092800000054C302A463946204410F0C7F8002229
:109290003D44A4F8F420584F584AA9EB08033B601A
:1092A000156004F14C07C0E70223202284F8F63051
:1092B000C4F8F020D4F8D0302046002B0CBF022395
:1092C0000323C4F8E47084F8F730C4F8ECA0F8F78E
:1092D000A5FE4B4BD4F8CC00C3F800A006F024FF49
:1092E00000287ED0F7F718FF32460746454994F824
:1092F000E000F8F741FD054658BB0123384684F8E5
:10930000F930F7F715FFF8F77FFD002841D1D4F8C1
:10931000D800B1E70423402284F8F630C4F8F020E6
:10932000C8E70523402284F8F630C4F8F020C1E7EE
:109330000323202284F8F630C4F8F020BAE72A4646
:1093400007EB0B0104F14C0010F068F8A4F8F4509E
:109350006AE73846F7F7ECFE356895F8F9300BBB4D
:10936000254F264A00231360A5F8F430C5F8D03005
:109370003B6070E74C3039462A46204410F04EF8E6
:109380000021B4F8F4301C4A2B44A4F8F4301160E6
:1093900061E784F8F95006F0D3FEF8F7DFFC4FF0F0
:1093A000FF3069E70023154A134F95F8F910A5F827
:1093B000F430C5F8D03013603B600029D2D085F876
:1093C000F9300192F8F758FD95F8E030019A012B39
:1093D000C8D16FF002013046D5F8DC309847019AC9
:1093E000C0E7F8F7BBFC6FF0010045E7F8F7B6FC03
:1093F0006FF0050040E700BF40620020446200209B
:109400003C620020818D010084150200FFF7B6BA8E
:10941000B2F5001F2DE9F04104686BD2054688467D
:109420000146D4F8CC0016461F46F8F76FFC00281A
:1094300065D094F8E120032A09D8DFE802F0434A16
:10944000023C042384F8F6303023C4F8F0300023C3
:109450002C4A2D492046C4E93A76C4F8E480C4F881
:10946000D460A4F8F430C4F8D03084F8F730236026
:10947000C4F8D8300B601360F8F7D0FDD4F8CC00F6
:1094800006F052FEC8B3F7F747FE03462A461F49C7
:1094900094F8E0001D46F8F76FFC08BB012328464E
:1094A00084F8F930F7F744FEF8F7AEFCD8B9D4F8F1
:1094B000D800BDE8F081052384F8F6304023C4F8D5
:1094C000F030C4E7022384F8F6301C23C4F8F030EF
:1094D000BDE7032384F8F6302023C4F8F030B6E764
:1094E0002846F7F725FE06F02BFEF8F737FC4FF07D
:1094F000FF30DEE76FF00500DBE7F8F72FFC6FF0D9
:109500000100D6E74462002040620020798A010011
:10951000F8B5046894F8F9304BB9134F134E002393
:10952000A4F8F430C4F8D0303B603360F8BD0023B9
:109530000D4F0E4E94F8F920A4F8F430C4F8D03052
:109540003B603360002AEAD084F8F9300546F8F72A
:1095500093FC94F8E030012BE1D128466FF0020132
:10956000D4F8DC309847DAE74462002040620020FB
:10957000036893F8F9202AB9D3F8D00010B983F81A
:10958000E11070474FF0FF30704700BFF8B5046836
:10959000054694F8E130032B09D8DFE803F00250C8
:1095A00049420222202384F8F620C4F8F030002338
:1095B00002222160636084F8F720A360C4F8D830E9
:1095C0000B78222B01D0282B4ED12946D4F8CC0081
:1095D000F8F79CFB00284DD02846FFF797FA06467F
:1095E000C0B92F6897F8E130032B2FD8002123480A
:1095F0009B051844D7F8F020F8F7C4FC2A4604204D
:109600001F49F8F7B9FB90BBF8F7FEFB78BBD7F81A
:10961000D860F6B12846FFF709FBF8F79FFB304604
:10962000F8BD0522402384F8F620C4F8F030BEE7E8
:109630000422402384F8F620C4F8F030B7E7032270
:10964000202384F8F620C4F8F030B0E701460D4836
:10965000D0E7F8F783FB94F8E030012BDFD1D4E9B1
:10966000361328469847DAE74FF0FF36D7E74FF032
:10967000FF36CFE76FF00106D1E700BF02281101E6
:10968000E98A010002281100FFF778B938B50468AB
:10969000054694F8E100032809D8DFE800F05C559E
:1096A000024E042084F8F6003020C4F8F000C4F81C
:1096B000E420049AC4F8D430C4E93A2300232F4AA2
:1096C0002160A4F8F430C4F8D03084F8F730636037
:1096D000A360C4F8D83013600A782948222A0360AE
:1096E00001D0282A42D12946D4F8CC00F8F70EFB45
:1096F000002840D02846FFF709FA0446B0B92C6884
:109700002046F8F78BFCD4F8CC0006F00DFD80B3B2
:109710002A461C4994F8E000F8F72EFB10BBF8F736
:1097200073FBF8B9D4F8D840204638BD2846FFF777
:109730007DFAF8F713FB204638BD052084F8F600C3
:109740004020C4F8F000B2E7032084F8F60020209F
:10975000C4F8F000ABE7022084F8F6001C20C4F83F
:10976000F000A4E706F0ECFCF8F7F8FA4FF0FF344D
:10977000DAE7F8F7F3FA6FF00104D5E7406200206A
:10978000446200202D8D01002DE9F0478646002B14
:1097900037D0002A74D05D485D4B013A05681E68D9
:1097A00000204FF6FF730EEB020423E0B14273D0AA
:1097B000AE4569D0B64566D011F802C02778A7EB50
:1097C0000C071FFA87F85FFA87FC4CEA182C4CEA62
:1097D0001C1C4CEA9C0C4CEA5C0C1F400CF0010C6D
:1097E00007430CF1FF3C38B203EA0C03013C002AAA
:1097F00047D0013AA942D9D12778B8463FB2C446EA
:10980000E3E7002A3CD01846404B76461F68404BA1
:109810004FF6FF750446D3F800C002F1FF3826E08A
:10982000614543D0BE454AD0E64551D00B5D96F820
:109830000090A9EB03091FFA89FA5FFA89F343EA5A
:109840001A2343EA131343EA930343EA530309EA4F
:10985000050903F00103013440EA0909013BA24272
:109860000FFA89F005EA030506F1010609D0B942AD
:10987000D6D196F80090CA460FFA89F95346DEE72A
:109880001046BDE8F087BAB31EF802707F421FFA97
:1098900087F85FFA87FC98E7002AADD19EF8007040
:1098A000013F1FFA87F85FFA87FC8EE7444596F878
:1098B00000901AD0CA460FFA89F95346BFE71EF83E
:1098C0000490C9F100091FFA89FA5FFA89F3B6E733
:1098D0001EF8049044450CBFC9F10109C9F1000903
:1098E0001FFA89FA5FFA89F3A9E709F1FF391FFA2C
:1098F00089FA5FFA89F3A2E79EF80070C7F10107C1
:109900001FFA87F85FFA87FC5FE700BF042D00208D
:10991000002D0020002384B0019000918DF80F30BD
:1099200072B101980099C05C11F803C09DF80F1046
:1099300080EA0C00013301439A428DF80F10F0D1F8
:109940009DF80F00B0FA80F0400904B0704700BFE6
:1099500000B583B0019071B16BB1481EA1EB030E4D
:1099600001E0E64507D0019B8446591C013801916E
:109970001A70431CF5D103B05DF804FB2DE9F043E8
:109980005FEA920902F0030819D00244A1F1040C25
:10999000A2EB8907002312F8016C12F8025C12F89E
:1099A000034C66F3070312F804ED65F30F2364F329
:1099B00017436EF31F63BA424CF8043FEAD1B8F183
:1099C000010F4FF000031CD0B8F1020F0FD0B8F117
:1099D000030F14D18278447862F30703027864F3AA
:1099E0000F2362F3174341F82930BDE8F083447830
:1099F000027864F3070362F30F2341F82930BDE8CE
:109A0000F083027862F3070341F82930BDE8F08360
:109A100010B541EA020E1EF0030F0AD042B1034610
:109A20001144821813F8010B934201F8010DF9D18A
:109A300010BDBDE81040FFF7A1BF00BF2DE9F04108
:109A4000069C0731064690461D46CF08002C38D0AC
:109A500020F0010302331DD0B44234D021464346E6
:109A60003A463046FFF790FE0446C4F3C03475B161
:109A700026F00103023317D0AE4208D043463A46DF
:109A800029463046FFF780FE0028B8BF0024204654
:109A9000BDE8F08124F001030233DDD10E4B1B68D9
:109AA0009C4214D08DB1002425F001030233E3D190
:109AB000094B1B689D42EAD1701B18BF4FF0FF3065
:109AC000E2E70124D3E70024D1E72C46DFE7041BBB
:109AD00018BF4FF0FF34C8E7002D002008B54FF441
:109AE0009C52002102480FF0D7FC002008BD00BFA7
:109AF000203600200023F0B583B001930B68002BC3
:109B00004ED11446002A4ED00646136001A80D46D9
:109B100000F0AAF8D8B9254B1A686AB3D3F87022B6
:109B200062B3D3F8E02462B3D3F8502762B3D3F81A
:109B3000C02972B1D3F8302C4AB3D3F8A02E4AB35F
:109B400003F58052D2F810213AB36FF0840003B0CD
:109B5000F0BD052704224FF41C7101FB02F2012124
:109B600002F1100C995001991A446344C2E901169C
:109B70002F60236003B0F0BD0127ECE7022701222C
:109B8000E9E703270222E6E704270322E3E70627A3
:109B90000522E0E707270622DDE708270722DAE7A4
:109BA0006FF08800D3E76FF08600D0E72036002002
:109BB0000023F0B5046883B0013C072C01930360D7
:109BC0001FD801A800F050F80546B8B94FF41C732F
:109BD00003FB04F40D4E33593719012B11D17A6868
:109BE000019B9A420DD104F110004FF418722946DE
:109BF00030440FF051FCC7E901553551284603B0F8
:109C0000F0BD6FF08605284603B0F0BD2036002079
:109C1000002370B54C1E82B0072C01931BD815464B
:109C2000EAB1064601A800F01FF890B94FF41C7283
:109C300002FB04F40B4B19591A1901290BD1916835
:109C4000B14208D15168019A914204D110341C44A8
:109C50002C6002B070BD6FF0880002B070BD6FF074
:109C60008600F6E7203600200346024A00201268EC
:109C70001A60704748620020002110B582B0CDE91B
:109C800000111146D0E90042302A3ED194F82C2030
:109C90000346022A35D01AB900F0F8FB02B010BD15
:109CA0001D4824680068013ACDE90040072A2FD8F2
:109CB000DFE802F022271D18130E090418466A4631
:109CC00000F050F9EAE718466A4607F015FAE5E7AA
:109CD00018466A4607F0BEF9E0E718466A4607F0FC
:109CE0008BF8DBE718466A4607F042FAD6E71846D3
:109CF0006A4600F00BFBD1E718466A4600F004FA0A
:109D0000CCE7184607F012FBC8E76FF08000C5E704
:109D10006FF08500C2E700BF486200202DE9F043E4
:109D20009DB004462022002168460FF0B5FB20229A
:109D300000210DEB02000FF0AFFB3022002110A834
:109D40000FF0AAFBE3698BB9A369002B40F0BD803B
:109D50006369002B40F0D0802369002B40F0E48041
:109D60006FF0830948461DB0BDE8F083E36A002B1D
:109D700040F0F280A36A4FF00408002B40F0CC8042
:109D8000636A02271BB9276A003F18BF01273023E7
:109D90000021606810AA0FF0E9FB3028E0D110AB79
:109DA000B8F1010FCDE9003014D0606903900028AC
:109DB0005BD1B8F1020F02900CD0A0690590002889
:109DC0005DD1B8F1040F049061D1E06907900028DB
:109DD00071D10690002F5ED0206A099000283FD1F3
:109DE000012F089012D0606A0B90002842D1022FF8
:109DF0000A900BD0A06A0D90002857D1042F0C9028
:109E000004D1E06A0F9000285AD10E90A268544BFA
:109E100041461A60684608AA3B461646FFF72CFFE3
:109E200000258146336823B12946726860680FF0C7
:109E3000FDFB0135AF4206F10806F3D1B8F1010F81
:109E400090D001255DF835301BB1294660680FF0D0
:109E5000DDFB01354545F5D148461DB0BDE8F08331
:109E6000002160680FF0DAFBBAE7012160680FF0AB
:109E7000C5FB9EE7012160680FF0D0FBB7E7022128
:109E800060680FF0BBFBB8F1040F04909DD04FF059
:109E90000308002FA0D1A06831493B46086008AAFA
:109EA00041466846FFF7E8FE8146C7E70221606841
:109EB0000FF0B4FBA2E7032160680FF09FFB88E777
:109EC000032160680FF0AAFB9FE7E36A03BBA36A64
:109ED0004FF00308002B3FF453AF0327B84630235D
:109EE0000021606810AA0FF041FB30287FF438AFE2
:109EF00010ABCDE9003058E7E36A8BB9A36A4FF0A5
:109F00000208002B3FF43CAF03274FF00208E6E7BE
:109F100004274FF00308E2E703274FF00408DEE7C9
:109F200004274FF00208DAE7E36A2BB9A36A032794
:109F30001BB94FF0010823E7042730230021606894
:109F400010AA0FF013FB30287FF40AAF10AB4FF0CC
:109F50000108CDE900303FE70427B846BFE700BF5E
:109F60004862002000232DE9F043D0F800908DB026
:109F70000746884650681168B9F82C501646049375
:109F800000F098F9082D05906FD0B5F5847FD9F8C9
:109F900008304CD01946042004AAFFF739FE0446C5
:109FA00068B140F608139D4205D1D9F80820D8F8C9
:109FB00000301A60002420460DB0BDE8F083B5F5EE
:109FC000C16F79D01BD8B5F5816F6CD00AD9B5F5C2
:109FD000A16F5ED1059AB9F82E10049805F0A2FC85
:109FE0000446E8E7B5F5027F56D0B5F5427F50D17B
:109FF000D9F80C10049805F0EFFB0446DBE740F6B7
:10A0000008039D4263D040F608139D4223D1D8F83F
:10A010000050D9F8083004982B6005F0B7FB0446CF
:10A020002846FFF7C5FD20460DB0BDE8F083D8F8FF
:10A030000050042029462B6004AAFFF75BFD04466C
:10A040000028B8D1D9F80410049805F03FFC044664
:10A050000028AFD0E4E7B5F5E16F1AD1D8E90012D6
:10A06000049805F0CDFB0446A5E708F10403D9F8F0
:10A0700004200293D8E90043019301461046D7E932
:10A080000223009405F064FC044620460DB0BDE8B0
:10A09000F0836FF085048EE7D8F80010049805F07F
:10A0A00087FB044687E7B9F82E100498D7E9022306
:10A0B00005F020FC04467EE7D7E90234B9F82E10FB
:10A0C000DDE90402009405F02BFD044673E74FF42C
:10A0D000C0737168B86806AACDE90844CDE90A449E
:10A0E0000694D8F80050079300F0E6F804460028DC
:10A0F0007FF461AF049906A805AA05F085FB059BCE
:10A1000004462B6057E700BFF0B5076889B00446E6
:10A110000D46D2E90016304600F0CCF840F201625C
:10A12000BB8D0090934269D028D940F6011293422A
:10A130006CD017D940F6012293424BD100234FF443
:10A14000C077A068314602AACDE90237CDE90433D1
:10A15000CDE906332C6800F0AFF8002800F09F80AE
:10A1600009B0F0BD40F20172934270D040F6010296
:10A1700093422FD100F0D4FD09B0F0BD40F201426E
:10A1800093426FD007D940F20152934222D100F09E
:10A19000ABFD09B0F0BD012B20D040F2011293427B
:10A1A00018D100234FF4C0772C683146204602AA0C
:10A1B000CDE90237CDE90433CDE9063300F07CF870
:10A1C0000028CDD102A800F0D1FD214602A800F060
:10A1D00089F8C5E76FF0850009B0F0BD00234FF4A2
:10A1E000C07202A9CDE90232CDE90433CDE90633CC
:10A1F0002C6800F0A5FD0028B2D1E6E72B1DD5E9BB
:10A20000001200F0B5FD48BB0020A9E700214FF483
:10A21000C0730846CDE90213CDE90411CDE906115A
:10A22000A4682D6800F046F803463146204602AA8D
:10A23000019300F041F8002892D1009802A901AAE8
:10A2400000F046FE00288BD1019B2B60DCE72B1D24
:10A25000D5E9001200F0A2FD0028D5D000236B60E4
:10A2600009B0F0BD00234FF4C0723146D4E9046751
:10A27000CDE90232A06802AACDE90433CDE9063364
:10A280002C6800F019F800287FF46AAF6B463A4654
:10A29000314602A800F0A4FD009B236060E76946F8
:10A2A00002A805F06DFC00287FF45AAF009B2360E4
:10A2B000AAE700BF0846704780B17AB10346002084
:10A2C0001968106170B4D3E903545E68D460C2E9C0
:10A2D000016570BC9B681160536170476FF080002E
:10A2E000704700BF71B168B1D0E9022330B4D0E942
:10A2F00000544069C1E9005430BC8860C1E90323BF
:10A30000002070476FF08000704700BF2DE9F047D4
:10A310004FF00009D0F8008086B0B8F82C500646FF
:10A320000F46D2E90010CDF81490FFF7C3FF032DBC
:10A3300064D040F203139D4200F0858040F2032375
:10A340009D428246D8F8081041D040F203339D4226
:10A3500016D13D680220296005AA2946FFF7CAFBED
:10A36000044648B95146D8F80420059801F078FA17
:10A37000044600283ED10024204606B0BDE8F08700
:10A38000022005AAFFF744FC40F203539D42044615
:10A3900046D040F203639D420CD040F203739D42CD
:10A3A00067D00028E8D140F203439D425AD06FF0B5
:10A3B0008504E1E7D8F808203B681A600028DBD163
:10A3C000D6E90212059801F0B7FC0446D4E73D68CF
:10A3D0000220296005AA2946FFF78CFB04460028C5
:10A3E000CAD15146D8F80420059801F05BF904461B
:10A3F0000028C0D02846FFF7DBFBBDE77B68D8F814
:10A40000041001933B6800933B1D0293D6E902239D
:10A4100001F044FD04460028ADD0C7F80490ABE736
:10A42000D8F808203B681A600028A5D1D7E90212A5
:10A43000059807F10C0301F001FC044600289AD0AE
:10A44000C7F80C9098E7D6E90432D8F80410CDE9A3
:10A450000032D6E9022301F053FE0446204606B03E
:10A46000BDE8F0870598D6E9021201F01BFB04460F
:10A4700082E73D68D8F808302B6000287FF47BAF76
:10A48000059801F0CBFA0446B4E700BFD1E900011A
:10A4900005F04ABB30B422F4FF737A4C23F0010379
:10A4A000A3422BD004F5885422F0FF03A34225D009
:10A4B000754D22F47F7424F00304AC421ED0734C1B
:10A4C000A3421BD001F0FE43B3F1A06F42D102F0D2
:10A4D000FE43B3F1A06F32D182EA010333F47E135D
:10A4E0002DD111F4004007D0C1F30540C2F305425D
:10A4F00090428CBF0020012030BC7047644C21F09A
:10A50000FF03A34213D0634CA34210D0A4F5885498
:10A51000A3420CD021F4FF7424F00104B4F1062FFF
:10A5200005D05A4DAB4202D0574B9C42CAD111F0D4
:10A53000FF00E1D0584B40F00070984202D030BC90
:10A54000002070474A40FF2A88BF002030BC98BFD7
:10A5500001207047B3F1407F29D102F0FE43B3F1EF
:10A56000407FECD182EA010333F47E13E7D14B4CF8
:10A570000C40B4F1607F55D0B0F5105F55D1474C19
:10A5800012F47C1504EA020435D0B4F1607FC2F302
:10A5900005455FD0B4F1707F68D011F47C1FC1F322
:10A5A00005441BD1581BB0FA80F04009A4E7B3F171
:10A5B000106FC4D121F01F6020F470200028BED19C
:10A5C00002F0FE43B3F1106F96D13548104040F0D1
:10A5D0001060401AB0FA80F040098DE712F47C1F39
:10A5E00001D19C4221D011F4004085D0AC428CBFF7
:10A5F0000020012080E7B4F1607F18D0B4F1707FB3
:10A6000001D02B46C9E700F4E043B3F5005FF8D171
:10A610000125C0F302239D40000A012300F007003A
:10A620008340BAE7B0F5885FA9D0012064E71D48F0
:10A63000D3B243F0007383421FD003F17E43043B47
:10A640000F2BDED81846184C54F82350174B53F8EC
:10A650002030A2E7134CD0B240F00070A0420FD0DF
:10A6600000F17E4004380F2897D8EFE700F4E0446B
:10A67000B4F5005F91D1000ACFE710231D468CE7A7
:10A6800010238AE700020006000400060009000605
:10A690000003000600130006FF0000020000C07F58
:10A6A0000000FFF603000002981502009815020052
:10A6B000F8B5D0E9023531EA03030688076948D1C5
:10A6C0001446B2B322F0FF03254A934220D0254A14
:10A6D00093421DD0A2F58852934219D024F4FF7200
:10A6E00022F00102B2F1062F12D01F498B420FD087
:10A6F0001E4B9A420CD004F0FE43B3F1407F02D0CF
:10A70000B3F1A06F28D123040AD56FF0860511E0BC
:10A7100014F0FF0304D0164A43F000739342F4D0C0
:10A72000A54206D0294622463046FFF7B3FE05462D
:10A7300010B100252846F8BDBC42FBD02246394660
:10A740003046FFF7A7FE002808BF6FF084052846B3
:10A75000F8BD6FF08405EDE7054B9C42E0D1D4E7EE
:10A7600000030006001300060009000600040006AE
:10A77000FF00000200F0FE43B3F1407F1CD12C4BE0
:10A780000340B3F1607F1FD0B1F5105F14D110F416
:10A790007C1F07D1B3F1707F46D0002313606FF0A8
:10A7A00085007047C0F30541000C10F03C0F1160AC
:10A7B000F5D0B3F1707F02D06FF0860070471023A0
:10A7C0008B42F9D300207047B1F5885FF4D110F4C3
:10A7D0007C1F14D1174BC0B240F00070984223D0B8
:10A7E00000F17E4004380F28D7D8134B53F82010BF
:10A7F00003291160D3D9114B53F82030E0E7030C43
:10A80000C0F3054113F03C0F1160C8D0094BC0B232
:10A8100040F000709842D2D000F17E4004380F28FA
:10A82000E9D96FF08600704710231360CAE700BFB4
:10A830000000C07F03000002981502009815020076
:10A840002DE9F04304465A4D006F85B0A8421746E3
:10A850001E469DF830C00AD0564B98423ED0564B0B
:10A86000984222D06FF0850005B0BDE8F083DFF894
:10A870004C810D0198F8003004F19C09BCF1000FE7
:10A880005ED0002B00F08B80684606F07FF86946AA
:10A890002046CDE902650197CDF80090FBF7CEFF89
:10A8A00005F0C4FA05B0BDE8F083DFF810810D01B2
:10A8B00098F80030BCF1000F58D0002B73D06846D8
:10A8C00006F024F869462046CDE901650097F8F7BF
:10A8D000BDFB05F0ABFA05B0BDE8F083DFF8DC8026
:10A8E0000D0198F80030BCF1000F10D0002B52D0B1
:10A8F000684606F03FF869462046CDE901650097B5
:10A90000FBF72AFB05F092FA05B0BDE8F0830422BC
:10A91000236868461A7606F02DF8694620460097A7
:10A9200002950196FBF718FB05F080FA98F80030C5
:10A93000002B99D0012223681A7605B0BDE8F08378
:10A940000422236868461A7606F020F869462046F5
:10A95000CDE9009703950296FBF770FF05F066FAC4
:10A9600098F80030002B3FF47FAFE3E70422236820
:10A9700068461A7605F0CAFF694620460097029598
:10A980000196F8F763FB05F051FA98F80030002BB8
:10A990003FF46AAFCEE7042223681A76A8E70422C0
:10A9A00023681A7670E7042223681A7687E700BFC7
:10A9B000004440040010C004004040046F6D0020BB
:10A9C000F0B5354D21F47E1183B0A94204461746F7
:10A9D0001E469DF820C028D0304B994258D1304DAA
:10A9E0002B78BCF1000F0ED0002B47D0684605F045
:10A9F000DDFF69462046CDE90076FCF76BFB05F0EC
:10AA000015FA03B0F0BD0422036868461A7605F013
:10AA1000CDFF6946204600970196FCF75BFB05F0E9
:10AA200005FA2B782BBB03B0F0BD1D4D2B78BCF184
:10AA3000000F0DD03BB3684605F078FF694620460D
:10AA4000CDE90076F9F764FD05F0F0F903B0F0BD4B
:10AA50000422036868461A7605F068FF69462046B6
:10AA600000970196F9F754FD05F0E0F92B78002BDB
:10AA7000C7D0012223681A7603B0F0BD0422036810
:10AA800068461A76B3E70422036868461A76D3E765
:10AA90006FF08500B5E700BF0001400500024005EA
:10AAA0006F6D0020F0B53B4D21F47E1185B0A942B9
:10AAB000044617461E469DF82CC02DD0364B9942B1
:10AAC00064D1364D2B78BCF1000F10D0002B51D043
:10AAD00001A805F06FFF0A9B01A92046CDE90236C7
:10AAE0000197FCF741FB05F0A1F905B0F0BD042288
:10AAF00003680DEB02001A7605F05CFF0A9B01A9C2
:10AB00002046CDE902360197FCF72EFB05F08EF9C1
:10AB10002B7853BB05B0F0BD204D2B78BCF1000F56
:10AB20000FD06BB301A805F005FF0A9B01A92046D1
:10AB3000CDE902360197F9F7B9FD05F077F905B0CF
:10AB4000F0BD042203680DEB02001A7605F0F2FE58
:10AB50000A9B01A92046CDE902360197F9F7A6FD27
:10AB600005F064F92B78002BBFD0012223681A76F8
:10AB700005B0F0BD042203680DEB02001A76A8E7C9
:10AB8000042203680DEB02001A76CCE76FF0850013
:10AB9000ABE700BF00014005000240056F6D0020DB
:10ABA0002DE9F8435FFA81FCDFF82CE14CF0007CE2
:10ABB000F4451F460C4605461646DDF8248001F094
:10ABC000FE432ED00CF17E4CACF1040CBCF10F0F07
:10ABD00018D8404AB3F1007F52F82C906ED10A9BEE
:10ABE000C3F80090B8F1000F2DD1C84522D3002D35
:10ABF0006AD004F17E410839032968D8DFE801F002
:10AC000054594529B3F1007F58D100230A9A1360A3
:10AC1000B8F1000FEBD04246212108980EF03CFC21
:10AC2000E5E7B3F1007F49D110230A9A1360B8F128
:10AC3000000F07D12846FEF791FA6FF089042046ED
:10AC4000BDE8F88399464246212108980EF024FC7D
:10AC5000CBE703212846FEF78BFC05F063F804469A
:10AC6000E0B93A46089B31462846FEF7D1FB05F08D
:10AC700059F82B68044693F8E020012A0ED10022EF
:10AC8000204683F8F820BDE8F88302212846FEF725
:10AC90006FFC05F047F804460028E2D02846FEF78E
:10ACA0005DFA2046BDE8F88300212846FEF760FCE7
:10ACB000D3E701212846FEF75BFCCEE72846FEF7E6
:10ACC0004DFA6FF08504BAE76FF08804E6E76FF09D
:10ACD0000300C2E79815020003000002014B187040
:10ACE000704700BF6F6D002010B5002104464FF083
:10ACF000FF30F7F70BF878B1F6F774FA28B96FF070
:10AD00008304F7F72BF8204610BD204612F01CF8FC
:10AD10000446F6F773FAF4E76FF08304F3E700BF35
:10AD200010B50446F6F75EFA38B1204612F0B6F9CF
:10AD30000446F6F763FA204610BD6FF08304FAE785
:10AD400038B505460C46F6F74DFA58B12846214667
:10AD500012F056FA0546F6F751FA0DB92369E36089
:10AD6000284638BD6FF08305FAE700BF12F0B2BB8A
:10AD7000F8B504460D4616461F46F6F733FA50B1AD
:10AD800020463B463246294612F026FE0446F6F798
:10AD900035FA2046F8BD6FF08304FAE78C46F8B523
:10ADA000002107464FF0FF30644615461E46F6F771
:10ADB000ADFF90B1F6F716FA28B96FF08304F6F7F5
:10ADC000CDFF2046F8BD214633462A46384613F0CB
:10ADD00033F80446F6F712FAF1E76FF08304F0E770
:10ADE0008446F0B5DCF80C4089B017460E461822B0
:10ADF000614602A81D460EF011FB04F0FE43B3F1BC
:10AE0000A06F1CD02C4B2340B3F1707F0CD00021DD
:10AE10004FF0FF300694F6F779FF20BB6FF0830008
:10AE200000232B6009B0F0BD244A24F47E13934222
:10AE300003D0A2F5807293420DD10593E7E7204A33
:10AE400024F47E1393420BD002F58072934205D016
:10AE50001C4B9C42DBD06FF08500E1E71A4BECE71E
:10AE60001A4B0593D3E7F6F7BDF910B344F201028C
:10AE7000BDF8083023F44051914208D042F2040258
:10AE8000934204D003F44F43B3F5844F02D100231F
:10AE9000039307932B463A46314602A811F008FD6A
:10AEA0000190F6F7ABF9F6F759FF01980028B9D0F1
:10AEB000B6E7F6F753FFB1E70000C07F0002C0031A
:10AEC0000001400500051005000250050001500575
:10AED00070B5CC6888B00646154602A818220EF058
:10AEE0009DFA04F0FE43B3F1A06F1CD0224B234027
:10AEF000B3F1707F0CD000214FF0FF300694F6F7CD
:10AF000005FF20BB6FF0830000232B6008B070BDED
:10AF10001A4A24F47E13934203D0A2F5807293421E
:10AF20000DD10593E7E7164A24F47E1393420BD024
:10AF300002F58072934205D0124B9C42DBD06FF039
:10AF40008500E1E7104BECE7104B0593D3E7F6F7EC
:10AF500049F910B9F6F702FFD4E72A4602A93046AC
:10AF600012F0BCFA0190F6F749F9F6F7F7FE0198EE
:10AF70000028CBD0C8E700BF0000C07F0002C0039C
:10AF800000014005000510050002500500015005B4
:10AF9000D0F810319BB190F808316BB110B500F1C9
:10AFA00008042046FEF7DAF84FF4867200212046A6
:10AFB0000EF072FA002010BD6FF08800704700207C
:10AFC000704700BFD0F80C31002B4FD12DE9F04174
:10AFD000D0F81031044684B0002B44D1264B01AF89
:10AFE0001B7800F1080800F110060D463846D3B969
:10AFF00005F014FD04238DF805300021FC223046B5
:10B000000EF04AFA1D4B39464046A660E360FEF753
:10B0100069F840B305F17E43083B032B29D8DFE8EC
:10B0200003F01E1A160A05F0F9FC01238DF805300D
:10B03000134B0293E1E70321FEF79AFA04F072FE44
:10B0400010B90123C4E9433504B0BDE8F081022101
:10B05000FEF78EFAF2E70121FEF78AFAEEE7002109
:10B06000FEF786FAEAE76FF08800EDE76FF08800F8
:10B0700070476FF00300E1E76F6D00204C62002025
:10B08000790F010010B5D0F80C419CB182B1D0F815
:10B09000103103F17E43083B032B0ED890F80831A2
:10B0A00043B10830FEF790F8BDE8104004F03ABE16
:10B0B000012010BD6FF0880010BD6FF0850010BD3D
:10B0C00090F810C1F8B5264F4CF0007CBC45044602
:10B0D0000E4615462AD00CF17E4CACF1040CBCF1A6
:10B0E0000F0F10D81F4A52F82C701F6015BBBD42BD
:10B0F0000CD26FF089001C4B1B781BB10022A36897
:10B1000083F8F820F8BD00211960E2B9D4F80C31B9
:10B110004BB1D4F8103103F17E43083B032B0FD819
:10B1200094F80831A3B96FF08800E4E710271F6096
:10B13000002ADED02A46212130460EF0ADF9D6E7AE
:10B140006FF08500D7E7212130460EF0A5F9DDE745
:10B15000314604F10800FEF759F904F0E3FDCAE7AF
:10B1600003000002981502006F6D0020852A2DE96A
:10B17000F04100F2C280624E044640220021614844
:10B180000EF08AF937786FB35F4A94F8103111687E
:10B190005E4A43F00073934201F1240800F0978067
:10B1A00003F17E43043B0F2B5FD94022212140460F
:10B1B0000EF072F90027D4F80C31002B7FD0D4F8B0
:10B1C000103103F17E42083A032A00F28E8094F88F
:10B1D0000831002B40F08F803378002B51D16FF075
:10B1E00088053FE094F81031484A43F000739342D9
:10B1F00074D003F17E43043B0F2B4ED94022212112
:10B2000040480EF049F9D4F80C31002B57D0D4F84F
:10B21000103103F17E42083A032A66D894F80831C7
:10B22000002BD9D0374904F10800FEF7EFF804F0FD
:10B2300079FD3378054623BB4DB315F18A0F08BF5E
:10B240006FF09405D4F8103163B194F808314BB124
:10B2500008342046FDF782FF4FF486720021204615
:10B260000EF01AF92846BDE8F081294A212152F84A
:10B270002370404640220EF00FF9402F9BD93378BF
:10B28000C3B10022A36883F8F820002DD5D11E4B4E
:10B2900028461B685F61BDE8F0811D49402251F8D6
:10B2A0002370184821210EF0F7F8402FABD93378DE
:10B2B000002BE6D16FF09405D4F81031C4E7337851
:10B2C000002BDED16FF08805D4F81031BCE74022A6
:10B2D000212140460EF0E0F810276CE740222121A2
:10B2E00008480EF0D9F810278DE73278002AC8D127
:10B2F0006FF08505A8E7414695E76FF08C05B1E74B
:10B300006F6D0020A462002048600020030000024E
:10B31000981502002DE9F047604CC4B025780F461F
:10B32000044690461E46DDF83091002D52D002AD05
:10B33000284605F073FB01236B70594B6B600DF1D0
:10B34000140AFC22002150460EF0A6F8554B29465F
:10B350006846CDF800A00193FDF7C4FE054600281D
:10B3600000F09680504A5FFA84FC4CF0007C9445D3
:10B3700004F0FE4336D00CF17E4CACF1040CBCF171
:10B380000F0F18D8494AB3F1007F52F82CA079D199
:10B390004D9BC3F800A0B9F1000F36D1D1452AD397
:10B3A00004F17E4CACF1080CBCF1030F73D8DFE85C
:10B3B0000CF05F644F32B3F1007F63D100234D9AEC
:10B3C0001360B9F1000FEBD04A46212130460EF050
:10B3D00063F8E5E702AD284605F020FB04238DF86D
:10B3E0000930ACE7B3F1007F4CD110234D9A1360C4
:10B3F000B9F1000F08D12846FDF7B0FE6FF08904BF
:10B40000204644B0BDE8F0879A464A46212130469E
:10B410000EF042F8C2E703212846FEF7A9F804F02F
:10B4200081FC0446E8B93346424639462846FDF7D2
:10B43000EFFF04F077FC2B68044693F8E020012A24
:10B440000FD10022204683F8F82044B0BDE8F087F1
:10B4500002212846FEF78CF804F064FC044600281C
:10B46000E1D02846FDF77AFE204644B0BDE8F087DB
:10B4700000212846FEF77CF8D1E701212846FEF797
:10B4800077F8CCE72846FDF769FE6FF08504B7E74B
:10B490006FF08804B4E76FF00300C0E76F6D002021
:10B4A000790F01004C620020030000029815020091
:10B4B0002DE9F047044600F0FE40D6B0B0F1007F21
:10B4C0005E9D61D19846334B0E461F7891463FBB37
:10B4D00007A805F0A3FA0423394617AFFC22384623
:10B4E0008DF81D300DF0D8FF2B4B05A807A9059747
:10B4F0000693FDF7F7FD002849D0214607AC0094DC
:10B5000004AC4B46324601950294FFF749FB78B3F1
:10B5100010F18A0F08BF6FF0860056B0BDE8F087C3
:10B520001E4B07A81B6817AF03F1240A03F1140888
:10B5300005F074FA01238DF81D30194B0021FC220F
:10B54000384608930DF0A8FF134B07A905A80597E7
:10B550000693FDF7C7FDD0B14B4632462146CDE9F3
:10B560000158CDF800A0FFF71BFB56B0BDE8F087EF
:10B570002A46414607A815F00BFD002818BF6FF0BA
:10B58000940056B0BDE8F0876FF08500C5E76FF016
:10B590008800C2E76F6D00204C62002048600020E8
:10B5A000790F01002DE9F041D0F80C3184B0002B67
:10B5B0006BD0D1F80C310C46002B66D1D1F810318C
:10B5C000002B62D1344B01AD1B78064601F108080F
:10B5D000284601F11007EBB905F020FA04238DF895
:10B5E00005300021FC2238460DF056FF2B4B294632
:10B5F0004046A760E360FDF775FD002845D0D6F80A
:10B60000103103F17E43083B032B41D8DFE803F000
:10B610003935150A05F002FA01238DF80530204B63
:10B620000293DEE70321FDF7A3FF04F07BFB054651
:10B6300058B1284604B0BDE8F0810221FDF798FF1B
:10B6400004F070FB05460028F3D1D6F810313846D7
:10B65000C4F810310123FC2206F11001C4F80C31AA
:10B660000DF0DCFE2846C4F8F450C4F8F85025610B
:10B6700084F8095104B0BDE8F0810121FDF778FF9D
:10B68000D3E70021FDF774FFCFE76FF08805D0E71F
:10B690006FF00300C9E700BF6F6D00204C6200200F
:10B6A000790F01002DE9F04F00234FF4C0748BB0E7
:10B6B000CDE90434CDE90633CDE90833D0F80C31B7
:10B6C000002B40F0AF8005460F461646F5F78AFD81
:10B6D000002800F0A480384604A911F091FD04462A
:10B6E000F5F78CFDA4B9089B3046BDF8101005F5A0
:10B6F00088720793FFF73EF805F10808044638B949
:10B7000032464FF4806104A8FEF7D2FF044618B118
:10B7100020460BB0BDE8F08FBDF8122005F5A079EA
:10B72000073203463946D208484604F039FD012263
:10B73000454B26F47E179F4285F850215FD0A3F534
:10B7400080739F425BD0414B3340B3F1607F77D130
:10B75000F6B246F0007404F17E43083B032B6CD82C
:10B760003B4E0DF1040B3378584608F1080A002BC4
:10B770004DD105F053F904238DF80530FC2200214A
:10B7800050460DF089FE334B40465946C5F808A097
:10B79000EB60FDF7A7FC8046002843D02E4B9C426F
:10B7A00047D001339C4240D0023B9C4214BF002151
:10B7B0000121FDF7DDFE04F0B5FA04460028A7D10B
:10B7C0000422D8F80030494683F8E0204046FDF7CF
:10B7D000DDFE04F0A7FA3378044623B10122D8F83D
:10B7E000003083F8E020002C92D1012305F58E7201
:10B7F000C5E94574C5F83C21C5F80C3188E74946D0
:10B800004046F9F711FE04F011FB0446EBE705F0A2
:10B8100005F901238DF80530104B0293AEE76FF068
:10B82000830475E76FF0880472E70321FDF7A0FE3B
:10B83000C1E70221FDF79CFEBDE76FF0850467E7D5
:10B840006FF0860464E700BF0002C0030000C07F01
:10B850006F6D00204C6200200A000002790F010089
:10B860002DE9F04F00234FF4C0748BB0CDE90434C0
:10B87000CDE90633CDE90833D0F80C31002B40F088
:10B88000B08005460F461646F5F7ACFC002800F0E0
:10B89000A580384604A911F0B3FC0446F5F7AEFCC8
:10B8A000A4B9089B3046BDF8101005F588720793BF
:10B8B000FEF760FF05F10808044638B932464FF438
:10B8C000006104A8FEF7F4FE044618B120460BB050
:10B8D000BDE8F08FBDF8122005F5A07907320346C8
:10B8E00039464846D20804F05BFC464B26F47E17E6
:10B8F0009F4285F8504161D0A3F580739F425DD08F
:10B90000414B3340B3F1607F79D1F6B246F0007617
:10B9100006F17E43083B032B6ED8DFF8FCA001AC98
:10B920009AF80030204608F1080B002B4ED105F0A4
:10B9300075F804238DF80530FC22002158460DF0DF
:10B94000ABFD324B40462146C5F808B0EB60FDF731
:10B95000C9FB8046002844D02D4B9E4248D001337D
:10B960009E4241D0023B9E4214BF00210121FDF7BF
:10B97000FFFD04F0D7F904460028A7D10422D8F827
:10B980000030494683F8E0204046FDF7FFFD04F013
:10B99000C9F99AF80030044623B10122D8F80030E2
:10B9A00083F8E020002C91D1012305F58E72C5E9C2
:10B9B0004574C5F83C21C5F80C3187E74946404637
:10B9C000F9F78AFD04F032FA0446EBE705F026F8B1
:10B9D00001238DF805300F4B0293ADE76FF0830420
:10B9E00074E76FF0880471E70321FDF7C1FDC0E73C
:10B9F0000221FDF7BDFDBCE76FF0850466E76FF03F
:10BA0000860463E70002C0030000C07F4C62002090
:10BA10000A000002790F01006F6D002070B5D0F8A8
:10BA20000C51C5B1D0F814311B4A0446934214D0CE
:10BA3000A2F58072934210D0184A1A40B2F1607F8A
:10BA400024D06FF0860500F108064FF4A67200219D
:10BA500030460DF021FD284670BD114D04F1080659
:10BA60002B7833B93046F9F769FE2B7853B90025A6
:10BA7000EBE70422A36830461A76F9F75FFE2B78CD
:10BA8000002BF4D00122A3681A76F0E700F1080633
:10BA90003046FDF73DFDEAE70002C0030000C07F2D
:10BAA0006F6D00202DE9F0470446D0F80C0184B0FA
:10BAB000002800F0B4801346002A00F09080D4F8EB
:10BAC0001401002800F0AB8000F0FE46B6F1407F84
:10BAD00040F0A880564E0D46B04217D0A6F58076AD
:10BAE000B04213D0534B0340B3F1607F40F09D80D0
:10BAF00094F80831002B00F0928004F10800FDF763
:10BB000063FB04B0BDE8F04704F00CB9D4F8186149
:10BB1000D4F83C01F7180F2F30445AD9C6F110065B
:10BB2000324629460DF07AFCD4F81831103F3344E0
:10BB3000C4F8183153D06846D4F83C9104F00AFF99
:10BB4000102327F00F08CDF80090029304F10809A4
:10BB5000B8F1000F47D0DFF8E0A09AF80030002BD2
:10BB600053D169464846F9F70FFD04F05FF99AF89A
:10BB7000003013B10122A3681A7688BBD4F83C3197
:10BB8000C4F8180104F58E70834208BF04F596705E
:10BB90003B0714BFC246A8F1100AC4F83C01354463
:10BBA000BAF1000F26D0A7EB0A073A4605EB0A01C7
:10BBB0000DF034FC6846C4F8187104F0CBFE6946F9
:10BBC00048460095CDF808A0F9F7DEFC04F02EF900
:10BBD00006E01A4629460DF021FCC4F81871012030
:10BBE00004B0BDE8F08769464846F9F7CDFC04F09B
:10BBF0001DF9C2E729463A460DF010FCB8F10000E5
:10BC000018BF0120C4F81871EAE70422A368694646
:10BC10001A764846F9F7B8FC04F008F9A7E76FF080
:10BC20008800DDE76FF08500DAE76FF08600D7E780
:10BC30000002C0030000C07F6F6D002070B5D0F817
:10BC40000C31044684B0CBB190F85031B3B1D0F888
:10BC500010319BB193421DD8D0F81431324A0D46B1
:10BC600093421AD0A2F58072934216D02F4A1A40FE
:10BC7000B2F1607F43D06FF0860501E06FF0880578
:10BC800000231A46C4F810312846294B1B685A6114
:10BC900004B070BD6FF08905F2E7684604F05AFE03
:10BCA000D4F83C21D4F818310092D4F81021CDE911
:10BCB000015304F108060392C3B91E4D2B7813B14A
:10BCC0000422A3681A763046F9F738FD2B7893B929
:10BCD0006946304604F5A072F9F7D4FA04F0A6F8E4
:10BCE0000546002DCCD1D4F81021CDE76946304669
:10BCF000F9F7A6FCF2E70122A3681A76E8E700F15B
:10BD000008063046FDF7C0FC04F00CF8094B054668
:10BD10001B7823B10022A36883F8F820E1E73046BE
:10BD2000FDF71CFADDE700BF0002C0030000C07F82
:10BD3000486000206F6D00202DE9F043D0F80C31F1
:10BD4000A5B0002B00F0998090F850310446002BEC
:10BD500040F09380D0F81031002B00F08E80934299
:10BD600040F08E80D0F81431484A0E46934230D0CD
:10BD7000A2F5807293422CD0454A1A40B2F1607FFE
:10BD800040F0818090F80831002B76D0DFF80891E0
:10BD900000F1080899F8001000294BD16F468C2259
:10BDA00001A800910DF078FB39464046FDF76CFC88
:10BDB00003F0B8FF0546002854D099F80030002B56
:10BDC00045D000222846A36883F8F82025B0BDE8B6
:10BDD000F0836F46384604F0BDFDD4F83C21D4F81A
:10BDE00018310092D4F81021CDE9016304F108055F
:10BDF000039253B139462846F9F722FC04F016F8AD
:10BE00000546284625B0BDE8F083DFF88C9099F808
:10BE1000003013B10422A3681A762846F9F78EFC85
:10BE200099F80030D3B93946284604F5A072F9F7DD
:10BE300093FAE3E7174B404619682431FDF724FCD9
:10BE400003F070FF99F800300546002BB9D1404649
:10BE5000FDF784F9284625B0BDE8F0830122A368E8
:10BE60001A76E0E731463846D4F8102115F090F8FC
:10BE7000051E18BF6FF094059FE76FF08805C0E7B7
:10BE80006FF09405BDE76FF08605BAE70002C003C6
:10BE90000000C07F486000206F6D00202DE9F04752
:10BEA00000244FF4C075D2B00E9506460D461746D5
:10BEB0009846CDE90F44CDE911440D940294F5F76D
:10BEC00091F9002800F0D58030460DA911F098F9BD
:10BED0000446F5F793F94CB9119B2A464FF480615B
:10BEE0000DA81093FEF7E4FB044618B1204652B0AB
:10BEF000BDE8F0872846BDF8341002AABDF836A088
:10BF0000FEF738FC04460028F0D1DDF808905B9B72
:10BF1000994500F2DA800AF107020346D208314659
:10BF200005A804F03DF96D4A25F47E13934238D0FC
:10BF3000A2F58072934200F0A380694B2B40B3F1CD
:10BF4000607F40F0BF80674BEDB21B7809AC2046A4
:10BF500045F00075F3B904F061FD0423637013AE7E
:10BF6000FC22002130460DF097FA5F4B214603A8D2
:10BF700003960493FDF7B6F80646002800F0A88063
:10BF800005F17E45083D032D00F2A580DFE805F0B0
:10BF90005A56524204F042FD01236370534B6360D2
:10BFA000DDE7504B09AC1B782046002B7BD104F019
:10BFB000C9FC0423237013AD6422002128460DF030
:10BFC0006BFA4B4B0395214603A80493F9F7F2F85B
:10BFD000054600287CD0204604F0BCFC5A9B214634
:10BFE000636005AA2760C4F80880C4F80C9028464E
:10BFF000F9F748F903F01AFF2B6804461A7E012A64
:10C000003AD100225A76002C7FF470AF5C9BC3F8C3
:10C0100000906BE70321FDF7ABFA03F083FE0446C3
:10C02000A0B19DF82C31012B3FF460AF3046FDF7F5
:10C0300095F85BE70221FDF79BFAEEE70121FDF79A
:10C0400097FAEAE70021FDF793FAE6E75A984346A4
:10C050003A4605A900903046FDF718FB03F062FE52
:10C060009DF82C310446012BCDD03046FDF776F8F3
:10C07000C9E76FF0830439E72846F9F74DFBC2E7BB
:10C08000184B09AC1B782046A3B904F05BFC4FF4B5
:10C090000173238013AD6422002128460DF0FCF9C2
:10C0A000144B03958FE704F04DFC01232370124BD2
:10C0B000636080E704F046FC40F2012323800F4BCD
:10C0C0006360E7E76FF0850410E76FF089040DE720
:10C0D0006FF088040AE76FF003009EE70002C003D8
:10C0E0000000C07F6F6D00204C620020790F0100BE
:10C0F000E8150200E4150200590D0100950D01003C
:10C100002DE9F04300244FF4C075D3B00E950646D8
:10C110000D4617469846CDE90F44CDE911440D94DC
:10C120000294F5F75FF8002800F0CD8030460DA9A5
:10C1300011F066F80446F5F761F84CB9119B2A46F0
:10C140004FF400610DA81093FEF7B2FA044618B13F
:10C15000204653B0BDE8F0832846BDF8341002AA4B
:10C16000BDF83690FEF706FB04460028F0D1029B8E
:10C170005B9A934200F2ED8009F107020346D20870
:10C18000314605A804F00CF8754A25F47E13934255
:10C1900039D0A2F58072934200F0B680714B2B40EB
:10C1A000B3F1607F40F0D280DFF8C49109AC99F818
:10C1B0000030204603BB04F031FC0423637013AE4F
:10C1C000FC22002130460DF067F9674B214603A899
:10C1D00003960493FCF786FF0646002876D0EDB25E
:10C1E00045F0007505F17E45083D032D00F2B48051
:10C1F000DFE805F065615D3D04F010FC012363702C
:10C200005A4B6360DBE75A4B09AC1B782046002B86
:10C2100040F08D8004F096FB0423237013AD64225C
:10C22000002128460DF038F9524B0395214603A80A
:10C230000493F8F7BFFF0546002847D0204604F0D6
:10C2400089FB5A9B214663605B9B05AAE3602760DC
:10C25000C4F808802846F9F77FF803F0E7FD2B685B
:10C2600004461A7E012A34D100225A7670E703214F
:10C27000FDF77EF903F056FD0446A0B999F80030A9
:10C280005BB33D4A4346106805A924303A46009006
:10C290003046FDF7FBF903F045FD04469DF82C31CF
:10C2A000012B3FF455AF3046FCF758FF50E7022111
:10C2B000FDF75EF9DEE70121FDF75AF9DAE7002123
:10C2C000FDF756F9D6E76FF0830441E76FF0880475
:10C2D0003EE72846F9F720FA3AE7284D43463A4622
:10C2E00005A930460095FDF7D1F903F01BFD044682
:10C2F0000028D3D1DDE95A12284614F049FE041E65
:10C3000018BF6FF09404C9E7194B09AC1B7820469D
:10C31000A3B904F017FB4FF40173238013AD64221B
:10C32000002128460DF0B8F8154B03957EE704F080
:10C3300009FB0123134A237062606FE704F002FBDC
:10C3400040F20123104A23806260E7E76FF0850422
:10C35000FEE66FF09404FBE66FF003008AE700BF8F
:10C360000002C0030000C07F4C620020790F010072
:10C370006F6D0020E815020048600020A4620020D4
:10C38000E4150200590D0100950D01002DE9F04F53
:10C3900000244FF4C075ADF5137D139582460D460C
:10C3A00016461F46CDE91444CDE916441294F4F71D
:10C3B00019FF002800F08681504612A910F020FFD6
:10C3C0000446F4F71BFF002C7BD1169B2A464FF442
:10C3D000806112A81593FEF76BF90446002870D10E
:10C3E00044F20103BDF84880BDF84A9028F4405259
:10C3F0009A4200F0E98008F44F43B3F5824F73D0BE
:10C400009E9BB74A1C6025F4FF7323F001039342FF
:10C4100025F0FF0411D0B34B9C420ED025F47F735E
:10C4200023F0030302F50072934206D0AE4B9C4208
:10C4300003D0A3F580739D4241D19D9B002B00F05A
:10C440004C8108F4E043B3F5E04F38D109F107021D
:10C4500000235146D2080AA803F0A2FEA34B9D4236
:10C4600000F0B680B4F1062F37D108F44F43B3F58E
:10C47000824F32D115F0FF0528D00DF1600A5046E9
:10C4800004F0B0FA4946404603F0DCFC45F0007584
:10C490008AF8000008B305F17E42083A032A1CD846
:10C4A0009349BDF84A3051F822400733B4EBD30F1B
:10C4B0004FEAD3021DD2402C1BD0422A19D06FF074
:10C4C000860420460DF5137DBDE8F08F18A804F012
:10C4D00089FA4946404603F0B5FC6FF085042046D2
:10C4E0000DF5137DBDE8F08F09F10704E408640041
:10C4F00086E7DFF81C920DF17C0899F80030404681
:10C50000002B40F0CD8004F089FA042388F8013034
:10C510000DF5A67B0021FC2258460CF0BDFF754BA3
:10C52000414606A8CDF818B00793FCF7DBFD0028BC
:10C5300000F0C58029460425D0F800C03B466E4F68
:10C54000324605AE8CF8E050019400970296FEF753
:10C5500027FB04460028B4D10AABCAE90337059B80
:10C560009C99CAF804309E9B99F800201B680EAC79
:10C5700001EB53032046CAF81410CAF81830002AF9
:10C5800040F0A38004F026FA2570D0220021404616
:10C590000CF082FF594B214608A8CDE90883FBF730
:10C5A000D5FC0546002800F08A805146FBF702FDC5
:10C5B000002103F0C3FB98F8AC300446012B80D077
:10C5C0002846FBF7BDFC7CE709F10704E40817E700
:10C5D000DFF83C910DF17C0899F800304046002BC3
:10C5E00067D004F007FA012388F80030444BC8F8FC
:10C5F000043053AC9822002120460CF04DFF414BF3
:10C60000414608A808940993FCF7A0F805460028BD
:10C6100055D00DF1600A202237490EAC504604F087
:10C62000E1FB204604F0EEF90AABC4E9013A99F8BF
:10C63000003013B104222B681A7721462846FCF7F4
:10C64000BBF899F8003013B101222B681A7700214A
:10C6500003F0A2FB044600287FF433AF404604F009
:10C66000D5F90AABC8E9013A9E9B9C9A1B684146E2
:10C6700002EB5303C8E905232846C8F80C60C8F844
:10C680001070FCF7C7F8214603F086FB9DF868316F
:10C690000446012B3FF415AF2846FCF753F810E78A
:10C6A00004F0BCF9012388F80130174BC8F80430B6
:10C6B0002EE704F09FF9042388F8003099E76FF023
:10C6C0008804FEE66FF08304FBE604F083F901239F
:10C6D0000E4A8DF838300F9257E76FF08904F0E674
:10C6E000000200060013000600090006000800060C
:10C6F000881502004C620020A462002058620020CD
:10C70000250F010054620020790F0100D10E0100B5
:10C710006F6D00202DE9F04F00244FF4C075ADF58A
:10C72000117D129506460D4617469846CDE91344ED
:10C73000CDE915441194F4F755FD002800F041812E
:10C74000304611A910F05CFD0446F4F757FD002CAB
:10C7500072D1159B2A464FF4006111A81493FDF77E
:10C76000A7FF0446002867D19E4A25F4FF7323F0F3
:10C770000103934225F0FF0411D09B4B9C420ED045
:10C7800025F47F7323F0030302F50072934206D071
:10C79000964B9C4203D0A3F580739D424AD19B9B4C
:10C7A000002B00F01C81BDF84490BDF846A009F4B0
:10C7B0004F4B0AF10702BBF5824F4FEAD20240D03D
:10C7C000520001320023314609A803F0E9FC884BEE
:10C7D0009D4200F0B080B4F1062F40F0A580BBF57B
:10C7E000824F40F0A18015F0FF0500F0968017A859
:10C7F00004F0FCF85146484603F024FB45F0007570
:10C800008DF85C00002800F08F8005F17E42083A28
:10C81000032A00F289807749BDF8463051F822405A
:10C820000733B4EBD30F4FEAD30210D2402C0ED013
:10C83000422A0CD06FF0860420460DF5117DBDE82C
:10C84000F08FA9F14103DBB2012BBBD9B8E7DFF8C8
:10C85000B4911DAE99F800303046002B40F0A38013
:10C8600004F0DCF8042373700DF5A27A0021FC2299
:10C8700050460CF011FE604B314605A8CDF814A0CF
:10C880000693FCF72FFC002800F09E8043464FF0F3
:10C890000408D0F800C03A46584F294604AD8CF839
:10C8A000E080019400970295FEF77AF9044600288B
:10C8B000C2D109ABCDE91937049B99F80020189330
:10C8C000DDE99A3103EB51039A990DAC2046CDE98D
:10C8D0001B13002A7BD104F07DF884F80080D0225D
:10C8E000002130460CF0D8FD454B214607A8CDE984
:10C8F0000763FBF72BFB0546002865D017A9FBF75C
:10C90000A9FB012103F01AFA96F8AC300446012B7A
:10C9100092D02846FBF714FB8EE717A804F066F8C0
:10C920005146484603F08EFA6FF0850420460DF517
:10C93000117DBDE8F08F334B1DAE1B783046002BC8
:10C9400038D104F057F80423337051AC98220021F9
:10C9500020460CF0A1FD2C4B314617A817941893D4
:10C96000FBF7F4FE054678B3304604F053F809AB04
:10C970007360DDE99A3203EB520373619A9B31468F
:10C9800033612846C6E90278FBF784FF012103F0F2
:10C9900003FA9DF860310446012B3FF44DAF284661
:10C9A000FBF7D0FE48E704F039F801237370174B0A
:10C9B000736059E704F01EF80123154A3370726062
:10C9C000C3E76FF0830437E76FF0880434E704F0BF
:10C9D00001F801230F4A8DF834300E927FE76FF093
:10C9E000890429E70002000600130006000900067A
:10C9F00000080006881502004C620020A462002096
:10CA0000586200206F6D002054620020790F0100F1
:10CA1000250F0100D10E01002DE9F04F4FF4C07435
:10CA2000CDB00C940C4600257B4E589924F0FF0B9A
:10CA3000B345CDE90D55CDE90F550B950D609046E9
:10CA400005461F4600F0A880744B9B4500F0A4806B
:10CA5000A3F588539B4500F09F8024F4FF7323F0D7
:10CA60000103B3F1062F00F097806D4A934500F063
:10CA70009380A2F5A062934200F08E80579B002B1A
:10CA800000F0BD80F4F7AEFB002800F0B58028462A
:10CA90000BA910F0B5FB0646F4F7B0FB002E77D1DA
:10CAA0000F9B22464FF480510BA80E93FDF700FE1A
:10CAB000064600286CD1BDF82C90BDF82EA029F0B8
:10CAC000FF03B3F5E24F40F08F8024F4FF7323F0AF
:10CAD0000103B3F1062F40F09580524B9B4500F0C7
:10CAE0009780579B0AF10702D608B3EB460F4FEA2F
:10CAF000460BC0F0848014F0FF0458D1BE4201D927
:10CB0000402F61D111A803F06DFF29460023324662
:10CB100003A803F045FB5146484603F093F98DF80E
:10CB2000440000286ED003ABCDE91438569B5699CB
:10CB30009A193D4B07AC1B78204612971691179215
:10CB4000002B44D103F046FF0423237018ADD022FC
:10CB5000002128460CF0A0FC344B214601A8019589
:10CB60000293FBF7F3F9044600284ED011A9FBF716
:10CB700021FA002103F0E2F8064610B9589BC3F8E9
:10CB800000B09DF80C31012B02D02046FBF7D8F9FC
:10CB900030464DB0BDE8F08F14F0FF033FF46EAFA8
:10CBA000234A43F0007393427FF468AF1CE0214BAB
:10CBB00044F000749C421AD004F17E44043C0F2CD3
:10CBC0000DD98FB9002E9DD0422E9BD00CE003F0E2
:10CBD00001FF0123184A8DF81C300892B6E7174B65
:10CBE00053F82430BB4289D06FF08606D0E7102F6F
:10CBF000FAD1102EE8D885E76FF08306C8E76FF00A
:10CC00008906C5E76FF08506C2E76FF08806BFE7C3
:10CC10006FF08406BCE700BF0003000600130006A7
:10CC200000090006000700066F6D00205862002012
:10CC3000FF00000203000002D10E0100981502005F
:10CC40002DE9F04F00254FF4C0741F46864B21F0AC
:10CC5000FF08CBB098450B9406460C469146CDE9AB
:10CC60000C55CDE90E550A954BD0804B984548D0D0
:10CC7000A3F58853984544D021F4FF7323F00103B2
:10CC8000B3F1062F3DD07A4A90453AD0A2F5A06282
:10CC9000934236D0F4F7A6FA002800F0CC80304654
:10CCA0000AA910F0ADFA0546F4F7A8FA9DBB0E9B51
:10CCB00022464FF400510AA80D93FDF7F9FC0546F2
:10CCC00048BB24F4FF7424F00104B4F1062FBDF82E
:10CCD00028A0BDF82AB040F0B580664B984500F01A
:10CCE000B18044F201032AF440529A4217D00AF468
:10CCF0004F43B3F5824F15D10BF10705ED086D00D9
:10CD000010E014F0FF03C5D05B4A43F00073934278
:10CD1000C0D16FF0860528464BB0BDE8F08F0BF10F
:10CD20000705ED08559B9D42F3D10BF10703B7EBC7
:10CD3000D30F4FEAD30403D2402F01D0422CE8D1C5
:10CD40000AF4E043B3F5805F22D0B3F5005F1FD053
:10CD50000AF44F43B3F5844F1AD047F201039A45C2
:10CD600061D044F201039A4568D047F202039A4524
:10CD70006BD044F202039A456DD02AF0FF03B3F55D
:10CD8000E24F05D0B3F5824F12BF00246400013496
:10CD900010A803F02BFE22463146002302A803F020
:10CDA000FFF95946504603F04DF88DF84000002831
:10CDB00048D0DDE95431314A03EB51031593137820
:10CDC00002AACDE91229549A06AC20461197149272
:10CDD0000BBB03F0FFFD0423237016ADD02200210E
:10CDE00028460CF059FB264B21466846CDE90053F6
:10CDF000FBF7ACF80446A0B310A9FBF72BF901210F
:10CE000002F09CFF9DF804310546012B83D020469B
:10CE1000FBF796F87FE703F0DDFD0123194A8DF853
:10CE200018300792D9E74FEA5B040134E40804EBB9
:10CE3000C4043B34ACE76FF083056CE74FEADB04D6
:10CE40001034A5E76FF0850565E74FEADB0404EBD6
:10CE500044045A349CE74FEADB0404EB44044A34AC
:10CE600096E76FF0880556E70003000600130006FA
:10CE70000009000600070006FF0000026F6D002099
:10CE800058620020D10E01006FF08500704700BF8E
:10CE90006FF08500704700BF2DE9F04F4FF4C0746C
:10CEA00089460027B7B0429914941C4609F0FE4306
:10CEB000B3F1806FCDE91577CDE91777CDE9077725
:10CEC000CDE9097713970F6040F0148205461646A6
:10CED000F4F788F9002800F02982284613A910F0F9
:10CEE0008FF98046F4F78AF9B8F1000F40F0A3807B
:10CEF000179B4A464FF4807113A81693FDF7D8FB91
:10CF00008046002840F09780BDF84C3003F4E042A2
:10CF1000B2F5005F00F0AB8042F20402934200F0F1
:10CF20008E80954B994500F0B381944B994500F064
:10CF3000F4810027419B9C4200F22282904BBDF875
:10CF40004E80994500F0D980A3468E4B994500F05C
:10CF500031818D4B994540F0E0814FF0040A0DF18D
:10CF60006409484603F0CEFC294608F107020BADE0
:10CF7000D2080023284603F013F9409BCDE9195647
:10CF80003B441FA80FAD1B931D9403F0FFFD082227
:10CF9000002128468DF87CA00CF07EFA7B4B1FA95F
:10CFA00005A80595069303F00FFE0446002800F03F
:10CFB000808107A9FA0003F02FFE02F02BFF8046C4
:10CFC000204603F023FEB8F1000F34D107AB1C93C9
:10CFD0006F4B28461B78002B40F0638103F08AFCDE
:10CFE0008DF83CA0582200211FA80CF055FA1FAB69
:10CFF0000593684B294605A80693F5F7F3FE04460A
:10D00000002800F056814946F5F726FF02F00EFF92
:10D010003A46804607A940980CF000FA23681A7E29
:10D02000012A40F0518100225C465A76B8F1000F87
:10D0300001D1429B1C60404637B0BDE8F08F564B93
:10D04000994500F071814C4B99454DD04B4B99451A
:10D0500000F08B810746504B994541D104F10C0BF0
:10D06000419B5B45C0F08C81BDF84E806DE7012788
:10D07000C3F302229740A74205D9434929F48060AF
:10D08000884200F03781002A00F037813D49894508
:10D0900000F0888001F58071894500F0228101F55A
:10D0A0008071894500F01D813C49894500F0198156
:10D0B000A1F53F41894500F0488101F5807189451E
:10D0C00000F04B8142F20402934200F050812A4F5B
:10D0D000B9450CBF0D27002742F204029342BAD093
:10D0E000254B99457FF426AF419B0D34A3422CBFBD
:10D0F0006FF085086FF089089DE7254B0DF16409F5
:10D100001B784846002B40F0D78003F037FC0423FF
:10D110008DF864301FAF5022002138460CF0BCF966
:10D120001F4B49460BA80B970C93F9F755FA074686
:10D13000002800F0BE800FA803F028FC08F10702C9
:10D14000D20829460023484603F02AF8409B0FA93D
:10D1500038461193CDF83C9010961294F9F764FA82
:10D1600002F064FE3B6880461A7E012A40F0D880B7
:10D1700000225A765AE700BF0013C0040041400461
:10D18000004440040010C0040040400450620020ED
:10D190006F6D0020F01502000001800400FF4004C4
:10D1A000DC150200419B07EB040B5B45C0F0E880F7
:10D1B000BDF84E80744B0DF164091B784846002B76
:10D1C00040F0878003F0CAFB04238DF864300DF132
:10D1D0007C0A5C22002150460CF05EF96B4B4946FC
:10D1E00001A8CDF804A00293F8F784FC8246002839
:10D1F0005FD0484603F0BAFB294608F107020BADA1
:10D20000D2080023284602F0CBFF409B0FA83B44E6
:10D210001D941B93CDE9195603F0B8FC042305AC0B
:10D220000822002120468DF83C300CF035F9584B8F
:10D230000FA903A80394049303F0C6FC0446002836
:10D2400037D007A9FA0003F0E7FC02F0E3FD8046BF
:10D25000204603F0DBFCB8F1000F7FF4ECAE07AB27
:10D26000494650461C93F8F7F3FD02F0DFFD3A46BD
:10D27000804607A940980CF0D1F8DAF800301A7E01
:10D28000012A3FF4D0AE5046F8F758FC5C46CDE694
:10D29000419B0D349C4294BF6FF085086FF0890864
:10D2A000C9E603F027FB01238DF83C30394B10937E
:10D2B00098E66FF08808BEE603F060FB01238DF866
:10D2C0006430354B1A9325E72046F5F7AFFD5C46F1
:10D2D000ACE603F043FB01238DF864302F4B1A9327
:10D2E00075E7419B3C44A3422CBF6FF085086FF06B
:10D2F0008908A0E66FF086089DE642F204018B42A1
:10D3000017D0274B99453FF4EFAE264B99457FF454
:10D3100010AE04EB070B0027A2E66FF085088AE643
:10D320003846F9F77DF981E60C2797E66FF0830818
:10D3300081E61D4B9945F7D0194B99453FF4D4AE82
:10D34000184B9945E5D0174685E6419B07EB040B42
:10D350005B4515D3BDF84E80FFE507EB040B2BFAB8
:10D3600002FB0BFA02FBBB447AE60127D1E70E4A27
:10D370009145D9D00A4A91457FF4DBAD0D27ABE644
:10D380006FF0890857E600BF6F6D0020E0150200BE
:10D3900050620020E10C01000D0E0100D10D0100D2
:10D3A0000013C00400414004000180042DE9F04F47
:10D3B0004FF4C0750F460024ABB0369908951D4652
:10D3C00007F0FE43B3F1806FCDE90944CDE90B448A
:10D3D00007940C6040F0CB8004461646F3F702FF3A
:10D3E000002800F06581204607A90FF009FF80465C
:10D3F000F3F704FFB8F1000F70D10B9B3A464FF4DE
:10D40000007107A80A93FDF753F98046002865D1FB
:10D41000BDF81C3003F4E042B2F5005F62D042F286
:10D420000402934279D0A84B9F4200F09280834639
:10D43000A64BBDF81EA09F4200F0A480A44B9F42C3
:10D4400000F0E480A34B9F4240F08380A24B0DAFDD
:10D450001B783846002B40F08D8003F04BFA0423F4
:10D460008DF834300DF14C095822002148460CF05B
:10D4700013F89A4B394601A8CDF804900293F5F7BA
:10D48000B1FC8146002800F01C81384603F03AFACE
:10D4900021460AF1070203ACD2080023204602F01D
:10D4A0007FFE06EB08030E93349B39464846CDE9D0
:10D4B0000F360D941195F5F749FD02F0B7FCD9F838
:10D4C000003080461A7E012A49D04846F5F7AEFC66
:10D4D000B8F1000F02D1369BC3F800B040462BB024
:10D4E000BDE8F08F4FF00108C3F3022208FA02F8FA
:10D4F0007AB1774927F480728A4235D001F50071FC
:10D500008F4231D076498F422ED0A1F53F418A42D9
:10D510002AD042F20402934202D1724A974221D0A9
:10D52000694A974200F0C7804FF00008359AAA4236
:10D53000C0F0C4800122C3F3022302FA03F3AB421A
:10D540005FD9644B27F480629A4210D0604B9F42AF
:10D5500059D06FF0850840462BB0BDE8F08F00220F
:10D560005A76B5E74FF00C08B5EB0805DED26FF040
:10D570008608B3E703F0BEF901238DF834305A4B27
:10D580000E936FE7544B0DAF1B783846002B7FD1BD
:10D5900003F0F4F904238DF834300DF14C095022D6
:10D5A000002148460BF078FF504B394601A8CDF8D2
:10D5B00004900293F9F710F88146002800F081806A
:10D5C00003A803F0E3F90AF10702D2082146002379
:10D5D000384602F0E5FD349B464403A948460593CE
:10D5E000CDE903760695F9F77FF802F01FFCD9F82C
:10D5F000003080461A7E012AB1D04846F9F710F86B
:10D6000066E7AB4614E7AB46BDF81EA0324B0DAF44
:10D610001B783846002B43D103F0A0F904238DF882
:10D6200034300DF14C095C22002148460BF034FFE8
:10D630002F4B394601A8CDF804900293F8F75AFA17
:10D64000814600283DD0384603F090F921460AF182
:10D65000070203ACD2080023204602F0A1FD06EB2E
:10D6600008030E93349B39464846CDE90F360D9496
:10D670001195F8F72FFC02F0D9FBD9F8003080465D
:10D680001A7E012A3FF46BAF4846F8F757FA1FE7B6
:10D6900003F074F901238DF83430164B0E937CE7B8
:10D6A00003F05CF901238DF83430134B0E93B8E787
:10D6B0006FF0830812E74FF00D0855E76FF0890807
:10D6C0000CE76FF0880809E70013C0040044400429
:10D6D0000010C004004040046F6D0020F0150200EF
:10D6E00000FF400400018004E10C0100DC15020091
:10D6F000E01502000D0E0100D10D01002DE9F047EB
:10D7000000234FF4C0758AB0CDE90553CDE9073346
:10D710000493099390F870301646C26E43F00403E8
:10D72000044680F87030002A40F03F81DBB21A07CF
:10D7300000F13B8106F0FE42B2F1806F40F029819A
:10D740000F46F3F74FFD002800F02A810DF1100875
:10D75000414638460FF054FD0546F3F74FFD002DC6
:10D7600044D1089B32464FF4807140460793FCF742
:10D770009FFF0546D0BBBDF81030B3F5105F94F89D
:10D78000703040F01B8160F34103BDF8122084F833
:10D7900070308F4B07329E424FEAD20204F1080AE2
:10D7A00004F1800104F1A4092DD094F8703043F005
:10D7B000010384F87030874B9E4267D003F5807375
:10D7C0009E4207D003F580739E4203D0824B9E4257
:10D7D00040F09280102363670023C4F8A0104846ED
:10D7E0003946E36702F0DCFC6FF0850594F8703091
:10D7F000404643F0080384F870300FF06BFE284673
:10D800000AB0BDE8F08794F87030C4F8A01060F357
:10D8100000036067E06784F8703039460346484685
:10D8200002F0BEFC6D4B1B7833BB6D46284603F0FF
:10D83000A5F804238DF800300AF1080700215022D2
:10D8400038460BF029FE664B29465046A760E36038
:10D85000F8F7C2FE002800F0AE804946F8F79CFFBA
:10D8600002F0E4FA0546002DC0D101232846A66740
:10D87000E3660AB0BDE8F0876D46284603F07EF8FF
:10D8800001238DF80030574B0193D5E70346E0673D
:10D890001020C4F8A01060673946484602F080FCAA
:10D8A0004E4B0AF108071B78F3B16D46284603F08A
:10D8B00055F801238DF800304B4B019300215C2279
:10D8C00038460BF0E9FD494B29465046A760E36016
:10D8D000F8F710F900286ED049460022F8F78EFBC1
:10D8E00002F0A4FA0546BEE76D46284603F036F876
:10D8F00004238DF80030E1E7A3F53F439E4214D0A6
:10D9000003F580739E423FF465AF394B9E4208BFDA
:10D910000D233FF460AF0023C4F8A01048463946F9
:10D920006367E36702F03CFC5EE700231020C4F865
:10D93000A01060673946E367484602F031FC274B88
:10D940000AF108071B78E3B16D46284602F0D2FFC2
:10D9500001238DF80030274B0193002158223846CF
:10D960000BF09AFD244B29465046A760E360F5F77B
:10D9700039FA00B34946F5F71BFB02F057FA0546A2
:10D9800071E76D46284602F0B5FF04238DF800309C
:10D99000E3E743F008036FF0850580F870302EE769
:10D9A0006FF083050DF1100820E794F8703043F014
:10D9B000080384F870306FF0880520E743F008030F
:10D9C000404684F870300FF085FD6FF0860516E74D
:10D9D000004440040010C00400FF40046F6D0020AC
:10D9E000DC1502000D0E0100D10D0100E015020052
:10D9F0000013C004E10C0100F01502002DE9F0470E
:10DA000000234FF4C0758AB0CDE90553CDE9073343
:10DA10000493099390F870301646C26E6FF3820338
:10DA2000044680F87030002A40F03F81DBB21A07CC
:10DA300000F13B8106F0FE42B2F1806F40F0298197
:10DA40000F46F3F7CFFB002800F02A810DF11008F4
:10DA5000414638460FF0D4FB0546F3F7CFFB002DC7
:10DA600044D1089B32464FF4007140460793FCF7BF
:10DA70001FFE0546D0BBBDF81030B3F5105F94F81B
:10DA8000703040F01B8160F34103BDF8122084F830
:10DA900070308F4B07329E424FEAD20204F1080ADF
:10DAA00004F1800104F1A4092DD094F8703043F002
:10DAB000010384F87030874B9E4267D003F5807372
:10DAC0009E4207D003F580739E4203D0824B9E4254
:10DAD00040F09280102363670023C4F8A0104846EA
:10DAE0003946E36702F05CFB6FF0850594F870300F
:10DAF000404643F0080384F870300FF0EBFC2846F2
:10DB00000AB0BDE8F08794F87030C4F8A01060F354
:10DB100000036067E06784F8703039460346484682
:10DB200002F03EFB6D4B1B7833BB6D46284602F07E
:10DB300025FF04238DF800300AF108070021502248
:10DB400038460BF0A9FC664B29465046A760E360B7
:10DB5000F8F742FD002800F0AE804946F8F74AFE8B
:10DB600002F064F90546002DC0D101232846A667BE
:10DB7000E3660AB0BDE8F0876D46284602F0FEFE77
:10DB800001238DF80030574B0193D5E70346E0673A
:10DB90001020C4F8A01060673946484602F000FB28
:10DBA0004E4B0AF108071B78F3B16D46284602F088
:10DBB000D5FE01238DF800304B4B019300215C22F0
:10DBC00038460BF069FC494B29465046A760E36094
:10DBD000F7F790FF00286ED049460022F8F74AFA7E
:10DBE00002F024F90546BEE76D46284602F0B6FE6F
:10DBF00004238DF80030E1E7A3F53F439E4214D0A3
:10DC000003F580739E423FF465AF394B9E4208BFD7
:10DC10000D233FF460AF0023C4F8A01048463946F6
:10DC20006367E36702F0BCFA5EE700231020C4F8E4
:10DC3000A01060673946E367484602F0B1FA274B07
:10DC40000AF108071B78E3B16D46284602F052FE40
:10DC500001238DF80030274B0193002158223846CC
:10DC60000BF01AFC244B29465046A760E360F5F7F9
:10DC7000B9F800B34946F5F7C5F902F0D7F80546FB
:10DC800071E76D46284602F035FE04238DF800301A
:10DC9000E3E743F008036FF0850580F870302EE766
:10DCA0006FF083050DF1100820E794F8703043F011
:10DCB000080384F870306FF0880520E743F008030C
:10DCC000404684F870300FF005FC6FF0860516E7CB
:10DCD000004440040010C00400FF40046F6D0020A9
:10DCE000DC1502000D0E0100D10D0100E01502004F
:10DCF0000013C004E10C0100F0150200F8B5C36E7A
:10DD00000446002B51D090F8703018074DD403F022
:10DD10000303012B49D1102A50D8636F93424DD889
:10DD2000A36F2B48834232D02A4A934208D06FF027
:10DD3000850094F8703043F0080384F87030F8BD23
:10DD4000254E0D46337813B10422A3681A7604F1E8
:10DD500008073846F8F7CAF902F068F8337803BBC9
:10DD60000028E6D194F870302A465B07384604F163
:10DD7000A40113D4F8F77EF902F058F80028D8D19E
:10DD800094F8703043F0020384F87030F8BD04F169
:10DD90000800F5F74FF802F049F8EFE7F8F72EF929
:10DDA000EAE70122A3681A76DAE794F870306FF098
:10DDB000880043F0080384F87030F8BD94F87030A0
:10DDC0006FF0860043F0080384F87030F8BD00BFA0
:10DDD000004040040010C0046F6D00202DE9F041A8
:10DDE00000251D601F46C36E8CB00446CDE9045566
:10DDF000CDE90655002B50D090F8703013F008068E
:10DE00004BD103F00300012847D1656F95424DD8EF
:10DE100008A8884602F0BAFE0423314602AE082262
:10DE200030468DF820300BF037FB254B684608A9AB
:10DE30000096019302F0C8FE064600283DD0EA0095
:10DE400004A902F0E9FE01F0E5FF0546304602F0C4
:10DE5000DDFE4DB194F8703043F0080384F8703063
:10DE600028460CB0BDE8F0812046626F04A9FFF798
:10DE700045FF05460028EDD194F87030404643F048
:10DE8000020384F87030626F04A90BF0C7FA2846C9
:10DE9000636F3B600CB0BDE8F08194F870306FF0B8
:10DEA000880543F0080384F87030D9E743F008038D
:10DEB0006FF0890584F87030D2E76FF08805C9E704
:10DEC000506200202DE9F047002482B0DDF82CC01C
:10DED0001F46CCF80040C36E0446002B00F0918032
:10DEE00090F87030180700F18C80154603F003029B
:10DEF000012A00F08680A26F002A00F082800E4680
:10DF000002F0FE41B1F1806F40F08480002D55D0C9
:10DF1000E06F0A9B284420F00F009842CCF80000E4
:10DF20007FD8444B22F4806199420DD0424B9A42F3
:10DF30000AD06FF0850094F8703043F0080384F83D
:10DF4000703002B0BDE8F087D4F87CA005EB0A037E
:10DF50000F2B4BD904F10808BAF1000F12D10F2D85
:10DF600032D8D4F8A03004F18000834208BF04F115
:10DF700090002A463146C4F8A0000BF04FFAE5673E
:10DF80000020DEE7D4F8A000CAF11009103D4A468F
:10DF90003146504455440BF041FA0F2D8CBF0023FD
:10DFA0000123009301213B464046D4F8A020FCF712
:10DFB00047FC0023E36718B10128BCD10120C0E76A
:10DFC0000F2D4E440FD9103701223B460092404698
:10DFD0003246C5F30711FCF733FC0028ECD125F0DD
:10DFE0000F031E44ED1A002DCAD0BAE7D4F8A000E2
:10DFF00031462A4650440BF011FAE36F2B44E36795
:10E00000DCE794F870306FF0880043F0080384F880
:10E01000703096E743F008036FF0860084F87030A4
:10E020008FE794F870306FF0890043F0080384F8AC
:10E03000703086E7004040040010C004C36E70B525
:10E0400013B3836F254A0446934238D0244A93423F
:10E050001DD0244A93420ED0AC22002108300BF090
:10E060001BFA6FF0850594F87030284643F00803DA
:10E0700084F8703070BD08342046F4F7D7FEAC2227
:10E08000002120460BF008FA0025284670BD164DE9
:10E090002B7813B1042283681A7604F108063046FF
:10E0A000F8F724F801F0C2FE2B7805468BB9AC22B4
:10E0B000002130460BF0F0F9002DD4D1E4E708340C
:10E0C0002046F8F7ADFAAC22002120460BF0E4F927
:10E0D000DAE70122A3681A76E9E700BF00444004AA
:10E0E0000010C004004040046F6D0020F0B51D46D4
:10E0F000C36E044685B0002B00F0968090F8703017
:10E1000013F0080740F090800E4603F00301012948
:10E1100000F08A80806F00F0FE41B1F1806F40F026
:10E120008C80494B984252D02F60E76FD7B1474B54
:10E1300020F48061994277D0974251D803F58063EB
:10E14000984256D0424B984212D06FF08506002379
:10E1500030462B6094F8703043F0080384F8703038
:10E1600005B0F0BD3B4B984243D0394B984217D194
:10E17000684602F0FFFBD4F8A0306946CDE90036CE
:10E18000E36F04F108000293F8F718F801F04EFE6F
:10E190000646E36F2B60002ED9D1304605B0F0BDA6
:10E1A0002A4B9842D1D1684602F0B0FB694604F18F
:10E1B000080001960297F4F793FF01F037FE264B13
:10E1C00006461B7863B3002384F82930E3E7102365
:10E1D0000F2A2B6004D9E36F002BB6D09A42B4D239
:10E1E00094F870306FF0890643F0080384F87030BB
:10E1F000D3E70027684602F0C9FB04F1A40369468F
:10E2000004F10800009302960397F8F75BFB01F016
:10E210000DFE114B06461B7813B184F82970BAE73E
:10E220002046FFF70BFFB6E794F870306FF08806D2
:10E2300043F0080384F87030AFE743F008036FF051
:10E24000860684F87030A8E700414004004040048E
:10E250000010C004004440046F6D002070B5D0F879
:10E260002061044676B390F828C11CF0030F29D131
:10E270000125D4F8243184F87951174D23F47E1305
:10E28000AB42C4E94B1200F118000BD0134DAB4266
:10E2900011D06FF0850094F8283143F0020384F820
:10E2A000283170BDD4F83C31EFF7EEFC01F0BEFD33
:10E2B0000028F0D170BDF0F70FF901F0B7FD00288C
:10E2C000F8D0E8E794F828316FF0880043F00203B3
:10E2D00084F8283170BD00BF0001400500024005F0
:10E2E0002DE9F04F00234FF4C0748DB0CDE9063412
:10E2F000CDE90833CDE90A33D0F820310546002BAB
:10E3000040F0078190F82831980700F10281164605
:10E3100002F0FE42B2F1A06F40F0F1800F46F2F73A
:10E3200061FF002800F0F0800DF1180841463846E2
:10E330000EF066FF0446F2F761FF64B195F82831EC
:10E34000404643F0020385F828310FF0C3F8204619
:10E350000DB0BDE8F08F0A9B32464FF48071404605
:10E360000993FCF7A5F904460028E7D1BDF81A2067
:10E37000BDF81840073205F5B479034639464846DA
:10E38000D20801F00DFF04F4E043B3F5005F0BD0B9
:10E3900095F82831404643F0020385F828310FF004
:10E3A00099F86FF08604D2E7C4F30224042CEFD16D
:10E3B00086F0AA6383F4807333F47E1326F47E120E
:10E3C00040F08A80574BC6F305479A4248D0564BD7
:10E3D0009A4242D13A1F0C2A3CD841F61173D340DD
:10E3E000DB0737D5514B02AC1B78204605F1180BE3
:10E3F00005F1200A002B67D102F0CCFA04238DF836
:10E40000083000214FF4807250460BF045F8484B1D
:10E4100021465846C5F818A0EB61F8F70FFE002812
:10E4200077D049463B460022F8F72EFE01F0FEFC6D
:10E430000446002C82D10123204605F5A072C5F8C0
:10E440002461C5F83C71C5F86021C5F820310DB0D4
:10E45000BDE8F08F6FF0860470E76FF085046DE71C
:10E46000102FF7D8334BFB40DA07F3D52F4B02AC14
:10E470001B78204605F1180B05F1200AE3B902F0DC
:10E4800049FA04238DF808300021F42250460BF09D
:10E4900003F8294B21465846C5F818A0EB61F5F75B
:10E4A000ABFFB0B3002349461A460097F5F7C8FF03
:10E4B00001F0BCFC0446BCE702F02CFA01238DF805
:10E4C00008301E4B0393DFE702F064FA01238DF856
:10E4D00008301B4B039394E786F0AA6383F4007320
:10E4E00033F47E133FF46EAF0E4B9A42B2D00E4B14
:10E4F0009A4214BF6FF085046FF086041EE743F064
:10E50000020385F828314CE76FF083040DF11808F9
:10E5100014E795F828316FF0880443F0020385F87A
:10E52000283114E700014005000240056F6D00200E
:10E53000D815020050550100EC1502001D0D010018
:10E54000490E01002DE9F04F00234FF4C0748DB047
:10E55000CDE90634CDE90833CDE90A33D0F82031CE
:10E560000546002B40F00B8190F82831980700F108
:10E570000681164602F0FE42B2F1A06F40F0F5802F
:10E580000F46F2F72FFE002800F0F4800DF1180876
:10E59000414638460EF034FE0446F2F72FFE64B1D1
:10E5A00095F82831404643F0020385F828310EF0F3
:10E5B00091FF20460DB0BDE8F08F0A9B32464FF424
:10E5C000007140460993FCF773F804460028E7D130
:10E5D000BDF81A203946BDF81840073205F5B47762
:10E5E0000346D208384601F0DBFD04F4E043B3F5FE
:10E5F000005F0BD095F82831404643F0020385F8C0
:10E6000028310EF067FF6FF08604D2E7C4F30224CE
:10E61000042CEFD186F0AA6383F4807333F47E1365
:10E6200026F47E1240F08E80594BC6F305499A427B
:10E6300049D0584B9A4243D1A9F104020C2A3CD844
:10E6400041F61173D340DB0737D5534B02AC1B782F
:10E65000204605F1180B05F1200A002B6AD102F0C3
:10E6600099F904238DF8083000214FF48072504648
:10E670000AF012FF494B21465846C5F818A0EB6135
:10E68000F8F7DCFC00287AD0002339461A46F8F760
:10E6900009FD01F0CBFB0446002C81D1012320466B
:10E6A00005F5A072C5F82461C5F83C91C5F8602154
:10E6B000C5F820310DB0BDE8F08F6FF086046FE72C
:10E6C0006FF085046CE7B9F1100FF6D8344B23FADC
:10E6D00009F3DA07F1D5304B02AC1B78204605F17F
:10E6E000180B05F1200AEBB902F014F904238DF898
:10E6F00008300021F42250460AF0CEFE294B214674
:10E700005846C5F818A0EB61F5F776FEB8B30023BC
:10E7100039461A46CDF80090F5F7BEFE01F086FBAB
:10E720000446B9E702F0F6F801238DF808301E4BD5
:10E730000393DEE702F02EF901238DF808301B4B1E
:10E74000039391E786F0AA6383F4007333F47E1396
:10E750003FF46AAF0E4B9A42AFD00E4B9A4214BFB1
:10E760006FF085046FF086041AE743F0020385F822
:10E77000283148E76FF083040DF1180810E795F889
:10E7800028316FF0880443F0020385F8283110E740
:10E7900000014005000240056F6D0020D815020001
:10E7A00050550100EC1502001D0D0100490E01003D
:10E7B0002DE9F04F002483B09846DDF8349090F8AE
:10E7C0007931C9F800400446002B00F0A780D0F84A
:10E7D0002031002B00F0A28090F8283103F00303D1
:10E7E000012B40F09B8000F1180AD0F83801164642
:10E7F0001044D4F82C31D4F83421C4F838019A42AA
:10E80000C0F09580D4F83031984200F2908094F8AE
:10E8100078010F46D4F8643110B3F5180C9B25F03D
:10E820000F0B9B45C9F800B000F28A800F2DD4F879
:10E83000643166D933BB0123CDF800800193504683
:10E840005B463A46D4F82411FCF72CF9A0BBA5EBA3
:10E850000B055F44002D4BD1002003B0BDE8F08FC5
:10E86000D4F82411D4F8602123B100905046FCF76D
:10E87000A7F808BB012384F8783100233546C4F893
:10E880006431CBE7D4F86001C3F110061844324676
:10E890003946103D0AF0C2FD0F2D8CBF0023012325
:10E8A000CDF80080019350461023D4F86021D4F8AD
:10E8B0002411FCF7F7F840B194F8283143F0020333
:10E8C00084F8283103B0BDE8F08FD4F8602104F556
:10E8D000A0739A4208BF04F5A87335F00F0BC4F873
:10E8E0006401C4F860313744B4D008F11008A2E7DD
:10E8F0002A463946D4F860010AF090FDC4F8645104
:10E90000AAE7D4F860013246394618440AF086FD79
:10E910000120C4F8645103B0BDE8F08F94F82831A9
:10E920006FF0880043F0020384F82831CAE794F8B6
:10E9300028316FF0860043F0020384F82831C1E7E4
:10E9400094F828316FF0890043F0020384F82831ED
:10E95000B8E700BF2DE9F041D0F86481044690F893
:10E96000790184B008EB0206002800F0A780D4F8F3
:10E970002001002800F0A28094F828E10EF00305A1
:10E98000012D40F09B8094F87801002840F096809B
:10E990001346D4F834010344D4F82C01C4F83431BC
:10E9A000834200F294800F2E7DD90F4604F11805A2
:10E9B000B8F1000F26D126F00F08D4F82431474AC9
:10E9C00023F47E1393425CD0454A93424ED1454B8B
:10E9D0001B7813B90422A3691A7602A801F0E6FF96
:10E9E00002A92846CDE90278F8F774FB01F01EFA77
:10E9F00000283DD1A6EB0806474476BB002004B0B2
:10EA0000BDE8F081D4F860014044C8F110084246E6
:10EA10000AF004FDA6F11003B3FA83F35B09009337
:10EA200028461023D4F86021D4F82411FBF7C8FF3E
:10EA3000F0B9D4F8602104F5A0739A42A6F110064B
:10EA400008BF04F5A873474436F00F08C4F8640102
:10EA5000C4F86031B1D1002ED0D032463946D4F856
:10EA600060010AF0DBFCC4F86461C7E76FF0850061
:10EA700094F8283143F0020384F8283104B0BDE84B
:10EA8000F081184B1B7813B90422A3691A7602A8E7
:10EA900001F04CFF02A92846CDE90278F5F738FDD0
:10EAA00001F0C4F9A4E7D4F8600140440AF0B6FCD0
:10EAB0002846C4F8646104B0BDE8F08194F82831B8
:10EAC0006FF0880043F0020384F8283197E74EF096
:10EAD000020E6FF0860084F828E190E700014005FF
:10EAE000000240056F6D002038B50446D0F82001C3
:10EAF00000283BD094F82801830737D1D4F82401AB
:10EB00001F4D20F47E10A84211D01E4DA84208D0FF
:10EB10006FF0850094F8283143F0020384F828311F
:10EB200038BD531E0C2B17D96FF08600F2E794F80E
:10EB30007901C0B1D31F062BF6D804F11800F5F700
:10EB4000D7FC01F073F90028E4D194F8283143F0A0
:10EB5000010384F8283138BD04F11800F8F7B0FA41
:10EB600001F064F9EFE76FF08800D3E794F82831FB
:10EB70006FF0880043F0020384F8283138BD00BFED
:10EB800000014005000240052DE9F0411E46D0F885
:10EB90002031044688B0002B5FD090F828319B07C5
:10EBA0005BD1D0F82451374B884625F47E11994229
:10EBB0004FD085F0AA6383F4807333F47E132FD192
:10EBC0000D239342336053D804A801F0DFFF0423E0
:10EBD00002AD0822002128468DF810300AF05CFCB6
:10EBE000294B684604A90095019301F0EDFF6FF0F1
:10EBF0008805074650B1802204A902F00DF801F003
:10EC000009F90546384602F001F89DB194F828311B
:10EC100043F0020384F82831284608B0BDE8F081AB
:10EC200085F0AA6585F4007535F47E131ED00023A7
:10EC30003360C9E7326804A940460AF0EFFB414659
:10EC400020463268FFF750FF0546284608B0BDE869
:10EC5000F08190F87931002BABD194F828316FF026
:10EC6000880543F0020384F82831D5E70C23A8E790
:10EC700094F828316FF0890543F0020384F82831B5
:10EC8000CAE700BF0001400550620020F0B5002730
:10EC90001F601D46D0F82031044689B0002B00F0DB
:10ECA0008C8090F8283103F00303012B40F085801D
:10ECB000D0F86431934200F289800E46D0F83C21AE
:10ECC0000F998A4200F2828090F8792100F11807AA
:10ECD0005AB1D0F83411D0F82C21914264D3D0F835
:10ECE0003811D0F8302191425ED394F87801D4F8ED
:10ECF000241178B9D4F8602133B100903846FBF77D
:10ED00005FFE88B9D4F82411012384F878310023F8
:10ED1000C4F86431324B21F47E129A422FD0314B29
:10ED20009A4209D06FF0850094F8283143F002032D
:10ED300084F8283109B0F0BD03A801F03FFED4F8F3
:10ED400064310E9A0693D4F83C3138468DF81C3065
:10ED5000D4F8603103A9049605920393F8F744FAB6
:10ED600000239DF81C2010990A60069A2A60C4F8B6
:10ED7000643101F05BF80028D6D109B0F0BD03A8DA
:10ED800001F0DCFDD4F864310E9A0693D4F83C31DE
:10ED900038468DF81C30D4F8603103A904960592EA
:10EDA0000393F5F715FDDBE794F828316FF0860043
:10EDB00043F0020384F82831BCE794F828316FF05F
:10EDC000880043F0020384F82831B3E794F828312F
:10EDD0006FF0890043F0020384F82831AAE700BFEE
:10EDE0000001400500024005F0B500271F601D46E8
:10EDF000D0F82031044689B0002B00F0A5800E46E3
:10EE000090F8281101F00303012B40F09D80D0F809
:10EE10006431934200F2A18090F8792100F1180743
:10EE200062B1D0F83411D0F82C219142C0F0838027
:10EE3000D0F83811D0F8302191427CD3D4F8241185
:10EE4000494A21F47E10904240D094F87821AAB922
:10EE5000D4F86021002B65D0002000903846FBF7E5
:10EE6000AFFD80B90122C4F86401D4F824013E4BFF
:10EE700020F47E10984284F8782138D03B4B984299
:10EE800009D06FF0850094F8283143F0020384F82C
:10EE9000283109B0F0BD03A801F090FDD4F8643129
:10EEA000384606930E9B03A905930F9B04968DF895
:10EEB0001C30D4F860310393F8F7EAF9069B2B6015
:10EEC00000F0B4FF0028DED109B0F0BDD4F83C2139
:10EED0000F9882422FD194F8782142B9D4F860215A
:10EEE000002BB9D1C4F86431012384F8783103A828
:10EEF00001F024FDD4F864310E9A0693D4F83C3125
:10EF000038468DF81C30D4F8603103A90393049679
:10EF10000592F5F7D1FC069B2B6000F087FF0028D7
:10EF2000D2D0B0E7C4F86431012384F878310F4BB4
:10EF30009842A6D1AFE794F828316FF0860043F0ED
:10EF4000020384F82831A4E794F828316FF0880090
:10EF500043F0020384F828319BE741F002016FF08F
:10EF6000890084F8281194E700014005000240055B
:10EF700038B5D0F820519DB1D0F82431104A23F48F
:10EF80007E13934215D00F4A93420BD06FF0850544
:10EF900000F118044FF4B272002120460AF07CFA06
:10EFA000284638BD00F118042046F8F76BF8002514
:10EFB000F0E700F118042046F5F73EFAF7E700BF46
:10EFC00000014005000240052DE9F04F00254FF4F7
:10EFD000C07CD9B09846689BCDE9095C1D6001F002
:10EFE000FE43B3F1A06FCDE90B55CDE90D5555D1D9
:10EFF00017468D4A21F0FF0393420C46064645D042
:10F000008A4A934242D0A2F5885293423ED021F4DC
:10F01000FF7222F00102B2F1062F37D084498B42F1
:10F0200034D0844B9A4231D0210437D4F2F7DAF845
:10F03000002800F0A781304609A90EF0E1F8054646
:10F04000F2F7DCF8F5B90D9B22464FF4807109A860
:10F050000C93FBF72DFB0546A0B9BDF82430BDF895
:10F0600026A003F4E041B1F5005F1AD042F2040299
:10F07000934233D0659B679A934294BF6FF08605A5
:10F080006FF08905284659B0BDE8F08F14F0FF03F2
:10F09000CCD0694A43F000739342C7D16FF0850525
:10F0A000F0E7C3F3022004284FEA1322DED184F0F4
:10F0B000AA6383F4807333F47E1300F0668184F0D6
:10F0C000AA6383F4007333F47E1300F05E81659BC2
:10F0D000679A934213D96FF08905D3E784F005222C
:10F0E00082F4801232F47E1200F02581659A6799CD
:10F0F0008A42F0D8C3F30223042B40F08F80DDE96D
:10F1000065234FF0000B13440193629B002B00F02A
:10F11000F480649B002B00F0F780669B002B7AD074
:10F12000002F7BD0454A24F47E13934200F0908058
:10F13000434A9342B2D1434B23FA0BF3DB076DD51D
:10F14000414B0FAD1B782846002B40F0CF8001F0DB
:10F1500021FC04232B700DF160094FF48072002113
:10F1600048460AF099F9394B294603A8CDF80C9086
:10F170000493F7F763FF8146002800F0CA80284611
:10F1800001F010FC31460AF1070205AED208002357
:10F19000304601F005F82E604FF00006019B29462D
:10F1A0006B61629B2F616B60639B85F82080AB6114
:10F1B000649B85F821B0AB60669B85F82260EB60AC
:10F1C000659B4846EB61EFF71BF800F02FFED9F87E
:10F1D000003005461A7E012A40F0A1805E76002D9F
:10F1E0007FF450AF84F0AA6383F4807333F47E130A
:10F1F00007D084F0AA6383F4007333F47E1340F0E5
:10F20000BF80659BC4F305441C442846689B1C6072
:10F2100059B0BDE8F08F679B002B81D06FF0860559
:10F22000284659B0BDE8F08F000300060013000621
:10F230000009000600040006FF000002000140056E
:10F240000002400510F101006F6D0020D81502008A
:10F25000544B23FA0BF3DA07E0D5534B0FAD1B7871
:10F260002846002B5FD101F055FB04232B700DF1D4
:10F270006009F422002148460AF00EF94B4B29465A
:10F2800003A8CDF80C900493F5F7B6F88146002852
:10F290003FD0284601F046FB31460AF1070205AE91
:10F2A000D2080023304600F07BFF019B29466B61AA
:10F2B000629B2E606B60639B2F61AB61649B85F8E2
:10F2C0002080AB60669B85F821B0EB60659B48466B
:10F2D000EB61EEF76DFB00F0A9FDD9F800300546B3
:10F2E0001A7E012A48D100225A7678E701F052FBB3
:10F2F00001232B702E4B6B602DE7639B002B8DD170
:10F30000649B002B7FF409AF659B002B3FF405AF96
:10F3100084E76FF08805284659B0BDE8F08F48466D
:10F32000F7F7B0FE5BE701F0F5FA01238DF83C300A
:10F33000204B10939BE7C4F3054BBBF1100F3FF636
:10F340006DAF659A67985A4482423FF6C4AEB1F5F4
:10F35000005F7FF463AF1A0A02F00703042B7FF407
:10F360005DAFDDE965239B1801937FF4CEAEBBF161
:10F37000000F3FF4CAAE51E74846F5F75DF82EE7B7
:10F380002C4642E76FF083057CE6C4F3054BBBF1E6
:10F39000100F3FF643AF659B67995B449942DBD200
:10F3A00099E600BF505501006F6D0020EC1502007A
:10F3B000490E01001D0D01002DE9F04F00244FF40E
:10F3C000C076D9B09946689BCDE90946CDE90B4492
:10F3D000CDE90D44002B4DD01C6001F0FE43B3F18C
:10F3E000A06F0D4654D190468B4A21F0FF03934203
:10F3F000074645D0894A934242D0A2F588529342AB
:10F400003ED021F4FF7222F00102B2F1062F37D074
:10F4100083498B4234D0834B9A4231D0290437D46C
:10F42000F1F7E0FE002800F0A081384609A90DF0B0
:10F43000E7FE0446F1F7E2FEF4B90D9B2A464FF4CD
:10F44000007109A80C93FBF733F90446A0B9BDF885
:10F450002620BDF82430009203F4E042B2F5005FAC
:10F4600019D042F204018B4233D0659B679A9342D4
:10F4700000F27E816FF08604204659B0BDE8F08F1F
:10F4800015F0FF03CCD0684A43F000739342C7D114
:10F490006FF08504F0E7C3F302210429E1D185F080
:10F4A000AA6181F4807131F47E1100F0248185F02D
:10F4B000AA6181F4007131F47E1100F01C81659B1A
:10F4C000679A934200F254819A46649B5344019395
:10F4D00015E085F0052181F4801131F47E1100F0F2
:10F4E0000A81659A67998A4200F24281C3F3022336
:10F4F000042BBFD192460024649B13440193629B6A
:10F50000002B00F0F380669B002BB3D0649B002B94
:10F5100077D0B8F1000FADD0444A25F47E13934262
:10F5200000F08E80424A9342B2D1424BE340DB0767
:10F53000A0D5414B0FAE1B783046002B40F0CF805A
:10F5400001F028FA042333700DF1600B4FF4807240
:10F550000021584609F0A0FF384B314603A8CDF8EA
:10F560000CB00493F7F76AFD8346002800F0E880AA
:10F57000304601F017FA009A3946073205AFD20833
:10F580000023384600F00CFE37604FF00007649B04
:10F590003146B360019B86F821407361629B5846F7
:10F5A0007360639BC6F81CA0B361669BC6F81080AD
:10F5B000F36086F8209086F82270EEF7D9FE00F00E
:10F5C00035FCDBF8003004461A7E012A40F0B48096
:10F5D0005F76002C7FF450AF85F0AA6383F48073CC
:10F5E00033F47E1311D085F0AA6383F4007333F4EF
:10F5F0007E130AD000252046689B1D6059B0BDE8E7
:10F60000F08F659B002B84D034E7659BC5F30545DF
:10F610009D42EFD25D1BEEE70003000600130006DB
:10F620000009000600040006FF000002000140057A
:10F630000002400510F101006F6D0020D815020096
:10F640004D4BE340DA077FF515AF4C4B0FAE1B78FF
:10F650003046002B7DD101F05DF9042333700DF1AC
:10F66000600BF4220021584609F016FF444B314646
:10F6700003A8CDF80CB00493F4F7BEFE834600282F
:10F6800064D0304601F04EF9009A3946073205AF92
:10F69000D2080023384600F083FD649B3146B360F6
:10F6A000019B86F821407361629B58467360639B9F
:10F6B0003760B361669BC6F81CA0F360C6F8108083
:10F6C00086F82090EEF72CFA00F0B0FBDBF8003063
:10F6D00004461A7E012A44D100225A7679E701F0C5
:10F6E00059F901233370274B73602DE7639B002B7F
:10F6F0003FF409AFBEE6C5F305446599102CA1EBB4
:10F70000040A3FF6B7AE8C423FF6B4AE67998A451D
:10F710002ED8B2F5005F7FF4ADAEC3F30223042B05
:10F720007FF4A8AE649B13EB0A0301937FF4E7AE6A
:10F73000002C3FF4E4AE9DE65846F7F7A3FC48E7FB
:10F74000669B649A934201D012F028F96FF0880406
:10F7500092E601F0DFF801238DF83C300A4B10935C
:10F760007DE75846F4F768FE33E76FF0830483E6DD
:10F770006FF0890480E600BF505501006F6D0020D6
:10F78000EC150200490E01001D0D010010B50446E4
:10F79000F1F728FD40B104F110000BF035FC0446F0
:10F7A000F1F72CFD204610BD6FF08304FAE700BF8F
:10F7B00038B504460D46F1F715FD48B104F11000C7
:10F7C00029460BF01BFB0446F1F718FD204638BD17
:10F7D0006FF08304FAE700BF38B504460D46F1F731
:10F7E00001FD48B104F1100029460BF011FB04465D
:10F7F000F1F704FD204638BD6FF08304FAE700BF3F
:10F800006FF08500704700BF034670B5DC6886B0B6
:10F810001546684618220E46194609F0FFFD04F009
:10F82000FE43B3F1A06F20D0224B2340B3F1707F91
:10F8300010D000214FF0FF300494F2F767FAA8B31C
:10F84000F1F7D0FC00BB6FF08304F2F787FA204693
:10F8500006B070BD184A24F47E13934203D0A2F57B
:10F86000807293420DD10393E3E7144A24F47E138C
:10F87000934218D002F58072934212D0104B9C42F2
:10F88000D7D06FF08504E2E72A46684606F11001FA
:10F890000BF078FB044608B100232B60F1F7AEFCB7
:10F8A000D3E7084BDFE7084B0393C2E76FF083040D
:10F8B000CDE700BF0000C07F0002C003000140058B
:10F8C00000051005000250050001500538B504463A
:10F8D0000D46F1F787FC48B104F1100029460BF002
:10F8E0006BFA0446F1F78AFC204638BD6FF08304BA
:10F8F000FAE700BFF8B504460D4616461F46F1F775
:10F9000071FC58B104F110003B46324629460BF019
:10F9100099FA0446F1F772FC2046F8BD6FF08304B3
:10F92000FAE700BF70B504460D461646F1F75AFCDB
:10F9300050B104F11000324629460BF0D1FA0446CA
:10F94000F1F75CFC204670BD6FF08304FAE700BF5E
:10F950002DE9F04700244FF4C0759846694BD4B0A8
:10F960009842CDE91245CDE91444CDE9164440F062
:10F97000BD8005460E461746F1F734FC002800F01E
:10F98000B880304612A90DF03BFC0446F1F736FC76
:10F99000002C40F08980169B2A464FF4804112A823
:10F9A0001593FAF785FE044600287DD1BDF848A0DE
:10F9B000BDF84A900AF44F43B3F5824F0CBF53464B
:10F9C00000232AF0FF0209F10705B2F5E24F4FEAE2
:10F9D000D505DCB240F08A8018A800F0F3FF494654
:10F9E000504600F065FA8DF86000002800F0848031
:10F9F000412C76D03B786C00042B04F1010475D1C6
:10FA0000444573D15D9B9D4270D80DF11808314675
:10FA100000232A46404600F0C3FB0AAE39463A4F5F
:10FA20002246304601F0D4F93B782246002B3FD1E4
:10FA300002AC2046354901F0D5F93B781C940EAC58
:10FA40002046CDE91A86002B3CD1F7F72DFE042382
:10FA500023701EAED8220021304609F01DFD2C4B2C
:10FA60002146684600960193F7F726FE06460028D1
:10FA700045D018A9F7F762FE00F0C0F93B780446BC
:10FA80005BB950B9B9F1FF0F2A460CBF1F49214994
:10FA90005C9809F0C3FC5E9B1D6033685A7F012AA5
:10FAA00018D1002283F8D520204654B0BDE8F08755
:10FAB000194B02AC19682046C1E90559243101F0FF
:10FAC00091F9BAE7F7F7F0FD01238DF83830134BC1
:10FAD0000F93BEE73046F7F721FE204654B0BDE84D
:10FAE000F08701232C468DF8743089E76FF0860487
:10FAF000DAE76FF08304D7E76FF08504D4E76FF09F
:10FB00008804D1E7000002096F6D0020A462002084
:10FB10005C620020A562002048600020850E010084
:10FB20006FF08500704700BF70B588B0064604A826
:10FB30000D4601F02BF8042302AC002108222046D8
:10FB40008DF8103009F0A8FC0C4B684604A9CDE9EB
:10FB5000004301F039F870B13146EA00044601F083
:10FB60005BF800F057F9034620461C4601F04EF8BA
:10FB7000204608B070BD6FF08804F9E7506200209D
:10FB80002DE9F0470588B0F8028005F4E043B3F5AD
:10FB9000804F8AB000F09680B8F1000F00F092809C
:10FBA00008F10702B2F5866F80F08F80B3F5805FB1
:10FBB00004460E464FEAD2074BD0B3F5005F48D05B
:10FBC00025F0FF03B3F5E24F02D0B3F5E44F76D151
:10FBD0004146284600F0AAF9002870D0D0F810A0BD
:10FBE00006A800F0D3FF04230DF11009082200211C
:10FBF00048468DF8183009F04FFC354B06A902A88D
:10FC0000CDF80890039300F0DFFF814600284AD02A
:10FC100005F44F43B3F5824F02D1EDB23F2D45D8E5
:10FC200050463A462B49F9F7F3FE2B4ACDF80080AF
:10FC300011684846294B274A01F0BEF800F0EAF85F
:10FC40000546484600F0E2FF25B328460AB0BDE865
:10FC5000F08706A800F09AFF042304AD08220021D3
:10FC600028468DF8183009F017FC194B06A902A890
:10FC70000295039300F0A8FF8046A0B11749FA004F
:10FC800000F0CAFF00F0C6F80546404600F0BEFF8F
:10FC9000002DDAD133463A46204610490AB0BDE875
:10FCA000F047FBF79DB86FF08805CEE70A4BCDF81B
:10FCB000008019685246094B01F042F8BEE76FF028
:10FCC0008505C2E76FF08605BFE76FF08C05BCE7DE
:10FCD0005062002060620020002D0020A4620020FD
:10FCE00010B5F1F7F1FCF1F713FEC0B90446F3F7D4
:10FCF00071F8F4F779FBF5F755FAF5F7F3FEF6F737
:10FD000063FCF7F799F9F7F7CDFCF8F717F9F8F76F
:10FD10000FFDF9F7DDF900F049FF204610BD6FF047
:10FD20009204FAE7053005289ABF034B53F82000E8
:10FD30006FF08300704700BFAC16020000F1220391
:10FD4000222B13D8DFE803F01B181812121212121C
:10FD5000121212121212121212121212121212187D
:10FD600018122518181815151B1E17006FF08300A0
:10FD700070476FF0940070476FF0860070476FF027
:10FD80009200704700290CBF6FF083006FF0940061
:10FD900070476FF088007047821C29D0431C14DA2A
:10FDA00010300D2827D8012340F21D7283401342E2
:10FDB00011D113F0E00F11D143F20202134214BF2C
:10FDC0006FF092006FF0830070470AD0002818BFD0
:10FDD0006FF0830070476FF0860070476FF09400FB
:10FDE000704700290CBF6FF083006FF094007047DC
:10FDF0006FF0880070476FF0830070472830282824
:10FE00009ABF034B33F910006FF08300704700BFB7
:10FE100058160200203020289ABF034B33F91000F7
:10FE20006FF08300704700BF1416020007300728E8
:10FE30009ABF034B53F820006FF08300704700BF58
:10FE4000F415020000F44F43B3F5824F01D00020B7
:10FE50007047C0B212280DD03028F8D1B1F5C07F5C
:10FE600021D0B1F5007F1CD0B1F5807F0CBF0520FB
:10FE700000207047B1F5C07F17D008D8E0290ED018
:10FE8000A1F58071B1FA81F149094800704740F24B
:10FE90000923C91AB1FA81F1490988007047012084
:10FEA000704707207047062070470320704700BF47
:10FEB00000F44F43B3F5824F01D000207047C0B229
:10FEC000302817D041280ED01228F6D1B1F5C07FC6
:10FED0002AD01BD8E02921D0A1F58071B1FA81F197
:10FEE000490948007047A1F1FF01B1FA81F14909C0
:10FEF000C8007047B1F5C07F14D0B1F5007F0FD0B6
:10FF0000B1F5807F0CBF05200020704740F2092327
:10FF1000C91AB1FA81F14909880070470120704778
:10FF200007207047062070470320704700F44F43B6
:10FF3000B3F5824F1AD1C0B2412825D00FD812286C
:10FF400016D0302812D1B1F5C07F29D0B1F5007F8D
:10FF50002AD0B1F5807F164818BF0020704742288C
:10FF600004D1FF29134818BF0020704700207047B4
:10FF7000B1F5C07F1AD00CD8E02913D0B1F5807F3D
:10FF80000D4818BF00207047FF290C4818BF0020FB
:10FF9000704740F209230A48994218BF0020704771
:10FFA0000848704708487047084870470848704735
:10FFB000041C020024170200CC20020020180200BA
:10FFC000E81C0200C01A0200E81F02001C1902000F
:10FFD000A41E0200003918BF01210170704700BF44
:10FFE000027803461AB1002210461A7070474FF08B
:10FFF000FF30704701230370704700BFFEE700BF6A
:020000022000DC
:10000000F0B585B0F1F788F8124E0446357825B181
:100010002046F1F78DF805B0F0BD4FF0FF3701A88D
:10002000F1F7BAF80C4A01AB19210C488DF80C50C5
:100030000297F1F795F801210948FFF7CBFF294610
:100040000848FFF7C7FF012320463370F1F770F827
:1000500005B0F0BD706D0020FDFF01002C63002095
:100060009063002040630020014608B50348FFF775
:10007000B7FFB0FA80F0400908BD00BF90630020D0
:100080000148FFF7B7BF00BF9063002038B5F1F714
:1000900043F80A4D04462B7823B12046BDE838408A
:1000A000F1F746B801210648FFF794FF01232046E7
:1000B0002B70BDE83840F1F73BB800BF716D0020F0
:1000C000E0630020014608B50348FFF789FFB0FA56
:1000D00080F0400908BD00BFE06300200148FFF741
:1000E00089BF00BFE063002070B5F1F715F80B4D34
:1000F00004462E7826B12046BDE87040F1F718B8C6
:1001000001210748FFF766FF0123064A20461670C3
:100110002B70BDE87040F1F70BB800BF736D002085
:1001200030640020726D0020014608B50348FFF7D7
:1001300057FFB0FA80F0400908BD00BF30640020CE
:1001400038B50C48FFF756FFF0F7E6FF0A4D0446B6
:100150002B7823B92046BDE83840F0F7E9BF2920C5
:10016000F1F73CF8002320462B70BDE83840F0F74B
:10017000DFBF00BF30640020726D002008B5002191
:100180000548FFF72DFF10B10122044B1A70B0FA99
:1001900080F0400908BD00BF30640020726D00206F
:1001A000844600B54FF0280E8CF800E00020CCE922
:1001B0000121CCF80C305DF804FB00BF40687047AB
:1001C000806870474088704742B10346114402443A
:1001D00011F801CD03F801CB9342F9D1704700BF6C
:1001E00030B4029D41EA0272073142F0807405F199
:1001F000040CCA0863B92C6042B1131D1044EA18FC
:1002000010F8013D0CF8013B9445F9D130BC704722
:1002100001462C60604630BC09F000B92DE9F84376
:100220001B07099E43EA02639DF820E00B43CF1DA4
:100230000C461546814606F1040CFF084FEA026899
:100240003360BEF1000F0ED13844FFB33A1D324483
:10025000431C13F801ED0CF801EB9445F9D1022D84
:100260001CD0BDE8F88360463A46494609F0D6F806
:10027000022DF6D104F11F0048F48038400948EA05
:100280000403013046F8203006EB80003A4609EBC3
:1002900007010430BDE8F84309F0C0B804F11F03BA
:1002A00048F480385B0948EA0402013346F8232009
:1002B00006EB83037A1C043302441F4412F8011D29
:1002C00003F8011B9F42F9D1BDE8F883022AC8D187
:1002D00048F480330B437360C3E700BFF8B5069F53
:1002E00005461646A3B904223B4603F8012BCA1D56
:1002F000D2080CD002F1040C8444501C38441CF881
:1003000001ED03F801EB8342F9D1022E14D0F8BDC0
:1003100001F11F046409A40022463846291D09F092
:100320007DF8022EF3D104F1080122462944381940
:10033000BDE8F84009F072B801F11F035B0902EB58
:10034000830308332B44024413F8011D00F8011BFA
:100350008242F9D1F8BD00BFF8B5CD1D0F46064663
:10036000069CED08CAB905F1030CADB12A1D024483
:10037000581912F8011D03F8011B9842F9D11F37D3
:100380007F090CEB870305333344254413F8012D13
:1003900004F8012BA542F9D1F8BD2A46311D1846B3
:1003A00009F03CF807F11F01490902312A462046AD
:1003B00006EB8101BDE8F84009F030B82DE9F04FB7
:1003C00003F11F0685B00E9F7609013603F1070879
:1003D0001D460C4607F1040E4FEAD8084FEA86097D
:1003E00007EB860A002A40D1A9F104034345994648
:1003F0004FF4007228BFC1467A8009F1FF325FFADC
:1004000085FB0292C5F307250AF10402A3EB090359
:1004100087F800B07D700192B9F1000F3DD0F4462D
:1004200009F1040800EB090107EB080011F8012DA0
:100430000CF8012B6045F9D1002B43D1029A1444EA
:1004400040F2012207F826B0AAF80220019A8AF8A1
:1004500001500134D04414F8011D02F8011B9045ED
:10046000F9D133BB05B0BDE8F08F43F0007301460E
:10047000424670463B6008F0D1FF4246214609F1F2
:10048000040045F0007545F48035384447F826509F
:1004900005B0BDE8F04F08F0C1BF43451DD840F29C
:1004A000012207F826B08AF80150AAF80220002B92
:1004B000D8D01A4600210198484405B0BDE8F04F55
:1004C00008F0EABF1A4600210EEB0900039308F07A
:1004D000E3FF029B1C44039BB2E71A467046494661
:1004E000029308F0D9FF40F2012207F826B0029BE0
:1004F0008AF80150AAF80220DBE700BF2DE9F04F8F
:100500000027160101F11F0201F1070852099200AC
:100510004FEAD80842459F70174628BF474602F168
:10052000040A46F002065FFA81FBC1F30725F6B222
:1005300003EB0A0985B01C46DE7083F800B05D70DD
:10054000191D09F1040300937B1E0290D21B019335
:10055000002F4AD086467346084607F1040C3B44F8
:1005600004EB0C0E039613F8016D00F8016B864541
:10057000F9D1039ECAB9019B02999844012304F85A
:100580000AB0414489F8015089F8036089F80230C3
:10059000009BCC44013111F8010D03F8010B9C457F
:1005A000F9D1D2B905B0BDE8F08FC8190021039286
:1005B00008F072FF019B02999844012304F80AB0E5
:1005C000039A89F8015089F80360414489F80230A0
:1005D000002FE6D007F1040CDAE700210098384438
:1005E00005B0BDE8F04F08F057BF9045DDD30123BB
:1005F00004F80AB089F8015089F8036089F80230DC
:10060000CFE700BF120130B542F0010401F11F0233
:10061000DC705209CC1D9200E40894424FF00005B2
:1006200028BF14461970090A9D7059701D1D54B1D8
:10063000294600EB040C201D03441CF801ED01F8D1
:1006400001EB9942F9D1121B00D130BD28190021CC
:10065000BDE8304008F020BF08B5FFF7D1FC01220B
:10066000014B1A7008BD00BF746D0020F8B5164626
:1006700004460F46F0F750FD0E4B1A78034692B130
:10068000657E85B901236376F0F752FD022F18BF0E
:100690000026A5762776E576266025771020EFF7E9
:1006A000F9FD2846F8BD1846F0F742FD4FF0FF303F
:1006B000F8BD00BF746D00200346002210205A765A
:1006C000EFF7B6BE38B50446F0F726FDE37E3BB93A
:1006D00003F0FF050123E376F0F72AFD284638BD35
:1006E000F0F726FD4FF0FF3038BD00BF034610B5D0
:1006F0000C460348596807F013F9024BDC6210BD41
:1007000050000C4000000C4003460248596807F0B6
:1007100007B900BF50000C402DE9F04300234FF40F
:10072000C075876893B08846044604A93846914648
:10073000CDE90553CDE90733049309930393F0F70B
:10074000CFFE002856D1064604A8FFF737FD050A5C
:10075000012D23D020462022CDF80490CDF8008032
:1007600003AB0AA9F0F7CAFD044648B188343ED06D
:100770006FF00504012D0BD0204613B0BDE8F083C7
:100780000398A0B91D480AA907F0CAF8012DF3D1B2
:10079000F1F7E4FA204613B0BDE8F0833146304665
:1007A000F1F7B4FA0028D5D16FF00104E4E722464E
:1007B0000121F1F71FFC38B16FF005043846F0F75E
:1007C00033FE0028D4D1D5E7224621460420F1F794
:1007D000D3FA0028F0D1F1F717FB04460028EBD13B
:1007E000074BDB6903F01C031C2BE5D1E6E76FF038
:1007F0000404BFE76FF00504BEE700BF50000C40E3
:1008000000000C40704700BF70B504460D46F0F77D
:1008100083FCE37E7BB903F0FF060123E376F0F768
:1008200087FC95E80F00B64604F1040C8CE80F0035
:100830006661704670BDF0F77BFC4FF0FF3EF8E755
:10084000704700BFB2F5805F8CBF00200120704769
:10085000704700BF037F10B504463BB96FF002023A
:1008600000236261E376A27E32B910BD002301202D
:100870002377EFF7E9FCF1E7A376BDE81040FFF737
:10088000FFBB00BF84460B4610B5144661461A46AE
:100890000548F0F78BFC21461920F0F7A1FCBDE8D4
:1008A0001040192010F04CBF2C630020044B10B5F1
:1008B000044619620120EFF7A3FC0123237710BD42
:1008C00000000C4010B400210F24094A1162C2F844
:1008D0000411C2F81441027F12B95DF8044B70474D
:1008E00003465DF8044B01201977EFF7ADBC00BF5C
:1008F00000000C408446024B0FCB8CE80F00704781
:10090000C41602001822002108F0C6BD0C220021E6
:1009100008F0C2BD8446024B0FCB8CE80F00704735
:10092000D41602002422002108F0B6BD08220021BE
:1009300008F0B2BD0C22002108F0AEBD1422002147
:1009400008F0AABD8446024B0FCB8CE80F0070471D
:10095000E41602001022002108F09EBD8446024BDE
:100960000FCB8CE80F007047F41602001422002110
:1009700008F092BD0C22002108F08EBD8446024B87
:100980000FCB8CE80F0070470417020010220021E3
:1009900008F082BD8446024B0FCB8CE80F007047F5
:1009A000141702002422002108F076BD082200213D
:1009B00008F072BD0C22002108F06EBD1422002147
:1009C00008F06ABD002343608360C3600361037560
:1009D000704700BF8446024B0FCB8CE80F00704776
:1009E000D82102001C22002108F056BD1822002147
:1009F00008F052BD8446024B0FCB8CE80F007047C5
:100A0000E82102000C22002108F046BD1C22002132
:100A100008F042BD1822002108F03EBD0346024AFC
:100A200007CA83E807007047F821020000232DE978
:100A3000F043B2F5803F83B0066801935DD8054668
:100A40000F46014670681446F1F760F9002859D046
:100A50007068FFF769FB002852D0032C25D9A20744
:100A600038460CBFA04624F003084146F1F7EAFFE0
:100A7000264B2A4693F8009000214846F1F77CF96E
:100A8000C0BBF1F7C1F9A8BBF1F726FA10F0FF06D9
:100A900030D1032C0ED9A30712D1FFF751FBF1F788
:100AA0005DF9304603B0BDE8F0834FF004080DEB6C
:100AB0000800DAE72246384601A908F0AFFCECE767
:100AC000A4EB0804214601A8F1F7BCFF2A463146F1
:100AD0004846F1F751F968B9F1F796F950B9F1F7CD
:100AE000FBF9C0B230B9224601A957FA88F008F0E4
:100AF00095FCD2E74FF0FF36CFE76FF00206D0E764
:100B0000F1F72CF96FF00106CBE700BF26220200B7
:100B10002DE9F04F83B0DDF830A080B30C4671B3FF
:100B2000B2F5801F17462AD222B34FF002090646BB
:100B300002F1070B98460BF0070309FA03F909F1D4
:100B4000FF394FEADB0B5FFA89F95A4621463046F6
:100B5000FFF76CFF05462078434609EA0000207045
:100B6000002239462046CDF800A0F8F767FF45B9C6
:100B70000028EAD00025284603B0BDE8F08F6FF0CA
:100B80000205284603B0BDE8F08F00BF844610B5CB
:100B9000044C054B94F800E00FCB8CE80F008CF868
:100BA00000E010BD262202001422020010B5054C00
:100BB00023780BB1002010BDF0F786FD0123002043
:100BC000237010BD756D002070B5066804460D4693
:100BD000F0F7A2FA337873B901233370F0F7A8FA6B
:100BE000F0F796FE48B955B1EB6873602B78012B8E
:100BF00003D0204670BDF0F79BFA002070BD024B79
:100C00002046DB687360F5E71422020010B1002271
:100C100003681A70704700BF2DE9F04F83B00028B9
:100C200051D00D4600294ED0B2F5801F4BD2002A7C
:100C300079D002240023073202F007018C40013CE6
:100C4000B2F1081F0646D0F800804FEAD2070193A0
:100C5000E4B26AD20146D8F80400F1F757F8002848
:100C600068D0D8F80400FFF75FFA002860D0032F9F
:100C70002FD84FF004090DEB09004946F1F7E2FEC9
:100C80002E4B324693F800A000215046F1F774F83D
:100C9000002845D1F1F7B8F8002841D1F1F71CF947
:100CA00010F0FF083CD1032F1AD9BB071ED1FFF764
:100CB00047FAF1F753F840467A1EAB5C1C40AC543F
:100CC00003B0BDE8F08F6FF00208404603B0BDE806
:100CD000F08FBA0728460CBFB94627F00309CCE7C6
:100CE0003A46284601A908F099FBE0E7A7EB090B73
:100CF000594601A8F1F7A6FE324641465046F1F7A3
:100D00003BF868B9F1F780F850B9F1F7E5F8C0B2EF
:100D100030B95A4601A955FA89F008F07FFBC6E7B9
:100D20004FF0FF38C3E79046CFE76FF00208C2E705
:100D3000F1F714F86FF00108BDE700BF26220200AA
:100D40002DE9F04F85B00E9D80B3994673B3B5F58C
:100D5000801F2BD22DB34FF002088B468246EB1D2D
:100D6000174603F0070208FA02F8DB0808F1FF381B
:100D70005E1E5FFA88F84E4403934946039A504634
:100D8000FFF754FE044631785B4608EA01013170F2
:100D90000122294648460097F8F750FE44B900283A
:100DA000EBD00024204605B0BDE8F08F6FF00204C0
:100DB000204605B0BDE8F08F10B48C4614461946A5
:100DC000019A634601945DF8044BFFF7A1BE00BF92
:100DD00003464FF0020C0020C3E9011283F800C063
:100DE000704700BF03464FF0040C0020C3E9011216
:100DF00083F800C0704700BF2DE9F0474FF00009AD
:100E0000D0F800808AB0B8F82C5006460F46D2E9D8
:100E10000010CDF82490F9F74DFA052D00F09780D9
:100E200040F205139D4200F0AC8040F205239D4244
:100E30008246D8F8081077D040F205339D4219D188
:100E40003D680520296009AA2946F8F753FE0446A3
:100E500060B95146D8F804200998FDF773FB0446A1
:100E6000002800F08C802846F8F7A2FE20460AB041
:100E7000BDE8F087052009AAF8F7CAFE40F6051379
:100E80009D42044600F09C8040F605239D421DD003
:100E900040F605339D4200F0B0800028E6D140F2D4
:100EA00005639D4200F0C08027D840F205439D4273
:100EB00000F0AE8027D940F205539D4223D1D6E9F8
:100EC00002120998FDF710FE0446CFE7D8F8082073
:100ED0003B681A600028C9D1D6E90231FA68CDE929
:100EE00000310998B96807F10C03FDF77DFF04464E
:100EF000002844D0C7F80C90B8E740F605039D429F
:100F000000F0998005D96FF0850420460AB0BDE84D
:100F1000F08740F205739D42F5D1D6E90212099897
:100F2000FDF718FD0446A1E73D680520296009AAE0
:100F30002946F8F7DFFD0446002897D15146D8F836
:100F400004200998FDF7CCF90446C0B18BE77C6812
:100F5000D8F82830D8F8041005943C6808F1180235
:100F60000494F4680394B468029474690194346935
:100F700000943C1D0694FEF727F80446D0B90024DF
:100F800074E77C68D8F82830D8F8041005943C68D9
:100F900008F118020494F4680394B4680294746924
:100FA0000194346900943C1D0694FEF705FA04464A
:100FB0000028E4D02046C7F804900AB0BDE8F087C6
:100FC000D8F808203B681A6000287FF44FAFD7E9B3
:100FD000023107F10C0202927A69CDE900310998D9
:100FE000396907F11403FDF751FE04460028C6D005
:100FF000C7F80C90C7F8149038E73D68D8F8083067
:101000002B600028BBD10998FDF7B2FF04462AE700
:1010100009983B1DD7E90012FDF7B6FD04460028EC
:10102000ADD000237B6021E70998D8E90412FDF7D1
:1010300015F904461AE73C46D6E902127B6809987E
:10104000009354F8043B0194FDF7B2FB04460028DA
:1010500095D0E6E770B504460D46D2E9001084B09D
:101060002668F9F727F940F20622B38D934233D070
:101070000FD8062B20D0B3F5837F19D1D4E90432E1
:101080007168CDE90032D4E90223FBF743FB04B0D9
:1010900070BD40F2063293420AD1D4E9043271683D
:1010A000CDE90032D4E90223FBF7CAFD04B070BDDC
:1010B0006FF0850004B070BD2B1D716802936B68E2
:1010C00001932B680093D4E90223FBF75FF980B109
:1010D00000236B6004B070BD2B1D716802936B68B8
:1010E00001932B680093D4E90223FBF795FC0028B9
:1010F000EED1002004B070BD70B5066804460D4600
:10110000D2E9001086B0F9F7D5F8B38D072B1BD0C4
:1011100040F20712934213D12B1D716804936B6840
:1011200003932B6802936369019323690093D4E9C5
:101130000223FBF7ADFEC0B100236B6006B070BDAB
:101140006FF0850006B070BD2B1D716804936B684D
:1011500003932B6802936369019323690093D4E995
:101160000223FBF791FE0028E6D1002006B070BDF7
:101170002DE9F0470027066886B0B6F82CA0054692
:101180008846D2E900100597F9F794F8BAF1040FF0
:1011900000F08680BAF5827F00F0AE80BAF5017F5C
:1011A0008146B16853D0BAF5417F16D1D8F80050C6
:1011B0000120296005AA2946F8F79CFC044640B99D
:1011C000494672680598FCF719FC044600283AD194
:1011D0000024204606B0BDE8F087012005AAF8F7F4
:1011E00017FD40F204739A45044670D040F604039C
:1011F0009A451ED00028ECD140F204539A4500F0E5
:101200008E803ED940F204639A4534D1D5E902126A
:101210004446D8F804300598009354F8043B0194F0
:10122000FCF750FE04460028D2D00023C8F8043052
:10123000CFE7D8F80050B3682B600028C8D10598D4
:10124000FCF7FCFE04462846F8F7B2FCC1E7D8F8E4
:1012500000500120296005AA2946F8F74BFC0446F6
:101260000028B6D1494672680598FCF747FA04464B
:101270000028ADD0E7E76FF08504204606B0BDE852
:10128000F08740F204439A45F5D1D8E90012059859
:1012900008F10403FCF7A2FD04460028C5D197E736
:1012A000D8F8043071680193D8F80030009308F141
:1012B00004030293D5E90223FBF7EEFD0446002860
:1012C00086D02046C8F8047006B0BDE8F087B26842
:1012D000D8F800301A6000287FF47BAFD8E90212FA
:1012E000059808F10C03FCF701FF044600283FF4C1
:1012F0006FAFC8F80C706CE7D8F8043071680193D0
:10130000D8F80030009308F104030293D5E90223D2
:10131000FCF74CF8044600283FF45AAFD1E7059893
:10132000D5E90212FCF7EAFC044652E72DE9F04346
:101330004FF00009D0F8008085B0B8F82C60054661
:10134000022E0F46CDF8089070D0B6F5817F7FD081
:1013500040F202239E42D8F8082026D011460320EE
:1013600002AAF8F755FC40F202539E4204462FD0E1
:1013700040F202639E424CD040F202739E423AD049
:1013800078B940F202439E4270D000F2848040F26D
:1013900002339E427FD1D5E902120298F9F772FE1C
:1013A0000446204605B0BDE8F0830D6803202A609E
:1013B000294602AAF8F79EFB04460028F1D1D8F886
:1013C00004100298F9F7FEFD0446F0B90024E8E79E
:1013D000D8F808203B681A600028E2D1D7E9021249
:1013E000029807F10C03F9F76BFE04460028EDD0D4
:1013F000C7F80C90D5E73D68D8F808302B60002876
:10140000E4D10298F9F7C4FD04462846F8F7D0FB6A
:10141000C7E7D8F808203B681A600028C1D1D5E991
:1014200002120298F9F7A2FE0446BAE70C464B688E
:10143000D8F80400009354F8043BD5E90212019453
:10144000F9F768FF04460028C0D0C7F80490A8E761
:10145000D5E90434D8F80400D5E902120094FAF76B
:1014600027F80446204605B0BDE8F083AB683D6828
:101470001B682946039003AA03202B60F8F73AFB68
:10148000044600288DD1DDE90201FAF78BF8044605
:10149000002886D0B9E76FF0850482E700000000DD
:1014A00070FFFFFF76FFFFFF7CFFFFFF79FFFFFF6D
:1014B000EDF20000C9F200008DF2000065F20000BC
:1014C00045F2000005F20000C9F100005369676EA3
:1014D000617475726531000012000000FFFFFFFFAC
:1014E0000C04000032000000FF00000045495031AC
:1014F00033305F414943000000000100000000005C
:1015000000000000000000000000000000000000DB
:1015100000000000000000000000020000000000C9
:1015200000000000000000000000000000000000BB
:1015300000000000000000000000030001000000A7
:10154000010000000000000000000000000000009A
:10155000000000000000000000000000000000008B
:101560000200000000000000000000000000000079
:10157000000000000000000000000000000000006B
:1015800003000000404080801C000000200000009C
:1015900030000000400000001400000014000000B3
:1015A00000000000000000001C00000020000000FF
:1015B00030000000400000001C000000200000007F
:1015C00000000000000000001C00000020000000DF
:1015D0003000000040000000FF000000FF0000009D
:1015E000FF000000FF000000FF000000FF000000FF
:1015F000FF0000007AFFFFFF78FFFFFF78FFFFFF8B
:101600006BFFFFFF77FFFFFF6DFFFFFF7CFFFFFF1B
:101610000000000079FF7CFF7CFF7CFF7CFF7CFFEB
:101620007CFF7CFF7CFF7CFF7CFF7CFF7CFF7CFFE2
:101630007CFF7CFF7CFF7CFF7CFF7CFF7CFF7CFFD2
:101640007CFF7CFF7CFF7CFF7CFF7CFF77FF79FFCA
:101650006DFF7CFF0000000079FF79FF79FF79FFC3
:1016600079FF79FF79FF79FF6DFF7CFF7CFF7CFFBD
:101670007CFF7CFF7CFF7CFF7CFF7CFF7CFF7CFF92
:101680007CFF7CFF7CFF7CFF7CFF7CFF7CFF7CFF82
:101690007CFF7CFF79FF79FF77FF78FF78FF78FF89
:1016A00078FF78FF6DFF7CFF0000000078FFFFFFF0
:1016B0007AFFFFFF77FFFFFF6DFFFFFF7CFFFFFF5C
:1016C000000000000200000000000000FFFFFFFF1C
:1016D000000000000200000000000000FFFFFFFF0C
:1016E000000000000201000000000000FFFFFFFFFB
:1016F000000000000200000000000000FFFFFFFFEC
:10170000000000000200000000000000FFFFFFFFDB
:10171000000000000200000000000000FFFFFFFFCB
:101720000000000004000000B41702006C17020063
:101730004817020090170200080000002000000077
:10174000FC170200D8170200A3785913CA4DEB7595
:10175000ABD841414D0A700098E879777940C78C41
:1017600073FE6F2BEE6C035200000000ECFFFFFFD6
:10177000FFFFFFFFFFFFFFFFFFFFFFFFFFFFFFFF79
:10178000FFFFFFFFFFFFFFFFFFFFFF7F00000000E5
:10179000EDD3F55C1A631258D69CF7A2DEF9DE147D
:1017A0000000000000000000000000000000001029
:1017B00000000000EDFFFFFFFFFFFFFFFFFFFFFF47
:1017C000FFFFFFFFFFFFFFFFFFFFFFFFFFFFFFFF29
:1017D000FFFFFF7F0000000058666666666666666B
:1017E0006666666666666666666666666666666699
:1017F0006666666666666666000000001AD5258F16
:10180000602D56C9B2A7259560C72C695CDCD6FD52
:1018100031E2A4C0FE536ECDD33669210000000032
:1018200003000000B01802008C18020068180200C3
:10183000441802000100000020000000F818020017
:10184000D4180200EDD3F55C1A631258D69CF7A2A7
:10185000DEF9DE14000000000000000000000000BF
:101860000000001000000000010000000000000067
:101870000000000000000000000000000000000068
:10188000000000000000000000000000066D0700DE
:101890000000000000000000000000000000000048
:1018A0000000000000000000000000000000000038
:1018B000EDFFFFFFFFFFFFFFFFFFFFFFFFFFFFFF4A
:1018C000FFFFFFFFFFFFFFFFFFFFFFFFFFFFFF7FA8
:1018D00000000000D9D3CE7EA2C5E929B2617C6D9B
:1018E0007E4D3D924CD148772CDD1EE0B486A0B8E9
:1018F000A119AE2000000000090000000000000057
:1019000000000000000000000000000000000000D7
:1019100000000000000000000000000001000000C6
:10192000001A0200C01902008019020040190200CA
:101930000100000040000000801A0200401A02006E
:101940006900A99C829687B5DDDA5D0881D3B11D57
:101950004710AC7F196186411926A94C415C3E5560
:1019600070083370CA9C63D60ED2C9B3B38D30CB26
:1019700007FCC933AEE6D43F8BC4E9DBB89DDDAAD2
:1019800023F7168063BD0928DDE5BA5EB75040989D
:10199000673E08DCCA94FC774DACC1E7B9C7F22BAF
:1019A000A717117FB5C89A8BC9F12E0AA13A25A8AD
:1019B0005A5DED2DBC6398EACA4134A81016F93D72
:1019C000CA94FC774DACC1E7B9C7F22BA717117FBA
:1019D000B5C89A8BC9F12E0AA13A25A85A5DED2DFA
:1019E000BC6398EACA4134A81016F93D8DDDCB944A
:1019F000C54C23AC457132E2893B608B31A3307812
:101A0000F3483A585660AA2885C6822D2FFF8128B0
:101A1000E680A3E62AA1CDAE4268C69B009B4D7D21
:101A200071083370CA9C63D60ED2C9B3B38D30CB64
:101A300007FCC933AEE6D43F8BC4E9DBB89DDDAA11
:101A40009208D83A0F1ECD780654F0A82F2BCAD191
:101A5000AE63278AD84BCA5B5E485F4A49DEDCB278
:101A600011811F885BC500A01A7BA52400F709F22D
:101A7000FD2278CFA9BFEAC0EC3263565D38DE7D27
:101A800022F8B9BC0922358B685E6A4047506D7CEC
:101A90005F7DB9937B68D1508DD4D0E2781F3BFF36
:101AA0008E09D0F4EE623BB4C116D9B5709FED85B6
:101AB000936A4C9C2E32215A64D92ED8BDE4AE8153
:101AC00001000000741B0200441B0200141B0200F2
:101AD000E41A02000100000030000000D41B0200E4
:101AE000A41B0200656504E90232883B10C37F6BCA
:101AF000AFB63ACFA72504AC6C6E161FB35654EDA3
:101B000009712F15DF41E6507E6F5D0F286D38A3F8
:101B1000821EB98C114C50FA9686B73A94C9DB955F
:101B20000239B47CD562EB3EA50E882EA6D2DC0726
:101B3000E17DB72F7C44F01654B5398B2628CE2290
:101B4000DDC7A8042628CE22DDC7A804EBD43A506E
:101B50004A81A58A0FF991BAEF6591138727B24F91
:101B60008EA2BEC2A0AF05CE0A08723C0C158C3DF9
:101B7000C682C37B53EC073113004787711A1D904F
:101B800029A7D3AC2311B77F19DAB112B45654ED9B
:101B900009712F15DF41E6507E6F5D0F286D38A368
:101BA000821EB98C15533C264103824211819177E4
:101BB0002146460E282991F94F059CE16458ECFE18
:101BC000290BB76252D5CF958EEBB15CA4C2F92038
:101BD000751DBE8A1EAFD447E2B287EFAA46D6363D
:101BE00034E026E8E810BD0CFECA7FDBE34FF17E4F
:101BF000E7A347886B3FC1B7813AA6A2FF45CF68EC
:101C0000F0641C1D01000000881C0200681C02001A
:101C1000481C0200281C02000100000020000000F7
:101C2000C81C0200A81C0200A7564897820E1E90EE
:101C3000F7A661B5A37A398C718D839D900A663EB3
:101C4000BCA9EEA1DB57FBA9B6078CFF18DCCC6B57
:101C5000CEE1F75C29168495BF7CD7BBD9B530F3AC
:101C6000444B4AE96C5CDC26D9B530F3444B4AE975
:101C70006C5CDC26C15580FBE7FF7A413075F6EEDF
:101C800057302CFC75095A7D77536E1F1D48132061
:101C9000282026D523F63B6E728D839D900A663EE2
:101CA000BCA9EEA1DB57FBA99769042FC7541D5CA3
:101CB000548EED2D134577C2C91D61141A46F8974D
:101CC000FDC4DAC335F87E546232CE9ABD53443A2D
:101CD000C223BDE3E127DEB9AFB781FC2F484B2C0F
:101CE000CB577ECBB9AED28B01000000D81D0200CD
:101CF000941D0200501D02000C1D02000100000096
:101D000042000000601E02001C1E0200096438919F
:101D10001EB76FBBAE479C89B8C9B53BD0A509F7C4
:101D20004801CC7F6B962FBF83878651FAFFFFFF58
:101D3000FFFFFFFFFFFFFFFFFFFFFFFFFFFFFFFFB3
:101D4000FFFFFFFFFFFFFFFFFFFFFFFFFF0100009F
:101D5000003F506BD41F45EFF1342C3D88DF7335C5
:101D600007BFB13BBDC052167B937EEC513919566B
:101D7000E109F18E9189B4B8F315B3995B72DAA2D7
:101D8000EE4085B6A0219A921F9A1C8E61B93E95AD
:101D900051000000FCFFFFFFFFFFFFFFFFFFFFFF01
:101DA000FFFFFFFFFFFFFFFFFFFFFFFFFFFFFFFF43
:101DB000FFFFFFFFFFFFFFFFFFFFFFFFFFFFFFFF33
:101DC000FFFFFFFFFFFFFFFFFFFFFFFFFFFFFFFF23
:101DD000FFFFFFFFFF010000FFFFFFFFFFFFFFFF0F
:101DE000FFFFFFFFFFFFFFFFFFFFFFFFFFFFFFFF03
:101DF000FFFFFFFFFFFFFFFFFFFFFFFFFFFFFFFFF3
:101E0000FFFFFFFFFFFFFFFFFFFFFFFFFFFFFFFFE2
:101E1000FFFFFFFFFFFFFFFFFF0100005066D19FA4
:101E20007694BE8840C272A286703C356107AD3F91
:101E300001B950C54026F45E9972EE972C663E2794
:101E400017BDAF1768449B574944F598D91B7D2CA3
:101E5000B45F8A5C04C03B9A786A29391801000093
:101E600066BDE5C2317E7EF99B426A85C1B34833C7
:101E7000DEA8FFA227C11DFE2859E7EF775E4BA120
:101E8000BA3D4D6B60AF28F821B53F053981649CA0
:101E900042B4952366CB3E9ECDE90404B7068E85F9
:101EA000C600000001000000581F0200281F0200A9
:101EB000F81E0200C81E02000100000030000000F1
:101EC000B81F0200881F02007329C5CC6A19ECEC08
:101ED0007AA7B048B20D1A58DF2D37F4814D63C789
:101EE000FFFFFFFFFFFFFFFFFFFFFFFFFFFFFFFF02
:101EF000FFFFFFFFFFFFFFFFEF2AECD3EDC8852AAE
:101F00009DD12E8A8D3956C65A8713508F081403D7
:101F1000124181FE6E9C1D18192DF8E36B058E98F9
:101F2000E4E73EE2A72F31B3FCFFFFFF0000000013
:101F300000000000FFFFFFFFFEFFFFFFFFFFFFFFAE
:101F4000FFFFFFFFFFFFFFFFFFFFFFFFFFFFFFFFA1
:101F5000FFFFFFFFFFFFFFFFFFFFFFFF000000008D
:101F600000000000FFFFFFFFFEFFFFFFFFFFFFFF7E
:101F7000FFFFFFFFFFFFFFFFFFFFFFFFFFFFFFFF71
:101F8000FFFFFFFFFFFFFFFF5F0EEA907C1D437A1C
:101F90009D817E1DCEB1600AC0B8F0B51331DAE97B
:101FA0007C149A28BD1DF4F829DC9292BF989E5D9E
:101FB0006F2C26964ADE1736B70A7672385E543A88
:101FC0006C2955BF5DF20255382A5482E041F75919
:101FD000989BA78B623B1D6E74AD20F31EC7B18E1C
:101FE00037058BBE22CA87AA010000006C200200C0
:101FF0004C2002002C2002000C20020001000000F6
:102000001C000000AC2002008C2002003D2A5C5C19
:102010004529DD133EF0B8E0A216FFFFFFFFFFFFEA
:10202000FFFFFFFFFFFFFFFF00000000B4FF55238D
:1020300043390B27BAD8BFD7B7B04450563241F511
:10204000ABB3040C850A05B400000000FEFFFFFFDF
:10205000FFFFFFFFFFFFFFFFFEFFFFFFFFFFFFFF91
:10206000FFFFFFFFFFFFFFFF000000000100000077
:102070000000000000000000FFFFFFFFFFFFFFFF68
:10208000FFFFFFFFFFFFFFFF00000000347E008521
:102090009981D5446447075AA07543CDE6DF224CA9
:1020A000FB23F7B5886337BD00000000211D5C11DC
:1020B000D68032342211C256D3C1034AB9901332AA
:1020C0007FBFB46BBD0C0EB7000000000100000024
:1020D0005C2102003821020014210200F0200200DD
:1020E0000100000020000000A42102008021020065
:1020F000512563FCC2CAB9F3849E17A7ADFAE6BCAA
:10210000FFFFFFFFFFFFFFFF00000000FFFFFFFFDB
:10211000000000004B60D2273E3CCE3BF6B053CCD3
:10212000B0061D65BC86987655BDEBB3E7933AAA19
:10213000D835C65A00000000FCFFFFFFFFFFFFFF7D
:10214000FFFFFFFF00000000000000000000000093
:1021500001000000FFFFFFFF00000000FFFFFFFF86
:10216000FFFFFFFFFFFFFFFF000000000000000077
:102170000000000001000000FFFFFFFF0000000062
:10218000F551BF376840B6CBCE5E316B5733CE2B9F
:10219000169E0F7C4AEBE78E9B7F1AFEE242E34FCE
:1021A0000000000096C298D84539A1F4A033EB2D69
:1021B000817D0377F240A463E5E6BCF847422CE159
:1021C000F2D1176B000000000200000000000000C8
:1021D000FFFFFFFF00000000020000000000000001
:1021E000FFFFFFFF000000000200000000000000F1
:1021F000FFFFFFFF000000000102000000000000E0
:10220000FFFFFFFF03000000030000000A000000C2
:10221000E8080000020000000000000000000000CC
:10222000FFFFFFFF1C000400000000000000000092
:10223000000000000000000000000000000000009E
:102240002DE9F04303680446103B85B0052B00F2EE
:102250009E80DFE803F0456F0303398F03690C2B81
:1022600040F09580026A042A40F091800021406885
:1022700001AA07F07BF9A368002BC0F28B80EEF770
:102280004BFFDDE9011200274FF0706C554E0546FB
:10229000039BD6F824845448DCF8609022F08052E6
:1022A000C6F82474C8470346C6F824842846009319
:1022B000EEF73EFF39466A46236A606807F062F926
:1022C000002005B0BDE8F083036A042B5FD14FF412
:1022D000006500216A466068009507F053F9EFE752
:1022E0000369042B53D1056A042D50D12B460021DC
:1022F000406801AA07F03AF9A368002B40DB019B74
:1023000023F08053B3F5801F6AD2B3F5803F5AD2D1
:102310000122DB0A354902FA03F30A681A420CBFAC
:102320000125002500216A46236A6068009507F0B0
:1023300029F9C5E70369042B29D1036A042B26D1A7
:102340000021406801AA07F011F9A368002B31DBD6
:10235000EEF7E2FE00274FF070630199214E05462B
:10236000D6F824849B6D21F08051C6F824741E4851
:10237000984798E7036A042B09D14FF48015A8E722
:102380001E22294601980FF061FA0028B7D16FF09C
:10239000800096E71E22039901980FF057FA002853
:1023A000F5D0DDE9020117220FF050FA00287FF482
:1023B00066AFECE717224FF4006101980FF046FA80
:1023C0000028C5D1E3E7B3F5002F4FEA93324FF071
:1023D00001032ABF02F01F020549064993409CE70A
:1023E00005259FE7004002408FA0E3B7104402405C
:1023F000144402401844024010B58CB04FF0004124
:102400004FF0FF3007F0A2F8C106F7D5694610205B
:1024100007F0A4F8009B9A1C04D30021019807F050
:10242000BDF8EBE7002B019C07DB6846FFF708FFD0
:102430000146204607F0B2F8E0E76FF08001204641
:1024400007F0ACF8DAE700BF4FF0400C30B443F6C9
:10245000DA3204250D4B0E4CC4E9000183F802C3A7
:10246000D3F8801221F00401C3F88012D3F880124F
:10247000C3F8805011F0040F14BF10460020BFF3C2
:102480004F8FBFF36F8F30BC704700BF00E100E09B
:10249000682C0020024BD3E9000102F0EBB800BF2A
:1024A000682C002008B51220EEF74EFE002008BD73
:1024B0004FF47A702DE9F84F5C4BDFF878819B6A16
:1024C000B8F80020C3F30A0300FB03F3DFF86891B8
:1024D000803392B2B2EB132FB9F800104FEA1327F2
:1024E00002D289B2B9425AD8EEF716FE40F2FE7314
:1024F0004E4C4FF0000B236541F63C73A9F80030B9
:10250000EEF716FEA36CDFF834A123F00103A364F9
:10251000EEF702FEC4F854B0A8F800B0EEF708FEDB
:10252000A36C23F00203A364DAF80050ADB12C468B
:10253000E6892D68B74202D9A689B742F6D321466B
:102540005046EEF7B5FB314623463846A668226969
:1025500084F814B0B047002DE9D1EEF7DDFDDAF8CC
:1025600000300646002B52D0002541F63C74998974
:10257000DA898C421B6828BF0C46954238BF154645
:10258000002BF4D1B9F800309BB29C4224D3B8F8A8
:1025900000309BB2AB4209D33046EEF7C9FD234A67
:1025A000D36C03F00303D364BDE8F88F204B2C02F7
:1025B000A3FB04341D4FC4F38A14EEF7ADFD7C6514
:1025C000A8F80050EEF7B4FDBB6C304643F00203B0
:1025D000BB64EEF7ADFDE2E7154B2702A3FB07371F
:1025E000BF09DFF848A0EEF797FDCAF85070A9F8C8
:1025F0000040EEF79DFDDAF8483043F00103CAF8D9
:102600004830B8F800309BB2AB42C5D2CEE741F6B5
:102610003C74B9F8002092B2A24202D8B8F8003057
:10262000BAE71D4640F2FE77DBE700BF00600040DE
:10263000D34D6210DC2C0020600C0020702C002098
:1026400038B5EEF769FD0D4D04462B7823B12046D1
:10265000BDE83840EEF76CBD00F0D2FB032008491E
:1026600000F022FC074AD36ADB07FCD50123204691
:102670002B70BDE83840EEF75BBD00BFDE2C0020BC
:10268000B1240200006000404FF47A73044A906A5B
:10269000C0F30A0003FB00F08030000A704700BF5F
:1026A000006000402DE9F84304461F460E461546DB
:1026B000EEF732FD089BA7602361237D0746A681C4
:1026C000E5817BB1294C23889BB29E4217D3284CCD
:1026D00023889BB2AB422DD33846EEF729FD00206C
:1026E000BDE8F88321462348EEF7CCFA0123A689FA
:1026F0002375E5891D4C23889BB29E42E7D21E4B71
:102700004FEA0628A3FB0838DFF87090C8F38A1850
:10271000EEF702FDC9F850802680EEF709FDD9F8E2
:102720004830134C43F00103C9F8483023889BB26A
:10273000AB42D1D2104B2E02A3FB0636DFF83C8011
:10274000C6F38A16EEF7E8FCC8F854602580EEF769
:10275000EFFCD8F84830384643F00203C8F8483058
:10276000EEF7E6FC0020BDE8F88300BF600C002017
:10277000DC2C0020702C0020D34D62100060004043
:102780002DE9F0470446EEF7C7FC237D0646002BF3
:102790003FD1EEF7C1FC394B07461B68002B45D0F3
:1027A000002541F63C749989DA898C421B6828BF60
:1027B0000C46954238BF1546002BF4D1DFF8C8808F
:1027C000B8F800309BB29C423CD32D4C23889BB27E
:1027D000AB4215D22B4B4FEA0528A3FB0838DFF894
:1027E000AC90C8F38A18EEF797FCC9F8548025809E
:1027F000EEF79EFCD9F8483043F00203C9F84830A0
:102800003846EEF795FC3046EEF792FC0020BDE826
:10281000F08721461948EEF74BFA00232375EEF7AF
:102820007BFC164B07461B68002BB9D141F63C7464
:10283000DFF85480B8F8002092B2A2421AD8104BA8
:102840001B88DDE70F4B4FEA0429A3FB09394FEA48
:102850009919DFF838A0EEF75FFCCAF85090A8F895
:102860000040EEF765FCDAF8483043F00103CAF89F
:102870004830AAE71D4640F2FE79EAE7702C0020B6
:10288000DC2C0020D34D6210600C00200060004062
:10289000034B1A6812B11868EEF7BAB9704700BF57
:1028A000902C0020F0B583B005460C46EEF734FCC2
:1028B0000D4B06461A7D92B91CB941F63C739D42F8
:1028C00007D0002722462946084B07480097FFF704
:1028D000E9FE304603B0BDE8F040EEF729BC1846EB
:1028E000FFF74EFFE8E700BF782C00209128020098
:1028F000014B1860704700BF902C00202DE9F0417B
:102900002F4E0C4633881BB2834206DC2D4D2B889C
:102910001BB2A34229DBBDE8F0812B4B821C03FBD9
:1029200002F22A4B05469A4246DA294B1344002B01
:1029300004DA03F57F1303F57F533F339B15254AD4
:1029400003F30803244F02EA0328EEF7E5FBC7F878
:1029500058803580EEF7ECFBBB6C1A4D43F0040356
:10296000BB642B881BB2A342D5DA174BA21E03FB14
:1029700002F2164B9A421BDA154B1344002B04DA71
:1029800003F57F1303F57F533F339B15114F03F37B
:102990000803114E07EA0327EEF7BEFBF7652C800C
:1029A000EEF7C6FBB36C43F00803B364BDE8F081F7
:1029B0000A4B13449B15E9E7084B13449B15BEE7EC
:1029C000640C0020620C00203C553D003A0064FE7F
:1029D000C7FF7B0100FF010000600040C7FFBB0193
:1029E0002DE9F047EEF798FB4FF47D41FF223E4C76
:1029F0003E4BA1651A80EEF79BFBA36CDFF80881C4
:102A000023F00403A364EEF787FB4FF47F42384BB7
:102A1000E365384B1A80EEF78BFBA36C23F00803B9
:102A2000A364D8F80050226BC2F38A13D2034BD5AB
:102A30006FEA43536FEA53532F4A02FB03F32F4FBE
:102A40001F44002F4ADBBF153FB2DDB14FF0000A33
:102A5000DFF8B4902C46B4F90E602D68B74203DD60
:102A6000B4F90C60BE420BDC21464846EEF720F973
:102A7000314623463846A668226984F814A0B04738
:102A8000002DE7D1EEF748FBD8F8003005466FF08F
:102A9000FF01FF2063B1B3F90C40B3F90E20A0424F
:102AA0001B68A8BF20469142B8BF1146002BF2D147
:102AB000FFF724FF2846EEF73BFB0B4AD36C03F0ED
:102AC0000C03D364BDE8F0870B490D4A01FB03F307
:102AD0009342B4DD0B4F1F44BF15B5E707F57F17D1
:102AE00007F57F573F37AEE700600040640C0020D9
:102AF000000F0100620C00201CB21000DA1532FE3B
:102B000026EAAD01DA1572FE942C002038B5EEF7F6
:102B100003FB0D4D04462B7823B12046BDE8384019
:102B2000EEF706BB00F06CF90C20084900F0AAF99A
:102B3000074A536BDB07FCD5012320462B70BDE809
:102B40003840EEF7F5BA00BFDF2C0020E129020083
:102B500000600040114B1A6BC2F38A13D20313D5E5
:102B60006FEA43536FEA53530D4A02FB03F30D48D8
:102B70001844002801DB8015704700F57F1000F530
:102B80007F503F30801570470549074A01FB03F32A
:102B90009342ECDD05481844801570470060004002
:102BA0001CB21000DA1532FE26EAAD01DA1572FE0B
:102BB0002DE9F84304461F460E461546EEF7ACFADB
:102BC000089BA7602361237D0746A681E5817BB131
:102BD0003C4C23881BB2B34219DC3B4C23881BB20C
:102BE000AB423EDB3846EEF7A3FA0020BDE8F8839F
:102BF00021463648EEF746F80123B4F90C602375F8
:102C0000B4F90E502F4C23881BB2B342E5DD304B94
:102C1000B21C03FB02F22F4B9A424ADA2E4B1344AA
:102C2000002B04DA03F57F1303F57F533F339B1525
:102C30002A4A03F30803DFF8A88002EA0329EEF723
:102C40006BFAC8F858902680EEF772FAD8F8483038
:102C50001D4C43F00403C8F8483023881BB2AB4234
:102C6000C0DA1B4BAA1E03FB02F21A4B9A4224DA6B
:102C7000194B1344002B04DA03F57F1303F57F533C
:102C80003F339B15154A164E03F3080302EA032847
:102C9000EEF742FAC6F85C802580EEF749FAB36C8D
:102CA000384643F00803B364EEF742FA0020BDE86B
:102CB000F8830C4B13449B15BAE70A4B13449B153E
:102CC000E0E700BF640C0020620C0020942C002080
:102CD0003C553D003A0064FEC7FF7B0100FF010048
:102CE00000600040C7FFBB0138B50446EEF714FA98
:102CF000237D0546FBB9EEF70FFA124B04461B681D
:102D00006FF0FF01FF2063B1B3F90CC0B3F90E20DF
:102D100060451B68A8BF60469142B8BF1146002BB2
:102D2000F2D1FFF7EBFD2046EEF702FA2846EEF768
:102D3000FFF9002038BD21460248EDF7B9FF002316
:102D40002375D8E7942C0020034B1A6812B1186839
:102D5000EDF75EBF704700BFB42C0020F0B583B024
:102D600005460C46EEF7D8F90D4B06461A7D92B98A
:102D700014F5807F01D1FF2D07D000272246294678
:102D8000084B07480097FFF713FF304603B0BDE834
:102D9000F040EEF7CDB91846FFF7A6FFE8E700BF11
:102DA0009C2C0020492D0200014B1860704700BF89
:102DB000B42C00200C4A0D4B10B51868D46C204080
:102DC00003D00B4B1B6803B198470A4B186820408F
:102DD00003D0094B1B6803B19847BDE81040074B6F
:102DE0001868EEF7ADB900BF00600040CC2C0020A1
:102DF000D42C0020D02C0020D82C0020D814020085
:102E00002DE9F04184B0EEF787F9184E0446357885
:102E10002DB1204604B0BDE8F041EEF789B94FF07E
:102E20000108134F0221B86806F064FA01A8EEF712
:102E3000B3F97A68396801AB02920E480E4A8DF8F0
:102E40000C80EEF78DF9032120460C4B0C4A9D6453
:102E50001960D2F8003843F00403C2F8003886F84D
:102E6000008004B0BDE8F041EEF762B9E02C00202C
:102E7000D8140200B82C0020B52D020000600040DC
:102E80000050004038B505460C46EEF745F9044BB6
:102E9000044A1C601560BDE83840EEF749B900BF30
:102EA000D82C0020D02C002038B505460C46EEF773
:102EB00033F9044B044A1C601560BDE83840EEF756
:102EC00037B900BFD42C0020CC2C0020000000001B
:102ED00000000000000000000000000000000000F2
:082EE000545F00000100000036
:102EE800943B0300806D00206C000000883B0300C9
:102EF800002D002003000000803B0300600C002030
:102F080002000000306F0020C60600000C2D0020D3
:102F18001D100000680C002026080000400C00204E
:102F280008000000EFF38880EFF38981EFF39482C3
:102F3800FEE700BFFEE700BFFEE700BFFEE700BFF9
:102F4800FEE700BFFEE700BFFEE700BFFEE700BFE9
:102F5800FEE700BFFEE700BFFEE700BFFEE700BFD9
:102F6800FEE700BFFEE700BFFEE700BFFEE700BFC9
:102F7800FEE700BFFEE700BFFEE700BFFEE700BFB9
:102F8800FEE700BFFEE700BFFEE700BFFEE700BFA9
:102F9800FEE700BFFEE700BFFEE700BFFEE700BF99
:102FA800FEE700BFFEE700BFFEE700BFFEE700BF89
:102FB800FEE700BFFEE700BF08B572B6284B83F3F3
:102FC8000988284B83F30A8883F30B88264B22A1B0
:102FD800D1E90001254CC3E9000100F04FF8244B6A
:102FE800A34238BF9C4614D2DCF808306BB1DCE948
:102FF800001200230439043A51F8040F013342F84F
:10300800040FDCF808008342F6D30CF10C0CA4453D
:10301800EAD31848184B98421BD2002403F1FF3C0E
:10302800ACEB000C00F110032CF0070C08309C44AA
:1030380050F8043C53B1002350F8082C043A42F8E5
:10304800044F50F8041C01338B42F8D30830604514
:10305800EED105F0EFFE00BFA5EDF5FEA5EDF5FEFE
:10306800380C002040040020380C00200C2F0200EF
:10307800E82E02000C2F02002C2F020003480449FE
:10308800044B054A88601A60704700BF00D10000F1
:1030980000ED00E0846D002000D8B80500207047DE
:1030A8000020704700207047704700BF124B134A3A
:1030B800D3F8A410914206D0D3F8A420104B9A421A
:1030C80001D0002070470F4B93F8D0375A2BDAB253
:1030D800F7D072B1C32A0CD0A52AF2D10A4BD3F883
:1030E800103233B1023B0D2BEBD8084A52F82300BB
:1030F80070474FF4405070470000044E5A5A638B93
:10310800C3C3F0A90000024E00F000408056020040
:10311800F8B50446074F0E46384621680DF050FFB3
:103128000546394630462A4606F074F900202560DF
:10313800F8BD00BFB856020008B50C4B024693F81C
:10314800DCC00846BCF10D0F0BD85FFA8CF31B01ED
:10315800083303F0FF0303F1005106F05BF9002088
:1031680008BD002106F056F9002008BD0000044EF5
:10317800F0B50024054689B00F461022684611496B
:10318800CDE90044CDE90244CDE90444CDE9064443
:1031980006F040F908220C4904A806F03BF9082279
:1031A8000A4906A806F036F92E686946202E28BF77
:1031B80020263846324606F02DF920462E6009B002
:1031C800F0BD00BF7800004E6800004E7000004E51
:1031D800034650B14FF4D04C4FF400510122002067
:1031E800C3F800C059601A7270474CF2DA20704771
:1031F8000020054B82B01B689AB262F30F001B0CCB
:1032080063F31F4002B07047105702000820704750
:103218000020704700207047022814BF6FF0030099
:10322800002070476FF00300704700BF014B18681B
:10323800704700BFE4870020014B1B68586870473F
:10324800B06E0020F8B50446EDF762FF00224FF09B
:1032580070630D4E2146D6F8247405469B6D0B48C5
:10326800C6F8242498470446C6F824742846EDF77F
:103278005BFF34B1042C0CBF4FF0FF306FF004003B
:10328800F8BD2046F8BD00BF004002408FA0E3B75C
:103298002DE9F0410D4614460646EDF739FF0022A8
:1032A8004FF070630E4F2946D7F824841D6EC7F877
:1032B80024242346324606460A48A8470546C7F846
:1032C80024843046EDF730FF3DB1042D0CBF4FF09C
:1032D800FF306FF00400BDE8F0812046BDE8F081C2
:1032E800004002408FA0E3B70C4B10B51B6800F1FB
:1032F800FF3E5C689644D4E9013404FB03F3013BC8
:103308009E45844606D814460846614606F082F86B
:10331800204610BD6FF0040010BD00BFB06E002045
:10332800BFF34F8F0549064BCA6802F4E0621343A6
:10333800CB60BFF34F8F00BFFDE700BF00ED00E09B
:103348000400FA0510B5094C0020A36898472369C2
:1033580002209847A46A4FF4E1310120A047234690
:10336800BDE8104001211520184700BF145702007E
:103378000020054B82B01B689AB262F30F001B0C49
:1033880063F31F4002B070474C570200012070479A
:103398000020704700207047022834BF6FF00300F8
:1033A8000020704701B30246F0B5104E104DD6F814
:1033B80000C02C680F4F0144631C2B6012F801EB0E
:1033C800B3F5807F07F804E002EB0C04A4EB0004DB
:1033D800346003D0914205D01C46EDE700239142AA
:1033E8002B60F9D10020F0BD00207047E88700204D
:1033F800EC870020F08700206FF00300704700BFC3
:10340800014B5868704700BFBC6E0020014B98689C
:10341800704700BFBC6E002000207047002382B0B8
:103428000193019802B070476FF00300704700BF26
:10343800002382B00193019802B07047B8B170B50B
:103448000E46B9B1002305460C4CA360206800F075
:1034580021F80028FAD02946206800F011F8A3685E
:10346800013501339E42A360F0D1002070BD6FF09A
:10347800040070476FF0040070BD00BFBC6E0020F0
:1034880003681B685A68920743BF1B6800200B70CB
:103498000420704743680246186810F0010004D001
:1034A80013681B68586800F002007047FFF738BFC0
:1034B80008B5114B83F30A88104800F049FAC0B9DF
:1034C80000F0B4FAA8B9FFF7E9FD90B9FFF7E8FDF5
:1034D80058B9FFF7E9FD00F0EFF800F0D3FA00F073
:1034E800D7F800F04BF8002008BDFFF7DBFD0028F7
:1034F800EFD0FFF7DBFFF2E740040020FC7A002062
:10350800F8B501F00C030C2B0CBF154605464A060E
:103518000C4601F008061FD58B06B6FA86F358BF8D
:103528002835AA695B0912F8026CC6F38012934227
:1035380006F0A00705D147B16FF083032B60204642
:10354800F8BDFFF7B3FF002FF6D166B1032EF3D114
:10355800284600F09DFAF2E7FFF7A8FF002EEBD10E
:10356800FFF7A4FFE8E700F0D7FC0446024821462D
:1035780000F0C2FAE3E700BF380C002000DF704714
:1035880070B52DE91F1072B6BFF36F8F00F0C4FF3E
:10359800EFF30B856E4600281FBF002282F30B88CD
:1035A800854681F30B8862B6BFF36F8FB6E81F10AC
:1035B800E04772B6BFF36F8F00F0D6FF4FF00002FE
:1035C80082F30B88B54685F30B8862B6BFF36F8F1D
:1035D80070BD00BF402010EA0E0023D001B500F0F6
:1035E800D5FFBDE8044088421CD072B6BFF36F8F88
:1035F800EFF309821EF020031CBF22E9F00F083AFE
:1036080080E80440B1E804401EF020031CBF0832E3
:10361800B2E8F00F0B6882F3098883F30B8862B66F
:10362800BFF36F8F704700BFEFF308807146EFF369
:103638000982EFF30B830CB406B4FFF761FF8646EB
:10364800009900F0080001F00801401A02DC12DBC2
:1036580004B070471EF020031CBF2DE9F00FBDF128
:10366800080D0A4C254626462746A046A146A246EE
:10367800A34630B4704704B030BC1EF020031CBF12
:103688001DF1080DBDE8F00F04B07047A5EDF5FE7B
:1036980000217020074BDA6882F07F4282F47F02B3
:1036A80042F48042DA6019765976D976D97783F868
:1036B8002200704700ED00E0104AD2F8883043F449
:1036C8007003C2F88830BFF34F8FBFF36F8F4FF08E
:1036D800E020D2F88C100A4B41F44061C2F88C10FB
:1036E8005A6B22F080425A635A6B42F03C425A634A
:1036F800C36843F42003C360704700BF00ED00E0D7
:1037080000EF00E080EA0000E1EE100A00EE100A87
:1037180000EE900A01EE100A01EE900A02EE100A7D
:1037280002EE900A03EE100A03EE900A04EE100A65
:1037380004EE900A05EE100A05EE900A06EE100A4D
:1037480006EE900A07EE100A07EE900A08EE100A35
:1037580008EE900A09EE100A09EE900A0AEE100A1D
:103768000AEE900A0BEE100A0BEE900A0CEE100A05
:103778000CEE900A0DEE100A0DEE900A0EEE100AED
:103788000EEE900A0FEE100A0FEE900A704700BF77
:10379800009A164B9A4227D101229043014641ECE8
:1037A800100B41EC110B41EC120B41EC130B41ECEB
:1037B800140B41EC150B41EC160B41EC170BEFF316
:1037C800148222F0040282F31488BFF36F8F02463A
:1037D8000346044605460646074680468146824615
:1037E8008346844686460447FEE70000A5EDF5FEBD
:1037F80008B500214FF0FF3005F0A4FE0028F8D1ED
:10380800BFF34F8F30BF00214FF0FF3005F09AFE15
:103818000028EED1F4E700BF4FF0400C30B443F677
:10382800DA3208250D4B0E4CC4E9000183F803C3B6
:10383800D3F8801221F00801C3F88012D3F880125F
:10384800C3F8805011F0080F14BF10460020BFF3D2
:103858004F8FBFF36F8F30BC704700BF00E100E0AF
:10386800147B00204FF0400C30B443F6DA324FF0AE
:1038780000650D4B0D4CC4E9000183F81BC3D3F858
:10388800801221F00061C3F88012D3F88012C3F8C7
:10389800805011F0006F14BF10460020BFF34F8F07
:1038A800BFF36F8F30BC704700E100E00C7B002055
:1038B8004FF0400C30B443F6DA324FF000750D4B40
:1038C8000D4CC4E9000183F819C3D3F8801221F024
:1038D8000071C3F88012D3F88012C3F8805011F039
:1038E800007F14BF10460020BFF34F8FBFF36F8FC8
:1038F80030BC704700E100E0047B0020024BD3E9B4
:10390800000100F0B3BE00BF147B0020024BD3E9D6
:10391800000100F0ABBE00BF0C7B0020024BD3E9D6
:10392800000100F0A3BE00BF047B002008B51320EF
:10393800EDF706FC002008BD08B52920EDF700FCCE
:10394800002008BD08B52B20EDF7FAFB002008BDC4
:1039580010B5044601F02CF810B90223236010BDFD
:1039680043F6DA3010BD00BF58B151B1836800206A
:1039780013F4406F14BF0123034643F002030B60A6
:10398800704743F6DA307047EFF3148381F0020191
:10399800C1F3400161F3000383F31488BFF36F8F11
:1039A8000020704742B38446084639B3114603F0F5
:1039B8000602062A10B519D09B0722D51E244FF0FF
:1039C8001A0E0C2208231CF0020F18BF1A461CF00E
:1039D800010F06D0EFF3948313F0010F14BF2246B2
:1039E80072460DF02FFF78B1002010BD17244FF05C
:1039F800130E05220123E6E7002070474CF2DA2077
:103A080070474CF2DA2010BD6FF07F0010BD00BF88
:103A1800884208D0830704D581F00201C1F3400031
:103A28007047012070470020704700BF08B500F0BC
:103A380055FF78B900F05CFF60B900F08DFF48B918
:103A480062B6FFF77FFC00F089FF18B900F0AEFFFF
:103A580000B908BD43F6DA3008BD00BF014B18684D
:103A6800704700BF6C570200014B1B68186870470D
:103A78006C570200024B1B68586840F08050704732
:103A88006C5702000122014B1A6070471C7B002012
:103A98002DE9F0410446154AD4E901761268062357
:103AA8005268394652F8140CB2B2D4F80080FFF7C5
:103AB80079FF18B90E4B1B68012B04D06FF08605EF
:103AC8002560BDE8F081054600F0E4F940F20513F1
:103AD8009842F3D15FFA88F8B8F1010FEED1B6B287
:103AE800032EEBD9034B3B60EAE700BFC47B002001
:103AF8001C7B00201620040004460D46FFF702FE3A
:103B0800A546284703689962704700BF024801210B
:103B18000160BFF34F8F7047007B0020034908689E
:103B280000220A60BFF34F8F70470000007B00201F
:103B380008480268002A08D107484FF08051016000
:103B4800BFF34F8FBFF36F8F704702220260BFF33E
:103B58004F8F7047007B002004ED00E02DE9F8430B
:103B680004681E468368DFF85CC09046A4F15002E2
:103B78009A4244F808CC44F804CC05460F46A4F110
:103B880008041BD3A4F1480948220021484605F03F
:103B98007FFC00234FF080716FF0020244E9073385
:103BA80044F8208C44F8087C44F80C6C44F8041C55
:103BB80044F8143CC5E90092BDE8F883FFF776FCA9
:103BC800E0E700BFA5EDF5FE0368283383F3098815
:103BD800836883F30B88BFF36F8F4068704700BF1B
:103BE80030B58646EFF3108572B6C06B08B34FF058
:103BF800000C64460EF13C0283681B685B699942BD
:103C080008BF144600F18402D0F8840008BF0CF104
:103C1800010C0028F0D164B12068BCF1010FD0F884
:103C28008430236005D1DEF8143023EA0103CEF88E
:103C3800143085F3108830BD70B40C4E75689DB192
:103C480001462B46002403E098681C4650B1034601
:103C58001A6852688A42F7D11CB19A687360A260E8
:103C68009D60184670BC70472846FBE7A07B002083
:103C78000368D3E90223520505D58B420CBF002007
:103C88006FF0FA0070478B422CBF00206FF0FA00EB
:103C9800704700BF38B52AB10B689B68DB0517D59C
:103CA800002038BD0F4B04461B685D681C2D16D0DC
:103CB80055F81C2C906958B100232C3202E00133CE
:103CC800984208D052F8041FA142F8D19842E7D18F
:103CD8006FF0FC0038BD03469842E1D1F8E7FFF7E2
:103CE800E5FBE5E7C47B00202DE9F047484F064691
:103CF8003B680C46D3F804801546B8F11C0F7AD0FF
:103D080058F81C3C9A68002C5DD060005FD5414B88
:103D180004F01F0153F82180B8F1000F53D0D8F8F0
:103D2800003012F4406FD3F804902BD09A68D10574
:103D380067D55205C4F3072442D5DB689C4242D1BB
:103D4800EFF3108972B600F083FD044689F31088FA
:103D5800002859D0302200210C3005F099FB3B682F
:103D680020465B68C4F808801C3B6360656100F00E
:103D780043FD002320612360C4F8803000203460B4
:103D8800BDE8F0873B68D3F804A0BAF11C0F35D022
:103D98005AF81C1C8869002833D000232C3102E013
:103DA8000133834203D051F8042F9145F8D198424A
:103DB80027D0D8F80030C4F307249A685205BCD439
:103DC800DB689C42BCD96FF08000BDE8F0872046D4
:103DD80000F026FD04460028F5D000F03FFD00283D
:103DE800F1D16369AB42EED12368002BEBD1A36814
:103DF800002BC3D1E7E7FFF759FB81E7FFF756FB35
:103E0800C6E76FF08100BBE76FF08200B8E700BF3C
:103E1800C47B0020207B002010B500F001FD044683
:103E280000F01CFD88B90C4B1B685B681C2B0FD07D
:103E380053F81C3C63B15A68A3685B681B685B68ED
:103E4800934218BF0024204610BD0024204610BD10
:103E58004FF0FF32F0E700BFC47B002070B5044686
:103E68000E461546002130220C3005F011FB084B98
:103E780020461B68A6605B6865611C3B636000F0B8
:103E8800BBFC002320612360C4F8803070BD00BFF4
:103E9800C47B0020064B1B685B681C2B04D053F8BE
:103EA8001C3C0BB1586870474FF0FF30704700BF9B
:103EB800C47B0020084B10B51B685C681C2C08D01C
:103EC80054F81C3C9B6813F4406F14BF0120002079
:103ED80010BDFFF7EBFAF3E7C47B002038B50446C2
:103EE80098B90C4B1B685B681C2B08D053F81C3C1A
:103EF8002BB15D68B4EBD57F03D1284638BD4FF0B0
:103F0800FF35FFF7D3FA284638BD00F065FC0546B3
:103F1800F0E700BFC47B00202DE9F04100F088FCE9
:103F28000023144E144FDFF8548073607B6000F058
:103F380057FC03E02946204600F03CFA304600F0E2
:103F48001FF8044690B139468023424600F08EF8A7
:103F58000546204600F044F9214651F8080BFFF7C2
:103F680003FD0028E6D0FFF7A1FAE3E7BDE8F0413A
:103F780000F084BAB07B0020A07B0020207B0020CA
:103F8800F8B50546002864D0334E346814F1290F7B
:103F98005CD8324A04F1280311688B4256D2E26990
:103FA800A36902EB42020C3303EB4203226A02EBE1
:103FB80042021344626A02EB820213449B00E31834
:103FC80001D2994201D2FFF771FA236824491A0CE9
:103FD80012048A4228D19BB2B3F5817F2BD2636841
:103FE800002B2DDB1F4A204B1768196807F1440383
:103FF8008B42136027D8E269A36902EB42020C33B3
:1040080003EB4203D4E9081201EB41010B4402EB34
:104018008202134432683C6002EB83026B683846C4
:104028003B6432606F60F8BDFFF740FA23689BB2CB
:10403800B3F5817FD3D3FFF739FA6368002BD1DA60
:10404800FFF734FACEE7FFF731FAD4E7002738460E
:10405800F8BDFFF72BFA97E7906D0020685702002C
:1040680000005F5F8C6D0020645702002DE9F04F5F
:1040780007460E4690469A4683B0002859D0002934
:1040880057D03968544B01F13005D1E906201C6836
:10409800019105EB8205002845D0504A00EB40010C
:1040A800126804EB81019142196036D8002C3AD08D
:1040B800B8F1000F40D04FF0000BBAF1800FDA468C
:1040C80064D00022AB68696913F4007FC4E9017207
:1040D80025604BEA010B5FFA83F900930ED0FFF7D6
:1040E800E5F9009B13F0E00F02D158F829300BB125
:1040F800FFF7DCF9019BD86948F8294073680AF191
:10410800010A5045A36005F11805746004F10C0418
:10411800D7D8584603B0BDE8F08FFFF7C7F9019B21
:10412800D8690028C2D14FF0000B584603B0BDE84B
:10413800F08FFFF7BBF9A4E7C346C246AA686B69CC
:1041480012F4007F84E8A0014BEA030B0AF1010A8C
:10415800009205F1180511D0FFF7A8F9009AD1B21D
:1041680012F0E00F4FEA810101D10B681BB10091F9
:10417800FFF79CF90099019B0C60D869736850455A
:10418800A360746004F10C04D8D8C2E75A46AB683F
:10419800696913F4007FC4E900574BEA010BA26078
:1041A8005FFA83F90CD013F0E00F02D158F82930E8
:1041B80023B1FFF77BF90022019BD86948F8294011
:1041C80073680AF1010A8245A36005F11805746055
:1041D80004F10C04DBD39CE7886D002060570200D3
:1041E8002DE9F0410546002840D02F68D7E907237C
:1041F800B96903EB430307F1300404EB830402EBD2
:1042080042027B6A01EB420104EB810443B30026BE
:1042180040F201180BE03B88B3F5807F17D0434587
:1042280020D07B6A0136B34204F1140418D92269FC
:10423800EB682146134328462268EB609047002824
:10424800E9D0FFF733F93B88B3F5807FE7D1E06821
:1042580000F020FB7B6A0136B34204F11404E6D86F
:10426800BDE8F081E06800F025FBDAE7FFF71EF90A
:10427800BBE700BF10B4436840781C3BEFF3108CD9
:1042880072B61C695A69224007D1002C18BF022057
:104298008CF310885DF8044B7047042A08D000247A
:1042A8000A6005201C618CF310885DF8044B704788
:1042B800D8684007F3D458699A6B20F00400586115
:1042C800EDE700BF10B400240268C368C4639468B3
:1042D8000B43C360A3054CBFD06802485DF8044B8C
:1042E800704700BFF50F030038B51446054B026848
:1042F8001C30D5681860FFF7BDFB034628462360CD
:1043080038BD00BFAC7B002000283CD030B58368A6
:10431800044683B0002B33D01A68002A30D05B687B
:10432800002B2DD0D96B5269C0F88410D863EFF3F5
:10433800108172B6586902435A615A691B691A4258
:1043480014BF6FF0FD00002081F31088656895B1F7
:10435800EFF3108272B66B695B0705D582F310889C
:104368000123236003B030BD04232B6182F310883E
:104378006FF0FD00F4E70190FFF798F80198E7E780
:104388006FF08000EEE76FF0800070474368996334
:10439800EFF3108172B65A69186942F004025A6143
:1043A8005B69034214BF6FF0FD00002081F31088A1
:1043B800704700BFF0B5002607680446BD6A3B6930
:1043C800BF68DFF8B4C02B44073500F11C0E23F09A
:1043D800070383B080F82C7025F00705C7F3C027C2
:1043E80001AAC0F830E0C361836245625CF82730F7
:1043F800066280F82D60C6859847236801469A684A
:10440800D3F818E012F4007229D1D869E6694FEAA6
:10441800800C0CF1130525F00705761BE661DD68B5
:10442800B260144A37463560726068B130330CF1B7
:104438000C0C03EB8E03B44406F10C021D6918330F
:1044480042F8045B9445F9D1B0606FF00102019B1A
:10445800A76104F12C0000F05FF903B0F0BDE26938
:10446800DB680448A2F11007E761786042F8103C65
:10447800BE60EAE7F8360300946D002038B50D48B1
:104488000D4D00F015F90D4B0D4A28461A6000F045
:1044980071F92B6804465B6853F8141C53F81C0C1C
:1044A800FFF772FA08B9204638BDFEF7FFFF20462D
:1044B80038BD00BF7D420200C47B0020A87B0020DD
:1044C800400C002038B504460D4648B1EFF3108380
:1044D80072B66069284008BF256183F3108838BD2B
:1044E800FEF7E4FFF2E700BF38B504460D4678B1A1
:1044F800EFF3108272B6636920692B4363616369C5
:10450800034214BF6FF0FD00002082F3108838BD0D
:10451800FEF7CCFFECE700BF38B5114B1B685C68B1
:104528001C3CEFF30583C3F30803ABB90D4BE269F9
:104538001B689C68A24202D9D9688A4205D91D68BD
:10454800FFF7E4FA2846214638BD00242546FFF740
:10455800DDFA2846214638BDFEF7A8FFE6E700BF8A
:10456800C47B0020AC7B002010B5044600F0D6FACE
:10457800FFF7D4FA14F1FE0F03D0022801D0204629
:1045880010BDFFF7D5FA204610BD00BF2DE9F8434E
:10459800EFF3108772B600F091F8DFF87880A0F199
:1045A8002C06D8F800305D68294698B1A5F11C0999
:1045B800B1450FD00446EFF30982AB682833934224
:1045C80013D8D9F80800B168FFF722FAB0B96168C2
:1045D800C8F800400E4B1B6813B1B26902B11A60EB
:1045E80087F310882846BDE8F883FEF75FFFD9F8FF
:1045F8000800B168FFF70CFA0028E8D0B16854F851
:104608002C0CFFF7C1F90028E1D0FEF74FFFDEE7D9
:10461800A87B0020C47B002001B34A1E0A401DD19C
:1046280010B4D0E9064303EB430304EB430C046ADC
:1046380000F1300304EB440403EB8403446A03EB06
:104648008C0024B910E0A24200F1140008D00369DC
:1046580001328B42F7D15DF8044B70470020704758
:1046680000205DF8044B70472046F4E738B505464E
:104678000C46D0B1C9B12B68A2685B689A4201D0D8
:10468800FEF714FF63681BB19847012803D038BDB3
:10469800E06800F00FF928462169FFF725FFFE3092
:1046A800F5D1BDE83840FFF743BAFEF7FFFEE2E771
:1046B800014B1860704700BFB87B0020002370B51D
:1046C800134A82B014680193EFF3108672B6C4B12E
:1046D800104D03E001280FD0A46894B120462B6840
:1046E80001A99847C0B205286070F3D101996068A4
:1046F800FFF708FA0123637086F31088204602B09A
:1047080070BD002486F31088204602B070BD00BF3B
:10471800BC7B0020B87B00209C4670B5134E134626
:1047280034680546624624B190F800C02078604598
:1047380013D3AC6035606868FFF710FA01210C4BA1
:1047480069701A6822B129781278914228BF3568B1
:104758001D6070BD2078604503D2A646A468002C71
:10476800F8D1AC60CEF80850E5E700BFC07B002068
:10477800BC7B00200023F0B5154A83B006461468B8
:104788000193EFF3108772B6FCB1124D03E00128D4
:104798000FD0A468CCB120462B6801A99847C0B2B5
:1047A80005286070F3D101996068FFF7ABF9012320
:1047B800637087F31088FFF7BBF906B1346060684F
:1047C80003B0BDE8F040FFF7FFB90024F1E700BFF0
:1047D800BC7B0020B87B00204FF0FF30704700BF43
:1047E80008B5FFF73BF9034B9860FFF73DF980F3F5
:1047F800888808BD00ED02E0074A10B41368074C2A
:10480800013303F00703001B591C01EBC0005DF8DE
:10481800044B1360704700BFC87B0020CC7B00208E
:1048280018B1024B013803EBD0007047CC7B002055
:1048380008B58C22082340F28C41044800F08CFA19
:1048480000B908BDBDE80840FEF730BECC7B0020AB
:10485800014800F0B5BA00BFCC7B0020014608B57E
:10486800044800F0BFFA00280CBF6FF0FC000020DD
:1048780008BD00BFCC7B0020014610B5EFF31084C3
:1048880072B6034800F0A8FA84F3108810BD00BF80
:10489800CC7B002040B2002807DB012300F01F0179
:1048A800034A40098B4042F820300020704700BF7F
:1048B80000E100E040B200280CDB01220649430970
:1048C80000F01F002033824041F82320BFF34F8FB0
:1048D800BFF36F8F0020704700E100E00020034B1A
:1048E800D8765A6A42F470225A62704700ED00E0A6
:1048F8004FF04020154908B5CA68154B92B21343CA
:10490800CB60D0F8FC37052B08D0D0F8FC37052B46
:1049180004D04FF07063D3F8843098470CF090FFC0
:104928006FF001020B4BC3F81024D3F810240332A4
:1049380009D8D3F81034033305D84FF07063D3F88F
:1049480084309847FEE7002008BD00BF00ED00E076
:104958000800FA0500400240002070474FF0FF327F
:10496800114B0020C3F88022C3F88422C3F88822A0
:10497800C3F88C22C3F89022C3F89422C3F8982273
:10498800C3F89C22C3F8A022C3F8A422C3F8A82223
:10499800C3F8AC22C3F8B022C3F8B422C3F8B822D3
:1049A800C3F8BC22704700BF00E100E00020704758
:1049B8002DE9F8434FF070640020D4F8B4309847DC
:1049C80010B9D4F8843098474A4A4B4BD360D16821
:1049D800994208D0D2689A4205D04FF07063D3F854
:1049E80084309847FEE7434A444B13611169994262
:1049F80008D012699A4205D04FF07063D3F884301A
:104A08009847FEE73B4A3E4B5361516999421CD196
:104A18004FF070640120D4F8B430984710B9D4F836
:104A2800843098473349374A8A608B68534033F05B
:104A3800004313D08B68534033F000430ED04FF03F
:104A48007063D3F884309847FEE752699A42DFD002
:104A58004FF07063D3F884309847FEE74FF0030CAB
:104A680000204FF001094FF002086FF01E0E0427D6
:104A78000526062507242449244BD1E9031222F0F0
:104A88001F0242EA0C0221F01F01C3F8D800C3F844
:104A9800DC10C3F8E0201E4AC3F8D890C3F8DC2025
:104AA80002F530220132C3F8E0201A4AC3F8D88050
:104AB800C3F8DC20C3F8E0E0C3F8D8C0C3F8E000CE
:104AC800C3F8D870C3F8E000C3F8D860C3F8E000B2
:104AD800C3F8D850C3F8E000C3F8D840C3F8E000E2
:104AE800D3F8D0200C4942EA0902C3F8D0209960D3
:104AF800BDE8F883007000401BF002608300E8C046
:104B08007EFF0160010100806C57020000ED00E0AB
:104B18000080031000C0003000D10000823001285E
:104B280000D9704708B5FFF7C5F900B108BDBDE861
:104B38000840FEF7BBBC00BF002070470E4B70B5A5
:104B48001B6805465C680E4654F8102C1C3C0AB1DC
:104B580002420DD0002E02DB6069284070BD294654
:104B68002046FFF7AFFC002808BF6FF0FD0070BDBE
:104B7800FEF79CFCEEE700BFC47B00202DE9F04166
:104B880005460E46002834D0431E034231D12A4A36
:104B98000623116830224C68314654F8140C1C3C2A
:104BA800FEF700FFB0BB63698BB363692B422BD060
:104BB800042D21D1EFF3108872B6E36B6BB304F1C7
:104BC8003C0211461D4603F18402D3F88430002BC1
:104BD800F7D10B60E36BD5F888702BB388F3108896
:104BE8003022304605F10C0104F014FC3846BDE8CB
:104BF800F081FEF75BFCCAE729462046FEF7F0FF86
:104C08000546B0B10027EBE7FEF750FCD0E7FEF70A
:104C18004DFCCAE7FEF74AFCC5E7FEF747FCE36B25
:104C2800002BCCD11B68FFDE636923F004036361AA
:104C3800D4E76FF08B07D9E7C47B0020F8B50546A9
:104C48000E46FFF7E9F80446002872D0A768002F3F
:104C580074D0E368991C17D05A1C19D1002E5DD165
:104C680015F1810F4FD0EFF3108672B62946204612
:104C7800FFF78CFB054686F310882368022B48D083
:104C8800002328462360F8BD022323600025EAE7B5
:104C9800002B4BDBD4F88030C3F30142012A04BF58
:104CA8000022E266C3F30152012A04BF00222267F0
:104CB800C3F30162012A08BF0022C3F3017308BFCE
:104CC8006267012B04BF0023A367E36A13B1E36F94
:104CD800E26E5A60236B13B1E36F226FDA60636B85
:104CE80013B1E36F626F5A61A36B13B1D4E91E234A
:104CF800DA613B6835469B689B0544BF0223236005
:104D080015F1810FAFD16369002BACDBFEF7CEFB49
:104D1800A9E72046FFF7B0FD2846F8BD16F1820F37
:104D28000FD016F1830F01D135469CE7FEF7BEFB85
:104D3800ACE7FEF7BBFBA768002F8AD1FEF7B6FBEE
:104D480087E70223354623608DE700BF08B5FEF7E5
:104D5800E7FA6FF0830008BD70B32DE9F84F1E46DF
:104D68003BB3171D03FB07FA0AF10C038B428B4672
:104D780091461ED1804600240A46002104F088FB93
:104D880008F10C039C46A64600E0AC460EF1010E65
:104D98007645CCF800400CEB07056446F5D10020B9
:104DA800AAEB070A5344C8E90039C8F808B0BDE8B7
:104DB800F88F6FF0F800FAE76FF0F800704700BF5F
:104DC800034638B1006828B100220168196040F82C
:104DD800042B7047704700BF02680B1F41F8042C72
:104DE8000360704700F10C0399420FD38268C91A17
:104DF8008A420BD943680433B1FBF3F203FB121167
:104E0800A1F10400B0FA80F0400970470020704713
:104E18002DE9F04F7E4C97B0CDE9010324680BB221
:104E2800002B6768C1F30268C1F3024AC0F292809E
:104E38008B420C461546C36000F09E8008EB0A03BF
:104E4800042B00F287804FEAD1794FEA49194FEADB
:104E5800C80649F0020332464FEA116B57F8140CA2
:104E680029460393FEF79EFD1C3F0146002871D199
:104E7800202206A804F00CFB3246294606A804F0B6
:104E8800C9FA029E4FEACA052A463146B86849F06F
:104E98000603FEF787FD049000285BD10146202217
:104EA8000EA804F0F5FA2A4631460EA804F0B2FA24
:104EB8001BF0060F64D0DDE9082302EB030E069B06
:104EC80073454CD3B8F1020F5AD9DDE90A0100EB5A
:104ED800010C634548D31BF0040F00F09180DDE915
:104EE8000C5105EB010B5B4503D2079E33449D42F1
:104EF80030D3624501D286452CD829448A4201D252
:104F0800AE4527D8884278D304F00063002B039B72
:104F18001CBF22234FF020090393019BCDF814A056
:104F280006AD03F1180BDDE903A60AE06B68B0458E
:104F38004BF8043F55F8083BCBF83000CBF820304D
:104F480024D953466A682968B8680136FEF72AFDED
:104F58000028EBD06FF0800017B0BDE8F08F0799FC
:104F680019448A42AED2F5E7079919448842B2D269
:104F7800F0E7DDE90132DA67002017B0BDE8F08F0D
:104F880023012CD4B8F1000FC7D101E0DDF814A03B
:104F9800B9F1200F2BD00026019B102203F12C051C
:104FA8000021284604F074FABAF1000FE1D00EACE3
:104FB80046F0060605EB8A0A08E0636845F8043BF4
:104FC80054F8083BAA45E863EB62D2D033466268DE
:104FD8002168B868FEF7E6FC0028EED0BAE7B8F119
:104FE800000F04D022234FF02009039395E7002CEB
:104FF8000CDBC4F3C0467601CEE7AC4584D9A9E7FB
:10500800624581D286457FF67FAFA3E72026C3E7B6
:10501800C47B00202DE9F04182B098460E46174621
:105028000546FEF747FFFEF759FF2946024601A845
:10503800FEF75AFE044618B1204602B0BDE8F081DA
:1050480043463A4631460198FFF7E2FE044628B146
:105058006B00F1D50198FFF70FFCEDE70198FFF71A
:1050680053F90446204602B0BDE8F08140F2011031
:10507800704700BF70B50546FEF71CFF0646284678
:10508800FEF7DAFD48B10446014632462846FEF7E7
:1050980001FE10B92368D86870BD002070BD00BF3C
:1050A8002DE9F8430C462A49164609681F46D1F8E7
:1050B8000480FEF7B1FE0546002843D0EB68002BBC
:1050C8003DDB032C38D8D5F88020A40022FA04F35D
:1050D8009B072CD1042305EB040903FA04F41443B9
:1050E800C5F88040D9F81C40D9F84C30E41A02D1F0
:1050F8002046BDE8F88306233A46314658F8140C92
:10510800FEF750FC08BBBC4228BF3C46D9F84C30DF
:10511800D9F83C1030461944224604F07BF9D9F8F6
:105128004C3020462344C9F84C30BDE8F883FEF7DC
:10513800BDF9D5F88020CDE7FEF7B8F9C3E7FEF74B
:10514800B5F9BEE7FEF7B2F9B8E7FEF7AFF9DAE767
:10515800C47B002070B50C461646FEF75DFE05467A
:1051680030B3EB68002B20DB032C16D8D5F8801061
:10517800A40021FA04F39B0712D10423A3400B4394
:105188002A19C5F88030D36CD069C01A04D0B0424F
:1051980028BF30460344D36470BDFEF787F9E5E7BE
:1051A800FEF784F9D5F88010E7E7FEF77FF9DBE72B
:1051B800FEF77CF9D5E700BF2DE9F843274C904668
:1051C80024681F466468A4F11C090C46FEF724FEF7
:1051D800054600283ED0EB68002B38DB032C28D886
:1051E80005EB8406F36AF26E9B1ABB422CD3D5F802
:1051F80080200434A40022FA04F39B071FD104235F
:10520800A3401343D9F808003A46C5F88030414610
:105218000223FEF7C7FB78B9F36EF06D41463A46B4
:10522800184404F0F7F8F36E00203B44F366BDE839
:10523800F883FEF73BF9D3E7FEF738F9ECE7FEF71A
:1052480035F9D5F88020DAE7FEF730F9CFE7FEF731
:105258002DF9C3E7FEF72AF9BDE700BFC47B00209C
:10526800F8B50D46FEF7D8FD044600284FD0A368D0
:10527800D3E900279368190524D5E368002B26DBBA
:10528800032D28D804EB8506F369AD005BB3D4F889
:105298008030EB40DA072DD45B0732D40223B8689C
:1052A800F269F16BFEF77EFB70BB01230222D4F892
:1052B8008010AB40AA400B4323EA0203C4F88030B5
:1052C800F06BF8BDFEF7F2F8E368002BD8DAFEF7CA
:1052D800EDF8032DD6D904EB8506FEF7E7F8F36958
:1052E800AD00002BD3D1FEF7E1F8D4F88030EB40C5
:1052F800DA07D1D5FEF7DAF8D4F88030EB405B074F
:10530800CCD5FEF7D3F8C9E7FEF7D0F8CDE7FEF71E
:10531800CDF8ACE738B50C46FEF77EFD0546A0B3E0
:10532800AB681B689B68190517D5EB68002B19DB60
:10533800032C1BD8D5F88010A40021FA04F3DA074F
:105348001CD59B0715D402230122A3400B43A2407E
:1053580023EA0203C5F8803038BDFEF7A7F8EB68EA
:10536800002BE5DAFEF7A2F8032CE3D9FEF79EF846
:10537800E0E7FEF79BF8D5F88010E4E7FEF796F82B
:10538800D5F8801021FA04F3DBE7FEF78FF8C7E7BA
:10539800F8B50C46FEF740FD054600284AD0AB6834
:1053A800D3E900279368190525D5EB68002B27DB7F
:1053B800032C29D805EB8406F36A63B3D5F880304B
:1053C8000434A400E340DA072ED45B0729D406236B
:1053D800B868F26AF16DFEF7E5FAF8B9012302221E
:1053E800D5F88010A340A2400B4323EA0203C5F876
:1053F8008030F06DF8BDFEF759F8EB68002BD7DA6E
:10540800FEF754F8032CD5D905EB8406FEF74EF8C1
:10541800F36A002BD2D1FEF749F8CFE7FEF746F83A
:10542800DCE7FEF743F8D2E7FEF740F8D5F880301E
:10543800E340CAE7FEF73AF8B1E700BFF8B50C4613
:105448001646FEF7E9FC0546002842D0AB681B6803
:105458009B6819051ED5EB68002B20DB032C22D88E
:1054680005EB8407FB6AB34224D3D5F880100434D3
:10547800A40021FA04F3DA0724D59B071DD40223DC
:105488000122A3400B43A24023EA0203C5F880305F
:10549800FE66F8BDFEF70AF8EB68002BDEDAFEF7C9
:1054A80005F8032CDCD905EB8407FDF7FFFFFB6A41
:1054B800B342DAD2FDF7FAFFD7E7FDF7F7FFD5F8E1
:1054C8008010DCE7FDF7F2FFD5F8801021FA04F32D
:1054D800D3E7FDF7EBFFB9E7F8B506460F46FEF749
:1054E800E9FC05463046FEF7A7FB40B303680446CF
:1054F8009B689B0526D42A4630462146FEF7CAFB00
:10550800E8B939462046FEF7B3FBC0B92846FEF78E
:10551800E5FC0646EFF3108772B6FFF799F90546E2
:1055280087F3108888B132462146FEF797FC4FF082
:10553800FF332846EB60BDE8F840FEF7E5BE6FF0A4
:105548008100F8BD6FF08000F8BD6FF08200F8BDF3
:1055580010B5044682B0FEF7ADFCA4B1630015D4C3
:10556800FEF7BCFC2146024601A8FEF7BDFB40B988
:1055780001980368012B09D06FF00103C360FEF79F
:10558800C3FE02B010BD204602B010BD6FF080000F
:10559800F7E700BF38B50D46FEF73EFC044660B19C
:1055A800A3681B689B689B0502D40020A56138BDD1
:1055B800FDF77CFF0020A56138BDFDF777FFEFE719
:1055C8000B4B01461B6810B55B6853F81C0CFFF7C2
:1055D80023F8044620B1E068FFF75CF9002010BD0D
:1055E800FDF764FFE068FFF755F9002010BD00BF24
:1055F800C47B00200B4B01461B6810B55B6853F851
:105608001C0CFFF709F8044620B1E068FFF752F9CF
:10561800012010BDFDF74AFFE068FFF74BF90120B4
:1056280010BD00BFC47B002070B50546114B29464C
:105638001B685C6854F81C0CFEF7EEFF1C3C064621
:10564800A8B1736883B163692B420AD0EFF3108263
:1056580072B6636923EA0503636182F31088002048
:1056680070BDFDF723FFF1E7FDF720FFEBE7FDF73E
:105678001DFFE6E7C47B002000400000004000005A
:105688000000000000000000000000000000000012
:105698000000000000000000000000000000000002
:1056A80000000000000000000000000000500000A2
:1056B8005053415F494F545F50524F46494C455FE4
:1056C80031000000F93102001532020019320200DF
:1056D8001D32020021320200F1320200993202002A
:1056E8004D3202002D3202003532020041320200F2
:1056F8000000000000020000000800000008000090
:1057080001000000FF0000000102000179330200DF
:1057180095330200993302009D330200A133020041
:10572800AD3302004534020001340200093402009E
:1057380015340200213402002534020031340200FD
:1057480039340200030202020040034000C2010093
:1057580076322E302E30000028710020C8700020CC
:1057680030D400000081031000800310FF7F0E106A
:0857780040390300803B0300EF
:10578000009A294B9A4208D110B503F0C3FE03F0EA
:105790008FFB06BC96460C46744703F007FF00BF1C
:1057A000009A214B9A4208D110B503F0BBFE03F0DA
:1057B0007FFB06BC96460C46744703F0F7FE00BF1D
:1057C0000CB4029A184B9A420CD14FF00043194383
:1057D0000CBC10B503F0AEFE03F06AFB06BC9646A7
:1057E0000C46744703F0E2FE009A0F4B9A4208D130
:1057F00010B503F0E3FE03F05BFB06BC96460C46D7
:10580000744703F0D3FE00BF009A074B9A4208D1B9
:1058100010B503F0DBFE03F04BFB06BC96460C46CE
:10582000744703F0C3FE0000A5EDF5FE08B503F0D4
:1058300045FCBDE80840714672467346B7EE000A63
:10584000F7EE000AB7EE001AF7EE001AB7EE002ADC
:10585000F7EE002AB7EE003AF7EE003AB7EE004A4C
:10586000F7EE004AB7EE005AF7EE005AB7EE006ABC
:10587000F7EE006AB7EE007AF7EE007A8EF3008C4E
:1058800010B4F1EE10CA4FF66074C0F6FF740CEA63
:10589000040CE1EE10CA10BCF446744708B503F0DE
:1058A00031FCBDE808407046714672467346B7EE5B
:1058B000000AF7EE000AB7EE001AF7EE001AB7EE8C
:1058C000002AF7EE002AB7EE003AF7EE003AB7EEFC
:1058D000004AF7EE004AB7EE005AF7EE005AB7EE6C
:1058E000006AF7EE006AB7EE007AF7EE007A8EF300
:1058F000008C10B4F1EE10CA4FF66074C0F6FF745D
:105900000CEA040CE1EE10CA10BCF446744700BF68
:1059100008B503F02FFCBDE8084071467246734697
:10592000B7EE000AF7EE000AB7EE001AF7EE001A1B
:10593000B7EE002AF7EE002AB7EE003AF7EE003A8B
:10594000B7EE004AF7EE004AB7EE005AF7EE005AFB
:10595000B7EE006AF7EE006AB7EE007AF7EE007A6B
:105960008EF3008C10B4F1EE10CA4FF66074C0F6DE
:10597000FF740CEA040CE1EE10CA10BCF446744744
:105980004FF04023D3F8FC03714672467346B7EEDE
:10599000000AF7EE000AB7EE001AF7EE001AB7EEAB
:1059A000002AF7EE002AB7EE003AF7EE003AB7EE1B
:1059B000004AF7EE004AB7EE005AF7EE005AB7EE8B
:1059C000006AF7EE006AB7EE007A000FF7EE007A91
:1059D0008EF3008C10B4F1EE10CA4FF66074C0F66E
:1059E000FF740CEA040CE1EE10CA10BCF4467447D4
:1059F0004FF09C43B3F88C00714672467346B7EE85
:105A0000000AF7EE000AB7EE001AF7EE001AB7EE3A
:105A1000002AF7EE002AB7EE003AF7EE003AB7EEAA
:105A2000004AF7EE004AB7EE005AF7EE005AB7EE1A
:105A3000006AF7EE006AB7EE007AF7EE007A8EF3AE
:105A4000008C10B4F1EE10CA4FF66074C0F6FF740B
:105A50000CEA040CE1EE10CA10BCF446744700BF17
:105A60004FF09C43D3F88C00714672467346B7EEF4
:105A7000000AF7EE000AB7EE001AF7EE001AB7EECA
:105A8000002AF7EE002AB7EE003AF7EE003AB7EE3A
:105A9000004AF7EE004AB7EE005AF7EE005AB7EEAA
:105AA000006AF7EE006AB7EE007A20F07F40F7EE6A
:105AB000007A8EF3008C10B4F1EE10CA4FF66074C9
:105AC000C0F6FF740CEA040CE1EE10CA10BCF446F8
:105AD000744700BFB0F1405F10B5044603D31F4BBD
:105AE000821D9A4201D9FDF7E5FC204603F0F2FB46
:105AF000BDE810407046714672467346B7EE000A24
:105B0000F7EE000AB7EE001AF7EE001AB7EE002A19
:105B1000F7EE002AB7EE003AF7EE003AB7EE004A89
:105B2000F7EE004AB7EE005AF7EE005AB7EE006AF9
:105B3000F7EE006AB7EE007AF7EE007A8EF3008C8B
:105B400010B4F1EE10CA4FF66074C0F6FF740CEAA0
:105B5000040CE1EE10CA10BCF44674470088023011
:105B60001D4A7046D2F88430714643F00203C2F8F1
:105B70008430B7EE000A72467346F7EE000AB7EEBD
:105B8000001AF7EE001AB7EE002AF7EE002AB7EE79
:105B9000003AF7EE003AB7EE004AF7EE004AB7EEE9
:105BA000005AF7EE005AB7EE006AF7EE006AB7EE59
:105BB000007AF7EE007A8EF3008C10B4F1EE10CA82
:105BC0004FF66074C0F6FF740CEA040CE1EE10CAE4
:105BD00010BCF446744700BF001000401D4A7046D8
:105BE000D2F88430714623F00203C2F88430B7EE55
:105BF000000A72467346F7EE000AB7EE001AF7EE97
:105C0000001AB7EE002AF7EE002AB7EE003AF7EED8
:105C1000003AB7EE004AF7EE004AB7EE005AF7EE48
:105C2000005AB7EE006AF7EE006AB7EE007AF7EEB8
:105C3000007A8EF3008C10B4F1EE10CA4FF6607447
:105C4000C0F6FF740CEA040CE1EE10CA10BCF44676
:105C5000744700BF001000404FF09C4393F8F022BF
:105C6000042A38D993F83003C0EB0010400080B20A
:105C7000714672467346B7EE000AF7EE000AB7EEB9
:105C8000001AF7EE001AB7EE002AF7EE002AB7EE78
:105C9000003AF7EE003AB7EE004AF7EE004AB7EEE8
:105CA000005AF7EE005AB7EE006AF7EE006AB7EE58
:105CB000007AF7EE007A8EF3008C10B4F1EE10CA81
:105CC0004FF66074C0F6FF740CEA040CE1EE10CAE3
:105CD00010BCF44674474FF41670C9E74FF09C436C
:105CE00093F8F0227146042A8ABF93F831034FF4E7
:105CF000C87000EB800072467346B7EE000AF7EEFC
:105D0000000AB7EE001AF7EE001AB7EE002AF7EE17
:105D1000002AB7EE003AF7EE003AB7EE004AF7EE87
:105D2000004AB7EE005AF7EE005AB7EE006AF7EEF7
:105D3000006AB7EE007A88BF8000F7EE007A8EF333
:105D4000008C10B4F1EE10CA4FF66074C0F6FF7408
:105D50000CEA040CE1EE10CA10BCF446744700BF14
:105D60004FF09C4393F8F0227146042A8ABF93F8BF
:105D700032034FF4C87000EB800072467346B7EEF2
:105D8000000AF7EE000AB7EE001AF7EE001AB7EEB7
:105D9000002AF7EE002AB7EE003AF7EE003AB7EE27
:105DA000004AF7EE004AB7EE005AF7EE005AB7EE97
:105DB000006AF7EE006AB7EE007A88BF8000F7EE5F
:105DC000007A8EF3008C10B4F1EE10CA4FF66074B6
:105DD000C0F6FF740CEA040CE1EE10CA10BCF446E5
:105DE000744700BF1D4A1E4BC2F80833D2F808336F
:105DF000012BFBD07046714672467346B7EE000A1F
:105E0000F7EE000AB7EE001AF7EE001AB7EE002A16
:105E1000F7EE002AB7EE003AF7EE003AB7EE004A86
:105E2000F7EE004AB7EE005AF7EE005AB7EE006AF6
:105E3000F7EE006AB7EE007AF7EE007A8EF3008C88
:105E400010B4F1EE10CA4FF66074C0F6FF740CEA9D
:105E5000040CE1EE10CA10BCF44674470010004078
:105E600051E5CC1A00221B4B7046C3F8082371463B
:105E700072467346B7EE000AF7EE000AB7EE001A54
:105E8000F7EE001AB7EE002AF7EE002AB7EE003A56
:105E9000F7EE003AB7EE004AF7EE004AB7EE005AC6
:105EA000F7EE005AB7EE006AF7EE006AB7EE007A36
:105EB000F7EE007A8EF3008C10B4F1EE10CA4FF6B4
:105EC0006074C0F6FF740CEA040CE1EE10CA10BC5A
:105ED000F4467447001000401B4B7146C3F80003A2
:105EE000724670467346B7EE000AF7EE000AB7EE48
:105EF000001AF7EE001AB7EE002AF7EE002AB7EE06
:105F0000003AF7EE003AB7EE004AF7EE004AB7EE75
:105F1000005AF7EE005AB7EE006AF7EE006AB7EEE5
:105F2000007AF7EE007A8EF3008C10B4F1EE10CA0E
:105F30004FF66074C0F6FF740CEA040CE1EE10CA70
:105F400010BCF446744700BF001000401B4B714664
:105F5000C3F80403724670467346B7EE000AF7EEC4
:105F6000000AB7EE001AF7EE001AB7EE002AF7EEB5
:105F7000002AB7EE003AF7EE003AB7EE004AF7EE25
:105F8000004AB7EE005AF7EE005AB7EE006AF7EE95
:105F9000006AB7EE007AF7EE007A8EF3008C10B448
:105FA000F1EE10CA4FF66074C0F6FF740CEA040CF0
:105FB000E1EE10CA10BCF446744700BF0010004068
:105FC0001C4B00F00300C3F8540171467046724642
:105FD0007346B7EE000AF7EE000AB7EE001AF7EEC6
:105FE000001AB7EE002AF7EE002AB7EE003AF7EEF5
:105FF000003AB7EE004AF7EE004AB7EE005AF7EE65
:10600000005AB7EE006AF7EE006AB7EE007AF7EED4
:10601000007A8EF3008C10B4F1EE10CA4FF6607463
:10602000C0F6FF740CEA040CE1EE10CA10BCF44692
:10603000744700BF001000401C4B00F00700C3F87D
:1060400050017146704672467346B7EE000AF7EE8D
:10605000000AB7EE001AF7EE001AB7EE002AF7EEC4
:10606000002AB7EE003AF7EE003AB7EE004AF7EE34
:10607000004AB7EE005AF7EE005AB7EE006AF7EEA4
:10608000006AB7EE007AF7EE007A8EF3008C10B457
:10609000F1EE10CA4FF66074C0F6FF740CEA040CFF
:1060A000E1EE10CA10BCF446744700BF0010004077
:1060B00002231C4A5361D3689B07FCD57046714686
:1060C00072467346B7EE000AF7EE000AB7EE001A02
:1060D000F7EE001AB7EE002AF7EE002AB7EE003A04
:1060E000F7EE003AB7EE004AF7EE004AB7EE005A74
:1060F000F7EE005AB7EE006AF7EE006AB7EE007AE4
:10610000F7EE007A8EF3008C10B4F1EE10CA4FF661
:106110006074C0F6FF740CEA040CE1EE10CA10BC07
:10612000F44674470000024002221B4B70461A627C
:10613000714672467346B7EE000AF7EE000AB7EEF4
:10614000001AF7EE001AB7EE002AF7EE002AB7EEB3
:10615000003AF7EE003AB7EE004AF7EE004AB7EE23
:10616000005AF7EE005AB7EE006AF7EE006AB7EE93
:10617000007AF7EE007A8EF3008C10B4F1EE10CABC
:106180004FF66074C0F6FF740CEA040CE1EE10CA1E
:1061900010BCF446744700BF00000240F8B5A0F5FB
:1061A00040652C2D04460F4600F003064BD8002E08
:1061B00065D140F61C439C4254D94C2F69D8012329
:1061C000354A780952F8202007F01F018B4013420E
:1061D00052D03946204603F087F8BDE8F8407046B3
:1061E000714672467346B7EE000AF7EE000AB7EE44
:1061F000001AF7EE001AB7EE002AF7EE002AB7EE03
:10620000003AF7EE003AB7EE004AF7EE004AB7EE72
:10621000005AF7EE005AB7EE006AF7EE006AB7EEE2
:10622000007AF7EE007A8EF3008C10B4F1EE10CA0B
:106230004FF66074C0F6FF740CEA040CE1EE10CA6D
:1062400010BCF4467447FDF735F9FEB90123AD08DB
:10625000AB40C3F30B030BB9FDF72CF940F61C431D
:106260009C4209D80D2FB4D9FDF724F90123BB4076
:10627000C3F30D03002BACD1FDF71CF9A9E7FDF723
:1062800019F940F61C439C4297D8EBE7FDF712F949
:10629000DCE7FDF70FF992E7441B0300F8B5A0F225
:1062A0000446F02E05460C465DD8AB075FD10127AA
:1062B000C6F384034C2C4FEAD61607FA03F748D8E6
:1062C000304B53F826301F424AD001232E4A600932
:1062D00052F8202004F01F018B4013424AD021467F
:1062E000284603F007F8BDE8F8407046714672464C
:1062F0007346B7EE000AF7EE000AB7EE001AF7EEA3
:10630000001AB7EE002AF7EE002AB7EE003AF7EED1
:10631000003AB7EE004AF7EE004AB7EE005AF7EE41
:10632000005AB7EE006AF7EE006AB7EE007AF7EEB1
:10633000007A8EF3008C10B4F1EE10CA4FF6607440
:10634000C0F6FF740CEA040CE1EE10CA10BCF4466F
:106350007447FDF7AFF80B4B53F826301F420CD0B3
:10636000FDF7A8F8B1E7FDF7A5F8AB079FD0FDF75B
:10637000A1F89CE7FDF79EF8B1E7FDF79BF8FDF764
:1063800099F8A2E7501B0300441B0300431EB3F11E
:10639000806F10B504463BD24FF070632046D3F8AF
:1063A00094309847BDE81040704671467246734677
:1063B000B7EE000AF7EE000AB7EE001AF7EE001A81
:1063C000B7EE002AF7EE002AB7EE003AF7EE003AF1
:1063D000B7EE004AF7EE004AB7EE005AF7EE005A61
:1063E000B7EE006AF7EE006AB7EE007AF7EE007AD1
:1063F0008EF3008C10B4F1EE10CA4FF66074C0F644
:10640000FF740CEA040CE1EE10CA10BCF4467447A9
:10641000FDF750F8C0E700BF4FF04022D2F80C3132
:10642000704643F00103C2F80C3171467246734660
:10643000B7EE000AF7EE000AB7EE001AF7EE001A00
:10644000B7EE002AF7EE002AB7EE003AF7EE003A70
:10645000B7EE004AF7EE004AB7EE005AF7EE005AE0
:10646000B7EE006AF7EE006AB7EE007AF7EE007A50
:106470008EF3008C10B4F1EE10CA4FF66074C0F6C3
:10648000FF740CEA040CE1EE10CA10BCF446744729
:106490004FF04022D2F80C31704623F00103C2F8CD
:1064A0000C31714672467346B7EE000AF7EE000AE9
:1064B000B7EE001AF7EE001AB7EE002AF7EE002A40
:1064C000B7EE003AF7EE003AB7EE004AF7EE004AB0
:1064D000B7EE005AF7EE005AB7EE006AF7EE006A20
:1064E000B7EE007AF7EE007A8EF3008C10B4F1EE7E
:1064F00010CA4FF66074C0F6FF740CEA040CE1EEAB
:1065000010CA10BCF44674474FF04022D2F80C3148
:10651000704643F40033C2F80C317146724673463C
:10652000B7EE000AF7EE000AB7EE001AF7EE001A0F
:10653000B7EE002AF7EE002AB7EE003AF7EE003A7F
:10654000B7EE004AF7EE004AB7EE005AF7EE005AEF
:10655000B7EE006AF7EE006AB7EE007AF7EE007A5F
:106560008EF3008C10B4F1EE10CA4FF66074C0F6D2
:10657000FF740CEA040CE1EE10CA10BCF446744738
:106580004FF04022D2F80C31704623F40033C2F8A9
:106590000C31714672467346B7EE000AF7EE000AF8
:1065A000B7EE001AF7EE001AB7EE002AF7EE002A4F
:1065B000B7EE003AF7EE003AB7EE004AF7EE004ABF
:1065C000B7EE005AF7EE005AB7EE006AF7EE006A2F
:1065D000B7EE007AF7EE007A8EF3008C10B4F1EE8D
:1065E00010CA4FF66074C0F6FF740CEA040CE1EEBA
:1065F00010CA10BCF44674474FF04022D2F80C3158
:10660000704623F08073C2F80C31714672467346AF
:10661000B7EE000AF7EE000AB7EE001AF7EE001A1E
:10662000B7EE002AF7EE002AB7EE003AF7EE003A8E
:10663000B7EE004AF7EE004AB7EE005AF7EE005AFE
:10664000B7EE006AF7EE006AB7EE007AF7EE007A6E
:106650008EF3008C10B4F1EE10CA4FF66074C0F6E1
:10666000FF740CEA040CE1EE10CA10BCF446744747
:106670004FF04022D2F80C31704643F48023C2F828
:106680000C31714672467346B7EE000AF7EE000A07
:10669000B7EE001AF7EE001AB7EE002AF7EE002A5E
:1066A000B7EE003AF7EE003AB7EE004AF7EE004ACE
:1066B000B7EE005AF7EE005AB7EE006AF7EE006A3E
:1066C000B7EE007AF7EE007A8EF3008C10B4F1EE9C
:1066D00010CA4FF66074C0F6FF740CEA040CE1EEC9
:1066E00010CA10BCF44674474FF04022D2F80C3167
:1066F000704623F48023C2F80C317146724673460B
:10670000B7EE000AF7EE000AB7EE001AF7EE001A2D
:10671000B7EE002AF7EE002AB7EE003AF7EE003A9D
:10672000B7EE004AF7EE004AB7EE005AF7EE005A0D
:10673000B7EE006AF7EE006AB7EE007AF7EE007A7D
:106740008EF3008C10B4F1EE10CA4FF66074C0F6F0
:10675000FF740CEA040CE1EE10CA10BCF446744756
:106760004FF04022D2F80C3100F4E04023F4E04333
:106770000343C2F80C317046714672467346B7EE59
:10678000000AF7EE000AB7EE001AF7EE001AB7EEAD
:10679000002AF7EE002AB7EE003AF7EE003AB7EE1D
:1067A000004AF7EE004AB7EE005AF7EE005AB7EE8D
:1067B000006AF7EE006AB7EE007AF7EE007A8EF321
:1067C000008C10B4F1EE10CA4FF66074C0F6FF747E
:1067D0000CEA040CE1EE10CA10BCF446744700BF8A
:1067E0004FF04023D3F80C01714672467346B7EE62
:1067F000000AF7EE000AB7EE001AF7EE001AB7EE3D
:10680000002AF7EE002AB7EE003AF7EE003AB7EEAC
:10681000004AF7EE004AB7EE005AF7EE005AB7EE1C
:10682000006AF7EE006AB7EE007AC0F30050F7EEA8
:10683000007A8EF3008C10B4F1EE10CA4FF660743B
:10684000C0F6FF740CEA040CE1EE10CA10BCF4466A
:10685000744700BF4FF04022D2F80C3100F4706052
:1068600023F470630343C2F80C31704671467246DC
:106870007346B7EE000AF7EE000AB7EE001AF7EE1D
:10688000001AB7EE002AF7EE002AB7EE003AF7EE4C
:10689000003AB7EE004AF7EE004AB7EE005AF7EEBC
:1068A000005AB7EE006AF7EE006AB7EE007AF7EE2C
:1068B000007A8EF3008C10B4F1EE10CA4FF66074BB
:1068C000C0F6FF740CEA040CE1EE10CA10BCF446EA
:1068D000744700BF4FF04022D2F80C31B0F5803F32
:1068E0000CBF43F4803323F48033C2F80C3170467C
:1068F000714672467346B7EE000AF7EE000AB7EE2D
:10690000001AF7EE001AB7EE002AF7EE002AB7EEEB
:10691000003AF7EE003AB7EE004AF7EE004AB7EE5B
:10692000005AF7EE005AB7EE006AF7EE006AB7EECB
:10693000007AF7EE007A8EF3008C10B4F1EE10CAF4
:106940004FF66074C0F6FF740CEA040CE1EE10CA56
:1069500010BCF446744700BF4FF04022D2F80C310F
:1069600000F00E0023F00E030343C2F80C31704612
:10697000714672467346B7EE000AF7EE000AB7EEAC
:10698000001AF7EE001AB7EE002AF7EE002AB7EE6B
:10699000003AF7EE003AB7EE004AF7EE004AB7EEDB
:1069A000005AF7EE005AB7EE006AF7EE006AB7EE4B
:1069B000007AF7EE007A8EF3008C10B4F1EE10CA74
:1069C0004FF66074C0F6FF740CEA040CE1EE10CAD6
:1069D00010BCF446744700BF4FF04022D2F80C318F
:1069E00010280CBF43F0100323F01003C2F80C3141
:1069F0007046714672467346B7EE000AF7EE000A1B
:106A0000B7EE001AF7EE001AB7EE002AF7EE002AEA
:106A1000B7EE003AF7EE003AB7EE004AF7EE004A5A
:106A2000B7EE005AF7EE005AB7EE006AF7EE006ACA
:106A3000B7EE007AF7EE007A8EF3008C10B4F1EE28
:106A400010CA4FF66074C0F6FF740CEA040CE1EE55
:106A500010CA10BCF4467447B0F1405F10B504464C
:106A600003D31F4B021D9A4201D9FCF723FD204698
:106A700002F046FCBDE8104070467146724673460F
:106A8000B7EE000AF7EE000AB7EE001AF7EE001AAA
:106A9000B7EE002AF7EE002AB7EE003AF7EE003A1A
:106AA000B7EE004AF7EE004AB7EE005AF7EE005A8A
:106AB000B7EE006AF7EE006AB7EE007AF7EE007AFA
:106AC0008EF3008C10B4F1EE10CA4FF66074C0F66D
:106AD000FF740CEA040CE1EE10CA10BCF4467447D3
:106AE000008802304FF08043186B714680F40040FC
:106AF00072467346B7EE000AF7EE000AB7EE001AC8
:106B0000F7EE001AB7EE002AF7EE002AB7EE003AC9
:106B1000F7EE003AB7EE004AF7EE004AB7EE005A39
:106B2000F7EE005AB7EE006AF7EE006AB7EE007AA9
:106B3000C0F3C030F7EE007A8EF3008C10B4F1EEA3
:106B400010CA4FF66074C0F6FF740CEA040CE1EE54
:106B500010CA10BCF44674474FF08042136C704664
:106B600043F480131364714672467346B7EE000A0D
:106B7000F7EE000AB7EE001AF7EE001AB7EE002A99
:106B8000F7EE002AB7EE003AF7EE003AB7EE004A09
:106B9000F7EE004AB7EE005AF7EE005AB7EE006A79
:106BA000F7EE006AB7EE007AF7EE007A8EF3008C0B
:106BB00010B4F1EE10CA4FF66074C0F6FF740CEA20
:106BC000040CE1EE10CA10BCF44674471A4B71462F
:106BD000986972467346B7EE000AF7EE000AB7EE00
:106BE000001AF7EE001AB7EE002AF7EE002AB7EE09
:106BF000003AF7EE003AB7EE004AF7EE004AB7EE79
:106C0000005AF7EE005AB7EE006AF7EE006AB7EEE8
:106C1000007AF7EE007A8EF3008C10B4F1EE10CA11
:106C20004FF66074C0F6FF740CEA040CE1EE10CA73
:106C300010BCF446744700BF002000401D4A714656
:106C4000D36990699BB2B3EB901F18BFD369B7EEBD
:106C5000000A72467346F7EE000AB7EE001AF7EE26
:106C6000001AB7EE002AF7EE002AB7EE003AF7EE68
:106C7000003AB7EE004AF7EE004AB7EE005AF7EED8
:106C8000005AB7EE006AF7EE006AB7EE007AF7EE48
:106C9000007A8EF3008C10B4F1EE10CA4FF66074D7
:106CA000C0F6FF740CEA040CE1EE10CA10BCF44606
:106CB000744700BF0020004008B5EAF741FFBDE877
:106CC0000840714672467346B7EE000AF7EE000AB6
:106CD000B7EE001AF7EE001AB7EE002AF7EE002A18
:106CE000B7EE003AF7EE003AB7EE004AF7EE004A88
:106CF000B7EE005AF7EE005AB7EE006AF7EE006AF8
:106D0000B7EE007AF7EE007A8EF3008C10B4F1EE55
:106D100010CA4FF66074C0F6FF740CEA040CE1EE82
:106D200010CA10BCF44674472DE9F0410D461646D2
:106D300082B01E22012104460AF088FD00286FD08F
:106D40000122214601A802F069FB9DF80430082BBE
:106D500066D8364A52F82340002C61D0D4F8188007
:106D60004FEA48070137B7425DD817223146284617
:106D70000AF06CFD002853D0B8F1000F12D005EBDB
:106D800008012B468E46481EE269A0EB030C12F860
:106D90000C2003F8012F226A994212F80CC00EF859
:106DA00001CFF1D104230021F21BE8192B7002F06E
:106DB00073FB002002B0B7EE000ABDE8F041714657
:106DC00072467346F7EE000AB7EE001AF7EE001AA5
:106DD000B7EE002AF7EE002AB7EE003AF7EE003AD7
:106DE000B7EE004AF7EE004AB7EE005AF7EE005A47
:106DF000B7EE006AF7EE006AB7EE007AF7EE007AB7
:106E00008EF3008C10B4F1EE10CA4FF66074C0F629
:106E1000FF740CEA040CE1EE10CA10BCF44674478F
:106E20006FF08000C6E74FF0FF30C3E7E81B0300B8
:106E300010B50446E9F766FDC0B301212046E9F725
:106E400093F9BDE81040714672467346B7EE000AEA
:106E5000F7EE000AB7EE001AF7EE001AB7EE002AB6
:106E6000F7EE002AB7EE003AF7EE003AB7EE004A26
:106E7000F7EE004AB7EE005AF7EE005AB7EE006A96
:106E8000F7EE006AB7EE007AF7EE007A8EF3008C28
:106E900010B4F1EE10CA4FF66074C0F6FF740CEA3D
:106EA000040CE1EE10CA10BCF44674476FF0010008
:106EB000C7E700BF08B5E9F70BFCBDE8084071461D
:106EC00072467346B7EE000AF7EE000AB7EE001AF4
:106ED000F7EE001AB7EE002AF7EE002AB7EE003AF6
:106EE000F7EE003AB7EE004AF7EE004AB7EE005A66
:106EF000F7EE005AB7EE006AF7EE006AB7EE007AD6
:106F0000F7EE007A8EF3008C10B4F1EE10CA4FF653
:106F10006074C0F6FF740CEA040CE1EE10CA10BCF9
:106F2000F4467447B0F1405F46D3034610B5244C95
:106F30000433A3423DD8B1F1405F0A4639D305324C
:106F4000A24236D8E9F73AF9BDE8104071467246D8
:106F50007346B7EE000AF7EE000AB7EE001AF7EE36
:106F6000001AB7EE002AF7EE002AB7EE003AF7EE65
:106F7000003AB7EE004AF7EE004AB7EE005AF7EED5
:106F8000005AB7EE006AF7EE006AB7EE007AF7EE45
:106F9000007A8EF3008C10B4F1EE10CA4FF66074D4
:106FA000C0F6FF740CEA040CE1EE10CA10BCF44603
:106FB00074476FF00200C7E76FF00200C6E700BF3A
:106FC0000088023010B50446E9F79CFCC0B30121EB
:106FD0002046E9F7C7F9BDE810407146724673468E
:106FE000B7EE000AF7EE000AB7EE001AF7EE001A45
:106FF000B7EE002AF7EE002AB7EE003AF7EE003AB5
:10700000B7EE004AF7EE004AB7EE005AF7EE005A24
:10701000B7EE006AF7EE006AB7EE007AF7EE007A94
:107020008EF3008C10B4F1EE10CA4FF66074C0F607
:10703000FF740CEA040CE1EE10CA10BCF44674476D
:107040006FF00100C7E700BF10B50446E9F75AFC2E
:10705000C0B301212046E9F747FABDE81040714668
:1070600072467346B7EE000AF7EE000AB7EE001A52
:10707000F7EE001AB7EE002AF7EE002AB7EE003A54
:10708000F7EE003AB7EE004AF7EE004AB7EE005AC4
:10709000F7EE005AB7EE006AF7EE006AB7EE007A34
:1070A000F7EE007A8EF3008C10B4F1EE10CA4FF6B2
:1070B0006074C0F6FF740CEA040CE1EE10CA10BC58
:1070C000F44674476FF00100C7E700BF08B5E9F761
:1070D00043FBBDE808407046714672467346B7EE02
:1070E000000AF7EE000AB7EE001AF7EE001AB7EE44
:1070F000002AF7EE002AB7EE003AF7EE003AB7EEB4
:10710000004AF7EE004AB7EE005AF7EE005AB7EE23
:10711000006AF7EE006AB7EE007AF7EE007A8EF3B7
:10712000008C10B4F1EE10CA4FF66074C0F6FF7414
:107130000CEA040CE1EE10CA10BCF446744700BF20
:1071400008B5E9F737FABDE808407146724673465C
:10715000B7EE000AF7EE000AB7EE001AF7EE001AD3
:10716000B7EE002AF7EE002AB7EE003AF7EE003A43
:10717000B7EE004AF7EE004AB7EE005AF7EE005AB3
:10718000B7EE006AF7EE006AB7EE007AF7EE007A23
:107190008EF3008C10B4F1EE10CA4FF66074C0F696
:1071A000FF740CEA040CE1EE10CA10BCF4467447FC
:1071B00008B5E9F785FABDE80840704671467246A1
:1071C0007346B7EE000AF7EE000AB7EE001AF7EEC4
:1071D000001AB7EE002AF7EE002AB7EE003AF7EEF3
:1071E000003AB7EE004AF7EE004AB7EE005AF7EE63
:1071F000005AB7EE006AF7EE006AB7EE007AF7EED3
:10720000007A8EF3008C10B4F1EE10CA4FF6607461
:10721000C0F6FF740CEA040CE1EE10CA10BCF44690
:10722000744700BF08B5E9F79DFCBDE8084070460B
:10723000714672467346B7EE000AF7EE000AB7EEE3
:10724000001AF7EE001AB7EE002AF7EE002AB7EEA2
:10725000003AF7EE003AB7EE004AF7EE004AB7EE12
:10726000005AF7EE005AB7EE006AF7EE006AB7EE82
:10727000007AF7EE007A8EF3008C10B4F1EE10CAAB
:107280004FF66074C0F6FF740CEA040CE1EE10CA0D
:1072900010BCF446744700BF08B5E9F7ADFABDE885
:1072A0000840714672467346B7EE000AF7EE000AD0
:1072B000B7EE001AF7EE001AB7EE002AF7EE002A32
:1072C000B7EE003AF7EE003AB7EE004AF7EE004AA2
:1072D000B7EE005AF7EE005AB7EE006AF7EE006A12
:1072E000B7EE007AF7EE007A8EF3008C10B4F1EE70
:1072F00010CA4FF66074C0F6FF740CEA040CE1EE9D
:1073000010CA10BCF446744708B5E9F7EBFABDE8BB
:1073100008407046714672467346B7EE000AF7EEB3
:10732000000AB7EE001AF7EE001AB7EE002AF7EEE1
:10733000002AB7EE003AF7EE003AB7EE004AF7EE51
:10734000004AB7EE005AF7EE005AB7EE006AF7EEC1
:10735000006AB7EE007AF7EE007A8EF3008C10B474
:10736000F1EE10CA4FF66074C0F6FF740CEA040C1C
:10737000E1EE10CA10BCF446744700BF08B5E9F747
:10738000DFFABDE80840714672467346B7EE000A60
:10739000F7EE000AB7EE001AF7EE001AB7EE002A71
:1073A000F7EE002AB7EE003AF7EE003AB7EE004AE1
:1073B000F7EE004AB7EE005AF7EE005AB7EE006A51
:1073C000F7EE006AB7EE007AF7EE007A8EF3008CE3
:1073D00010B4F1EE10CA4FF66074C0F6FF740CEAF8
:1073E000040CE1EE10CA10BCF4467447B0F1405FE3
:1073F00010B5044604D3204B00F114029A4201D97F
:10740000FCF758F82046E9F7A9FABDE810407046A5
:10741000714672467346B7EE000AF7EE000AB7EE01
:10742000001AF7EE001AB7EE002AF7EE002AB7EEC0
:10743000003AF7EE003AB7EE004AF7EE004AB7EE30
:10744000005AF7EE005AB7EE006AF7EE006AB7EEA0
:10745000007AF7EE007A8EF3008C10B4F1EE10CAC9
:107460004FF66074C0F6FF740CEA040CE1EE10CA2B
:1074700010BCF446744700BF0088023008B5E9F735
:107480007FFABDE80840714672467346B7EE000ABF
:10749000F7EE000AB7EE001AF7EE001AB7EE002A70
:1074A000F7EE002AB7EE003AF7EE003AB7EE004AE0
:1074B000F7EE004AB7EE005AF7EE005AB7EE006A50
:1074C000F7EE006AB7EE007AF7EE007A8EF3008CE2
:1074D00010B4F1EE10CA4FF66074C0F6FF740CEAF7
:1074E000040CE1EE10CA10BCF4467447B0F1405FE2
:1074F00010B5044604D3204B00F114029A4201D97E
:10750000FBF7D8FF2046FBF7F3F9BDE810407046C3
:10751000714672467346B7EE000AF7EE000AB7EE00
:10752000001AF7EE001AB7EE002AF7EE002AB7EEBF
:10753000003AF7EE003AB7EE004AF7EE004AB7EE2F
:10754000005AF7EE005AB7EE006AF7EE006AB7EE9F
:10755000007AF7EE007A8EF3008C10B4F1EE10CAC8
:107560004FF66074C0F6FF740CEA040CE1EE10CA2A
:1075700010BCF446744700BF0088023008B5FBF722
:1075800083F8BDE80840714672467346B7EE000ABC
:10759000F7EE000AB7EE001AF7EE001AB7EE002A6F
:1075A000F7EE002AB7EE003AF7EE003AB7EE004ADF
:1075B000F7EE004AB7EE005AF7EE005AB7EE006A4F
:1075C000F7EE006AB7EE007AF7EE007A8EF3008CE1
:1075D00010B4F1EE10CA4FF66074C0F6FF740CEAF6
:1075E000040CE1EE10CA10BCF446744738B541F6FD
:1075F0003C73984204460D4601D8994201D9FBF7E5
:1076000059FF29462046FBF74DF9BDE83840704642
:10761000714672467346B7EE000AF7EE000AB7EEFF
:10762000001AF7EE001AB7EE002AF7EE002AB7EEBE
:10763000003AF7EE003AB7EE004AF7EE004AB7EE2E
:10764000005AF7EE005AB7EE006AF7EE006AB7EE9E
:10765000007AF7EE007A8EF3008C10B4F1EE10CAC7
:107660004FF66074C0F6FF740CEA040CE1EE10CA29
:1076700010BCF446744700BFB0F1405F10B504463B
:1076800004D3204B00F114029A4201D9FBF712FFF8
:107690002046FBF789FBBDE81040704671467246F4
:1076A0007346B7EE000AF7EE000AB7EE001AF7EEDF
:1076B000001AB7EE002AF7EE002AB7EE003AF7EE0E
:1076C000003AB7EE004AF7EE004AB7EE005AF7EE7E
:1076D000005AB7EE006AF7EE006AB7EE007AF7EEEE
:1076E000007A8EF3008C10B4F1EE10CA4FF660747D
:1076F000C0F6FF740CEA040CE1EE10CA10BCF446AC
:10770000744700BF0088023008B5FBF723FABDE8D4
:107710000840714672467346B7EE000AF7EE000A5B
:10772000B7EE001AF7EE001AB7EE002AF7EE002ABD
:10773000B7EE003AF7EE003AB7EE004AF7EE004A2D
:10774000B7EE005AF7EE005AB7EE006AF7EE006A9D
:10775000B7EE007AF7EE007A8EF3008C10B4F1EEFB
:1077600010CA4FF66074C0F6FF740CEA040CE1EE28
:1077700010CA10BCF446744738B500F580739BB24C
:10778000B3F5007F04460D4605D201F580739BB228
:10779000B3F5007F01D3FBF78DFE29462046FBF7AA
:1077A000DDFABDE838407046714672467346B7EE62
:1077B000000AF7EE000AB7EE001AF7EE001AB7EE6D
:1077C000002AF7EE002AB7EE003AF7EE003AB7EEDD
:1077D000004AF7EE004AB7EE005AF7EE005AB7EE4D
:1077E000006AF7EE006AB7EE007AF7EE007A8EF3E1
:1077F000008C10B4F1EE10CA4FF66074C0F6FF743E
:107800000CEA040CE1EE10CA10BCF446744700BF49
:1078100070B517220D46096806460AF017F80028C9
:1078200040D02968214809F0CFFB04461F49304663
:10783000224601F0F3FD0020B7EE000AF7EE000A41
:10784000B7EE001AF7EE001AB7EE002AF7EE002A9C
:10785000B7EE003AF7EE003AB7EE004AF7EE004A0C
:10786000B7EE005AF7EE005AB7EE006AF7EE006A7C
:10787000B7EE007A2C60F7EE007ABDE870407146F2
:10788000724673468EF3008C10B4F1EE10CA4FF6B8
:107890006074C0F6FF740CEA040CE1EE10CA10BC70
:1078A000F446744704464FF0FF30C5E758570200CE
:1078B00070B478C8194A78C20139FAD170BC7047DF
:1078C000F0B4F0C8144BF0C3124BF0CBF0C1013A46
:1078D000F7D1F0BC704700BFF0B4F0C80F4BF0C355
:1078E000013A07D0F0C80D4BF0C30A4BF0CBF0C102
:1078F000013AF7D1064B1C680F25AC431C60054BC1
:10790000F0CBF0C1F0BC7047AFF30080AFF3008064
:107910002C000C4070000C4080000C4090000C408B
:10792000820706D18A0704D130B43CC93CC030BCC0
:10793000704710230A78027001310130013BF9D100
:10794000704700BF000000002DE9F04FD0E902535E
:10795000144603F0FE42B2F1407F8BB032D0B2F158
:10796000806F1ED0B2F1A06F7BD0A94A23F0FF0137
:10797000914233D12168A74841F4C52242F0010267
:10798000834222604DD0A44A934227D106F04CFD99
:1079900018B9236843F48073236000200BB0BDE85E
:1079A000F08F15F4803222D000239C4A1029C4E9BC
:1079B000002313D10388B3F5105F0FD115F4407F76
:1079C000E4D10BE0964A1A40B2F1607F76D01039CC
:1079D000102903D8934ACA40D20726D40022002394
:1079E0006FF08600C4E900230BB0BDE8F08F15F4FA
:1079F000807640F03B81AF0540F173810FF2C819EA
:107A0000D9E900894FF0000C324671A7D7E9006729
:107A1000E2469FED716B9FED727BDFF84CE2824D89
:107A200034E1824B0B432360B0E70027804E15F40E
:107A3000406FC4E9006740F095807E4A9342CDD004
:107A400069A7D7E900676FF086027B498B42C5D1F1
:107A50000388C4E90067B3F5105FBFD1002A95D051
:107A6000BCE715F480329FD115F4807640F0328166
:107A7000AD0500F1B2810FF27819D9E9008900272C
:107A80006FF086026D4E0088C4E90067B0F5105FA4
:107A9000A4D110391029A1D8624820FA01F1C907F0
:107AA0009CD567498B42D9D001F580718B4295D125
:107AB000C4E90089002A3FF469AF8FE715F4406FED
:107AC0004FF0000C5BD05F4AE6460992E046E24682
:107AD000E34662466046E1469FED477B5A4D5B4E6A
:107AE0000895A5F580050595A5F500050295A5F570
:107AF00080050695564FA5F580050395CDF81CC069
:107B0000CDF810C0A5F580050196DBB243F00073F7
:107B100003F17E43053B84ED007B0E2B3FF65EAF09
:107B200001A656F823F000BF537D0200DD79020064
:107B3000DD7902004B7D02003D7D02002F7D0200B9
:107B4000217D0200DD790200DD790200DD7902008D
:107B5000DD790200097D02007D7D02006F7D02005B
:107B6000617D02000027334A3A4E9342C4E9006720
:107B700000F02D8122A7D7E90067002265E7364D86
:107B8000364A0895A5F580050595A5F50005344EFE
:107B90000295A5F580050695A5F580050992039542
:107BA000E646E046E246E3466046E1466FF086027E
:107BB0009FED157B2B4FCDF81CC0CDF810C0A5F55F
:107BC00080050196A1E700BF0128233000000000D6
:107BD00001282300000000000128231800000000F5
:107BE00001286300000000000128020800000000D6
:107BF0000128040800000000012811000000000016
:107C00000128120800000000012801000000000007
:107C100000070008010700080907000801680100C3
:107C20000000C07F0101010001282308012826006F
:107C3000012802000002C0030001C0030128040063
:107C4000000150050128D1020128910201285100AC
:107C50000128110201281200012881020128C10215
:107C60000128410001280102012863084FF0000C9F
:107C70000FF2F419D9E90089E24600279FED606B05
:107C80009FED617BDFF8E8E16D4D6E4E0088C4E941
:107C90000067B0F5105F78D042F20135A8427FF45A
:107CA0009DAE18297FF49AAE674984ED007B8B4224
:107CB0003FF4D4AE65498B423FF490AE64498B42A9
:107CC0007FF48CAE7546E246C4E9005A002A3FF4C0
:107CD0005DAE83E600270FF23819D9E900895D4EC1
:107CE000D1E64FF0000C0FF23019D9E900890027D6
:107CF000E2466FF086029FED4A6B9FED4B7B564E3E
:107D0000DFF870E1554DC1E70E3982293FF666AEC6
:107D10003D465046C4E90050002A3FF437AE5DE6C8
:107D2000203960293FF65AAE5846029DF2E71839CD
:107D300068293FF653AEDDE90650EBE710393029EC
:107D40003FF64CAEDDE90350E4E70E393229E1D9C4
:107D500044E60E3932293FF641AE4846019DD9E747
:107D6000203928293FF63AAE6046099DD2E71839F6
:107D700050293FF633AE7046089DCBE7103978297D
:107D80003FF62CAE4046059DC4E7354883422DD0D2
:107D9000103910293FF622AE324820FA01F1CE0701
:107DA0007FF51CAE28498B423FF458AE0AD92749CB
:107DB0008B4208BF84ED006B7FF410AE002A3FF4C5
:107DC000E5AD0BE622498B423FF47EAF06E6038821
:107DD000B3F5105F3FF4DAAD00E632460FF250091A
:107DE000D9E9008914A7D7E900674CE620293FF4B8
:107DF0005FAE40297FF4F2AD5AE600BFAFF30080DA
:107E000001281318000000000128530000000000A2
:107E100001281408000000000128033000000000C1
:107E200001280318000000000128430000000000A2
:107E300001282408000000000128240000000000A0
:107E40000128130801281300004440040010C00456
:107E50000040400401281400012803000128030801
:107E600000FF400401010100012813300000000060
:107E700001285308012843082DE9F04F93B00792D9
:107E80004A880C4605461E46002A6DD10B8803F42D
:107E90004F41B1F5824F00F0A38003F4E043B3F506
:107EA000E04F00F0CF80B3F5804F00F0A180E06894
:107EB0006FF0860A00F0FE43B3F1C06F5DD144F26B
:107EC0000103B4F8009029F44051994200F0328146
:107ED000DFF8D0B209EA0B03B3F5824F53D120F497
:107EE000FF7323F00103B3F1062F00F04382A84B88
:107EF000984248D19EA1D1E90001209B09F4E047B6
:107F0000B7F5E04FC3E9000100F0BF83B7F5804F3C
:107F100039D15FFA89F3002D00F02385422B32D14D
:107F2000B8F1000F2FD01F9BA3F80080079B002BF8
:107F300040F0E1831D9B6BB11E9B5BB11E9A08F163
:107F40001F0311685B090133B1EB830F4FEA830212
:107F500080F01B866FF08900002200232099C1E980
:107F6000002313B0BDE8F08F90464FF0000AE068A0
:107F700000F0FE43B3F1C06FA1D0B3F1E06F05D0C4
:107F8000B3F1106F69D06FF08600E5E703F5007379
:107F900098423AD07F4B20F0FF029A42F3D176A369
:107FA000D3E90023209910F0FF00C1E90023EAD0B3
:107FB00040F0007000F17E43053B062BE3D801A2A0
:107FC00052F823F061830200877F0200877F02005E
:107FD0004D830200398302002583020011830200D1
:107FE000D9B241297FF459AF4FF0FF089246BEE75E
:107FF0001C9B03F1FF384FEA58084FEAC808B8F550
:10800000047F25D04FF0000AB1E720995CA3D3E9A3
:108010000023C1E90023BAF1000FB4D15AA1D1E97C
:108020000001238803F4E043B3F5E04F00F05282EF
:10803000B3F5804FA7D1002D00F02381B8F1000FD8
:10804000A1D06CE01C9B4FEAC308B8F5047FD9D1DE
:1080500040F209284FF0000A89E700214E4B4F4FAC
:108060000340209A4E4843F01063BB42C2E900012E
:1080700089D1238803F4E042B2F5E04F00F0A482F6
:10808000B2F5804F7FF47FAF1E9A314605921D9A5C
:108090002846049223F4435222F03F02B2F5824F65
:1080A0004FF0000218BF00238DF83C200FAA039266
:1080B0000CAA029209AA0192CDF800801C9ADBB2A8
:1080C00003F0AAFE15B1FF238DF83C30238803F49A
:1080D0004F42B2F5824F7FF456AFDBB2302B05D062
:1080E000412B00F0A584122B7FF44DAF209B209AEA
:1080F0001B68526843F4001320990B604A60002803
:108100007FF42AAF002D40F0FC849DF83C30002B1A
:108110003FF439AFBDF830801F9BA3F8008006F014
:1081200083F928B9209B209A1B6843F4807313605D
:10813000002016E710F0FF033FF425AF43F0007373
:1081400003F17E43053B062B3FF61DAF01A252F81B
:1081500023F000BFA9810200877F0200877F020011
:108160001B8202004F8202003582020069820200F7
:1081700001405038000000000140A2000000000053
:10818000014082000000000001488204000000005D
:1081900000080006000300070000FFF600000209C7
:1081A0000140010000CFFFFF0027C1A3D3E9002356
:1081B0000FF2043BDBE900AB9FED8B7BDFF800C3E4
:1081C000209909F4E049B9F5E04FC1E9002300F036
:1081D000C981B9F5804F7FF4D6AE002D00F06783DA
:1081E00020F48753B04A23F01F03934220F0FF008E
:1081F00000F0F7820022AD4B8DF83C2098427FF4CE
:10820000C2AE209BD3E9001741F4000C209BC3E9C8
:1082100000C7B8F1000F82D1B5E6002774A3D3E9F7
:1082200000230FF2D41BDBE900AB9FED757BDFF879
:1082300094C2C5E7002774A3D3E900230FF2D01B33
:10824000DBE900AB9FED747BDFF87CC2B8E7002769
:1082500073A3D3E900230FF2D01BDBE900AB9FED42
:10826000747BDFF868C2ABE7002773A3D3E9002370
:108270000FF2CC1BDBE900AB9FED737BDFF850C244
:108280009EE70FAB009330461C990CAB09AA08F08F
:10829000CFF900287FF460AE9DF83C30002B7FF4CE
:1082A00072AE0A9B0D9EDB009AB21F9B1A801D9B2B
:1082B000002B3FF44FAE1E9B002B3FF44BAEF6005D
:1082C00006F11F035B0902F11F01023303EB511397
:1082D0001E9908689900B0EB830FFFF43BAE1E9B1C
:1082E0001960618891427FF44EAE1D982A46009035
:1082F0000223099803F01EF90A9A1D99043288187E
:1083000000900223012231460C9803F013F906E78E
:1083100020994FA3D3E90023C1E900234EA1D1E95D
:1083200000017EE620994EA3D3E90023C1E9002392
:108330004DA1D1E9000174E620994DA3D3E90023B2
:10834000C1E900234CA1D1E900016AE620994CA3C0
:10835000D3E90023C1E900234BA1D1E9000160E684
:1083600020994BA3D3E90023C1E900234AA1D1E915
:10837000000156E69FED4A7B2099FF23424681ED9E
:10838000007B03F059F800287FF4E6AD09F4E043E0
:10839000B3F5E04F00F0E881B3F5804F7FF4F3AD23
:1083A0001E9A0FAB05921D9A8DF83C00CDE9033261
:1083B0000CAB029309AB0193314628461C9ACDF8C9
:1083C00000805FFA89F303F027FD00287FF4C4AD35
:1083D0009DF83C30002B7FF4D6AD0C9B1F9A138088
:1083E0009DE600BFAFF30080014880080000000058
:1083F0000140002000000000014890200000000023
:108400000148802000000000014000300000000012
:10841000014890300000000001488030000000005A
:1084200001400028000000000148902800000000E2
:1084300001488028000000000140003800000000D2
:10844000014890380000000001488038000000001A
:108450000140A238000000000148A23C00000000DA
:108460000140A230000000000148A23400000000DA
:108470000140A228000000000148A22C00000000DA
:108480000140A220000000000148A22400000000DA
:108490000140A208000000000148A20C00000000FA
:1084A000014030000000000000030006000200064A
:1084B0000140000800000000014890080000000092
:1084C00001409008014090200140903001409028E8
:1084D00001409038209BC3E90001002D7FF4AEAD30
:1084E0000CAB009330461C990FAB09AA08F018F8A2
:1084F00000287FF431AD0A9B109A9A423FF643ADB3
:108500001F9ADB009BB213801D9A002A3FF422AD14
:108510001E9A002A3FF41EAD1E9903F11F0209683E
:1085200052090132B1EBC20F4FEAC200FFF412ADA3
:1085300061881E9A994210607FF425AD2A46022375
:1085400009981D9C009402F0F5FF0A9A1D990432C7
:1085500088181F9902230988012200900F9802F0C1
:10856000E9FFDCE5AE4A20F4875323F01F03934272
:1085700000F0C680AB4B20F0FF0098427FF403ADC3
:1085800081ED007B002D00F05D821D9B002B3FF4F0
:10859000FAAC1E9B002B3FF4F6ACB8F1000F3FF491
:1085A000F2AC1E9A1FFA88F31F3311685B091F9AF9
:1085B0000133B1EBC30FA2F800804FEAC302FFF40E
:1085C000C9AC1E9B1A60AAE5209F03F44F42B2F586
:1085D000824F8DA1D1E90001C7E900017FF4D3AC3E
:1085E000DBB2412B00F0D181122B00F0DA81302B6D
:1085F0007FF4C9AC002D00F03182BAF1000F7FF496
:10860000C2AC83A1D1E900011123209AC2E9000183
:10861000079A002A7FF483AD1D9A002A3FF4B3AC79
:108620001E9A002A3FF4AFAC1E9908F11F02096898
:1086300052090132B1EB820FFFF48CACB8F1000F9C
:108640003FF4A1AC1F9A1D99A2F8008000911FFA77
:1086500088F11F3149091E9C013189002160304693
:108660004146079A02F066FFB8F1FF0F7FF457AD5D
:108670001D9B1D991A7993F8233022F0070243F0CD
:1086800040030A7181F8233049E5194662A3D3E912
:108690000023C1E90023002D00F0C8805FFA89F9AA
:1086A000B9F1420F7FF46FACB8F1000F3FF46BAC3F
:1086B0001F9BA3F80080079BEBB91D9B002B3FF489
:1086C00049AC1E9B002B3FF445AC1E9A08F11F03DA
:1086D00011685B090133B1EB830F4FEA8302FFF4AA
:1086E00039AC1E9B41461A601D9A304600921123F8
:1086F000002202F01FFFBAF1000F7FF444AC0EE538
:10870000C1E900AB002D7FF440AF0CAB00933046C5
:108710001C990FAB09AA07F03FFF00287FF41CAC9F
:108720000A9BDB0099B21F9B1980638813B19942A1
:108730007FF429AC1D9B002B3FF40CAC1E9B002B3F
:108740003FF408AC1E9A01F11F0310685B09013366
:10875000B0EBC30F4FEAC302FFF4FCAB1E9C022335
:10876000226009980022ECE6209B209A1B6843F4C3
:1087700000631360002D00F01F815FFA89F9B9F1E1
:10878000120F00F05D81B9F1300F7FF4FCAB1123C3
:10879000B8F1000F3FF4F7AB1F9AA2F80080079AD8
:1087A000002A7FF4BCAC1D9A002A3FF4D3AB1E9A7A
:1087B000002A3FF4CFAB1E9908F11F020868520946
:1087C0000132B0EB820F4FEA8201FFF4C3AB1E9A75
:1087D0001D9C116030464146079A009402F0AAFEA3
:1087E0009DE4FF2298428DF83C203FF40FAD0E4BE4
:1087F00098427FF4C8AB209BD3E9001741F4100CDA
:1088000004E500BFAFF30080014801040000000050
:108810000148210400000000014850380000000019
:108820000003000600020006001300060CAB0093D4
:1088300030461C99019509AB0FAA07F04BFD0028A3
:108840007FF48AAB9DF82430042B7FF49CAB238803
:1088500003EA0B0BBBF5824F7FF495ABDBB2422BE7
:108860007FF491AB0C9B618899427FF48CAB1F9B8A
:1088700019801D9B002B3FF46DAB1E9B002B3FF41A
:1088800069AB1E9A01F11F0312685B090133B2EB59
:10889000830F4FEA8300FFF45DAB11231E9C00227F
:1088A00020601D9800900F9802F044FE37E40FAB53
:1088B000009330461C990CAB09AA07F0B9FE0028BA
:1088C0007FF44AABE368A64A23F0FF03934240F0EB
:1088D0006C819DF83C30002B3FF455AB209BD3E9D5
:1088E000002042F410020A9B2099DB000A6099B232
:1088F000209B58601F9B1980638813B199427FF4B5
:1089000042AB1D9B0D9C002B3FF424AB1E9B002B08
:108910003FF420ABE4001E9804F11F035B0901F152
:108920001F020068023303EB5213B0EB830F4FEAD0
:108930008302FFF40FAB1E98022302601D9A099870
:108940000092002202F0F6FD0A9A1D99043288185E
:1089500000900223012221460C9802F0EBFDFFF764
:10896000DEBB1E9C009205941D9C314604940FAC06
:1089700003940CAC029409AC28461C9A019403F0B1
:108980004BFA00287FF4E8AA22E5002D00F0AC8025
:10899000BAF1000F7FF4F7AA6DA1D1E9000101231C
:1089A00033E6002D5AD0BAF1000F7FF4ECAA6AA189
:1089B000D1E90001012328E60CAB009330461C9955
:1089C000019509AB0FAA07F0E7FB00287FF4C4AAC2
:1089D0009DF82430012B00F09C80022B7FF4D3AA59
:1089E000238803F44F42B2F5824F7FF4CCAADBB266
:1089F000302B7FF4C8AA11230C9A618891427FF42E
:108A0000C2AA1D9A002A3FF4BEAA1E9A002A3FF469
:108A1000BAAA1E9C01F11F02246852090132B4EB6C
:108A2000820F4FEA8200FFF495AA1F9A118035E762
:108A3000209B209A1B68526843F48003FFF75CBBBD
:108A40000123A5E60CAB009330461C990FAB09AA95
:108A500007F066FD00287FF47FAA61E600250CABD5
:108A6000009330461C9909AB0FAA019507F094FBBF
:108A700000287FF471AA9DF82430022B72D0032BBA
:108A800053D0012B7FF47FAA228802F44F41B1F525
:108A9000824F7FF478AAD2B2122A7FF474AA209A65
:108AA00020991268486842F400126188209C226074
:108AB0000C9A606091427FF466AA1F9A11801D9AF9
:108AC000002A3FF447AA1E9A002A3FF443AA1E9C9C
:108AD00001F11F02246852090132B4EB820F4FEA00
:108AE0008200FFF437AAD9E60CABCDE90035304659
:108AF0001C9909AB0FAA07F0EDFB00287FF42CAA04
:108B0000B9E7B8F1000F3FF43EAA1FFA88F8FFF763
:108B100003BB228802EA0B0BBBF5824F7FF433AA1A
:108B2000D2B2122A7FF42FAA66E7238803F44F42B9
:108B3000B2F5824F7FF427AADBB2412B7FF423AA40
:108B4000209B20991A684868012342F48002ACE710
:108B50000148410400000000014821040000000019
:108B600000030006238803F44F42B2F5824F7FF4DE
:108B70000AAADBB2302B7FF406AA209B20991A6840
:108B80004868112342F400128FE71E9B41461A6089
:108B90001D9B30460093079A112302F0CBFCBAF1DB
:108BA000000F7FF4F0A9FFF7BABA094A93423FF4E5
:108BB00090AE084A93427FF4E6A99DF83C30002B22
:108BC0007FF4E1A9209BD3E9002042F400028AE669
:108BD0000013000600020006F0B5002705463C4CD5
:108BE0003C4E89B04FF48072394620462F6000F029
:108BF00053FC4FF480723946304600F04DFC4FF084
:108C0000E0624FF4C20320462260236106F024FA9A
:108C100000284FD1304606F057FA00284AD1336871
:108C2000BB424FEA136203F480310BDB0A4312F0BC
:108C3000FF0442D176686EB9274806F0BBFD204696
:108C400009B0F0BD02F07F0252420029EFD122F4B8
:108C50008032ECE705F0E8FB20B319A1D1E900016F
:108C60002B46402206F08CFE0446F8B9CDE90500FB
:108C7000CDE90300CDE90100009037233146174AC2
:108C8000286807F05DF804460028D8D0144806F09C
:108C900091FD286806F0D4FE0023984218BF0446D0
:108CA0002B60CCE708A1D1E90001D9E70D4806F017
:108CB00081FDC4E76FF09204BEE76FF09A04BEE74F
:108CC00001283500000000000129350000000000E7
:108CD000C0790020D88600205C3503007C35030075
:108CE000103503003835030070B5234D86B02C686D
:108CF00034B10020214A13680133136006B070BDFF
:108D00001F4805F0FBFF286060B39FED197B1B4AED
:108D10001368013313601B4B1B4A83ED007B83ED0B
:108D2000027B83ED047B83ED067B146006F062FB1F
:108D3000013014D0154E164B16492868164ACDE955
:108D400000160293CDE90344144B154906F058FA76
:108D5000337823B106B0BDE8704007F0D1BC6FF0A6
:108D60000100CBE74FF0FF30C8E700BFAFF3008052
:108D70000000000000000000E0870020DC870020E9
:108D800084360300C07A0020D8870020418A002062
:108D9000246F0020428A0020438A0020448A002059
:108DA000458A00200348044B834202D0034B03B1A1
:108DB00018477047306F0020306F0020000000001F
:108DC000064B0749C91A891048BF0131491003D021
:108DD000044B0BB101481847704700BF306F0020AB
:108DE000306F00200000000010B5064C237843B916
:108DF000FFF7D8FF044B13B10448AFF30080012301
:108E0000237010BD3E8A0020000000005037030090
:108E100008B5054B1BB105490548AFF30080BDE817
:108E20000840FFF7CDBF00BF00000000E07A00203F
:108E300050370300A3F5803A704700BF174B002B53
:108E400008BF134B9D46FFF7F5FF00218B460F46E9
:108E50001348144A121A00F01FFB0E4B002B00D0CF
:108E600098470D4B002B00D09847002000210400AC
:108E70000D000D48002802D00C48AFF3008008F028
:108E800069FD20002900FAF717FB08F051FD00BF2B
:108E9000000008000000000000000000380C002066
:108EA000306F0020488A0020000000000000000011
:108EB000B7EE000AF7EE000AB7EE001AF7EE001A56
:108EC000B7EE002AF7EE002AB7EE003AF7EE003AC6
:108ED000B7EE004AF7EE004AB7EE005AF7EE005A36
:108EE000B7EE006AF7EE006AB7EE007AF7EE007AA6
:108EF000F1EE10CA40F29F01CFF200013CEA010CF2
:108F0000E1EE10CA002383F300887047FAF7D2BA63
:108F1000FFF7FCFFFEE700BFFAF7CCBAFFF7FCFF54
:108F2000FEE700BFFAF7C6BAFFF7FCFFFEE700BF97
:108F3000FAF7C0BAFFF7FCFFFEE700BFFAF7BABACC
:108F4000FFF7FCFFFEE700BF054AD2F8003123F02F
:108F5000E0630343C2F80031C2F81411704700BF48
:108F600000000540044AD2F8083123F00603034309
:108F7000C2F80831704700BF00000540114B0128BE
:108F800013444FEA83031A6822F4477222F0030263
:108F900041EA02010AD902284FF000000A4A08BF3C
:108FA00041F480711960C2F81C017047002814BF99
:108FB00001200320044A41F400711960C2F81C0129
:108FC000704700BF6040011000000540044AD2F81D
:108FD000043123F480130343C2F80431704700BF07
:108FE00000000540054AD2F8043123F4807323F0D1
:108FF00001030343C2F80431704700BF000005407D
:10900000084A0906D2F8083101F0F85123F0F85364
:1090100023F4F8130004194300F4F8100843C2F8CD
:109020000801704700000540044AD2F8043123F4D7
:1090300040330343C2F80431704700BF00000540CD
:1090400000FB02F2022902F580424FEAD23208D038
:10905000042940F6FF7008BFFF20904228BF104649
:10906000704740F2FF30904228BF1046704700BF63
:10907000022917D004290BD0042140F2FF7340F6D7
:10908000FF7CCA4002FB0030B0FBFCF08840704718
:109090007F234FF0FF0C02FB00300021B0FBFCF0FF
:1090A0008840704740F2FF1340F2FF3C920802FBF9
:1090B0000030B0FBFCF08840704700BF03281DD88B
:1090C000DFE800F017120D024FF09C43B3F848039D
:1090D0004FF6FF73984208BF4FF4004070474FF0BF
:1090E0009C43B3F84A03F3E74FF09C43B3F84C03B7
:1090F000EEE74FF09C43B3F84E03E9E74FF400402E
:10910000704700BF10B4032830D8DFE800F02821F2
:109110001A024FF09C4393F94423120192B24FF08C
:1091200040210020D1F80838114C23F47F4323F06C
:10913000F0031343CC60C1F808385DF8044BC860F5
:1091400070474FF09C4393F94523120192B2E6E732
:109150004FF09C4393F94623120192B2DFE74FF0A0
:109160009C4393F94723120192B2D8E70022D6E735
:109170002769AFC5F8B54FF400624FF040234F495F
:10918000C3F80011C3F80821EFF3108672B64FF44C
:10919000804200214A4C03F5E0335A61D4F8003193
:1091A000084623F00103C4F80031FFF729FF40F21D
:1091B000FF314FF0E060FFF7C7FE0020FFF7D2FE5F
:1091C00000220D211046FFF7D9FE0020FFF79AFF7D
:1091D0000020FFF729FF0020FFF704FF0020FFF722
:1091E000F5FED4F80031062043F00103C4F8003145
:1091F000D4F8003143F00103C4F80031D4F804314D
:1092000043F48073C4F8043100F06AF8D4F8405392
:1092100015F00105FAD10427D4F88032284CD4F88F
:109220000031062043F00103C4F80031D4F80431C2
:1092300043F48073C4F8043100F052F8D4F840339A
:10924000DB07FBD4D4F88032013F1D44E7D1384618
:10925000FFF734FF0235AD08024639462846FFF7CE
:10926000EFFE3946174AFFF703FF4FF480414FF0F6
:109270004023154A1162154AC3F80021C3F808714A
:1092800016B9EFF3108362B64FF09C43B3F8603326
:10929000C3EB43125B1003EB4203C3F55C43E633BD
:1092A00003441B010A4A54BF03F2AE33A3F2AE33A8
:1092B000D81782FB0323C0EB6320F8BD5001005A8E
:1092C00000000540C05C1500000002400F00005A7D
:1092D0007BC288450622014900F0A0B86800004E14
:1092E0000138FDD1704700BF00F1804303F514330E
:1092F0001960704700F1804000F51430016070473C
:10930000034B04491A6803680860134303607047FD
:10931000F87A0020806D0020124B01291A6804D8C9
:1093200032F81130184322F81100138852880E4881
:1093300013439BB202782BB992B102210B4A1162FE
:1093400003707047012A07D0022208494A61CA689F
:109350009207FCD501220270054A23F001035360F5
:10936000704700BF806D0020266F00200000024083
:1093700000000840124B01291A6805D832F8113054
:1093800023EA000322F81130138852880D48134352
:109390009BB202782BB992B102210B4A1162037081
:1093A0007047012A07D0022207494A61CA6892071A
:1093B000FCD501220270054A23F001035360704777
:1093C000806D0020266F0020000002400000084051
:1093D0000E4B0F481A6801781388528813439BB2CA
:1093E0002BB991B102210B4A116203707047012918
:1093F00007D0022207494A61CA689207FCD50122B8
:109400000270054A23F0010353607047806D00200D
:10941000266F0020000002400000084082B140EAB0
:1094200001039B0784460CD002E00B439B0708D046
:10943000634611F801CB013A03F801CB9C46F4D105
:109440007047032A10B525D90B46A2F1040E2EF061
:10945000030E04318E44ACEB030C1C6819464CF827
:1094600003400CEB030404339E45F6D102F00302E3
:10947000531E72B1043104F1040C0C788CF80040D6
:109480003BB14B78022A8CF8013002D08B788CF8F3
:10949000023010BD531EF0E730B50C0444EA0164FD
:1094A0000C4344EA012472B183070DD084465FFA6D
:1094B00081FE02E013F0030F07D06346013A03F880
:1094C00001EB9C46F6D130BD0346032A1FD9A2F119
:1094D000040E2EF0030E03F1040CE6441D461C603E
:1094E000634673450CF1040CF8D102F00302541EDC
:1094F000002AE8D02B1DC9B21970002CE3D0012C32
:109500005970E0D0032A9970DDD0D97030BD541E57
:10951000F1E700BF024B1B685B689B68184700BF00
:10952000400C0020024B1B685B685B68184700BF5B
:10953000400C002010B4044C246864682468A446DD
:109540005DF8044B604700BF400C0020024B1B68D5
:109550005B68DB68184700BF400C0020024B1B68AB
:109560005B681B69184700BF400C002010B4044C16
:10957000246864686469A4465DF8044B604700BFD2
:10958000400C002010B4044C24686468E469A446CC
:109590005DF8044B604700BF400C0020024B1B6885
:1095A0005B681B6A184700BF400C0020024B1B6819
:1095B0005B685B6A184700BF400C0020024B1B68C9
:1095C0005B68DB6A184700BF400C0020024B1B6839
:1095D0005B681B6B184700BF400C0020024B1B68E8
:1095E0005B689B6B184700BF400C0020024B1B6858
:1095F0005B68DB6B184700BF400C0020024B1B6808
:109600005B685B6C184700BF400C0020024B1B6876
:109610005B689B6C184700BF400C0020024B1B6826
:109620005B68DB6C184700BF400C0020024B1B68D6
:109630005B681B6D184700BF400C002030B51D4B08
:1096400085B09D6AA8470369012B2FD1A8471A4C02
:109650008368A360A84703461B7D01A82376F9F71A
:10966000BBFD18BBA1689DF80C30029A01FB03F307
:10967000B2FBF3F50199114A616011482146E3609C
:10968000258200F047FA08B105B030BD0C4800F063
:1096900077FA0028F8D00A4800F090FA0028F3D1B1
:1096A000074805B0BDE8304000F06ABA6FF08000AE
:1096B000EAE700BFCC5602009C6D0020B0260300F4
:1096C00058800020114670B551EA030284B0DDE9EC
:1096D000085435D0072C30D80422CDE9021301906C
:1096E0000DEB02011948FFF799FE0822184E0DEB09
:1096F00002011848FFF792FE32461449164800F05E
:109700005FFAA8B9B368DB071DD444F44034C6E956
:10971000015401F0CDFA002406462B460C4A0B49B1
:109720000D48CDE9084604B0BDE8704000F05CBAD1
:1097300010F18C0FE9D004B070BD6FF08500FAE72E
:109740006FF08600F7E76FF08400F4E77C8000207C
:10975000708000208080002058800020114670B565
:1097600051EA030286B00A9D2FD0CDE903010422FD
:1097700003A91748174C0593FFF750FE082204A9C8
:109780001548FFF74BFE22461149144800F018FA1D
:10979000A0B92468AC4218D30B9B641B9C4228BF21
:1097A0001C460C9B1C6001F083FA06462B462246A1
:1097B00007490A48009600F01DFB08B906B070BDC5
:1097C00000230C9A136006B070BD6FF08600F5E7B9
:1097D0007C80002070800020808000205880002045
:1097E000114630B551EA030285B0089C1CD0042212
:1097F000CDE901010DEB02010D480393FFF70EFEC9
:1098000008220C4D0DEB02010B48FFF707FE2A461C
:1098100007490A4800F0D4F920B92B68AA68C4E9BE
:109820000033A26005B030BD6FF08600FAE700BFDC
:109830007C800020708000208080002058800020E4
:1098400010B5144654EA030284B01FD00422CDE9B7
:1098500001040DEB020111480393FFF7DFFD08221D
:109860000F4C0DEB02010F48FFF7D8FD22460B49C4
:109870000D4800F0A5F958B9A368DB070AD40749D9
:10988000094804B0BDE8104000F0A2BA6FF08600AD
:1098900004B010BD6FF08400FAE700BF7C800020A8
:1098A00070800020808000205880002008B503468A
:1098B0001B6800209B689847002818BF6FF0910034
:1098C00008BD00BFF8B51D46036804465B680E4638
:1098D0001746984703460B4A6068C3F3410312F8E2
:1098E00023200544069BE06824683946B3FBF2F266
:1098F00000FB0650A469A0470028B4BF6FF0910098
:109900000020F8BDC42603000020704770B504464F
:10991000C06898B10E46002504E0D4E902301D4429
:10992000A8420BD9D4E900232B4400FB0630D369AD
:1099300098470028F1D06FF0910070BD002070BDF5
:109940002DE9F04782B00A9D1DB9002002B0BDE8A4
:10995000F08717464268064613440268C06852689A
:1099600000FB013490472A4BC0F3410013F82090CC
:10997000B4FBF9F809FB08F8444542D033680122EA
:1099800040465B6901A9984700283DDBA4EB08032A
:1099900001AAD1182B4499452ED8A9EB040AC24438
:1099A00052463846FFF73AFDB5EB0A05CDD004EB39
:1099B0000A083268A945536910D84046B5FBF9F842
:1099C00007EB0A014246984700281DDB09FB08F215
:1099D000AD1ABAD09244326804EB0A085369404683
:1099E000012201A9984700280EDB2A4601A907EBAE
:1099F0000A00FFF713FDA8E72A463846FFF70EFDD9
:109A0000A3E74FF0000AD4E76FF091009EE700BF94
:109A1000C42603002DE9F04F03688FB006AA044660
:109A20000D46DF6800F072FD10B10FB0BDE8F08F99
:109A30000BA801F04FF90146002865D1DDE9066960
:109A4000202206A8DDF82480FFF726FD29462046BF
:109A500006AA00F085FF0028E7D12368DB8A63B3FC
:109A6000834682460CE05946204606AA00F078FF5D
:109A70000028DAD12368DB8A0BF1010B5B451DD985
:109A80005D45F9D05946204606AA00F03FFD002862
:109A9000CBD1069BB342E6D10BA801F01BF90028FD
:109AA000E1D1079B4B45DED99F4228BF1F46A3EB60
:109AB00008030793099B9A44D5E79A46B8F1000F2B
:109AC0000DD14146204603AA00F070FD0028ACD11C
:109AD0004146204603AA01F04FF868B1A5E73B468E
:109AE000424631462046CDF804A0CDF8009000F063
:109AF000A3F9002899D11EB1204600F0FBFF30B930
:109B0000204600F0C3FC90E76FF08B008DE76FF00C
:109B100083008AE780B370B50C4651B3154642B353
:109B20000B8A012B25D9032B23D0CA8A022B064688
:109B3000C968A08A4FEA421212D1A1F114039B1AFC
:109B4000834216D3884214D81432914211D318227A
:109B500000213046FFF7A0FC0020C6E9004570BD9B
:109B6000884206D80C20023B083200FB03238B42BC
:109B7000EDD96FF0860070BD6FF08600704700BFB2
:109B800030B583B0054600F03BFF044610B12046D7
:109B900003B030BD4FF08071284601AA00F010FCE0
:109BA00030B110F18C0F18BF0446204603B030BD11
:109BB00028460199FFF72EFF0446E8E700F0F2BDC2
:109BC00010B58AB0144602AB01AA00F081FB40B97F
:109BD000DDE90412BDF81830C4E90012A3600AB030
:109BE00010BD6FF08B00FAE72DE9F04192B004460A
:109BF00088461546002120220AA81F46189EFFF716
:109C00004BFC4FF6FF73CDE90533002D00F0DC80EF
:109C1000AB68B3F1807F80F0D780414620460AAB25
:109C200005AA00F055FB002800F0968010F18C0F7B
:109C300040F08F80AB68DB0340F18B804FF6FF7301
:109C4000069A9A4240F09B802368998A6B688B42FF
:109C500000F2BA800AA8A9680290059807AD821A96
:109C600006A818BF012200910190414620460395A5
:109C700000F004FD00286CD12FB30C9B9E4200F233
:109C800087803A4631460D9801F018F800287FD1B8
:109C9000199B2946CDE90073204633460AAA00F0F5
:109CA00045F9002874D10C9B3E449E420A992046F7
:109CB00088BF0C96079E00F005FB314607900A9A74
:109CC000204600F049FE2A4620460A9900F054FF3B
:109CD00000285DD1069920460AAA00F041FE0146FF
:109CE000002855D1DDE905539D4228BF1D46204679
:109CF0002A4600F0A5FA00284AD14FF6FF72059BCC
:109D0000934210D0069A93420DD09A4238BF1A4619
:109D10002046691C00F094FA002839D1DDE905538A
:109D20009D4238BF1D4623682046DA8A691C00F030
:109D300087FA68BB0A9B73BB6FB3204600F0A6FB93
:109D400038B94FF6FF730599994202D0069B9942A4
:109D500034D112B0BDE8F081D5F808C0059A1CF4E2
:109D6000003F06D069680D9B8B421AD10C90CDF84C
:109D700038C04FF6FF739A4206923FF465AF07ADC5
:109D80002A4620460A9900F011FC00283FF474AFDF
:109D90006FF08300DDE7204600F0ACFE0028CCD059
:109DA000F6E70E9B114643F0807320460AAA0E93F5
:109DB00000F0D6FD00283FF441AFE9E72046FFF769
:109DC00029FE12B0BDE8F0816FF08600C1E700BF48
:109DD00010B582B0002301AA044600F079FA28B930
:109DE00020460199FFF716FE02B010BD6FF08B0000
:109DF000FAE700BF70B58CB015461C4603AA04AB49
:109E0000064600F065FA98B92A462146069800F001
:109E100055FF58B92246109C2B46304604A90094A1
:109E200000F062F8002818BF6FF083000CB070BD1E
:109E30006FF08B00FAE700BF2DE9F04186B0904645
:109E400003AA05461F460E4600F0B0FB044618B1B3
:109E5000204606B0BDE8F081059B314643442846C4
:109E6000059300F02FFA0D9B80464BBB1F46DDE9A2
:109E700003120C9B9A420BD20B460C992846891A66
:109E800001910092414600F089FD20BB0127039912
:109E90003246284600F060FD3146284603AACDF838
:109EA0000C8000F069FE0446C0B9002ED0D0002F0F
:109EB000CED06B684146DB68286898470446C7E700
:109EC000CDE900730146039B28460C9A00F066FD1D
:109ED00001270028CBD06FF08304B9E73246414612
:109EE000284600F039FDB3E72DE9F04184B09046F3
:109EF0000C4601AA096805461E460A9F00F056FB5B
:109F000070B901994B1C0BD00A966368D5E900041F
:109F100064683A46A446434404B0BDE8F041604753
:109F20006FF0830004B0BDE8F08100BF2DE9F04779
:109F30000F4682B011681646DDE90AA91C4605469F
:109F400000F0C0F9804673687A681C44A31A009236
:109F50000193284641463B6800F020FD48B9CDF802
:109F600000A0696823464A468C6828684146A04795
:109F700010B102B0BDE8F087F16872682B680A443E
:109F8000DB680092B96828465B1A9B1A0193414628
:109F90003B6800F003FD0028EBD13368002BE8D0CC
:109FA00041466B682868DB6802B0BDE8F047184797
:109FB0002DE9F04F00264FF00C0805468B469146E0
:109FC00034468BB02EE0CDF800806F685946D7F844
:109FD00004A002AA0134D04700286CD19DF80910D2
:109FE0009DF808309DF80A209DF80B004B40534027
:109FF0009DF80C109DF80D2043404B409DF80E003D
:10A000009DF80F10534043409DF810204B409DF8A1
:10A01000110053409DF812109DF8132043404B400F
:10A0200053405E40286804EB4403028A9B00022AE6
:10A030000CBF0121911E8C4203F10803C3D3C38AD4
:10A04000002B3BD000244FF020081DE0DDE9023258
:10A050005340DDE90401069A43404B4007980899B4
:10A0600053404340099A4B405340C3F307225A40A0
:10A07000C3F3074128684A4082EA1363C28A7340E7
:10A080009442DEB21AD2028A022AA2F1020303EB40
:10A09000430308BF0C23696818BF9B0003EB4413FC
:10A0A000D1F804A002AA5946CDF800800833D04761
:10A0B00001340028CAD00BB0BDE8F08F002089F829
:10A0C00000600BB0BDE8F08F0821F0B50023044616
:10A0D0008BB0009140681946456806AA2068A847D9
:10A0E000002845D0206808AA082665680096002345
:10A0F00001216D68A847002840F084809DF8243035
:10A10000012B5BD0022B7DD123689DF826201B7E7E
:10A110009A4277D005464FF0FF3607460121204688
:10A120000DF11702FFF744FFD8B99DF825209DF8DF
:10A1300017309A4215D1002D46D023681B7E9DF81A
:10A140002620B3FA83F35B0993429DF81E104ED08C
:10A150008B4245D0914233BF0126002601270027BC
:10A1600001E0002D4ED00020C4E904670BB0F0BD23
:10A170009DF81C300146012B20682AD0022BB2D159
:10A180009DF81E20037E9A4208AAADD02046039275
:10A19000FFF70EFF039AD0B99DF81D109DF82030EF
:10A1A00020689942A0D10826656800960023012105
:10A1B0006D68A84748B301270026D4E722689DF8B8
:10A1C0002530127E9A421DD000270126CBE7206859
:10A1D0008AE79DF81D20037E9A4208AAE3D183E70F
:10A1E000002B0CBF012302239A42E4D1B2E7002BDB
:10A1F0000CBF01230223994213BF01260026012729
:10A200000027B0E76FF08300B0E79DF82470012FBE
:10A210000BD0022F11D123689DF826201B7E9A4275
:10A220000BD0012506462F4678E723689DF82520A8
:10A23000197E914282D1064695E70127064692E7AC
:10A240002DE9F04706460068551A038AC2B0022B72
:10A2500008BF4FF00C09D6E904781EBFA3F102092C
:10A2600009EB49094FEA890909EB41196D0109F127
:10A2700008090ED121E0706800944B46D0F808A080
:10A280004146306802AAD047A14498B92D1B14D08A
:10A290003068B5F5807F2C4628BF4FF48074D6F81F
:10A2A00004C000944B463946DCF804A002AAD0470B
:10A2B0000028E0D042B0BDE8F087002042B0BDE801
:10A2C000F08700BF09B1806870474069704700BFE0
:10A2D0002DE9F047054600689846C38A8AB0002BEE
:10A2E00057D00E46914600242027B0F810C0696868
:10A2F000BCF1020F0FBF0C23ACF1020303EB4303CD
:10A300009B00009703EB4413D1F804A002AA29692B
:10A310000833D04728B16FF0830C60460AB0BDE81F
:10A32000F0872B68029A1B8A022B0CBF0123023B89
:10A330009A42F0D207A800F0CDFCF0B92868059A3F
:10A34000838A9A42E7D8049B9A42E4D3DDE902313A
:10A3500073B9038AB0F816C0022B0FBF0C23023B5F
:10A3600003EB43039B0003EB4C1308338B42D2D81F
:10A37000C06800F0A3FC0028CDD10C22314607A80C
:10A3800006F006FE844650B128680134C38AA34211
:10A39000ABD86FF08B0C60460AB0BDE8F087C9F807
:10A3A0000040B8F1000FB8D002AC0FCCA8E80F0005
:10A3B00094E80F0088E80F0060460AB0BDE8F08717
:10A3C0002DE9F043054600688BB0C38A002B51D0BD
:10A3D0000E46904600242027038A6968022B0FBF8F
:10A3E0000C23023B03EB43039B00009703EB441356
:10A3F000D1F8049002AA29690833C847814628B1D8
:10A400006FF0830948460BB0BDE8F0832B68029AD1
:10A410001B8A022B0CBF0123023B9A42F0D207A8F1
:10A4200000F058FCF0B92868059A838A9A42E7D868
:10A43000049B9A42E4D3DDE9023173B9038AB0F890
:10A4400016C0022B0FBF0C23023B03EB43039B0000
:10A4500003EB4C1308338B42D2D8C06800F02EFCBB
:10A460000028CDD1069B1E420AD128680134C38A38
:10A47000A342B1D86FF08B0948460BB0BDE8F0831A
:10A480004846C8F800400BB0BDE8F08370B5827B49
:10A490000168531CDBB28373097E0446994241690B
:10A4A00004BF02328273012982B000F10D022AD862
:10A4B000FFF77EFD78B90826656803466169206864
:10A4C0000096AD68A219A84728B963686169DB687E
:10A4D0002068984708B102B070BD6368D4E90412DF
:10A4E0001B692068C4E9042198470028F3D1236838
:10A4F0001A8A022AEFD918466268A168136902B065
:10A50000BDE8704018476FF08600E4E770B5044678
:10A5100000681546B0F810C06268BCF1020F0FBFAA
:10A520000C23ACF1020303EB43039B0003EB411349
:10A53000202182B00091566821692A460833B0472D
:10A54000064610B1304602B070BD23682A681B8AE7
:10A55000022B0CBF0123023B9A4223D205F11400C7
:10A5600000F0B8FB0028EDD12068EA68838A9A429F
:10A5700018D8AB689A4215D3D5E900316BB9038A74
:10A58000C48A022B0FBF0C23023B03EB43039B0047
:10A5900003EB441308338B4204D8C06800F08EFBF1
:10A5A0000028CFD06FF09706CCE700BFF0B50C25A0
:10A5B00083B0009501EB41018B00416804464F6870
:10A5C0000833016900681646B84708B103B0F0BD0A
:10A5D000236831681A8A91420CD2B268D8687168CF
:10A5E00000F06CFB30B93368012B06D9054673685F
:10A5F000AB42EBD06FF09700E8E72368DA8A1B8A5A
:10A60000022B03D0023B03EB43039D0005EB4215F5
:10A610000835ECE7F0B50C2583B0009501EB41015E
:10A620008B00416804464F6808330169006816468C
:10A63000B84708B103B0F0BD236831681A8A914267
:10A640000CD2B268D868716800F038FB30B9336852
:10A65000012B06D905467368AB42EBD06FF097002B
:10A66000E8E72268138A022B03D0023B03EB430383
:10A670009D00D38A05EB43150835ECE72DE9F04F33
:10A6800098464FF0080B00264FF00C0992468DB00B
:10A690000446199D00680391028A022A0CBF012218
:10A6A000023AB24259D96168CDF800904F685B46D2
:10A6B0002A462169B847F8B16FF083072068C38A3A
:10A6C0009BB1002556462946204604AAFFF71EFFE7
:10A6D00058B909A800F0FEFA10B1002E35D10126B4
:10A6E00023680135DB8A9D42EDD34FF6FF73179A3D
:10A6F00013606FF08D072CE020682968028A914270
:10A700004CD2AA68C068696800F0D8FA07460028E9
:10A71000D2D12A682068012A0AD93A46696891424A
:10A720003CD1AA680BF10C0B904519D90136B3E75F
:10A73000028AC18A022A0FBF0C22023A02EB4202AD
:10A74000920002EB41120832E8E7179B1D60002FD0
:10A75000CFD138460DB0BDE8F08F6FF08D07AEE772
:10A76000189B03991E60C3689B1A189A536013467E
:10A77000C2F80C8003F114000C22FEF74FFE189B68
:10A78000169A1A610023189A93602368DA8AAB68D4
:10A79000A3EB0803AB60002A93D1A6E76FF0830711
:10A7A0008DE700BF2DE9F0418EB00446FFF78CFC29
:10A7B000002840F09B806669636831461B69206809
:10A7C00098470546002840F08D80D4E90003B6FA8A
:10A7D00086F11B69490998470546002840F08280A8
:10A7E0002068037EB3FA83F35B09A373038AC18AEB
:10A7F000022B7DD101220C23A26002220C2503EB47
:10A800004113002601212273C26808332661616169
:10A8100000950493D31A626803919568059303AA7F
:10A820000823A847054600285CD120680495C36822
:10A830000593038A022B2FD02E46DA1EB24206F170
:10A84000030106F1010608D963681B6998470246AF
:10A8500020681543038A022BEFD1002D79D1022BFA
:10A860004FF014064FF00C07A3F1030214D09542E9
:10A8700012D2009763686169D3F80880EB1C0393D8
:10A8800003AA334601350C36C04748BB2068038A0B
:10A89000022BA3F10302EAD12022002106A8FEF731
:10A8A000FBFD2068C38A4BB30025202603E0206807
:10A8B000C38AAB4222D9028A6168022AA2F102034A
:10A8C00003EB43030CBF0C239B00009603EB4513E3
:10A8D0008F6806AA61690833B84701350028E6D0B9
:10A8E0006FF0830528460EB0BDE8F081002663E7CF
:10A8F0000222023B03EB430393407DE7A27B531C00
:10A90000DBB2A373017E9942616904BF0232A27374
:10A91000012904F10D02E3D82046FFF749FB034665
:10A920000028DDD108266568616920680096AD6859
:10A93000A219A8470028D3D163686169DB68206841
:10A94000984705460028CDD1D4E90423C4E9043250
:10A95000C8E76FF09105C5E702B18160704700BF9D
:10A9600030B5864600682025B0F810C083B0BCF131
:10A97000020F0EBF0C23ACF1020303EB4303DEF81E
:10A98000044018BF9B0003EB4113DEF81410009540
:10A99000A4680833A04703B030BD00BF2DE9F04FD5
:10A9A000C3B0DDE94C863EB305468A461746994654
:10A9B0000CE0686800943B46D0F808B0514628681F
:10A9C00002AAD8472744A0B9361B15D0B6F5807F18
:10A9D000344628BF4FF48074D5F804C0286800942A
:10A9E00043464946DCF804B002AAD847A0440028F0
:10A9F000DFD043B0BDE8F08F002043B0BDE8F08F5A
:10AA0000F0B50446D0E9000387B01B6898470546B7
:10AA100010B1284607B0F0BD2046FFF755FB0346AE
:10AA200040B9082665682169206800966D68A219FA
:10AA3000A84710B16FF08305EBE7237B2169012B59
:10AA40002FD0022BF6D12368A27B1B7E9A42F1D035
:10AA50000129EFD8204603AAFFF7AAFA0028E9D176
:10AA6000627B9DF80C309A42E4D12068636861698A
:10AA70001B69984705460028DCD12068038A022B11
:10AA800005D96368A1681B6998470028D2D1237B48
:10AA9000012B0CD0022B18BF6FF08305284607B09E
:10AAA000F0BD2068627B037E9A42DFD1C2E70021BD
:10AAB000204603AAFFF7AEFD05460028A9D16FF096
:10AAC000070508222368059FDE68ED1B3544D4E99D
:10AAD00004312046CDE90025FFF760FF0546002838
:10AAE00097D10223627B2046A2732373FFF7CEFC2B
:10AAF00005468EE770B50C2586B000954168044682
:10AB00004E68082301690DEB05020068B04708B1E3
:10AB100006B070BD236803991A8A914228D2DDE9F4
:10AB20000412D86800F0CAF8024608BB039B012B48
:10AB300010D9049B93421BD12168059BC96820460C
:10AB4000C91A891A2369CDE900216169FFF726FF37
:10AB500006B070BD2268138AD28A022B03D0023B52
:10AB600003EB43039D0005EB421505F10802E0E706
:10AB70006FF09700CCE700BF2DE9F043044688460C
:10AB8000436801EB4105AD009F680068616987B0CB
:10AB900005F10803B8F1000F1FD10C2611600096D3
:10ABA000B847002843D1D4E90476236805F10C01A5
:10ABB0001B8A05F11402022B0FBF0C259D1E05EB0D
:10ABC0004505AD006D1A3B4631462046CDE90025CE
:10ABD000FFF7E4FE07B0BDE8F0834FF00C09CDF8B5
:10ABE0000090B847014610BBD4E90476204603AA7A
:10ABF000FFF7DCFCD8B9CDF8009063686169D3F841
:10AC000008902068082303AA0396C84778B9B8F1CA
:10AC1000010FCAD01422A5F10C03019331463B4623
:10AC200020460092FFF7BAFE0028BED0D2E76FF0B0
:10AC3000830007B0BDE8F08302460B4640F22D10BA
:10AC4000FEF7FEBD30B504460D46114683B02246E0
:10AC50002B46009140F22D10FEF7C2FD03B030BD2F
:10AC600010B584B0CDE900230B460799069C0291EC
:10AC7000044902460C6040F22D10FEF76FFD04B04F
:10AC800010BD00BF8880002030B504460D46114637
:10AC900083B0069A40F22D100192044A13602246B6
:10ACA0002B460091FEF70EFD03B030BD88800020DA
:10ACB000014B1868704700BF88800020814206D889
:10ACC000401A90422CBF00206FF0860070476FF052
:10ACD000860070470378D3B94278C2B98378B3B994
:10ACE000C278A2B9017991B9437983B9827972B9ED
:10ACF000C37963B9027A52B9437A43B9837A33B9D3
:10AD0000C37A002B0CBF6FF08B000020704700202F
:10AD1000704700BF0023FF2110B5224C88B0227875
:10AD20000793ADF81A308DF814308DF815108DF8A2
:10AD300016308DF817308DF818308DF8193012B1A3
:10AD4000002008B010BD07A80DF1190106AA0DF1E9
:10AD50001703CDE90210CDE900320DF11A010DF112
:10AD600016030DF1150205A803F0B8FA0028E8D182
:10AD70009DF815300BB10F2B0BD103F07BF9002898
:10AD8000DFD1094B0948196803F032FD0123237014
:10AD9000D6E702460649074804F00CFD6FF096001E
:10ADA000CFE700BF3F8A002010220200806400200D
:10ADB000E4260300D026030001F0FE42B2F1006F4A
:10ADC00019D1034602F2017221F00800904202D02C
:10ADD0006FF08500704710B400226FF06044104699
:10ADE000C3F8E040C3E935225DF8044B19605A60AE
:10ADF000A3F8E42070476FF086007047036823B122
:10AE0000D0F8E03000200B6070476FF0880070478A
:10AE10000268034662B1D0F8E0208A420BD390F872
:10AE2000E50058B90122C3F8E01083F8E520704727
:10AE30006FF0880070476FF0860070476FF08400F5
:10AE4000704700BF70B5054608466C682AB31E46B9
:10AE50001BB3002C40D040F201239842114623D06E
:10AE600040F20623984234D1D5F8D400A0B304F1BF
:10AE700040440234012C28D9A6F130030344972B17
:10AE800027D800222B1809301A7228443246FEF7C0
:10AE9000C5FAC5F8D860002070BD002C14BF6FF053
:10AEA00086006FF0880070BD04F140440234012C2C
:10AEB0008CBFC723CC23B3420BD3324605F1080025
:10AEC000FEF7ACFAC5F8D460E5E70D23C5F8D83035
:10AED000E1E76FF0860070BD6FF0880070BD00BFC5
:10AEE00040F20113994244D16FF0404330B59A4289
:10AEF0000546144687B00AD11F4B02689A421DD1FD
:10AF0000012385F8E43000206C6007B030BD1046A6
:10AF1000694602F075F90028F7D1DDE902201749EA
:10AF2000BDF800C08C422B680BD013498B421AD05D
:10AF3000B2F5804F04BF012385F8E4306FF086003E
:10AF4000E3E70F498B42F3D19842F1D1BCF5885F1A
:10AF500002D0BCF5905FEBD1B2F5804FD0D0B2F506
:10AF6000004FD0D0EAE79842E2D1BCF5105FDFD1C4
:10AF7000F2E76FF08500704701070008FEFFFF3F12
:10AF8000090700084388F0B507334FEAD30C03885C
:10AF90004E68D1F8E070446845690BB303F4E043B0
:10AFA000B3F5804F1CD04FEA142EBEF1010F17D11C
:10AFB000E4B2802C14D16FF040439E420DD0104B70
:10AFC0009D420DD8674515D30B680E4C23F008033E
:10AFD000A34208D06FF08800F0BD013B9D42F1D044
:10AFE0006FF08600F0BD91F8E43033B1BDE8F04079
:10AFF00001F01ABB6FF08E00F0BD6FF08400F0BD61
:10B00000FDFFFF3F0107000838B500250446C0E9F1
:10B010000055CC2229460830FEF73EFA2846C4E9FE
:10B020003555C4E93755A4F8E45038BD91427ED077
:10B0300030B5AD4C21F0FF03A34286461DD0AB488E
:10B04000834276D0AA4DAB420AD021F4FF7C2CF08B
:10B05000010CBCF1062F03D005F5E065AB4224D10D
:10B0600022F0FF0CA44506D084450ED181EA0200EF
:10B07000FF2840F2D880002030BD22F0FF0C9C4514
:10B080005ED09A48844500F0BA80994CA44500F0FF
:10B09000938022F4FF7020F00100B0F1062F00F041
:10B0A00096809448844500F0E78001F0FE43B3F1B8
:10B0B000A06F64D0B3F1407FDDD102F0FE43B3F165
:10B0C000407FD8D181EA020030F47E10D3D18A4B80
:10B0D0000B40B3F1607F00F03A81B3F1707FCBD1C8
:10B0E0000EF4E043B3F5005FC6D11EF4E06FCEF37B
:10B0F0000223C1D011F47C1F40F00E8101249C403A
:10B1000012F47C1300F00B81C2F305439C422546E8
:10B1100038BF1D4611F4004F02F4004000F0F080EB
:10B12000002840F048819C4298BF104630BD084638
:10B13000704722F0FF0CA4459DD09C45A5D195E712
:10B1400011F0FF0311D06D4843F00073834254D0D7
:10B1500012F0FF000CD101F0FE43B3F1A06FA9D1B2
:10B1600030BD11F0FF0340F00C8112F0FF0082D0DF
:10B17000624B40F00070984297D1084630BD02F013
:10B18000FE43B3F1A06F7FF476AF81EA020333F49C
:10B190007E137FF470AF0D04C1F30543C2F3054481
:10B1A00002F4004000F19A8000283FF465AFA3420A
:10B1B0002CBF0846002030BD81EA0200FF287AD962
:10B1C00001F0FE43B3F1A06F7FF474AF53E781EA5F
:10B1D0000200FF283FF64FAF434D21F4875020F087
:10B1E0001F00A84201D0A34224D111F0FF032ED0AA
:10B1F000424843F00073834226D1104630BD81EAB5
:10B200000203FF2B3FF637AF11F0FF039BD112F083
:10B21000FF003FF431AF394B40F000729A420CBF4F
:10B220000846002030BD31488342EDD0304CA34267
:10B2300086D0844621F4FF7020F00100B0F1062F83
:10B2400016D02C48834213D0284B9C4580D0284BE5
:10B250009C453FF47DAF22F4FF7323F00103B3F16B
:10B26000062F3FF475AF234B9C457FF41EAF6FE76D
:10B2700011F0FF03E8D0BBE781EA0200FF289FD866
:10B280001948834200F0B38000F58050834200F0FB
:10B29000B380A342CED111F0FF0340F0BB806346E0
:10B2A000134883427FF454AF12F0FF007FF460AF85
:10B2B00001F0FE43FEE60C4883425FD00B48834218
:10B2C0003FF44FAF6345B5D111F0FF00E8D00B4B11
:10B2D00040F000709842BAD110468FE700285BD149
:10B2E000A34298BF104630BD0003000600130006BD
:10B2F00000020006000900060000C07FFF000002F7
:10B30000002853D19C427FF4B7AE230403F47C138E
:10B3100021F47E10184330BDC1F30544F0E64148E6
:10B320001040B0F1607F4FD0B0F1707F01D0254662
:10B33000F0E60EF4E040B0F5005FF8D10123CEF363
:10B34000022083409C42254638BF1D46E2E6BEF5FA
:10B35000885F7FF491AE11F47C14DDD13248CBB21A
:10B3600043F00073834253D003F17E43043B0F2B21
:10B370003FF6C6AE2D4850F82340C1E611F0FF035A
:10B3800005D02B4843F0007383423FF436AF12F0F0
:10B39000FF007FF4EDAE6FE6A34238BF234621F4F1
:10B3A0007E1040EA034040F4004030BD9C422CBF78
:10B3B0000846002030BD2B0421F47E1103F47C13D9
:10B3C0000B4343F4004030BD174DD0B240F0007045
:10B3D000A84216D000F17E4004380F28A7D8154B9C
:10B3E000254653F820309C4238BF1D4692E611F0A6
:10B3F000FF037FF4A8AECAE711F0FF037FF4A3AE0A
:10B40000A6E6102C25464FF0100338BF102581E624
:10B41000102475E6064843F0007383427FF417AFAB
:10B420001046EBE60000C07F03000002782703000F
:10B43000FF0000027827030010B4C0B2A3B198BB8C
:10B44000B2F5807F63D051D9B2F5C07F57D044D3D5
:10B45000B2F5007F03D040F209239A423DD1D1E9F1
:10B46000003243F060534EE00028E9D02D4B40F00D
:10B470000070984236D82C4B98422ED900F17E406D
:10B480000538062829D801A353F820F019B5020081
:10B49000DBB40200DBB40200F5B402000FB5020019
:10B4A000FFB402005FB40200204B40F000709842ED
:10B4B000C6D0FC3B984210D000F17E43043B0F2BDA
:10B4C0000BD81B4C54F823309A4203D940F209237D
:10B4D0009A4202D1134B9842CDD96FF086005DF8A5
:10B4E000044B7047114B9842AAD0F6E722F0200295
:10B4F000C02AF2D1D1E9003243F0005303E0D1E990
:10B50000003243F040530020C1E90032E7E7D1E9BF
:10B51000003243F02053F6E7D1E9003243F00063F4
:10B52000F1E700BF0B00000204000002FF00000270
:10B53000382703004FF0000C2DE9F0410C4661F371
:10B54000070C01F11F0E090A61F30F2CE51D4FEAEC
:10B550005E1E069E62F3174CED0863F31F6CB5EB9D
:10B560008E0F804646F804CB4FEA8E0719D8FF2C81
:10B57000A7EB05070CD001462A46304605F0B6F881
:10B580006FB13A4670190021BDE8F041FDF784BF64
:10B5900001462A463046FDF741FF002FF1D1BDE8B4
:10B5A000F08129463A46084804F004F9FF2C3A464F
:10B5B0004146304603D0BDE8F04105F097B8BDE8FC
:10B5C000F041FDF72BBF00BFFC2603002DE9F04F33
:10B5D000002689B01F46054613460C46CDE906668F
:10B5E0009DF848909DF84C80169A79B122B16FF081
:10B5F000860009B0BDE8F08F179A002AF7D1189A93
:10B60000002AF4D1B9F1000FF1D007E0002AEED002
:10B61000179A002AEBD0189A002AE8D040461499CD
:10B6200006AA019304F078FC0646002851D1B8F12F
:10B63000030F019B00F0D480B8F1040F40F0888024
:10B64000149A03900732D208049202922B2201929C
:10B65000149A05901F324FEA521B0BF101024FEA78
:10B66000820AB9F1000F41D0002C00F0D68023F0FF
:10B6700080603946524620F4006007AB04F080F940
:10B68000064630BB6E4F4FF4807201463846FDF7D8
:10B6900003FF4FF0C8533B606A4B019A03EA0A4329
:10B6A000FB615FFA8BF303EB032342EA0343BB60C6
:10B6B000069BC7E903657B61634D079B3846C7E975
:10B6C0000866FE62BB61BD6203F0C6FC08B36FF0A2
:10B6D0009206079800B1B4B1069818B104F0B0F919
:10B6E000002886D1304609B0BDE8F08F002CBED1CD
:10B6F000DDE903210A4417999142B8D207986FF007
:10B7000089060028E8D004F09BF90028E4D006461A
:10B71000E2E74E4E304603F0D7FC0028D7D133681D
:10B72000002B4FEA136603F480322ADA06F07F0614
:10B7300076420AB926F4803616F0FF0623D1B9F115
:10B74000000F26D0002C6DD0DDE906032360C4E78E
:10B7500008F1FF32012A19D80121149A039102F14C
:10B760001F0B4FEA5B1B0732D0080BEB01024FEABD
:10B77000C20A1422019200FA01F2CDE904210290DA
:10B780006FE71643D8E76FF09606A2E76FF08506DD
:10B790009FE7A8F10308B8F1010F38D9059B13B151
:10B7A0000423169A1370DDF808801698039F42460A
:10B7B0002749384404F09AFF049A904522D005EBBB
:10B7C0008B013D46169A454450190831424604F013
:10B7D0008DFF43462B440293189B029A1A6078E728
:10B7E000149A039002F11F0B4FEA5B1B0732D1083A
:10B7F0000BF101024FEA820A282204910291019280
:10B8000005902EE7DDE9022313440293E4E7029A50
:10B8100016980F49FDF702FEDEE7179A5245BFF46E
:10B8200026AF6BE7524616980749FDF7F7FD189BC0
:10B830000798C3F800A000287FF465AF4CE700BF6D
:10B840005C8200200000FF0FBC8000205C81002093
:10B85000C0800020F0B583B0054601A80E4617460B
:10B86000FDF7BAF9044608B9019911B9204603B0A9
:10B87000F0BD3B463246284604F0FCF904460198E8
:10B8800004F0DEF8002818BF0446204603B0F0BDDF
:10B890002DE9F041002484B0804603A8CDE902449C
:10B8A0000E4617461D46FDF797F9044608B9039B57
:10B8B0001BB9204604B0BDE8F081404631462A4617
:10B8C00002AB04F05DF8044648B1039804F0B8F800
:10B8D000002818BF0446204604B0BDE8F0810B9C48
:10B8E0002A46DDE9020301940A9C3946009404F0DB
:10B8F00043F90446029804F0A3F8002818BF044650
:10B90000E3E700BF2DE9F041476907F1004303F584
:10B910008033B3F5704F2FD30446406A6668E0B9B0
:10B920004FF00008A06A08BB4546E06A18B102F073
:10B93000D3FE0023E362206B18B102F0CDFE00239A
:10B940002363F3B2012B1CD0C5B938222946204607
:10B95000FDF7A2FD2846BDE8F08104F071F88046AD
:10B960000028DFD14FF000086062DBE704F068F8E0
:10B97000054690B9A062D7E76FF085052846BDE877
:10B98000F081384602F060FF0028DDD0384602F032
:10B9900059FF02F0D9FD0546D6E7B8F1000FC4D033
:10B9A000C2E700BF594B2DE9F0411B68064629BB91
:10B9B000574A58481268046813441C44A31A9C420E
:10B9C00040F28980544FC3EBC30207EBC20202E08E
:10B9D0000133A3425ED292F834503832002DF7D1B1
:10B9E000A34257D2FF21C3EBC30207EBC20282F886
:10B9F0003410002533602846BDE8F081802964D0EA
:10BA0000002B7AD001297ED1434F1C463A460021B3
:10BA100004E00131994202F1380211D292F8340067
:10BA200000285BD010790128F3D190684007F0D44A
:10BA30009C4208BF0C460131994202F13802EDD315
:10BA40009C422CD0C4EBC40807EBC808D8F82400EB
:10BA500060BBD8F82800002844D1C4EBC40307EB2E
:10BA6000C303D86AE50008B102F036FE2B1B07EBD2
:10BA7000C303186B08B102F02FFE382240460021A4
:10BA8000FDF70AFDFF222D1B07EBC507234687F8AC
:10BA90003420AEE701291ED123469C42D2D1DFF8E3
:10BAA00078800024D8F824000028D2D003F0C8FF02
:10BAB0000546F8B1D8F8280000289CD003F0C0FF54
:10BAC000002898D1C8F8280095E7124A14681C4449
:10BAD0009C423FF677AF6FF08D058CE79942AFD26D
:10BAE0000B467FE703F0ACFF0546002883D1C8F87A
:10BAF0002800B2E7C8F82400ABE70129EBD1064FD4
:10BB00001C46B846A2E71C4600235BE7042202005D
:10BB10000C22020008220200A0590020A24BF0B51E
:10BB20001B680446C3F1004290420D4683B021D306
:10BB300000285DDBC21802F10041013B994219D88F
:10BB40009A4B9B491B6809680B4403F1004313445B
:10BB5000984AC3EBC301019302EBC1035A690093F6
:10BB6000824245D193F83420002A41D000202B6036
:10BB700003B0F0BD904B621E9A4217D98F4B9C4286
:10BB80000DD004F1004303F58033B3F5704F2FD28D
:10BB90002046694602F0FAFA40B303B0F0BD2046F1
:10BBA000694602F0F3FA10F1880FF5D10021804BBD
:10BBB0007E4A1B681268019113EB020C1ED00A46E4
:10BBC0007C4B07E0013262454FF0010103F138037D
:10BBD00012D0164658691F46A042F3D1009301B116
:10BBE000019662450AD293F834300BB1009BBDE751
:10BBF0006FF0870003B0F0BDCDE90072204602F07F
:10BC000023FE0028F4D0012101A8FFF7CBFE002875
:10BC1000F0D1019B6749C3EBC30301EBC30120468D
:10BC2000009102F003FF0028E4D1009B59681A6AD2
:10BC3000090A598818BF103A1A62002996D1198842
:10BC4000480493D501F44F40B0F5824FDE6815D01B
:10BC500001F4E041B1F5E04F38D0B1F5804F40F04C
:10BC6000A080682A00F0928021D8402A00F09280BB
:10BC7000482A17D14FF480725A8077E7CCB2122C41
:10BC8000E6D0302CE4D04E48412C00EA060040F0CB
:10BC9000106014D0422CDBD14A4CA042D8D0FF22F5
:10BCA0005A8063E7382A0ED1C0225A805EE7882A7C
:10BCB00073D0902A07D140F209225A8056E7414CAE
:10BCC000A042C5D1EBE76FF0960093E71C3A2C2A0F
:10BCD000F9D801A151F822F0A9BC0200C7BC0200AA
:10BCE000C7BC0200C7BC020095BD0200C7BC020071
:10BCF000C7BC0200C7BC020075BC0200C7BC020082
:10BD0000C7BC0200C7BC0200C7BC0200C7BC02001F
:10BD1000C7BC0200C7BC0200C7BC0200C7BC02000F
:10BD2000C7BC0200C7BC0200C7BC0200C7BC0200FF
:10BD3000C7BC0200C7BC02008DBD0200C7BC020028
:10BD4000C7BC0200C7BC0200C7BC0200C7BC0200DF
:10BD5000C7BC0200C7BC0200C7BC0200C7BC0200CF
:10BD6000C7BC0200C7BC0200C7BC0200C7BC0200BF
:10BD7000C7BC0200C7BC02009BBD0200C7BC0200DA
:10BD8000C7BC0200C7BC0200B7BC02004FF4C072BF
:10BD90005A80EBE6E0225A80E8E64FF400725A80BF
:10BDA000E4E66FF0850025E70C2202000422020081
:10BDB00008220200A0590020FDFFFF3F5D81FF7FA8
:10BDC0000000FFF60000020970B510B30446406A97
:10BDD00070B90026A06A28B935462379802B11D086
:10BDE000284670BD03F02CFE054640B9A062F3E77B
:10BDF00003F026FE06460028ECD16062E9E7002E3B
:10BE0000EAD1EAE7382200212046FDF745FB284623
:10BE100070BD6FF08605E3E72DE9F04F89B00E465F
:10BE2000DDE9165A98460446129FDDF85090002826
:10BE300072D0302BC9F8007000F0BF80412B0AD0BF
:10BE4000122B00F089806FF0860009B0BDE8F08FFA
:10BE5000B8F1410FF7D14FF0000C0123002DF2D0C3
:10BE6000BAF1000FEFD01F377F0903F0030007FB83
:10BE70000007DAF80010BA00B1EB870FC0F07A8142
:10BE80000128CAF8002005F1040A00F09C80D9F8C6
:10BE90000090EB7009F11F077F0909F10708C9F34A
:10BEA0000722BF004FEAD8085FFA89FB0392002CF3
:10BEB0005AD14745059E85F800B06A70AC70C0F055
:10BEC000FC80B9F1FF0FA7EB080400F03581424672
:10BED0003146504604F00AFC2CB1224600210AEB00
:10BEE0000800FDF7D9FA039B381D05F800B0284477
:10BEF000437040F2012346444380051DB9F1FF0F12
:10BF000042463146284600F0888004F0EFFB002CC2
:10BF100040F08680002098E7159B1146019305AB01
:10BF2000009330464B46139A04F082FA00288CD1D5
:10BF3000D9F800309F4286D1139B1B78013B032B1D
:10BF400081D801A252F823F063C0020073C002003E
:10BF500051BE020053C002000B78042B7FF473AF74
:10BF600002234FF0010C79E7039B47456B704FF0BC
:10BF70000003664485F800B0AB70C0F0BD80B9F135
:10BF8000FF0FA7EB080400F0DD8042463146504623
:10BF900004F0ACFB2CB1224600210AEB0800FDF7AF
:10BFA0007BFA039B043705F807B03D446B7040F201
:10BFB000012346446B800435A0E70B78042B7FF403
:10BFC00042AF1223CDE7D9F8008008F11F077F099F
:10BFD00008F107095FFA88F0C8F30722BF004FEAAB
:10BFE000D90928706A7014BB4F45AC70EB70059C82
:10BFF00055D3B8F1FF0FA7EB090700F0AF804A4611
:10C000002146504604F072FB002F83D03A460021AF
:10C010000AEB0900FDF740FA7CE7FDF7FFF976E748
:10C020002246002105EB0800FDF736FA72E7EB70B7
:10C0300000234F456644AB7023D3B8F1FF0FA7EB45
:10C04000090700F085804A463146504604F04EFB11
:10C05000DAE7B8F1420F7FF4F6AE4FF0000C11238F
:10C06000FCE6B8F1120F7FF4EEAE4FF0000C0223A5
:10C07000F4E6B8F1300F7FF4E6AE4FF0000C122377
:10C08000ECE649463A463D4803F094FBB8F1FF0F11
:10C090003A46314650460DD004F028FB3AE749466F
:10C0A0003A46364803F086FBB8F1FF0F3A46214680
:10C0B0005046F1D1FDF7B2F92CE73A4641462F48F8
:10C0C00003F078FBB9F1FF0F50463A4631464BD0AA
:10C0D00004F00CFB40F20123039A381D05F800B070
:10C0E0002844414642704380051D3A462348464451
:10C0F000B84603F05FFB01E73A4641461F4803F0AC
:10C1000059FBB9F1FF0F50463A4631462FD004F0A3
:10C11000EDFA40F2012203983B1D05F803B02B44D1
:10C12000414658705A8015483A4646441D1DB84647
:10C1300003F040FB0024E1E6424631465046FDF75D
:10C140006DF9C9E6424631465046FDF767F921E7E9
:10C150004A4631465046FDF761F955E74A462146C1
:10C160005046FDF75BF94FE7FDF758F9B2E7FDF7E9
:10C1700055F9CEE76FF0890067E600BFFC260300A3
:10C1800000222DE9F04F8FB00B92002800F09F8025
:10C190001D460F460446189B002900F09B80002B8B
:10C1A00040F09580199B002B40F091801A9B002B4A
:10C1B00040F08D806669238806F1004606F58036DA
:10C1C000B6F5704F76D3D4F82C906268D4E906B1F6
:10C1D0004FEA122803F4E042B2F5005F09919C4651
:10C1E000A16804F1240A7FD015F4205F05D023F064
:10C1F000FF02B2F5E24F00F0928015F001002BD162
:10C200000023626A002A40F08280002F00F0CD8077
:10C210000025226A5846534609993D6003F0B0FB59
:10C22000002840F0CD81DAF80050B9F1000F07D0B6
:10C23000B8F1000F00F04581B8F1010F00F04F8117
:10C240006FF09604284603F0FBFB0346002862D1FA
:10C250002346CAF800005EE023F0FF02B2F5824FE9
:10C26000CED1189A002A00F03881E268658802F081
:10C27000FE42B2F1106FDBB200F0DB80122B00F057
:10C280004781302B00F08A81422B40F0DA80042372
:10C29000EF1DFF08BA46B8F1010F0B9717D0B9F19F
:10C2A000000F00F0C380199ABA4280F033816FF01A
:10C2B000890330E0012D86D003F4E042B2F5805FBF
:10C2C00066D0B2F5005F63D05B0400F18A806FF046
:10C2D000860320E0002BFAD0199B002BF7D01A9B85
:10C2E000002B7FF467AFF2E702F563421140B1F52E
:10C2F000407F7FF479AF002F3FF476AFEE0540F139
:10C300008680DAF80020002A82D0002302E0002F85
:10C3100000F07D813A6018460FB0BDE8F08F606A8A
:10C32000002800F09980E3680C9003F0FE43B3F11D
:10C33000106F4FF0FF3318BF0023DBB25FFA8CFCA5
:10C34000BCF1120F00F08680BCF1300F00F05A8172
:10C35000BCF1410F00F01D81BCF1420F40F0AF80F5
:10C36000B3FA83F56D09AD006288CDE90223002F91
:10C3700000F0F080002401950125099B5A463946BA
:10C38000CDE9054400950494FFF720F90346C2E780
:10C390002046216A04F11802FBF7D6FA0346D4F8C6
:10C3A0002C90002BB7D123880FE73946199A18989B
:10C3B0000993FDF771F81A9B1F60B9F1000F35D092
:10C3C000B8F1000F2ED1226A199B9A4200F21C810B
:10C3D00049461898FDF722F81A9B226A1A60099BB1
:10C3E00099E7A0230D938F4B002201939946236A6E
:10C3F0002146009304F118030493A31C03930DAB8F
:10C400000293E36A0120FBF737FD0346C9E715F401
:10C41000007500F09D80D4F830908BF4401B04F13F
:10C42000280A6EE7B8F1010F00F0F8806FF096036C
:10C4300071E7122B6CD0302B00F0B080412B00F054
:10C44000B880002305F1070A4FEADA0A4FEA4A07E3
:10C45000013720E7012587E70CAB58460999226A86
:10C4600003F08EFA034600287FF4CBAEB8F1000F3C
:10C4700006D0B8F1010F00F0A8806FF09603C0E677
:10C480004946226A0C9803F01DFB0346002B7FF4FB
:10C49000B8AED4E906B1E368B4F800C003F0FE43D7
:10C4A000B3F1106F4FF0FF3318BF00230CF44F426D
:10C4B000B2F5824F0C980991DBB23FF43FAF0025F3
:10C4C00052E7226A4946284603F0FCFA0446E4B9DA
:10C4D000DAF800303B6000231DE7134691E60DA813
:10C4E000266AFCF779FB044678B90D990029EFD04C
:10C4F0004A46284606F1100303F0BCFB04460D989B
:10C5000003F09EFA0028E2D00446DAF8005099E6DB
:10C51000012397E7B6F5704F42D3032B09F10401CD
:10C5200049D004231898524600F8013B04F0DEF885
:10C5300005F11F01189B490902310AF10100524619
:10C5400009EB8101184404F0D1F81A9B1F60C2E77F
:10C550003D60BCE6A024059401240094314C019573
:10C560000BAD099B5A46394604940695FFF72EF801
:10C57000034600287FF4CFAE0B9D199B9D423FF6EA
:10C5800096AE2A4621461898FCF748FF1A9B1D6074
:10C59000A1E7002B93D0FF230325E5E6022351E713
:10C5A000226A49461898FCF739FF236A1A9A1360E1
:10C5B00091E703236CE652461898FCF72FFFC4E777
:10C5C0006FF09203CAF80050A5E60DA80C9E256AEC
:10C5D000FCF702FB034600287FF413AE0D990029F7
:10C5E0003FF457AF05F110034A46304603F042FBD3
:10C5F00005460D9803F024FA034600287FF401AEA7
:10C600002B4643E70225AFE66FF08C0383E63946FD
:10C61000199A1898FCF740FF1A9B1F606FF084036B
:10C6200079E600BFBC8000202DE9F04F00240025F2
:10C630000E4699B0CDE91645044600230B92428878
:10C6400001888768D0F80480D6F8D40007324FEA12
:10C65000E20B099001F4E0426069B2F5805FCDE938
:10C660001033CDE91233CDE91433D6F8D8A0D6F87B
:10C670000490ADF83E3007F440770A900CD0B2F544
:10C68000005F09D04A0436D4B7F5407F43D06FF03D
:10C69000860019B0BDE8F08F5946204616AAFBF770
:10C6A00053F90546A5B918F0FF083AD1414611A83B
:10C6B000FFF778F9054658B96FF04043994500F007
:10C6C000C480706812A9FFF729FA0546002831D006
:10C6D000149818B103F0B4F900B10546159818B9CB
:10C6E000284619B0BDE8F08F03F0AAF90028F7D06A
:10C6F00019B0BDE8F08F012216A904910DF13E0199
:10C70000039110462146CDE90133CDF800B0FBF787
:10C71000B3FB0546C6E715986FF086050028DFD005
:10C72000E2E7606912A9FFF7F9F90028BED16FF0BE
:10C730008A05CDE703460246CDE90100009013A922
:10C740001298FFF71DFD012305460C93B7F5407FB6
:10C7500071D000230D93002DBAD1DDE916785A4629
:10C760003846414614AB03F00BF905460028AFD11B
:10C77000099B09F1404909F10209534406F10800F7
:10C78000B9F1010F9A46099009D903F1040AD6F8C4
:10C79000E0300422DB0010A91093FCF73FFEDDE936
:10C7A000131000250C9BCDE90555CDE90355CDE9C6
:10C7B00001550093099A534603F0C2FA0546002832
:10C7C00086D10D9B002B4CD1DDE91401D6F8E03069
:10C7D000119A344DA3EB0B03C6F8E030C2EBC2064E
:10C7E00005EBC603C3E90901218825F836106188E5
:10C7F000598061685960A1689960E168D9602169D0
:10C80000C3E9067819610A99C3F820B0D30049B981
:10C81000254802F1804100680F39091A2348006851
:10C82000091A0A919B1A05EBC3050020DDE90A32BB
:10C8300013606B612DE7238803F4E043A3F50053F5
:10C84000B3FA83F35B090D9385E7024613A96120D0
:10C8500003F00AFB10F18C0F05461FD000230C9348
:10C8600074E75A46414615AB87F4401003F088F848
:10C8700090B90C9BCDE90555CDE90355CDE901559E
:10C880000093099A53461399159803F059FA0546EF
:10C8900000287FF41DAF97E7054619E76FF09A056A
:10C8A00016E700BFA059002004220200082202005F
:10C8B0002DE9F04F002790461D460022002393B03B
:10C8C000CDE910230D97ADF832700E97002D45D0AD
:10C8D00003880446D0F814A03BB96FF08609002302
:10C8E0002B60484613B0BDE8F08FC268002AF4D030
:10C8F00042880E467AB10732B8EBD20F4FEAD20126
:10C9000009D049000131414505D044F2010223F428
:10C9100040519142E1D1D4E901B95FFA8BF709F4B2
:10C920004072BAF1000F1FD0B2490AF1FF308842BD
:10C9300002D9B1498A45D0D1012F01D0802FCCD165
:10C9400050460DA9CDE90632FFF7E8F8DDE90632D9
:10C95000002840F062816FF08A09C0E76FF0860915
:10C96000484613B0BDE8F08F002F40F09B80B2F531
:10C97000407F00F09B80CDF824A044F2010223F414
:10C980004051914200F09E8003F44F42B2F5844F33
:10C9900000F0A58042F20402934200F0B18003F45B
:10C9A000E042B2F5805F00F09D80B2F5005F00F0DC
:10C9B00099805B0491D5A0220E9210AA334604926E
:10C9C0008E4E0DF1320203920EAACDF80080029233
:10C9D0002146002201200196FBF74EFA8146DDF840
:10C9E0003880B9F1000F7FF47AAF39460FA8FEF70F
:10C9F000D9FF814600287FF472AF4FEA1B23DDF890
:10CA00003CB07F49CBEBCB0201EBC201D2000892D4
:10CA10004FEACB0206910D910792002F40F08E80D5
:10CA2000784A0BF1004A1068774AAAEB000A1168AD
:10CA3000764AAAEB010A1268AAEB020A002B72D10D
:10CA40004146012001F0C6FD069AD062002800F0A0
:10CA5000E18031464246FCF7E1FC079B22886849A9
:10CA6000A3EB0B0321F8332062880AB9BDF832200A
:10CA7000079B6349A3EB0B0301EBC3035A80626876
:10CA80005A60A2689A60E268DA602269C3F820807E
:10CA90001A61DDE91001C3E90601C5F800A0C3F879
:10CAA00014A01EE7802F7FF418AF60E703F4E04284
:10CAB000B2F5005F7FF45FAF89F48039C9F30042BB
:10CAC00009925AE7002E3FF408AF03F44F43B3F541
:10CAD000844F8AD14FEAC803ADF8323085E7002E83
:10CAE000F8D1FAE6002E3FF4F8AE4146204610AAEF
:10CAF000FAF72AFF4FEAC8038146ADF8323070E7F3
:10CB0000002E7FF472AFE8E6404A12680A923E4A6D
:10CB100012680B924BB10A990BF180420F3A521AEC
:10CB20000B99A2EB010A012B21D06FF08609069820
:10CB3000FEF7E8FE002818BF8146D0E6802F10D00F
:10CB4000002BF0D1012FF0D1084633462146CDE924
:10CB5000009810AA01F084FE00283FF47EAF8146C1
:10CB6000E5E7BAF1000FCFD0002BDCD1DDE7E268BA
:10CB7000274B1340B3F1607F56D008F110010E919E
:10CB8000002F67D0012F00F0A680802FCDD1DDE9E6
:10CB90001001089B1A4A24331344424602F0F0FE67
:10CBA000034608B19946C2E738231548424603FBBD
:10CBB0000B073146786A02F085FF03460028F1D161
:10CBC000DDE91001099B002B3FF447AF089B0C4A9D
:10CBD0002833134480F44010424602F0D1FE03464D
:10CBE0000028DFD131464246B86A02F06BFF0028C8
:10CBF000B5D132E7FDFFFF3F5D81FF7FBC800020A4
:10CC0000A05900200C220200082202000422020087
:10CC10000000C07F6FF08C0989E7B2F5407F4ED0ED
:10CC2000002309932388A8E618F0030FA5D0434BEF
:10CC300031461E4642461846FCF7F0FB06EB08005C
:10CC4000C8F1A002002108F10308FCF725FC28F038
:10CC5000030892E7012001F0BDFC079B384AA3EBD3
:10CC60000B0302EBC303D8620028D3D00EAF0090B1
:10CC70004346DDE9100132460197FEF709FE002820
:10CC80007FF46DAF099B002B3FF4E7AE01200E99B6
:10CC900001F0A0FC38222A4B02FB0B321063002863
:10CCA000B8D0CDE90007109832464346119980F478
:10CCB0004010FEF7EDFD00287FF451AFCDE603F400
:10CCC000E043B3F5005FABD119F4803FA8D1012355
:10CCD0000993238851E6A0299CD8DDE91001174F5C
:10CCE0000EAB0193324643460097FEF7D1FD034653
:10CCF00000287FF457AF099BE3B132461098114EDC
:10CD00000EAB01931199434680F440100096FEF754
:10CD1000BFFD034600287FF445AF00960E9A3B46C0
:10CD200001922146069810AA01F09AFD00287FF48E
:10CD300016AF92E6099B0093F0E700BFBC8000208D
:10CD4000A05900208C800020954B2DE9F0411B68F4
:10CD50000446C3F10042904282B049D30028C0F299
:10CD60008880C21802F10041013B994240D88D4BA6
:10CD70008D491B6809688D4E0B4403F10043134431
:10CD8000C3EBC30206EBC206019373690096984297
:10CD90006FD196F83430002B6BD07768D6F81480BA
:10CDA00008F1004303F58033B3F5704FC0F0B38052
:10CDB000746A002C40F0B580B06A00285FD1254627
:10CDC000F06A18B101F088FC0023F362306B18B1EF
:10CDD00001F082FC00233363FFB2012F00F0AA8030
:10CDE000002D48D1382229463046FCF755FB42E059
:10CDF0006F4B621E9A421BD96E4B9C4210D004F1BD
:10CE0000004303F58033B3F5704F32D220466946B4
:10CE100001F0BCF9054655B3284602B0BDE8F081E3
:10CE20002046694601F0B2F910F1880F0546F2D1AB
:10CE300000205C4A5C4B15681B680190ED1827D0F8
:10CE400002465A4B07E00132AA424FF0010003F1BB
:10CE500038031BD0164659691F468C42F3D1009304
:10CE600000B10196AA4213D293F834300BB1009E60
:10CE700093E76FF08705284602B0BDE8F08102F025
:10CE8000DFFD0546002862D1B06298E7CDE9007267
:10CE9000204601F0D9FC0028EBD0012101A8FEF7C3
:10CEA00081FD05460028E6D1019B4049C3EBC30341
:10CEB00001EBC3012046009101F0B8FD05460028B2
:10CEC000D9D1009E7768336A3A0A728818BF103B3E
:10CED0003362002A7FF462AF328851047FF55EAF7F
:10CEE00002F44F41B1F5824FF46834D002F4E042CD
:10CEF000B2F5E04F64D0B2F5804F0CD1682B00F052
:10CF0000C98041D8402B00F0C280482B37D14FF464
:10CF10008073738042E76FF08505284602B0BDE854
:10CF2000F081204602F08CFD044600287FF444AFD7
:10CF3000706241E7404601F087FC00283FF450AFA3
:10CF4000404601F07FFC01F0FFFA054648E7002C5F
:10CF50003FF436AF33E7D0B21228C7D03028C5D05F
:10CF60001549412801EA040141F0106114D042281A
:10CF7000BCD112488142B9D0FF2373800EE7382B11
:10CF80007ED1C023738009E7882B7CD0902B77D18A
:10CF900040F20923738001E708488142A6D1EBE7FC
:10CFA0000C2202000422020008220200A0590020E4
:10CFB000FDFFFF3F5D81FF7F0000FFF600000209DB
:10CFC0001C3B2C2B5CD801A252F823F083CF02002B
:10CFD00081D0020081D0020081D002008FD00200F7
:10CFE00081D0020081D0020081D002000FCF020068
:10CFF00081D0020081D0020081D0020081D00200E5
:10D0000081D0020081D0020081D0020081D00200D4
:10D0100081D0020081D0020081D0020081D00200C4
:10D0200081D0020081D0020081D0020095D00200A0
:10D0300081D0020081D0020081D0020081D00200A4
:10D0400081D0020081D0020081D0020081D0020094
:10D0500081D0020081D0020081D0020081D0020084
:10D0600081D0020081D0020081D0020087D002006E
:10D0700081D0020081D0020081D0020091CF020055
:10D080006FF09605F7E64FF40073738086E6E023B1
:10D09000738083E64FF4C07373807FE6524B2DE9B3
:10D0A000F0431B680646C3F10043984283B014D393
:10D0B00000280CDB01A9FEF731FD074600285CD0F3
:10D0C000384603B0BDE8F083484B984209D06FF072
:10D0D0008707384603B0BDE8F083454B421E9A42AD
:10D0E000F2D8444A444B12681B68D2181DD0DFF8AE
:10D0F0000C810025444604E00135954204F13804D2
:10D1000012D063692146B342F6D1C5EBC50308EBE3
:10D11000C3031B790194802B4FEAC5090CD100276A
:10D12000384603B0BDE8F0830191304601F08CFB36
:10D130000028CCD00027F3E7606A58BBA06A00281B
:10D1400037D1A9EB050608EBC606F06A60B30027E5
:10D1500001F0C2FAF762A9EB050308EBC308D8F89F
:10D16000300020B101F0B8FA0023C8F8303038227E
:10D1700000212046FCF790F9A2E7019C002C30D05A
:10D18000606AE8B9A06A00289AD002F059FCF0B9A8
:10D19000A06295E702F054FC074640B1A06AD0B9FE
:10D1A00017F1840F8CD1C0E76FF09607D3E7606268
:10D1B000C4E702F045FC07460028F1D1A062C0E7B1
:10D1C00002F03EFC07460028DCD16062DAE7002F5F
:10D1D00008BF074674E702F033FC0028E0D1A062E4
:10D1E000DEE76FF086076BE70C2202005D81FF7FB0
:10D1F000FDFFFF3F0422020008220200A059002088
:10D20000AC4BF0B51B680446C3F1004290420D469A
:10D2100083B02FD300286BDBC11801F10042013B22
:10D220009A4227D8A44AA54B12681B681A4402F1F7
:10D2300000420A44A24BC2EBC20103EBC1030192BC
:10D240005A690093904253D193F83420002A4FD06A
:10D25000002D00F09380D3E90160D3E903415A69BE
:10D260001B68A8600020C5E90036C5E903416A6172
:10D2700003B0F0BD934B621E9A4217D9924B9C4269
:10D280000DD004F1004303F58033B3F5704F2FD276
:10D290002046694600F07AFF40B303B0F0BD204657
:10D2A000694600F073FF10F1880FF5D10020824B22
:10D2B000824A1B681268019013EB020C1ED00246D2
:10D2C0007F4B07E0013262454FF0010003F1380364
:10D2D00012D0164659691F468C42F3D1009300B113
:10D2E000019662450AD293F834300BB1009BAFE748
:10D2F0006FF0870003B0F0BDCDE90072204601F069
:10D30000A3FA0028F4D0012101A8FEF74BFB002866
:10D31000F0D1019B6A49C3EBC30301EBC301204673
:10D32000009101F083FB0028E4D1009B59681A6A40
:10D33000090A598818BF103A1A62002988D1198839
:10D34000480485D501F44F40B0F5824FDE6827D000
:10D3500001F4E041B1F5E04F3AD0B1F5804F40F033
:10D36000A580682A00F09E8011D8402A00F097809E
:10D37000482A06D14FF480725A8069E76FF0860020
:10D38000B8E7382A40F08480C0225A8060E7882AB3
:10D3900000F08180902A7BD140F209225A8057E721
:10D3A000CCB2122CD4D0302CD2D04848412C00EA38
:10D3B000060040F0106007D0422CC9D1444CA04276
:10D3C000C6D0FF225A8043E7414CA042C0D1F8E7C3
:10D3D0001C3A2C2A5CD801A151F822F089D3020012
:10D3E00091D4020091D4020091D402009FD4020093
:10D3F00091D4020091D4020091D4020075D30200AE
:10D4000091D4020091D4020091D4020091D4020080
:10D4100091D4020091D4020091D4020091D4020070
:10D4200091D4020091D4020091D4020091D4020060
:10D4300091D4020091D4020091D40200A5D402003C
:10D4400091D4020091D4020091D4020091D4020040
:10D4500091D4020091D4020091D4020091D4020030
:10D4600091D4020091D4020091D4020091D4020020
:10D4700091D4020091D4020091D4020097D402000A
:10D4800091D4020091D4020091D4020099D30200F9
:10D490006FF096002EE74FF400725A80D8E6E02233
:10D4A0005A80D5E64FF4C0725A80D1E66FF08500FD
:10D4B00020E700BF0C220200042202000822020022
:10D4C000A0590020FDFFFF3F5D81FF7F0000FFF6B8
:10D4D0000000020918220021FBF7DEBF2DE9F04F02
:10D4E000D1E904A78B688FB00C4605461646D1F8E3
:10D4F0000CB091F80490029357B1AC4B7A1E9A424B
:10D5000040F2C4806FF0860528460FB0BDE8F08F6A
:10D5100019F07F0FF6D128460AA9FEF7FFFA054653
:10D520000028F1D1DDF82880D8F80830D8F8042098
:10D5300003F44071100AB1F5407F03930790B8F8E7
:10D54000003000F0B8800895002EDBD0618819B15A
:10D55000B8F802008842D5D12188002940F0A78080
:10D560000399890740F1C680110A012903D1D2B27B
:10D57000802A00F0BF80D8F80C5059462A46184639
:10D580000493FDF753FD8446049BD8F810201846F9
:10D5900051460692CDF810C0FDF748FD049B069A4F
:10D5A000059023B9BBF1000F01D0002DAAD1059B36
:10D5B00023B9BAF1000F01D0002AA3D149460CA823
:10D5C000D4F804A0FEF7EEF9054600289CD1DDF85A
:10D5D00030B0CBEBCB02D100099175494FEACB03B8
:10D5E00001EBC2020692B9F1000F6DD0B9F1800FC4
:10D5F00000F08880DDE9021202EA010C6C4AA3EB1C
:10D600000B0002EBC002376057616168684C5160E3
:10D61000B8F800104FEA1A2624F83010B8F80210B3
:10D62000C2F808C051800499D16005991161D8F8F9
:10D6300020101162D8E90601C2E90601079A002A02
:10D640005BD1D8F820A0D8F82C10B1B15246594877
:10D650000293FBF7E3FE089A029B22B1D8F8202040
:10D66000103292453CD0002E60D1B9F1000F00F08D
:10D67000AB80B9F1010F00F0B9806FF08605069814
:10D68000FEF740F9002818BF05463DE7B9F1010F44
:10D6900003D0B9F1800F7FF435AF38460BA9FEF700
:10D6A0003DFA00287FF437AF6FF08A052CE79942E6
:10D6B0003FF456AF26E703F4E041A1F50051B1FA7B
:10D6C00081F1490908913FE73B4A0BF10047116896
:10D6D0003A4A7F1A10683A4A3F1A1268BF1A89E715
:10D6E000D8F830100029C8D052463648FBF796FECD
:10D6F000029BB8E76FF0840506E7012A0FD06FF0B0
:10D700008405BCE7002F7FF475AF2D4A0BF18040F4
:10D7100011682A4A0F381268401A871A6AE7012EE0
:10D72000EDD1D8F8202002F1100A8CE7012EE6D1C5
:10D73000B9F1000F6FD1079B012B00F098803827BB
:10D740000AF1100130460D9100F044FF184B07FB21
:10D750000B37F862002800F0A9800DAC009001940E
:10D760005346D7E90601134AFEF792F807F1180865
:10D770000346002879D1089B002B3FF4C5AE304604
:10D780000D9900F027FF3863002841D0CDE900044F
:10D79000B8695346D8F80410064A80F44010FEF7E2
:10D7A00077F800283FF4B0AE054668E7FDFFFF3F7D
:10D7B000A0590020BC8000200C2202000822020098
:10D7C000042202008C80002051460120029300F0C8
:10D7D00001FF029B7D4AA3EB0B0302EBC303D8625C
:10D7E000B0B152467A49FBF719FE8DE6002F3FF49F
:10D7F00044AF099A754918320A440699744B084691
:10D80000CDF804A0009601F02BF80028CCD17BE6DF
:10D810006FF08C0533E7B9F1800F4BD0B9F1010FF0
:10D820007FF42BAF002F3FF428AF079B012B00F0B4
:10D83000A2803826654B06FB0B360AF110030D93C8
:10D84000089BD6E90601002B74D0DFF88481614F74
:10D850000DAC5346424680F4401000970194FEF709
:10D8600017F80346002800F097801D4607E7382484
:10D870005146184600F0AEFE544A04FB0B24E06209
:10D880000028C5D052465249FBF7C8FD089B002B23
:10D890003FF43AAE5146079800F09CFE2063002802
:10D8A000B6D052464B49FBF7B9FD2DE66FF08C031D
:10D8B0001D46E4E6454A3824114604FB0B14099B37
:10D8C000D4E9060124331344D8F8202002F058F894
:10D8D00003460028C9D1079B606A012BD8F8202095
:10D8E00044D03B4902F0EEF800287FF45DAF089B7E
:10D8F000002B3FF409AE3824344A099B04FB0B2467
:10D90000A06928331344E169D8F8202080F440103E
:10D9100002F036F803460028A7D1079BA06A012B26
:10D92000D8F820204AD02A4902F0CCF800287FF409
:10D930003BAFE9E5264C0DAA5346019200942246DE
:10D94000FDF7A6FF034600288FD1089B099A009394
:10D95000234618321D490D980A440699019008463D
:10D9600000F07EFF00287FF41FAFCDE5184910328C
:10D97000FDF770FFB8E7099A14491832154B0A44AD
:10D98000069900930846124BCDF804A000F068FFFA
:10D9900000287FF409AFB7E50194CDF80080534625
:10D9A000D6E906014246FDF773FF034600287FF4DF
:10D9B0005CAF099A064B00971832CBE70549103245
:10D9C000FDF748FF00287FF4EFAE9DE5A059002049
:10D9D000BC8000208C8000202DE9F047AA4C8A46AC
:10D9E00025689046C5F1004C604504461E4682B04D
:10D9F0006FD30028C0F2AC80421902F10043013D10
:10DA0000AB4266D8A14BA2491B680968A14D0B44E3
:10DA100003F1004313440193C3EBC30305EBC305B8
:10DA20006B690095984240F0938095F83430002B54
:10DA300000F08E80BAF1000F00F02081002E00F07F
:10DA40001D81AC68E30740F14B812B8803F4E04271
:10DA5000B2F5805F00F0C880B2F5005F00F0C480CE
:10DA600047F201018B4200F0208144F201018B4218
:10DA700000F02C8147F202018B4200F02B8144F22E
:10DA800002018B4200F0198123F0FF03B3F5E24F4E
:10DA900000F0AA80B3F5824F00F028816B685FFA2E
:10DAA00083FC1B0A40F0FC80E96A002900F0E38057
:10DAB000B2F5E04F40F0AC806888C21DD208FF2864
:10DAC0003260504601F1040100F0FD8002F00EFECC
:10DAD000A6E0714B621E9A4218D9704B9C420ED040
:10DAE00004F1004303F58033B3F5704F30D2204684
:10DAF000694600F04BFB48B302B0BDE8F0876946C9
:10DB0000204600F043FB10F1880FF4D100225F4B58
:10DB1000019219685E4B1B68C91820D015465D48F4
:10DB200007E001358D424FF0010200F1380014D0BA
:10DB3000A94647690346BC42F3D100900AB1CDF82B
:10DB400004908D420BD290F834300BB1009D71E7F8
:10DB50006FF0870002B0BDE8F087CDE900352046C0
:10DB600000F072FE0028F3D0012101A8FDF71AFF92
:10DB70000028EFD1019B4749C3EBC30301EBC3016D
:10DB80002046009100F052FF0028E3D1009D6A6812
:10DB90002B6A120A6A8818BF103B2B62002A7FF496
:10DBA00049AF2A8851047FF545AF02F44F41B1F5E2
:10DBB000824FEC6800F0B08002F4E042B2F5E04F32
:10DBC00000F0C780B2F5804F6CD1682B00F028813F
:10DBD00000F29880402B00F02081482B40F08C8090
:10DBE0004FF480736B8025E76888C31DDB084345CD
:10DBF00079D86B685FFA83FC1B0A13D1E96A0029A4
:10DC000039D0B2F5E04F3FF458AFB2F5805F02D0A3
:10DC1000B2F5005F46D12A6A50463260FBF7FEFB40
:10DC2000002097E7012B3DD1B2F5805F05D0B2F51A
:10DC3000005F02D0B2F5E04F34D1BCF1800F31D09B
:10DC4000E96AC1B12A6A504610323260FBF7E6FB3E
:10DC5000296B0029E4D004F44074B4F5407FDFD18F
:10DC600032680AEB0200FBF7D9FB33682A6A1033EB
:10DC700013443360D4E7BCF1010F13D06FF086007A
:10DC800002B0BDE8F08700BF0C22020004220200AF
:10DC900008220200A0590020FDFFFF3F5D81FF7FA9
:10DCA000012BC7D06FF0850054E768884308013323
:10DCB000DB0803EBC3033B3399E76888C30803EB36
:10DCC00043034A3393E7FBF7A9FBA9E76888C30836
:10DCD00010338CE76888C30803EB43035A3386E7A5
:10DCE0006FF0840036E76FF0890033E76888C31D62
:10DCF000DB085B0001337AE7382B40F08B80C023D0
:10DD00006B8097E6882B00F08F80902B40F082800C
:10DD100040F209236B808DE6D0B212283FF44CAF5D
:10DD200030283FF449AF4249412801EA040141F05B
:10DD3000106109D042287FF43FAF3E4881423FF452
:10DD40003BAFFF236B8075E63A4881427FF434AFE6
:10DD5000F7E71C3B2C2B5DD801A252F823F000BF43
:10DD6000FFDC020015DE020015DE020015DE0200F7
:10DD70001BDE020015DE020015DE020015DE0200C9
:10DD8000E1DB020015DE020015DE020015DE0200F6
:10DD900015DE020015DE020015DE020015DE0200AF
:10DDA00015DE020015DE020015DE020015DE02009F
:10DDB00015DE020015DE020015DE020015DE02008F
:10DDC00021DE020015DE020015DE020015DE020073
:10DDD00015DE020015DE020015DE020015DE02006F
:10DDE00015DE020015DE020015DE020015DE02005F
:10DDF00015DE020015DE020015DE020015DE02004F
:10DE000029DE020015DE020015DE020015DE02002A
:10DE100011DD02006FF096009CE6E0236B8009E6BE
:10DE20004FF4C0736B8005E64FF400736B8001E61E
:10DE30000000FFF6000002092DE9F04F00248FB02A
:10DE40000C9419B11D460BB116462AB96FF0860A1B
:10DE500050460FB0BDE8F08F0C460CA9FDF75EFEF2
:10DE600082460028F4D10C9F3B88D7F804B023F0F9
:10DE7000FF01B1F5E24F5FFA8BF90FD003F4E043F5
:10DE8000B3F5804FE2D15246514638460123CDE9E1
:10DE900000460295FEF774F98246D9E7F968DBB2CD
:10DEA00001F0FE41B1F1106F00F08280122B00F002
:10DEB000AB80302B00F0CE80422BC7D104230A90D8
:10DEC00009937B6903F1004303F58033B3F5704F89
:10DED00043D3D7E90623D7F82CA0D7F82480B8F18C
:10DEE000000F20D1104619463A6A07F1240301F0C9
:10DEF00047FD002840F0B780D7F82480BAF1000F22
:10DF000006D05FEA1B2B5FD0BBF1010F00F08380CE
:10DF10006FF0960B404601F093FD8246002897D1A2
:10DF2000DA46786294E70A99CDE905650391002104
:10DF300004947888099C0091CDE901404046FDF7A2
:10DF400045FB8246B9F1800F82D0404601F078FD52
:10DF500008B978627CE782467AE7A023DFF810816F
:10DF600007F11801BA1C0DA80D93FB6ACDE9032136
:10DF7000CDE901803A6A3946009201200022F9F782
:10DF80007BFF824600287FF463AFD7E901B1D7E970
:10DF90000623388800F4E040B0F5005F06D100F5B4
:10DFA00063400140B1F5407F3FF450AFC24694E773
:10DFB000122B4AD0302B51D0412B7FF447AF032393
:10DFC000FF22CDE909327CE7514640463A6A01F02A
:10DFD00079FD8346BBF1000F1AD1D7E90623002152
:10DFE000D7F82480CDE9056504940A9C099D039423
:10DFF0007C884046CDE901540091FDF7E7FA82465E
:10E00000B8F1000F9ED123E701230A90099358E746
:10E01000D7F824807EE73B6A0DA80B93FAF7DCFD66
:10E0200083460028F4D10D990029D6D00B9B524687
:10E030004046103301F01EFE80460D9801F000FDB1
:10E0400083460028E4D1C346C4E70123FF20CDE97D
:10E05000093036E702230A90099332E70223FF21B1
:10E06000CDE909312DE76FF0920AC7F82480EFE679
:10E07000BC8000202DE9F041082284B000204049F6
:10E0800002F086FF002877D13E4D04464AF6AA27C3
:10E090003D4E286013E00422414602A8FBF7BEF97A
:10E0A000029B28331C440422214603A8FBF7B6F93F
:10E0B000039B002B60D04FF6FF7293425CD004228A
:10E0C00004F108010DEB0200FBF7A8F9019B04F134
:10E0D0001C08BB42DFD10422286804F10C01C0EB0C
:10E0E000C00006EBC0001044FBF798F92868042232
:10E0F000C0EBC00006EBC00004F110011430FBF7C8
:10E100008DF928680422C0EBC00006EBC00004F1C2
:10E1100014010C30FBF782F928680422C0EBC00020
:10E1200006EBC00004F118010830FBF777F9286806
:10E130000422C0EBC00006EBC00041462030FBF7D4
:10E140006DF928680222C0EBC00004F1200106EB43
:10E15000C000FBF763F94FF0FF0C296804F12400BD
:10E16000C1EBC10206EBC202136A0131D062296021
:10E17000283382F834C095E7002004B0BDE8F08170
:10E18000B82703005C8300204076002000F10043A4
:10E1900003F58033B3F5704F02D36FF087007047FB
:10E1A0004C4B1A68002AF8D04B4B10B45C69A04263
:10E1B00072D0012A68D0DC6CA0426FD0022A63D0F2
:10E1C000D3F88440A0426BD0032A5DD0D3F8BC4082
:10E1D000A04267D0042A57D0D3F8F440A04263D0BD
:10E1E000052A51D0D3F82C41A0425FD0062A4BD04B
:10E1F000D3F86441A0425BD0072A45D0D3F89C41B4
:10E20000A04257D0082A3FD0D3F8D441A04253D0DF
:10E21000092A39D0D3F80C42A0424FD00A2A33D071
:10E22000D3F84442A0424BD00B2A2DD0D3F87C42E5
:10E23000A04247D00C2A27D0D3F8B442A04243D002
:10E240000D2A21D0D3F8EC42A0423FD00E2A1BD099
:10E25000D3F82443A0423BD00F2A15D0D3F85C4317
:10E26000A04201D0102A0FD00F22C2EBC20203EB52
:10E27000C2035868000A0CD193F83420FF2A08D151
:10E280005DF8044B0B6070476FF087005DF8044B3E
:10E2900070476FF08600F9E70022E6E70122E4E725
:10E2A0000222E2E70322E0E70422DEE70522DCE7C0
:10E2B0000622DAE70722D8E70822D6E70922D4E7C0
:10E2C0000A22D2E70B22D0E70C22CEE70D22CCE7C0
:10E2D0000E22CAE75C830020407600202DE9F84F2B
:10E2E0004E4CDFF840A180460F46164600214FF401
:10E2F000807220461D46DDF828B0FBF7CDF84FF4BC
:10E30000807200215046FBF7C7F84FF0706220463C
:10E31000226000F0A1FE00287CD1504600F0D4FE1F
:10E32000002877D1DAF80020002A4FEA126102F4BF
:10E33000803067DB014311F0FF096BD1384C1C22A0
:10E3400049462046FBF7A8F8DAF804204FF0000E03
:10E35000100C002A2272A0714FEA1220BCBF0122C9
:10E360006272DAF80C20DAF81030E071C2F3C040C3
:10E37000C2F3C06C60F3070EDAF81400DAF8081084
:10E380006CF30F2E2361130F63F3174E030C63F32B
:10E390001F6E0B0CA2802370C2F30342C0F3033341
:10E3A0004FEA112CC0F30B00A1702273C4F814E0E3
:10E3B00084F801C060832376B8F1000F01D088F89B
:10E3C00000300FB1638B3B800EB1A37D33700DB174
:10E3D000E37D2B70BBF1000F02D0637D8BF8003022
:10E3E0000B9B13B11A46237B13700C9B13B11A4677
:10E3F000237D13700D9B13B11A46236913604846A1
:10E40000BDE8F88F01F07F014942002893D121F443
:10E41000803190E76FF09209F1E700BF808400201F
:10E420006483002080830020F8B5414E414A336860
:10E43000934263D0404CA34201D10120F8BD3F4F2D
:10E440003F4D4FF4807200213846FBF725F84FF41A
:10E45000807200212846FBF71FF84FF070633846A2
:10E460003B6000F0F9FD00285CD1284600F02CFE4E
:10E47000002850D12B68002B4FEA136103F480323F
:10E480003EDB114311F0FF0145D12E4C1C222046EA
:10E49000FBF702F86B681A0C002B2372A2714FEA8B
:10E4A0001322B8BF0123E271AA68B8BF6372130CCC
:10E4B0002370A270130A00226370EB68D5E904513F
:10E4C000C3F3C040C3F3C06760F30702A3802561B4
:10E4D00067F30F221D0FC3F30343237365F3174242
:10E4E0000B0CC1F3033C63F31F62C1F30B0184F80F
:10E4F00018C06183626158B10E4B33600020F8BDD3
:10E5000001F07F014942002ABCD121F48031B9E7F2
:10E51000094B336091E73068074BC01AB0FA80F0BE
:10E520004009F8BD3068001BB0FA80F04009F8BD22
:10E530006083002055AA550088228800808400202E
:10E540008083002064830020FCF776BB1E4B9A6812
:10E550007AB11E4B116899420BD1D169A3F11023F6
:10E56000A3F1EF13994204D19368012B01D8D3682A
:10E570000BB101207047536913BB1369F3B1F0B4B9
:10E58000124C134D14E0D969A94214D1996801299C
:10E5900011D8D96879B1186981420CD05E6916B179
:10E5A0009F69BE4207D0914205D11A4620B1034669
:10E5B0001968A142E7D00120F0BC704718467047A7
:10E5C00091699942D9D1D4E78085002055AA00FFEE
:10E5D000669911EE2DE9F84F3C4D2B68EC68002B45
:10E5E0003FD0AB68002B3CD000283AD0002938D06F
:10E5F00001FB00F6B6FBF0F0814232D1301D30D87D
:10E60000B10732D026F00301043114B929E0A4691E
:10E610003CB363688B42FAD3D4F808C0BCF1000F56
:10E620001FD1A0695B1A232B814667691FD801237C
:10E63000A360002F46D0B861A06900B147610023F4
:10E640002A696361D207A36102D5FFF77FFF40B952
:10E650002034324600212046FAF71EFF2046BDE84E
:10E66000F88F00242046BDE8F88F3146CDE7D4F876
:10E67000108001F1200EDFF858B0DFF858A004EB4D
:10E680000E02203BC2E9013CC2E9034844F80EB047
:10E69000C2F81CA0B8F1000F01D0C8F80C20C2F8D5
:10E6A0001890576187B1BA61906900B14261002347
:10E6B0006160296922610122C4E90533CB07A260A8
:10E6C000C6D5C2E7E860B8E7EA60EEE780850020DB
:10E6D00055AA00FF669911EE002872D070B5424C21
:10E6E0002368002B6CD0A268002A69D0984267D3B7
:10E6F00062681344984263D23C4B50F8202C9A42F3
:10E700005ED150F8042CA3F11023A3F1EF139A4229
:10E7100056D150F8183C012B52D850F8146C1EB149
:10E7200050F8102C96424BD050F80C2C1AB150F8DF
:10E73000081C8A4244D0012B42D1002250F8103CE0
:10E74000A0F1200540F8182C002E3BD0B268002A1A
:10E7500038D150F81C1C726820310A443361726051
:10E7600003B1DE60202200212846FAF795FE3369C6
:10E77000FBB19A68EAB9354659686A680A4419696A
:10E7800020326A602961D5E9050240B3826102B195
:10E79000506158699A696861AA61F0B18561AA6996
:10E7A00002B1556101B1CD60202200211846FAF76F
:10E7B00073FE23699B0703D5BDE87040FFF7C6BE13
:10E7C00070BD704713B19A68002AD5D0E36840F84D
:10E7D000083C03B15D61E560EBE7E560E0E7002A36
:10E7E000D7D0E260D4E700BF8085002055AA00FFA3
:10E7F00038B50D460446142200210F48FAF74CFEA6
:10E80000232D18D914F0030304D0043DC3F10402EE
:10E810001D4414442A4600212046FAF73DFE064BCB
:10E82000064A0748A5F12001C3E901541C60E061D4
:10E83000C4E90021DC6038BD8085002055AA00FFB6
:10E84000669911EE0021704700B585B0002101AA3C
:10E85000FCF7F8F98C3018BF012005B05DF804FB17
:10E860002DE9F04F87B0DDF84480002B00F0D9800F
:10E87000B8F1000F00F0D5801F46109B83460D466F
:10E880009146002B6ED04FEA4806B6F5005F80F047
:10E89000C280283631460120FFF79CFE044600283E
:10E8A00000F0BC8008226049CDF80C80FAF7B6FD74
:10E8B000042204F10800A918FAF7B0FD0222294643
:10E8C00004F10C00FAF7AAFD022204F10E00A918C7
:10E8D000FAF7A4FD042205F1080104F11000FAF78B
:10E8E0009DFD042205F10C0104F11400FAF796FDD8
:10E8F000042205F1100104F11800FAF78FFD4946D2
:10E90000082204F11C00FAF789FD04F12809042209
:10E9100003A904F12400FAF781FD39464846039A19
:10E92000FAF77CFD109B2BB1039A194609EB020004
:10E93000FAF774FDD5F814900021484603AAFCF7B5
:10E9400081F98C304FF000010ED032462046FAF7A4
:10E95000A3FD2046FFF7C0FE6FF08A0A504607B0BD
:10E96000BDE8F08F464690E7009123463246484680
:10E97000FCF78AF90021824650B132462046FAF768
:10E980008BFD2046FFF7A8FE504607B0BDE8F08F8C
:10E99000014603AA4846FCF755F9824670BB049A23
:10E9A000964229D1014632462046FAF775FD2046A7
:10E9B000FFF792FE294618225846FAF72FFD4146E6
:10E9C0000120FFF707FECBF82C0038B3394642464A
:10E9D000FAF724FD109B002BC0D041460120FFF721
:10E9E000F9FDCBF83000C8B142461099FAF716FD90
:10E9F000504607B0BDE8F08F6FF0980A48460021F6
:10EA0000FCF71AF9324600212046FAF745FD204668
:10EA1000FFF762FEA2E76FF08D0A9FE76FF08C0AA6
:10EA20009CE76FF0860A99E7C02703002DE9F04FB5
:10EA300087B00F4603AA00210646FCF703F90446F7
:10EA4000C8B9DDF8108001204146FFF7C3FD054637
:10EA5000002800F0A3802146304603AA0294FCF768
:10EA6000F1F8044658B1424600212846FAF714FD51
:10EA70002846FFF731FE204607B0BDE8F08F02AB15
:10EA8000024601460193304643460095FCF7E8F8FC
:10EA9000029B044698457ED10028E4D1B8F1270FA7
:10EAA00007F1200A07F1180974D9082228463F49BE
:10EAB00002F06EFA044600286CD1042205F124010C
:10EAC0005046FAF7ABFC396AA8F12802914261D8A6
:10EAD000B1F5005F5ED2B2EB410F3BD0914259D30A
:10EAE0004FF0000AC9BBF962042205F10801B81809
:10EAF000FAF794FC022205F10C013846FAF78EFC75
:10EB0000022205F10E01B818FAF788FC042205F17B
:10EB1000100107F10800FAF781FC042205F1140145
:10EB200007F10C00FAF77AFC042205F1180107F14D
:10EB30001000FAF773FC4846082205F11C01FAF7A9
:10EB40006DFCFB6A7E6113B33B6A002B08BF6FF05C
:10EB5000910488E74FF0010AC4E70120FFF73AFD6E
:10EB6000F862F0B105F1280B59463A6AFAF756FCFB
:10EB7000BAF1000FB8D00120396AFFF72BFD3863D6
:10EB800078B13A6A0BEB0201FAF748FCACE76FF098
:10EB9000910468E77E616FF0980464E76FF08C047D
:10EBA00069E76FF08C047E615DE700BFC02703005A
:10EBB0002DE9F04F85B0019000F0DAF8064600F03C
:10EBC000D9F8044600F0D8F8834600F0D9F8009050
:10EBD00000F0DAF807781FB1002005B0BDE8F08F2B
:10EBE000A64257D80346002E4BD0009A4FF0640A35
:10EBF000043A15464DF23D49DFF8CC80029203906D
:10EC0000BBF1000F24D000F0BBF80446006818B92F
:10EC10001EE054F8040FD8B1594602F04DFF002809
:10EC2000F7D15B463A462449244800F0C3FD002052
:10EC3000009A029B02EB8602043A53F8041F01B1CA
:10EC400018609342F9D14FF0FF3005B0BDE8F08F66
:10EC50000AFB0780594645F8040F02F037FFDBE94D
:10EC60001003DBE912412A680BF1500B17660137DC
:10EC7000BE42C2E91003C2E91241C2F85090BFD1AE
:10EC8000039B0198029300F083F8029B48B901228C
:10EC90001A70A1E7234632460749094800F08AFD69
:10ECA000D1E702460449074800F084FD002ECAD08F
:10ECB000009B043B0293BAE7DC280300FC27030017
:10ECC000C8270300302803009485002010B500F009
:10ECD00051F800F055F800F057F804460549064889
:10ECE00000F068FD237803B910BD00F065F800233B
:10ECF000237010BDC828030048280300F8B5074654
:10ED000000F038F8064600F03BF8054600F03CF805
:10ED10000378DBB1FFB15EB10024043D55F8041F58
:10ED200019B1384602F0C8FE48B10134A642F5D107
:10ED30003A460B490B4800F03DFD0020F8BD214646
:10ED4000384600F049F80028F2D0F8BD04490648DA
:10ED500000F030FDF1E70249044800F02BFDECE73C
:10ED6000BC2803009C2803006028030080280300BF
:10ED7000032070470320704700487047B86D00209B
:10ED800000487047C886002000487047C0860020B1
:10ED9000074B1A680AB1074951655A680AB1054913
:10EDA00051659B680BB1034A5A650020704700BF4C
:10EDB000C886002000000F40064B1A680AB10021E7
:10EDC00051655A680AB1002151659B680BB1002258
:10EDD0005A657047C8860020022908B503D8054B3C
:10EDE00053F8210008BD02460349044800F0E2FC44
:10EDF000002008BDC8860020182A0300F028030060
:10EE0000114B10B51C78CCB102460B4680B14DF2C7
:10EE10003D41006D88420BD1990709D1D2E911100B
:10EE20001944884204D3536D890853F8210010BD5A
:10EE30000649074800F0BEFC002010BD0349054804
:10EE400000F0B8FCF8E700BFC0860020042A0300E9
:10EE50001029030060280300134B10B51C78F4B18F
:10EE60000B46A8B14DF23D41046D8C4210D113F018
:10EE700003010DD1446C03EB040C846C644507D38F
:10EE8000436D4FEA9C0C53F82C300846136010BDBC
:10EE900002460649064800F08DFC102010BD0349CB
:10EEA000044800F087FCF8E7C0860020042A03002D
:10EEB0001029030060280300134B10B51C78ECB137
:10EEC0000B46A0B14DF23D41046D8C420FD113F0C1
:10EED00003010CD1446C03EB040C846C644506D331
:10EEE000436D4FEA9C0C084643F82C2010BD0246A7
:10EEF0000649074800F05EFC102010BD0349054894
:10EF000000F058FCF8E700BFC0860020F429030099
:10EF1000402903006028030070B5234C82B0257897
:10EF2000002D3BD01C4648B34DF23D43056D9D423C
:10EF300024D1002C2FD004F1FF3421DB8B071FD10B
:10EF4000D0E911658B199D424FEA840C1AD311F058
:10EF5000030F01EB840415D13444AC4212D8416D47
:10EF600023F003031944131F624451F8040B43F8C0
:10EF7000040F9A42F9D1002002B070BD5CB1013C8F
:10EF80004FEA840C0CEB01040B4602460749084883
:10EF9000009400F00FFC102002B070BD034905483A
:10EFA00000F008FCF7E700BFC0860020E02903005E
:10EFB0006C29030060280300002A41D0002B9C46E6
:10EFC0003EDD30B51F4B83B01B78A3B30CF1FF3C83
:10EFD00020B34DF23D43046D9C421FD18B071DD1E0
:10EFE000D0E911544B199C424FEA8C0E18D311F002
:10EFF000030F01EB8C0C13D1AC44A44510D8416D28
:10F0000023F003000144131F724453F8040F93428A
:10F0100041F8040BF9D1002003B030BD4FEA8C0E4B
:10F020000EEB01040B46024607490848009400F025
:10F03000C1FB1020F0E70449054800F0BBFBF8E7EE
:10F0400010207047C0860020CC2903009C290300B3
:10F050006028030000F0B2BB002101F005BC00BF36
:10F06000F8B50C46074601F07DFB2146064600F048
:10F0700041F9D0B14FF0FF3500F06AFC012305EBF8
:10F080004405AB40034213D00021284600F036FC73
:10F0900030B13A462146304600F08AF90020F8BDEA
:10F0A0000146284600F04AFCF3E76FF00C00F8BD7B
:10F0B0006FF00800F8BD00BF08B501F0B1FBBDE876
:10F0C000084001F0CFBB00BF2DE9F843074601F02F
:10F0D000A7FB01F0C7FB02264FF0FF334FF00109F9
:10F0E000054616FB0036134C09FA06F901F03AFB07
:10F0F0002946804600F0FEF888B100F029FC10EAAD
:10F10000090F0CD00021304600F0F8FB68B13A46F8
:10F110002946404600F04CF90020BDE8F883013C48
:10F12000E4D16FF00D00BDE8F8830146304600F0F1
:10F1300005FCECE780F0FA02013810B4032805D88A
:10F14000DFE800F020120C02FF2934D000210C4629
:10F15000084611601C605DF8044B7047FF29F5D12B
:10F16000E02401201D49F4E7B1F5807F1FD0B1F5FF
:10F17000C07F24D0B1F5007FE8D14FF4D0740120D6
:10F180001749E6E7E0290ED0B1F5807F1CD0B1F534
:10F19000C07F1DD040F209208142D7D14FF4DC74EA
:10F1A00001201049D5E7C82401200F49D1E7E02408
:10F1B00001200E49CDE7E02401200D49C9E74FF4B5
:10F1C000A07401200B49C4E7E02401200A49C0E7EC
:10F1D0004FF4A07401200949BBE700BF102B0300C6
:10F1E000F02B0300B02F030088330300D02E030060
:10F1F000302A0300902D0300A83203006831030079
:10F200002DE9F84F8B46DDE90B87DDE90D6543F607
:10F21000F87192461C46DDF82890FFF7F1FDBBF12E
:10F22000000F03D0C0F302538BF8003014B1C0F3C9
:10F23000C0532370BAF1000F03D0C0F302438AF821
:10F240000030B9F1000F03D0C0F3C04389F800309B
:10F25000B8F1000F03D000F00F0388F8003027B199
:10F260008023C0F3011293403B800EB1030A337038
:10F270000DB1000E2870BDE8F88F00BF38B50B4601
:10F2800004240546013B9B009C4022464FF47C51E0
:10F29000FFF712FE4FF47C512846FFF7B1FD84437F
:10F2A00014BF6FF00100002038BD00BF70B50646E6
:10F2B0000D4692B143F6E0711446FFF7A1FD0346F7
:10F2C00043F6F47123603046FFF79AFD830504D5B9
:10F2D000206810F4000000D170BD4FF47C5130461E
:10F2E000FFF78EFD691E8900C840C04300F0010091
:10F2F00070BD00BF10B50C464FF47C51FFF780FD88
:10F300000223013C9C40A340034214BF0120002083
:10F3100010BD00BFF8B505460C461646CBB94C1ECD
:10F320004023A10232462846FFF746FE0122A400F0
:10F3300002FA04F44FF47C5122462846FFF7BCFD44
:10F340004FF47C512846FFF75BFD04421FD000209C
:10F35000F8BD43F6E071FFF753FD43F6F47107463D
:10F360002846FFF74DFD810504D53A0202D46FF01F
:10F370000200F8BD4FF47C512846FFF741FD013CE7
:10F38000A300D840C307CBD56FF00200F1E743F6E6
:10F39000FC712846FFF734FD47F6825380B298424D
:10F3A000D5D047F28C339842D1D06FF00300F8BD2E
:10F3B00070B50C464FF47C5116460546FFF720FD0C
:10F3C0000223611E01FA03F203FA02F420420DD077
:10F3D0004023324628468902FFF79EFD22464FF41D
:10F3E0007C512846FFF768FD002070BD6FF00200D9
:10F3F00070BD00BF38B543F6FC710446FFF700FD51
:10F4000047F6825380B2984203D04FF0FF3528462A
:10F4100038BD43F6F4712046FFF7F2FC810501D4B4
:10F420000325F4E743F6E0712046FFF7E9FC10F40A
:10F430008075F7D1820523D5002821DB00F4500325
:10F44000B3F5A00F26D01ED8B3F5801F04D0B3F5B6
:10F45000800F08BF012519D143F6F8712046FFF748
:10F46000CFFC030C83EA10535B07D0D0C30C83EAB4
:10F47000D05313F0010F18BF6FF00105284638BDB7
:10F480006FF00205C3E7B3F5100FC9D06FF00305A5
:10F49000284638BD0225BAE780B37AB373B33F2953
:10F4A0002CD8F0B54FF0000E01F18045013D00EB86
:10F4B000850523F003070EF1010C634514780EF166
:10F4C000020602D840F82140F0BDB3421488F9D9B1
:10F4D000BE4596780EF1040E02D144EA0644F1E7E7
:10F4E0007345146801F1010102F1040201D86C6056
:10F4F000F0BD402945F8044FDDD1F0BD704700BF95
:10F5000078B373B36AB33F292BD8F0B54FF0000E30
:10F5100001F18041013900EB810100F1FC0422F08E
:10F52000030751F8040F0EF1010C62454FEA102653
:10F530000EF10205187013D9AA424FEA104C5E7002
:10F540000ED9BE4583F802C04FEA10600EF1040EDA
:10F5500006D07245D87003F1040301D9A142E0D16D
:10F56000F0BD7047B1F5804F01D301207047F0B571
:10F57000931E012B0C46054683B007D9012A16D0ED
:10F58000002637464CB9002003B0F0BD032A0E46D2
:10F590000CBF0F460027002CF5D00021284601AAF9
:10F5A000FFF75AFC48B1012804D00220ECE70F46CF
:10F5B0000026E7E7012003B0F0BD019A014622EAE8
:10F5C00004023A432846E4430192FFF775FC002801
:10F5D000E9D10421284601AAFFF73EFC0028E2D128
:10F5E000019B04211C4044EA060228460192FFF7D1
:10F5F00063FC0028C7D0D6E7B1F5804F01D30120C6
:10F6000070470A4608B50C21FFF756FC18B10128CF
:10F610000CBF0120022008BD0A4608B51421FFF7DF
:10F620004BFC10B1012818BF022008BD0A4608B5DE
:10F630001021FFF711FC10B1012818BF022008BDEE
:10F6400013462DE9F04F83B00D4601AA1C21064652
:10F650001C46FFF701FC08BB43F2C962BDF8043049
:10F66000934201931ED0022003B0BDE8F08F032225
:10F6700041463046FFF776FF0346002878D1102137
:10F68000304649EA0802FFF717FC034600286FD10D
:10F6900039463046FFF7B0FF0028E5D00128E2D117
:10F6A0000120E1E7024608213046FFF705FC00286B
:10F6B000F4D101AA18213046FFF7CEFB02460028FC
:10F6C00034D1019B03F03F03013B1F2BCBD8082112
:10F6D0003046FFF7F1FB0028E0D1024601463046F4
:10F6E000FFF7EAFB0028D9D1024604213046FFF794
:10F6F000E3FB0028D2D1002D45D0002C43D00023BD
:10F700001F46984699469A46194605F1040E05F19A
:10F71000050C55F83320B2F5804FC1D21EF83300E6
:10F72000032808D8DFE800F02D272A050128B7D0E4
:10F7300099E748EA02081CF8330000B11743013387
:10F740009C42E6D100223046FFF70CFF0028A5D1ED
:10F75000514601223046FFF705FF00289ED10222C4
:10F7600049463046FFF7FEFE034600283FF47FAFD0
:10F77000012B95D077E74AEA020ADCE749EA020959
:10F78000D9E71143D7E70027B846B946BA46394604
:10F79000D8E700BFB1F5804F01D3012070470A467A
:10F7A00008B51021FFF788FB18B101280CBF012014
:10F7B000022008BD0FB404B0704700BF08B500F0C8
:10F7C00067F800F00DF838B101F038F8002801DBD7
:10F7D000002008BD00F03EF84FF0FF3008BD00BF2C
:10F7E00070B5164C25782DB115481649FFF7E2FF84
:10F7F000207870BD144E3046FFF7DAF9002807DA9A
:10F8000020780028F5D14FF0FF330020336070BD21
:10F8100001233068237000F03DF8002806DB0B4818
:10F82000FFF7C8FF20780028E3D1ECE70549084836
:10F83000FFF7C0FFFFF74AFA2570E4E7408A00208F
:10F8400050340300EC340300A86E00209034030011
:10F850006C34030038B50A4C23785BB1094D286835
:10F8600000F03CF8FFF732FA00224FF0FF3322702D
:10F870002B6038BD04490548BDE83840FFF79ABF02
:10F88000408A0020A86E0020DC340300BC34030052
:10F89000704700BF00B50E4883B0FFF72FFA0D4A3E
:10F8A000106090B10346EC460B4A92E80300012237
:10F8B0008CE8030061461846FFF7C2FE002818BF17
:10F8C0006FF0020003B05DF804FB4FF0FF30F9E782
:10F8D000FC340300D48600200835030038B5064DFB
:10F8E00004462B682BB11846FF21FFF795FE002335
:10F8F0002B60204638BD00BFD4860020054B014652
:10F90000186820B1012303FA01F1FFF743BF4FF05C
:10F91000FF307047D486002038B503460124064DD9
:10F920009C4021462868FFF735FF21462868BDE83E
:10F930003840FFF761BE00BFD48600200346012196
:10F94000024A99401068FFF767BE00BFD4860020C6
:10F95000002300B5094A83B0106801A90193FFF79D
:10F9600065FE002803DC019803B05DF804FB02F09B
:10F97000BDF8404203B05DF804FB00BFD486002010
:10F980002DE9F0471E4650EA01034FD0B2F54B7FF8
:10F9900092464BD8002E49D00025274CDFF89C908A
:10F9A00080460F464FF48072294620463560F9F7AD
:10F9B00073FD4FF4807229464846F9F76DFD4FF00C
:10F9C000B8532046C4E90287C4F810A06561A56158
:10F9D0002360FFF741FB60BB4846FFF775FB40BB68
:10F9E000D9F80020002A4FEA126302F4803104DBC8
:10F9F0004BB16FF09600BDE8F08703F07F035B42E8
:10FA0000DAB229B142B9D9F804303360BDE8F087E1
:10FA1000002AF8D023F4803343F480330E3314BF2C
:10FA20006FF096006FF09D00BDE8F0876FF08600E4
:10FA3000E1E76FF09200DEE7C0790020D886002071
:10FA4000C0B370B51D4D1E4E04464FF480720021A8
:10FA50002846F9F721FD4FF4807200213046F9F76E
:10FA60001BFD4FF05C532846AC602B60FFF7F4FAA7
:10FA7000E8B93046FFF728FBC8B93368002B4FEAD6
:10FA8000136003F480320BDA00F07F00404242B989
:10FA900020F4803010F0FF0018BF6FF0960070BDAA
:10FAA000104310F0FF0018BF6FF0960070BD6FF0AC
:10FAB000920070BD6FF08600704700BFC0790020D3
:10FAC000D88600202DE9F04100284ED00F460029AD
:10FAD0004BD0531EB3F54B7F154646D2244C0646F9
:10FAE000DFF890804FF0FF30F0F71EFB4FF480728C
:10FAF00000212046F9F7D0FC4FF4807200214046E7
:10FB0000F9F7CAFC00234FF01C5245F0006520466F
:10FB1000A660E56027616361A361E36123622260FF
:10FB2000FFF79AFA30B16FF09204F0F709FB204624
:10FB3000BDE8F0814046FFF7C7FA0028F3D1D8F8B6
:10FB40000030002B4FEA136403F480320BDA04F028
:10FB50007F0464420AB924F4803414F0FF0418BF0F
:10FB60006FF09604E1E71443F7E76FF08604DEE7F1
:10FB7000C0790020D88600202DE9F84FB2F54B7FE0
:10FB8000DDE90AA76AD8BAF1000F67D0002F65D067
:10FB90001D46344C8346DFF8D8804FF0FF301646C0
:10FBA0008946F0F7C1FA4FF4807200212046F9F738
:10FBB00073FC4FF4807200214046F9F76DFC4FF062
:10FBC0001C53656200252360274B2046274AE360CB
:10FBD0000A212923C4E90455C4E90655C4F808B02C
:10FBE0002562FFF759FCE2683B683243E260226A13
:10FBF000C3F3090313432046C4E90495C4E906A5E9
:10FC00002362FFF729FA30B16FF09204F0F798FA07
:10FC10002046BDE8F88F4046FFF756FA0028F3D19A
:10FC2000D8F80030002B4FEA136403F480320EDA68
:10FC300004F07F04644272B114F0FF0404D1D8F8D8
:10FC40000430C3F3090323B96FF09604DEE71443CD
:10FC5000F2E73B60DAE724F48034EDE76FF08604E6
:10FC6000D6E700BFC079002000002988B435030022
:10FC7000D88600202DE9F8431D46013BB3F54F7FA0
:10FC800053D21646002A50D00F46294C8046DFF842
:10FC9000AC904FF0FF30F0F747FA4FF4807200213C
:10FCA0002046F9F7F9FB4FF4807200214846F9F736
:10FCB000F3FB4FF01C52676200271E4B2046E360A7
:10FCC000226029230A211C4AC4E90477C4F8088069
:10FCD000FFF7E2FBE36820462B4326616761E360A0
:10FCE000FFF7BAF930B16FF09204F0F729FA204625
:10FCF000BDE8F8834846FFF7E7F90028F3D1D9F8C3
:10FD00000030002B4FEA136403F480320BDA04F066
:10FD10007F0464420AB924F4803414F0FF0418BF4D
:10FD20006FF09604E1E71443F7E76FF08604DEE72F
:10FD3000C079002000002904B4350300D8860020D3
:10FD40002DE9F0479DF820A09DF824909DF838807B
:10FD500000287BD00F46002978D01546002A75D0A0
:10FD60001C46002B72D00646BAF1000F3ED0B9F106
:10FD7000000F6BD14FF0FF30F0F7D6F94FF48072DF
:10FD800049463548F9F788FB49464FF480723348B5
:10FD9000F9F782FB32494FF01C502A4600252346D2
:10FDA00041EA04412C4C4FEA0868E16020600A21D6
:10FDB0002046C4E90887C4E90455C4E90655A6608D
:10FDC000FFF76AFB0B9AE368C2F309021343E3608F
:10FDD0000A9B2046C4E90435FFF73EF9E8B16FF00D
:10FDE0009204F0F7ADF92046BDE8F0874FF0FF3000
:10FDF000F0F79AF94FF4807251461748F9F74CFB27
:10FE000051464FF480721548F9F746FBB9F1000FDF
:10FE1000144908BF4FF08071BDE7104C2046FFF732
:10FE200053F90028DBD12368002B4FEA136403F455
:10FE300080320EDA04F07F0464420AB924F480347C
:10FE400014F0FF0418BF6FF09604CAE76FF0860441
:10FE5000C9E71443F4E700BFC0790020D88600202A
:10FE6000004000010080000100294DD081282DE9CB
:10FE7000F843044642D84FF00009DFF89880244F39
:10FE8000C1F800900D46164649464FF48072404630
:10FE9000F9F702FB49464FF480723846F9F7FCFA4D
:10FEA0004FF0E06324044046C8F81040C8F8003022
:10FEB000FFF7D2F8F8B93846FFF706F9D8B93B682A
:10FEC000002B4FEA136003F480320CDB104310F078
:10FED000FF0016D17B682B601EB1BB68C3F309031A
:10FEE0003360BDE8F88300F07F004042002AEED185
:10FEF00020F48030EBE76FF09200F2E76FF08600BD
:10FF0000EFE76FF08B00ECE76FF08600704700BF03
:10FF1000D8860020C07900202DE9F041002482B06D
:10FF2000CDE90044002A6ED0164601AB6A46FFF7C1
:10FF300003F9002866D0DDF804803460B8F54B7F03
:10FF400061D8324D324F4FF4807221462846F9F77E
:10FF5000A3FA4FF4807221463846F9F79DFA4FF024
:10FF6000B8532B6000232B4A2846C5E90544C5E950
:10FF70000223C5F81080FFF76FF800283FD13846FC
:10FF8000FFF7A2F800283AD13A68002A4FEA126334
:10FF900002F4803106DB5BB16FF09604204602B0BC
:10FFA000BDE8F08103F07F035B42DAB269B182B948
:10FFB0007D68019A28460099FFF784FD0446A0B9A0
:10FFC0002046356002B0BDE8F081002AF0D023F46D
:10FFD000803343F480330E3314BF6FF096046FF018
:10FFE0009D04204602B0BDE8F0812846FFF728FDB9
:10FFF000002818BF0446204602B0BDE8F0816FF02B
:020000023000CC
:100000009204CBE730606FF08604C7E7C079002028
:10001000D886002001440F0070B504460D461646F0
:10002000D4E90012324800F0B3FF28B90122E023DE
:100030002A700020336070BD2E48D4E9001200F011
:10004000A7FF18B901224FF48073F1E72A48D4E9D9
:10005000001200F09DFF18B901224FF4C073E7E7CA
:100060002648D4E9001200F093FF18B9012240F2AB
:100070000923DDE72248D4E9001200F089FF10B916
:100080000222E023D4E71F48D4E9001200F080FFE9
:1000900018B902224FF48073CAE71B48D4E9001252
:1000A00000F076FF18B902224FF4C073C0E717487A
:1000B000D4E9001200F06CFF18B902224FF400736B
:1000C000B6E71348D4E9001200F062FF10B903222A
:1000D000FF23ADE70F48D4E9001200F059FF10B933
:1000E0000422FF23A4E700232B706FF0040070BDEF
:1000F0006C360300E0350300743603007C360300E1
:10010000EC350300F8350300043603001036030015
:100110001C3603002036030010B504461848D4E905
:10012000001200F035FF08B9012010BD1548D4E9D0
:10013000001200F02DFF08B9022010BD1248D4E9CA
:10014000001200F025FF38B1D4E900120F4800F08A
:100150001FFF18B9062010BD052010BD0C48D4E9BA
:10016000001200F015FF48B1D4E90012094800F070
:100170000FFFB0FA80F04009800010BD032010BDD1
:10018000243603002C3603003436030040360300C7
:100190001C360300203603002DE9F041002586B00F
:1001A0000C9C0D9E1D7098461746019001442560D9
:1001B00016B1C6E900553572302302AA01A800F035
:1001C000F7FB40B1C31D072B9CBF414A52F82300E7
:1001D00006B0BDE8F081DDE901531D44294603AABC
:1001E00001A800F035FC0028ECD1039B012B02D0C4
:1001F0006FF09700ECE70423294602AA0DEB0300F9
:1002000000F0D6FB0028DDD1019B029A3B6013442D
:10021000AB4238727A60019308D0A023294602AA23
:1002200001A800F0C5FB18B1831CCBD10020CFE79B
:10023000DDE90123002BCDE90300059002EB030764
:10024000D6DD1378062B8DF81430D1D1394601A8AC
:1002500004AA00F0ADFB0028B4D1019B049A0393DB
:1002600013449F420193C3D12246414603A8FFF79E
:10027000D3FE0028A6D1002ED8D0019BAB42D5D00A
:100280002946A12302AA01A800F092FB0028CBD1A5
:10029000019C029B02AA1C44214601A800F0F2FC2A
:1002A00000288FD1DDE90123D1188C42A0D1002B89
:1002B0009ED098F800100139012999D811780429A5
:1002C00096D10132013BC6E900233072AEE700BF90
:1002D0004C3603002DE9F04B002486B01C701F46FD
:1002E0000F9E0E9B9046019001441C6016B1C6E91A
:1002F00000443472302302AA01A800F059FB0446DE
:1003000048B1E31D072B9CBF484A52F823402046C2
:1003100006B0BDE8F08BDDE9012302EB0309494695
:1003200003AA01A800F094FB04460028E9D1039D2C
:1003300025B1012D02D06FF09704E8E7019B4B45F2
:10034000F9D03023494602AA01A800F031FB044647
:100350000028D6D1DDE90123002BCDE9030005906B
:1003600002EB030BE7DD1378062B8DF81430E2D196
:10037000594601A804AA00F01BFB04460028C0D17E
:10038000019B049A039313449B450193D3D13946AF
:100390000E9A03A8FFF740FE04460028B1D10423BB
:1003A000494602AA0DEB030000F002FB04460028B8
:1003B000A7D1DDE901131944042302AA0DEB0300C0
:1003C00000F0F6FA044600289BD1019B029A88F8B7
:1003D0000800C8F80030C8F80420002D97D0002E7F
:1003E00095D04B4593D04946A12302AA01A800F01D
:1003F000DFFA08B1044684E7DDE901531D442946CC
:1004000002AA01A800F03EFC0028F3D1DDE9012397
:10041000D1188D428FD1002B8DD039780339012925
:1004200089D8C6E90023307271E700BF4C3603005B
:10043000F0B50546002489B016461F4668463023AD
:1004400001AA2944CDE90244CDE90444CDE906449A
:10045000009500F0ADFA044640B1E31D072B9CBFA8
:100460002E4A52F82340204609B0F0BDDDE9005382
:100470001D442946684605AB02AA00F05FFC04460D
:100480000028EAD102A8FFF747FE032840D021DC6C
:10049000431E012B1BD802284FF0FF3318BF002347
:1004A0000F993A460B7005A83146FFF7B5FD044693
:1004B0000028D2D12946684601AA00F0E3FB044691
:1004C0000028CAD1DDE90023D1188D420AD06FF08F
:1004D0009704C8E70428FAD1FF2330703B600F9BD4
:1004E0001C70E7E7002BF2D0317802290CD80029E4
:1004F000EDD011780429EAD10132013B00210E9898
:10050000026043600172AEE703390129F6D9DEE7E4
:10051000FF230F9A30703B601370CBE74C3603001B
:1005200070B504469C4684B01646302301A802AA42
:1005300021446546019400F03BFA38B1C31D072BF6
:100540009CBF144A52F8230004B070BDDDE901439A
:100550001C44214603AA01A800F07AFA0028EDD134
:10056000039B1BB16FF0970004B070BD324621466B
:1005700001A800F0B9FA0028E0D12146089A01A8A4
:1005800000F0B2FA0028D9D12A46214601A800F08D
:10059000ABFAD3E74C360300F0B5074600248DB024
:1005A00015461E4604AA302303A83944CDE9064463
:1005B000CDE90844CDE90A44039700F0F9F938B1D0
:1005C000C31D072B9CBF194A52F823000DB0F0BD84
:1005D000DDE903431C44214603A805AA00F038FACC
:1005E0000028EDD1059B13B16FF09700EEE721468F
:1005F00009AB06AA03A800F0A1FB0028E0D106A8D9
:10060000FFF78AFD0628EFD12146042304AA03A898
:1006100000F0CEF90028D3D1DDE90301129C334666
:100620002A460094FFF77CFFD0E700BF4C3603005A
:10063000F0B50746002489B016461D4668463023AB
:1006400001AA3944CDE90244CDE90444CDE9064488
:10065000009700F0ADF938B1C31D072B9CBF224AAB
:1006600052F8230009B0F0BDDDE900431C442146E7
:10067000684602AA00F0F4FB0028EDD102A8FFF7BB
:100680004BFD431F012B02D96FF09700EAE70628C4
:100690004FF0FF3018BF00200E9B2146187005AAAE
:1006A000684600F08BFA0028D6D19DF81C30002B4C
:1006B000EAD1059C002CE7D0069900940C44302325
:1006C0002146684601AA00F073F90028C4D13246D9
:1006D0002146684600F008FA0028BDD12A46214686
:1006E000684600F001FAB7E74C3603003AB111440E
:1006F000024411F8013D00F8013B9042F9D17047E6
:10070000012170B5154D164BC0B028681960FEF771
:10071000B5FDF8B90646042401212868FEF7EAFD74
:1007200060B16A4601212868FEF742FE08B9013C23
:10073000F2D16FF00606304640B070BD024601218E
:100740002868FEF7B3FD002808BF6FF007063046A3
:1007500040B070BD6FF00506EDE700BFE0870020F8
:10076000D88700200C4B10B51C6864B10B4B1B687C
:100770000BB1204610BD2046FEF73CFE012804DDEB
:1007800002380128F5D90024F3E70028FBDBFFF746
:10079000B7FF0028EDD0F6E7E0870020D8870020DB
:1007A000024B1878003818BF01207047448A002097
:1007B0000022014B1A607047D88700200E4B1B683F
:1007C000BBB180B10D4B1B7883420CD30C4A01386E
:1007D00052F820301BB18B4208D10020704742F8FC
:1007E0002010002070476FF0010070476FF0030089
:1007F00070474FF0FF307047E0870020418A0020AB
:10080000C07A0020054B1888013080B210B1024632
:100810001A807047012210461A8070473C8A0020D7
:1008200008B5FFF7BDFF10B1024B186808BD0248BC
:1008300008BD00BFAC6E0020B8C9A5B010B5F8F770
:1008400053FA041E01DB002010BD21460448FEF7C8
:10085000B1FF631C01D06434F5D16FF0010010BD0D
:100860008C36030001207047F8B50446FFF7D8FF27
:10087000002845D00646FFF7F5FF0546002842D080
:10088000FFF7C0FF2268234B1340034303F07F426E
:10089000B2F17C5F23602BD0B2F1174F1CD1FFF770
:1008A00061FF074690B331462846FFF787FF0646AB
:1008B000A0B9680031460138FFF72EF8012322461F
:1008C00029463846FEF726FDC31C0ED018B1043069
:1008D00011D06FF01200F8BD6660E0E702460E49E5
:1008E0000E48FEF767FF0236F3DA6FF00C00F8BD32
:1008F0000B4B6360D3E7FFF75BFF6FF00200F8BDBF
:100900006FF00A00F8BD6FF00B00F8BD6FF001004A
:10091000F8BD00BF0000FBFFDC360300B436030067
:1009200047365A4F10B504688446081B002838DD46
:1009300094F900E02378BEF1000F0ADB0134091BB3
:100940008B424FF0FF301360D8BF0020CCF800403E
:1009500010BD03F07F03013B032B25D8DFE803F034
:100960001C14090204281CDDD4F8013005341BBA1C
:10097000E5E7032815DDA37860781B0243EA00430E
:10098000E07804340343DAE702280ADDB4F80130E2
:1009900003345BBA9BB2D2E7012802D063780234F9
:1009A000CDE74FF0FF3010BD6FF0020010BD00BF6B
:1009B00010B504688446081B002843DD207898425F
:1009C0003DD1601CCCF80000081A00283ADD94F9EB
:1009D00001E06378BEF1000F0ADB0234091B8B4291
:1009E0004FF0FF301360D8BF0020CCF8004010BD9E
:1009F00003F07F03013B032B27D8DFE803F01B1430
:100A0000090204281EDDD4F8023006341BBAE5E7DB
:100A1000032817DDE378A0781B0243EA004320791E
:100A200005340343DAE702280CDD638804345BBA3B
:100A30009BB2D3E7012805D0A3780334CEE76FF04B
:100A4000010010BD4FF0FF3010BD6FF0020010BD6F
:100A50002DE9F041002703681646CA1A82B0BA424F
:100A600001973BDD1A78022A32D10133036001AAD3
:100A70000446FFF757FF002827DB019959B3236885
:100A800093F900201D78002A25DB45B9013301398F
:100A9000236026D01D7888460127002DF6D00FB19F
:100AA000CDF80480042916D803D193F90020002A38
:100AB00011DB019AAAB100211A4413F8015B934299
:100AC000236045EA0121F8D1316002B0BDE8F08130
:100AD0006FF00100F9E76FF00200F6E74FF0FF302A
:100AE000F3E70021F0E700BF03688446C81A002836
:100AF0005CDD1878022856D1581CCCF80000081A82
:100B0000002853DD30B593F901E05C78BEF1000FA9
:100B100019DB0233C81A8442CCF8003022DC0025ED
:100B200015721D7845B900281CDD581CCCF8000052
:100B300093F90150002D0FDB1919C2E90034002090
:100B4000CCF8001030BD04F07F04013C032C32D8F7
:100B5000DFE804F0241D120B0123013C091AA14215
:100B6000137226DA4FF0FF3030BD0428FADDD3F8D7
:100B70000240063324BACDE70328F3DDDC78987809
:100B8000240244EA0044187905330443C2E70228EA
:100B9000E8DD5C88043364BAA4B2BBE70128E1D085
:100BA0009C780333B6E76FF0010070474FF0FF30D9
:100BB00070470346C0E76FF0020030BD036884460B
:100BC000C81A00285ADD187803284ED1581CCCF8D2
:100BD0000000081A002851DD30B593F901E05C7877
:100BE000BEF1000F1ADB0233C81A8442CCF8003081
:100BF0003EDC002C3CD01878072810723BD81D1919
:100C00008D4203F1010304F1FF34136054600CBF03
:100C100000206FF00300CCF8005030BD04F07F04DA
:100C2000013C032C27D8DFE804F01B140902042838
:100C30001EDDD3F80240063324BAD5E7032817DDBA
:100C4000DC789878240244EA004418790533044398
:100C5000CAE702280CDD5C88043364BAA4B2C3E797
:100C6000012805D09C780333BEE76FF00100704780
:100C70004FF0FF3030BD6FF0020030BD4FF0FF305D
:100C8000704700BF03688446C81A002850DD1878F2
:100C9000032844D1581CCCF80000081A002847DD6E
:100CA00010B593F901E05C78BEF1000F10DB023360
:100CB000C91A8C421460CCF8003033DC002C34D0DC
:100CC000187890BB0133013CCCF80030146010BDA3
:100CD00004F07F04013C032C2DD8DFE804F01B1442
:100CE000090204281EDDD3F80240063324BADFE7E8
:100CF000032817DDDC789878240244EA0044187948
:100D000005330443D4E702280CDD5C88043364BA5D
:100D1000A4B2CDE7012805D09C780333C8E76FF073
:100D2000010070474FF0FF3010BD6FF0040010BDA0
:100D30004FF0FF3070476FF0020010BD2DE9F04119
:100D400004681F460B1B002B40F383802378302B55
:100D500074D1631C0360CB1A002B054679DD16465F
:100D600094F9012094F801C0002A36DB0234091BF3
:100D70008C452C606DDC00296BDD2378BCF1000F05
:100D8000337204EB0C0806F1040262DD062B55D128
:100D90000134414628462C60FFF7C4FD00281ADBC9
:100DA0002A6871683260531843452B604AD0525C00
:100DB00001333A72414628462B603A1DFFF7B2FDD7
:100DC000002808DB2B687A683B601344434518BF52
:100DD0006FF003002B60BDE8F0810CF07F0C0CF18C
:100DE000FF3CBCF1030F37D8DFE80CF022180A02F1
:100DF000042B2EDDD4F802C006349CFA8CFCB6E736
:100E0000032B26DD94F803C0A3784FEA0C2C4CEAA0
:100E1000034C237905344CEA030CA8E7022B18DDB8
:100E2000B4F802C004349CFA9CFC1FFA8CFC9EE7C8
:100E3000012B0ED094F802C0033498E76FF0010044
:100E4000BDE8F0810C2200213846F8F725FB002090
:100E5000C1E74FF0FF30BEE76FF00200BBE700BF15
:100E600070B505460C4684B0164600210C2201A838
:100E7000F8F712FB2B68E21A002A7DDD1A78302A77
:100E80006DD15A1C2A60A21A002A75DD93F901104F
:100E9000587800293CDB0233E41AA0422B606BDC5B
:100EA000002C69DD19780028317203EB000406F18B
:100EB000040261DD062952D10133214628462B6008
:100EC000FFF730FD002821DB2A6871683260531873
:100ED0009C422B6047D0565C0133214628462B604C
:100EE00002AA8DF80C60FFF71DFD00280EDB2B68B1
:100EF000029A13449C422B6044D1052E01D0002E4F
:100F00003DD1029B002B18BF6FF0040004B070BDF0
:100F100000F07F000138032837D8DFE800F01B1409
:100F20000902042A28DDD3F80200063300BAB3E729
:100F3000032A21DDD8789A78000240EA02401A7923
:100F400005331043A8E7022A16DD5888043340BA57
:100F500080B2A1E7012A0FD0987803339CE76FF0A5
:100F6000010004B070BD0C22002101A8F8F794FA2A
:100F700000209DF80C60C0E74FF0FF30C6E76FF02F
:100F80000400C3E76FF00300C0E76FF00200BDE7A5
:100F9000BAB1844600B50020531E04E048B9013BB5
:100FA000A2EB0E000BD39CF8002091F800E07245F4
:100FB000F4D1013B0CF1010C01F10101F3D25DF818
:100FC00004FB1046704700BF0246084671B100237B
:100FD00010B4013A02E00133984204D012F8014FF4
:100FE000002CF8D118465DF8044B7047704700BFDD
:100FF00003DF70472DE9F04F4FF0010A264B8FB009
:10100000D3F80090D9F80820D9F800300AFA02FA8B
:101010000AF1FF32019213B19847002838D1012715
:1010200009F10C0B4FF000410198F8F78FFA0646D2
:101030000028F7D0DA460024D9F80820A24207FA9F
:1010400004F508D9354209D10134A2420AF1040A53
:1010500007FA04F5F6D8F8F7A9FAE3E7DAF800207A
:10106000013492B102A92846F8F778FA5AF8042B0D
:1010700002A8DDF80C80904701464046F8F78EFA4A
:10108000AE43CFD0D9F80820D8E7F8F78FFAE9E7D0
:10109000F8F78CFAC3E700BF400C0020F0B593B01E
:1010A00005460C462C22002107A8F8F7F5F9012384
:1010B0003027142606AA029204AA0092002102AA4E
:1010C00001930548CDE903740695ADF844300596C3
:1010D00000F0CCF813B0F0BD00010040F0B50646BA
:1010E00093B00F46154600212C2207A81C46F8F79E
:1010F000D3F940F20172012306963026ADF8442060
:1011000006AA029204AA01930092002102AA0548AD
:1011100004970595039600F0A9F8059B236013B08A
:10112000F0BD00BF00010040F0B5302693B006AF1F
:1011300004460D46324600213846F8F7ADF940F234
:10114000022201230420ADF844202268CDE90440A6
:10115000CDE9075204AA00920021019302AA034894
:10116000CDE9027600F082F813B0F0BD0001004036
:10117000F0B5302793B006AB0D46144606463A4606
:1011800000211846F8F788F90021039740F202374A
:10119000366802900223CDE9001102AA0448CDE985
:1011A00004540896ADF8447000F060F813B0F0BD38
:1011B000000100402DE9F0434FF0300895B00DF1EB
:1011C000200904460F4616460021424648461D4661
:1011D000F8F762F90222042301922268049440F293
:1011E0000254059304AB0A9200930021012302AA42
:1011F0000648CDE90298CDE90676ADF84C4000F0FE
:1012000035F8079B2B6015B0BDE8F0830001004066
:10121000F0B5144628221F4606460D4695B00DEB44
:1012200002000021F8F738F9CDE907760127099582
:1012300040F2062630251A9B04AA02931B9B00212C
:10124000039308AB049302AB009301970223064873
:101250000694ADF84C60059500F008F8039B1C9AC5
:10126000136015B0F0BD00BF000100402DE9F0474C
:10127000B1F5004F0D46DDE90896074690461C463D
:1012800001D2042B11D9F8F791F92406360406F49B
:10129000E02604F0E0643443A9B24B4642463846A7
:1012A0002143BDE8F047F8F745B9042EEDD9EAE748
:1012B0002DE9F041802986B09DF8305017D90DF105
:1012C00015061F23B44681F080010CF1FF32B61AD7
:1012D000CDE9012603EB411101AC0CF8011C836838
:1012E00094E8060000F0EAF906B0BDE8F0819846FF
:1012F000182A78F100030DF1150622D30027B44611
:10130000124B52EA080401D1002D12DD13F8014BF3
:1013100094B1ACEB040E0CF8012DF4454FEA122207
:1013200042EA08624FEA1828F5D1F4462D1B01372E
:10133000E7E707F11703C8E7E6462D1BF446013738
:10134000DFE7002DDAD11346B446BEE74C37030081
:1013500030B583B06D46044685E80600982200212A
:10136000F8F79AF895E80600204600F093F9042370
:1013700004F11402C4F89420A37603B030BD00BF7A
:1013800030B500250446002B83B0BDBFDB43D243FC
:10139000012100210095FFF78BFF237C5BB9D4F876
:1013A00094008288C2F57F41FE310129D2BF062315
:1013B00001328280237403B030BD00BF30B587B0E6
:1013C00002AD0929044685E80C0006D01A46002320
:1013D0000B2900931BD0FFF76BFF95E8030004AACD
:1013E00082E80300A368204606CA00F067F9237C60
:1013F0005BB9D4F894008288C2F57F41FE3101299F
:10140000D2BF062301328280237407B030BD02218F
:10141000FFF74EFFEBE700BF10B5002482B00621B6
:101420000094FFF745FF02B010BD00BF037C10B46D
:101430006BB9D0F89440A288C2F57F4C0CF1FE0C39
:10144000BCF1010FD2BF06230132A280037482686F
:1014500012F1660F12D8D0F8943000F18C04A34238
:1014600011D003F10804C0F8944000249A60224689
:1014700099739C815DF8044B0274704703225DF8F8
:10148000044B027470470422F9E700BF2DE9F043D2
:101490000446D0F89460227CB379B088052B87B0DD
:1014A00008BF40083AB904F11405AE4249D0994248
:1014B00004D00523237407B0BDE8F0830C2920D0A5
:1014C00080294AD90DF1150E1F23704681F0800145
:1014D0004F013B4400F8013C0138AEEB0003CDE97D
:1014E000010301AA3368204606CA00F0E7F8D4F8E1
:1014F00094309D423CBF083BC4F8943007B0BDE82F
:10150000F0834027182803464FF000020DF1150E16
:101510001CD371469446DFF8488098F80000B8B1B3
:10152000081A01F8013D81424FEA132343EA02639E
:101530004FEA1222F5D153EA020909D10CF118033E
:10154000C7E70723237407B0BDE8F0837046C0E700
:101550000CF1010C08F10108DFE74F01D2E700BFF1
:101560004C3703002DE9F04F0D461446D0F8941087
:10157000027C81460E68876889B042B900F1140880
:1015800041455BD08B79022B1AD0052303748CB1B3
:101590001DB9D9F80830F71BFE18494605A800F018
:1015A000BBF8DDE90523B34207D39B1B02B13244EC
:1015B000C4E9002309B0BDE8F08F00231A46F7E71D
:1015C0009446BB1B182B7CF100020DF11D0038D393
:1015D0008646E346DFF870A001919AF8002042B3F6
:1015E0000199AEEB02020EF8013D96454FEA132336
:1015F00043EA0C634FEA1C2CF5D1019153EA0C012C
:1016000017D101990BF11803403302F8013C013A5C
:10161000801ACDE9032003AA0B68484606CA00F0E9
:101620004DF8D9F894309845B1D2083BC9F89430B8
:10163000ADE70BF1010B0AF1010ACEE707230374B2
:10164000A5E70246E0E700BF4C37030070B5837B97
:1016500082B02BB101231D460374284602B070BD31
:10166000057C002DF9D1D0F8942000F114039A42A2
:1016700003D00825284602B070BD6E460C460146D0
:10168000304600F049F896E8030084E80300284655
:1016900002B070BD10B483B003466846002440F623
:1016A0000F3C80E80600A3F80CC003C89C6083E8E8
:1016B00005009C7303B05DF8044B7047F0B583B030
:1016C00002AC04E90600827B4AB9DDE9006540F618
:1016D0000F3281890446914203D00123A37303B0E2
:1016E000F0BDD0E901128A42F7D8891A8D42F4D8A8
:1016F0009A42F2D3076867B11F443946D21A781963
:1017000000F0F8F926B12A463146384600F0F2F9E1
:10171000A2681544A560E2E78B7B33B940F60F332E
:101720008A899A4206D001238B7300231A46C0E9A6
:10173000003270470B688A68C0E90032704700BF0A
:101740000F280BD01038222807D8012300F01F01E2
:10175000064A40098B4042F8203070474FF0E022A3
:10176000136943F002031361704700BF00E100E01A
:101770000F280CD01038222808D801224309074925
:1017800000F01F002033824041F8232070474FF0C3
:10179000E022136923F002031361704700E100E0C7
:1017A000A0F11003222B0CD801215A09134803F091
:1017B0001F03403201FA03F340F82230BFF36F8F6A
:1017C0007047022809D00E280FD00F28F6D10C4AF6
:1017D000536843F080635360F0E7094A536843F06D
:1017E00000435360BFF36F8F7047054A536843F05F
:1017F00080535360BFF36F8F704700BF00E100E07C
:1018000000ED00E00E2814D00F280CD0103822284C
:1018100008D8012243090A4900F01F0060338240C2
:1018200041F823207047074A536843F00073536020
:101830007047044A536843F000635360704700BF29
:1018400000E100E000ED00E0704700BF43186CD2FB
:101850001F2A6AD8013902F01403014400B580EA56
:10186000010C142B0ED8DFE803F03F0D0D0D480DD1
:101870000D0D0D0D0D0D0D0D0D0D510D0D0D10005E
:101880005B0300D400205DF804FBBCF11F0F40E8AF
:10189000C0F304D99C4641E8C0F39C45F2D122F044
:1018A0001402013A0A2AEDD801A151F822F000BF32
:1018B000E318030025190300DD1803008518030051
:1018C000851803008518030085180300811803009C
:1018D000E31803001F190300DD1803009A02D2D495
:1018E000D0E71A03CFD4CDE7BCF11F0F40E800F3D7
:1018F000D5D99C4641E800F3CFE7BCF11F0F40E883
:1019000040F3CCD99C4641E840F3C6E7BCF11F0F39
:1019100040E880F3C3D99C4641E880F3BDE7DB0291
:10192000B1D4AFE75902AED5ACE70020704700BF95
:1019300008B5064B044613B10021AFF30080044BF9
:101940001B6803B19847204600F086F800000000AD
:10195000388A002070B50D4D00260D4C641BA41074
:10196000A64209D10B4D00260B4C00F0DFF8641B9A
:10197000A410A64205D170BD55F8043B0136984726
:10198000EEE755F8043B01369847F2E7286F002050
:10199000286F0020286F00202C6F0020024B01468A
:1019A000186800F00FB800BFD46E0020014800F0A6
:1019B000BBB800BF468A0020014800F0B6B800BF9F
:1019C000468A002038B50546002941D051F8043C2C
:1019D0000C1F002BB8BFE418FFF7E8FF1D4A13687F
:1019E00033B9636014602846BDE83840FFF7E4BFB0
:1019F000A34208D9206821188B4201BF19685B688F
:101A000009182160EDE71A465B680BB1A342FAD9C9
:101A100011685018A0420BD1206801445018116081
:101A20008342E0D118685B68084453601060DAE7CD
:101A300002D90C232B60D6E7206821188B4202BF05
:101A400019685B680918636008BF21605460CAE7C1
:101A500038BD00BFFC880020FEE700BF2DE9E04F45
:101A60002746A046A146A246A346A4462DED108BCC
:101A70004FF0000545EC185B45EC195A45EC1A5A35
:101A800045EC1B5A45EC1C5A45EC1D5A45EC1E5AB8
:101A900045EC1F5AF1EE105A4FF66076C0F6FF760D
:101AA0003540E1EE105A84F3008825462646A447C7
:101AB000BDEC108BBDE8E08F10F8012B11F8013B55
:101AC000012A28BF9A42F7D0D01A7047034611F86E
:101AD000012B03F8012B002AF9D17047034613F8B4
:101AE000012B002AFBD1181A013870470028B8BF13
:101AF00040427047884210B501EB020402D984428B
:101B0000234607D8431EA14208D011F8012B03F841
:101B1000012FF8E7024401468A4200D110BD13F8B4
:101B2000014D02F8014DF7E770477047F8B500BF67
:101B3000F8BC08BC9E467047F8B500BFF8BC08BCAE
:101B40009E467047E100F7FFFFFFFFFF7F18000090
:101B500013000300FEFFFF1F54464D5F41545445E0
:101B600053544154494F4E5F5345525649434500E3
:101B700054495F43525950544F5F5345525649435D
:101B80004500000054464D5F4954535F534554008F
:101B900054464D5F4954535F4745540054464D5F8A
:101BA0004954535F4745545F494E464F000000007B
:101BB00054464D5F4954535F52454D4F56450000C2
:101BC00054495F464C4153485F534552564943453B
:101BD0000000000054495F53595354454D5F53452D
:101BE0005256494345000000D0240300B4250300A9
:101BF0008C230300D0210300EC200300A81F030066
:101C0000041E0300081D03000C1C03000400000058
:101C10009C1C0300541C0300301C0300781C0300B0
:101C20000800000020000000E41C0300C01C0300AA
:101C3000A3785913CA4DEB75ABD841414D0A7000DA
:101C400098E879777940C78C73FE6F2BEE6C03525E
:101C500000000000ECFFFFFFFFFFFFFFFFFFFFFFA3
:101C6000FFFFFFFFFFFFFFFFFFFFFFFFFFFFFFFF84
:101C7000FFFFFF7F00000000EDD3F55C1A631258F0
:101C8000D69CF7A2DEF9DE14000000000000000080
:101C9000000000000000001000000000EDFFFFFF4A
:101CA000FFFFFFFFFFFFFFFFFFFFFFFFFFFFFFFF44
:101CB000FFFFFFFFFFFFFFFFFFFFFF7F00000000B0
:101CC00058666666666666666666666666666666C2
:101CD00066666666666666666666666666666666A4
:101CE000000000001AD5258F602D56C9B2A7259592
:101CF00060C72C695CDCD6FD31E2A4C0FE536ECD1A
:101D0000D33669210000000003000000981D030085
:101D1000741D0300501D03002C1D03000100000072
:101D200020000000E01D0300BC1D0300EDD3F55CA6
:101D30001A631258D69CF7A2DEF9DE1400000000E8
:101D40000000000000000000000000100000000083
:101D50000100000000000000000000000000000082
:101D60000000000000000000000000000000000073
:101D700000000000066D07000000000000000000E9
:101D80000000000000000000000000000000000053
:101D90000000000000000000EDFFFFFFFFFFFFFF5D
:101DA000FFFFFFFFFFFFFFFFFFFFFFFFFFFFFFFF43
:101DB000FFFFFFFFFFFFFF7F00000000D9D3CE7EB3
:101DC000A2C5E929B2617C6D7E4D3D924CD1487728
:101DD0002CDD1EE0B486A0B8A119AE2000000000E2
:101DE00009000000000000000000000000000000EA
:101DF00000000000000000000000000000000000E3
:101E00000000000001000000E81E0300A81E0300FF
:101E1000681E0300281E03000100000040000000AF
:101E2000681F0300281F03006900A99C829687B5DC
:101E3000DDDA5D0881D3B11D4710AC7F19618641A1
:101E40001926A94C415C3E5570083370CA9C63D674
:101E50000ED2C9B3B38D30CB07FCC933AEE6D43F45
:101E60008BC4E9DBB89DDDAA23F7168063BD092882
:101E7000DDE5BA5EB7504098673E08DCCA94FC774F
:101E80004DACC1E7B9C7F22BA717117FB5C89A8B24
:101E9000C9F12E0AA13A25A85A5DED2DBC6398EA36
:101EA000CA4134A81016F93DCA94FC774DACC1E77D
:101EB000B9C7F22BA717117FB5C89A8BC9F12E0AA3
:101EC000A13A25A85A5DED2DBC6398EACA4134A811
:101ED0001016F93D8DDDCB94C54C23AC457132E233
:101EE000893B608B31A33078F3483A585660AA2872
:101EF00085C6822D2FFF8128E680A3E62AA1CDAEDC
:101F00004268C69B009B4D7D71083370CA9C63D6A6
:101F10000ED2C9B3B38D30CB07FCC933AEE6D43F84
:101F20008BC4E9DBB89DDDAA9208D83A0F1ECD78A4
:101F30000654F0A82F2BCAD1AE63278AD84BCA5BB0
:101F40005E485F4A49DEDCB211811F885BC500A094
:101F50001A7BA52400F709F2FD2278CFA9BFEAC0B9
:101F6000EC3263565D38DE7D22F8B9BC0922358B30
:101F7000685E6A4047506D7C5F7DB9937B68D15045
:101F80008DD4D0E2781F3BFF8E09D0F4EE623BB4D3
:101F9000C116D9B5709FED85936A4C9C2E32215A9B
:101FA00064D92ED8BDE4AE81010000005C2003009E
:101FB0002C200300FC1F0300CC1F030001000000C5
:101FC00030000000BC2003008C200300656504E99C
:101FD0000232883B10C37F6BAFB63ACFA72504AC63
:101FE0006C6E161FB35654ED09712F15DF41E65084
:101FF0007E6F5D0F286D38A3821EB98C114C50FA8C
:102000009686B73A94C9DB950239B47CD562EB3E2B
:10201000A50E882EA6D2DC07E17DB72F7C44F016F2
:1020200054B5398B2628CE22DDC7A8042628CE2217
:10203000DDC7A804EBD43A504A81A58A0FF991BABA
:10204000EF6591138727B24F8EA2BEC2A0AF05CE17
:102050000A08723C0C158C3DC682C37B53EC0731D9
:1020600013004787711A1D9029A7D3AC2311B77F9E
:1020700019DAB112B45654ED09712F15DF41E6504B
:102080007E6F5D0F286D38A3821EB98C15533C26D8
:1020900041038242118191772146460E282991F908
:1020A0004F059CE16458ECFE290BB76252D5CF95E1
:1020B0008EEBB15CA4C2F920751DBE8A1EAFD44759
:1020C000E2B287EFAA46D63634E026E8E810BD0C27
:1020D000FECA7FDBE34FF17EE7A347886B3FC1B7C2
:1020E000813AA6A2FF45CF68F0641C1D01000000E4
:1020F0007021030050210300302103001021030050
:102100000100000020000000B02103009021030026
:10211000A7564897820E1E90F7A661B5A37A398C10
:10212000718D839D900A663EBCA9EEA1DB57FBA989
:10213000B6078CFF18DCCC6BCEE1F75C29168495D2
:10214000BF7CD7BBD9B530F3444B4AE96C5CDC2685
:10215000D9B530F3444B4AE96C5CDC26C15580FBB1
:10216000E7FF7A413075F6EE57302CFC75095A7D41
:1021700077536E1F1D481320282026D523F63B6E6B
:10218000728D839D900A663EBCA9EEA1DB57FBA928
:102190009769042FC7541D5C548EED2D134577C2EB
:1021A000C91D61141A46F897FDC4DAC335F87E5488
:1021B0006232CE9ABD53443AC223BDE3E127DEB971
:1021C000AFB781FC2F484B2CCB577ECBB9AED28B0F
:1021D00001000000C02203007C220300382203001B
:1021E000F421030001000000420000004823030026
:1021F00004230300096438911EB76FBBAE479C8966
:10220000B8C9B53BD0A509F74801CC7F6B962FBF65
:1022100083878651FAFFFFFFFFFFFFFFFFFFFFFFEE
:10222000FFFFFFFFFFFFFFFFFFFFFFFFFFFFFFFFBE
:10223000FFFFFFFFFF010000003F506BD41F45EF81
:10224000F1342C3D88DF733507BFB13BBDC052165A
:102250007B937EEC51391956E109F18E9189B4B81E
:10226000F315B3995B72DAA2EE4085B6A0219A927B
:102270001F9A1C8E61B93E9551000000FCFFFFFFC4
:10228000FFFFFFFFFFFFFFFFFFFFFFFFFFFFFFFF5E
:10229000FFFFFFFFFFFFFFFFFFFFFFFFFFFFFFFF4E
:1022A000FFFFFFFFFFFFFFFFFFFFFFFFFFFFFFFF3E
:1022B000FFFFFFFFFFFFFFFFFFFFFFFFFF0100002A
:1022C000FFFFFFFFFFFFFFFFFFFFFFFFFFFFFFFF1E
:1022D000FFFFFFFFFFFFFFFFFFFFFFFFFFFFFFFF0E
:1022E000FFFFFFFFFFFFFFFFFFFFFFFFFFFFFFFFFE
:1022F000FFFFFFFFFFFFFFFFFFFFFFFFFFFFFFFFEE
:10230000FF0100005066D19F7694BE8840C272A241
:1023100086703C356107AD3F01B950C54026F45E7B
:102320009972EE972C663E2717BDAF1768449B57EE
:102330004944F598D91B7D2CB45F8A5C04C03B9A54
:10234000786A29391801000066BDE5C2317E7EF940
:102350009B426A85C1B34833DEA8FFA227C11DFE98
:102360002859E7EF775E4BA1BA3D4D6B60AF28F877
:1023700021B53F053981649C42B4952366CB3E9ECE
:10238000CDE90404B7068E85C600000001000000F8
:102390004024030010240300E0230300B0230300C3
:1023A0000100000030000000A0240300702403009E
:1023B0007329C5CC6A19ECEC7AA7B048B20D1A584B
:1023C000DF2D37F4814D63C7FFFFFFFFFFFFFFFFE6
:1023D000FFFFFFFFFFFFFFFFFFFFFFFFFFFFFFFF0D
:1023E000EF2AECD3EDC8852A9DD12E8A8D3956C6A9
:1023F0005A8713508F081403124181FE6E9C1D18DA
:10240000192DF8E36B058E98E4E73EE2A72F31B370
:10241000FCFFFFFF0000000000000000FFFFFFFFC7
:10242000FEFFFFFFFFFFFFFFFFFFFFFFFFFFFFFFBD
:10243000FFFFFFFFFFFFFFFFFFFFFFFFFFFFFFFFAC
:10244000FFFFFFFF0000000000000000FFFFFFFF94
:10245000FEFFFFFFFFFFFFFFFFFFFFFFFFFFFFFF8D
:10246000FFFFFFFFFFFFFFFFFFFFFFFFFFFFFFFF7C
:102470005F0EEA907C1D437A9D817E1DCEB1600A7D
:10248000C0B8F0B51331DAE97C149A28BD1DF4F810
:1024900029DC9292BF989E5D6F2C26964ADE1736F5
:1024A000B70A7672385E543A6C2955BF5DF2025510
:1024B000382A5482E041F759989BA78B623B1D6EE6
:1024C00074AD20F31EC7B18E37058BBE22CA87AA12
:1024D00001000000542503003425030014250300E7
:1024E000F4240300010000001C00000094250300F8
:1024F000742503003D2A5C5C4529DD133EF0B8E0FD
:10250000A216FFFFFFFFFFFFFFFFFFFFFFFFFFFF21
:1025100000000000B4FF552343390B27BAD8BFD7BA
:10252000B7B04450563241F5ABB3040C850A05B43C
:1025300000000000FEFFFFFFFFFFFFFFFFFFFFFFA8
:10254000FEFFFFFFFFFFFFFFFFFFFFFFFFFFFFFF9C
:10255000000000000100000000000000000000007A
:10256000FFFFFFFFFFFFFFFFFFFFFFFFFFFFFFFF7B
:1025700000000000347E00859981D5446447075AE5
:10258000A07543CDE6DF224CFB23F7B5886337BD4A
:1025900000000000211D5C11D68032342211C25689
:1025A000D3C1034AB99013327FBFB46BBD0C0EB7D1
:1025B0000000000001000000442603002026030064
:1025C000FC250300D82503000100000020000000C6
:1025D0008C26030068260300512563FCC2CAB9F3A8
:1025E000849E17A7ADFAE6BCFFFFFFFFFFFFFFFFCA
:1025F00000000000FFFFFFFF000000004B60D2273B
:102600003E3CCE3BF6B053CCB0061D65BC869876FA
:1026100055BDEBB3E7933AAAD835C65A000000007F
:10262000FCFFFFFFFFFFFFFFFFFFFFFF00000000B9
:10263000000000000000000001000000FFFFFFFF9D
:1026400000000000FFFFFFFFFFFFFFFFFFFFFFFF96
:102650000000000000000000000000000100000079
:10266000FFFFFFFF00000000F551BF376840B6CB09
:10267000CE5E316B5733CE2B169E0F7C4AEBE78E26
:102680009B7F1AFEE242E34F0000000096C298D8FA
:102690004539A1F4A033EB2D817D0377F240A4638B
:1026A000E5E6BCF847422CE1F2D1176B00000000D0
:1026B000AD98020041990200C598020009990200F4
:1026C0000D9902000100000002000000040000005B
:1026D00041626F7274202D20257328293D25640ADC
:1026E000000000004B65794D676D745F7073615F2A
:1026F00063727970746F5F696E6974005761726E8E
:10270000696E673A205472756E6361746564204225
:102710006967496E74206461746120746F20485742
:1027200020636F6E76657273696F6E202825752041
:102730003E202575290A0000A0000000A00000002E
:102740000000000000000000E000000000010000A8
:102750008001000000020000E00000000001000015
:102760000000000000000000E00000000001000088
:1027700080010000000200001400000014000000AE
:1027800000000000000000001C000000200000000D
:1027900030000000400000001C000000200000008D
:1027A00000000000000000001C00000020000000ED
:1027B000300000004000000048554B004B455900D8
:1027C000505341004B45590025733A20496E7661BC
:1027D0006C6964206E756D626572206F662073741B
:1027E0006174696320646576696365732028256474
:1027F000292C206D61782025640A000025733A2079
:102800006661696C65642C2064657669636520285F
:10281000696E646578202564292077697468206E64
:10282000616D65202573206578697374730A0000F3
:1028300025733A206661696C65642C206572726F3D
:10284000722025640A00000025733A20756E7265B7
:10285000676973746572206472697665720A000034
:1028600025733A206661696C65642C206E6F742054
:10287000696E697469616C697A65640A00000000B8
:1028800025733A206661696C65642C20696E7661F7
:102890006C6964206E616D650A00000025733A2042
:1028A0006661696C656420746F2066696E6420647B
:1028B000657669636520272573270A004465766974
:1028C00063655F46696E64004465766963655F555C
:1028D0006E496E697469616C697A650044657669F0
:1028E00063655F496E697469616C697A65000000AF
:1028F00025733A204661696C656420746F206669AF
:102900006E642064657669636520272573270A0055
:1029100025733A20496E76616C6964204465766956
:102920006365202825707829206F722042797465AC
:102930004F666673657420282575290A000000001B
:1029400025733A20496E76616C6964204465766926
:1029500063652028257029206F7220427974654FA5
:10296000666673657420282575290A0025733A2048
:10297000496E76616C6964204465766963652028D8
:10298000257029206F722072656164206172656113
:10299000202825752D2575290A00000025733A2069
:1029A000496E76616C6964204465766963652028A8
:1029B000257029206F7220777269746520617265B5
:1029C00061202825752D2575290A00004465766942
:1029D00063655F5772697465333241727261790061
:1029E0004465766963655F52656164333241727232
:1029F000617900004465766963655F577269746543
:102A0000333200004465766963655F526561643303
:102A100032436865636B00004465766963655F49AE
:102A20006E7465726E616C5F46696E6400000000D2
:102A3000FF000017EDFFFFFFFFFFFFFFFFFFFFFF9E
:102A4000FFFFFFFFFFFFFFFFFFFFFFFFFFFFFFFF96
:102A5000FFFFFF7FFF000107A3785913CA4DEB75F5
:102A6000ABD841414D0A700098E879777940C78C1E
:102A700073FE6F2BEE6C0352FF000207067E45FFCC
:102A8000AA046ECC821A7D4BD1D3A1C57E4FFC0324
:102A9000DC087BD2BB06A060F4ED260FFF00030725
:102AA000EDD3F55C1A631258D69CF7A2DEF9DE145A
:102AB0000000000000000000000000000000001006
:102AC000FF0004071AD5258F602D56C9B2A725959A
:102AD00060C72C695CDCD6FD31E2A4C0FE536ECD2C
:102AE000D3366921FF000507586666666666666626
:102AF0006666666666666666666666666666666676
:102B0000666666666666666604000607080000007C
:102B1000FF000007EDFFFFFFFFFFFFFFFFFFFFFFCD
:102B2000FFFFFFFFFFFFFFFFFFFFFFFFFFFFFFFFB5
:102B3000FFFFFF7FFF000107066D07000000000098
:102B40000000000000000000000000000000000085
:102B50000000000000000000FF000207010000006C
:102B60000000000000000000000000000000000065
:102B7000000000000000000000000000FF0003074C
:102B8000EDD3F55C1A631258D69CF7A2DEF9DE1479
:102B90000000000000000000000000000000001025
:102BA000FF00040709000000000000000000000012
:102BB0000000000000000000000000000000000015
:102BC00000000000FF000507142C31815D3A16D685
:102BD0004D9E839281B2C26DB32EB788D322E11F7E
:102BE0004B795F475EE6515F04000607080000006E
:102BF00000020017F3483A585660AA2885C6822D6D
:102C00002FFF8128E680A3E62AA1CDAE4268C69BAD
:102C1000009B4D7D71083370CA9C63D60ED2C9B338
:102C2000B38D30CB07FCC933AEE6D43F8BC4E9DBB0
:102C3000B89DDDAA00020107CA94FC774DACC1E73C
:102C4000B9C7F22BA717117FB5C89A8BC9F12E0A05
:102C5000A13A25A85A5DED2DBC6398EACA4134A873
:102C60001016F93D8DDDCB94C54C23AC457132E295
:102C7000893B608B31A330780002020723F716806E
:102C800063BD0928DDE5BA5EB7504098673E08DCB1
:102C9000CA94FC774DACC1E7B9C7F22BA717117FD7
:102CA000B5C89A8BC9F12E0AA13A25A85A5DED2D17
:102CB000BC6398EACA4134A81016F93D0002030724
:102CC0006900A99C829687B5DDDA5D0881D3B11DC4
:102CD0004710AC7F196186411926A94C415C3E55CD
:102CE00070083370CA9C63D60ED2C9B3B38D30CB93
:102CF00007FCC933AEE6D43F8BC4E9DBB89DDDAA3F
:102D00000002040722F8B9BC0922358B685E6A40CC
:102D100047506D7C5F7DB9937B68D1508DD4D0E2F4
:102D2000781F3BFF8E09D0F4EE623BB4C116D9B5D3
:102D3000709FED85936A4C9C2E32215A64D92ED80F
:102D4000BDE4AE81000205079208D83A0F1ECD7887
:102D50000654F0A82F2BCAD1AE63278AD84BCA5B82
:102D60005E485F4A49DEDCB211811F885BC500A066
:102D70001A7BA52400F709F2FD2278CFA9BFEAC08B
:102D8000EC3263565D38DE7D01000607010000006D
:102D90008001001753EC073113004787711A1D900B
:102DA00029A7D3AC2311B77F19DAB112B45654ED69
:102DB00009712F15DF41E6507E6F5D0F286D38A336
:102DC000821EB98C800101072628CE22DDC7A80407
:102DD000EBD43A504A81A58A0FF991BAEF65911365
:102DE0008727B24F8EA2BEC2A0AF05CE0A08723CA2
:102DF0000C158C3DC682C37B80010207114C50FA32
:102E00009686B73A94C9DB950239B47CD562EB3E1D
:102E1000A50E882EA6D2DC07E17DB72F7C44F016E4
:102E200054B5398B2628CE22DDC7A80480010307BC
:102E3000656504E90232883B10C37F6BAFB63ACFB9
:102E4000A72504AC6C6E161FB35654ED09712F15EF
:102E5000DF41E6507E6F5D0F286D38A3821EB98C6E
:102E6000800104071EAFD447E2B287EFAA46D636E8
:102E700034E026E8E810BD0CFECA7FDBE34FF17EAC
:102E8000E7A347886B3FC1B7813AA6A2FF45CF6849
:102E9000F0641C1D8001050715533C264103824246
:102EA000118191772146460E282991F94F059CE121
:102EB0006458ECFE290BB76252D5CF958EEBB15C0E
:102EC000A4C2F920751DBE8A01000607010000009A
:102ED0000001001777536E1F1D481320282026D5A8
:102EE00023F63B6E728D839D900A663EBCA9EEA1CF
:102EF000DB57FBA900010107D9B530F3444B4AE980
:102F00006C5CDC26C15580FBE7FF7A413075F6EE3C
:102F100057302CFC75095A7D00010207B6078CFF5B
:102F200018DCCC6BCEE1F75C29168495BF7CD7BB4F
:102F3000D9B530F3444B4AE96C5CDC260001030749
:102F4000A7564897820E1E90F7A661B5A37A398CD2
:102F5000718D839D900A663EBCA9EEA1DB57FBA94B
:102F6000000104076232CE9ABD53443AC223BDE346
:102F7000E127DEB9AFB781FC2F484B2CCB577ECB76
:102F8000B9AED28B000105079769042FC7541D5CA9
:102F9000548EED2D134577C2C91D61141A46F8975A
:102FA000FDC4DAC335F87E540100060701000000B5
:102FB00009020007FFFFFFFFFFFFFFFFFFFFFFFF0B
:102FC000FFFFFFFFFFFFFFFFFFFFFFFFFFFFFFFF11
:102FD000FFFFFFFFFFFFFFFFFFFFFFFFFFFFFFFF01
:102FE000FFFFFFFFFFFFFFFFFFFFFFFFFFFFFFFFF1
:102FF000FFFFFFFFFF01000009020107FCFFFFFFC9
:10300000FFFFFFFFFFFFFFFFFFFFFFFFFFFFFFFFD0
:10301000FFFFFFFFFFFFFFFFFFFFFFFFFFFFFFFFC0
:10302000FFFFFFFFFFFFFFFFFFFFFFFFFFFFFFFFB0
:10303000FFFFFFFFFFFFFFFFFFFFFFFFFF0100009C
:1030400009020207003F506BD41F45EFF1342C3DBD
:1030500088DF733507BFB13BBDC052167B937EEC52
:1030600051391956E109F18E9189B4B8F315B39924
:103070005B72DAA2EE4085B6A0219A921F9A1C8E4E
:1030800061B93E95510000000902030709643891B7
:103090001EB76FBBAE479C89B8C9B53BD0A509F731
:1030A0004801CC7F6B962FBF83878651FAFFFFFFC5
:1030B000FFFFFFFFFFFFFFFFFFFFFFFFFFFFFFFF20
:1030C000FFFFFFFFFFFFFFFFFFFFFFFFFF0100000C
:1030D0000902040766BDE5C2317E7EF99B426A851E
:1030E000C1B34833DEA8FFA227C11DFE2859E7EF70
:1030F000775E4BA1BA3D4D6B60AF28F821B53F0517
:103100003981649C42B4952366CB3E9ECDE904048C
:10311000B7068E85C6000000090205075066D19FDC
:103120007694BE8840C272A286703C356107AD3F7E
:1031300001B950C54026F45E9972EE972C663E2781
:1031400017BDAF1768449B574944F598D91B7D2C90
:10315000B45F8A5C04C03B9A786A29391801000080
:10316000010006070100000080010007FFFFFFFFCC
:103170000000000000000000FFFFFFFFFEFFFFFF58
:10318000FFFFFFFFFFFFFFFFFFFFFFFFFFFFFFFF4F
:10319000FFFFFFFFFFFFFFFFFFFFFFFF80010107B2
:1031A000FCFFFFFF0000000000000000FFFFFFFF2A
:1031B000FEFFFFFFFFFFFFFFFFFFFFFFFFFFFFFF20
:1031C000FFFFFFFFFFFFFFFFFFFFFFFFFFFFFFFF0F
:1031D00080010207EF2AECD3EDC8852A9DD12E8A03
:1031E0008D3956C65A8713508F081403124181FE39
:1031F0006E9C1D18192DF8E36B058E98E4E73EE2EE
:10320000A72F31B3800103077329C5CC6A19ECECF1
:103210007AA7B048B20D1A58DF2D37F4814D63C735
:10322000FFFFFFFFFFFFFFFFFFFFFFFFFFFFFFFFAE
:10323000FFFFFFFFFFFFFFFF80010407B70A767261
:10324000385E543A6C2955BF5DF20255382A5482D3
:10325000E041F759989BA78B623B1D6E74AD20F33C
:103260001EC7B18E37058BBE22CA87AA800105070B
:103270005F0EEA907C1D437A9D817E1DCEB1600A6F
:10328000C0B8F0B51331DAE97C149A28BD1DF4F802
:1032900029DC9292BF989E5D6F2C26964ADE1736E7
:1032A000010006070100000000010007FFFFFFFF0B
:1032B000FFFFFFFFFFFFFFFF000000000000000016
:1032C0000000000001000000FFFFFFFF00010107F8
:1032D000FCFFFFFFFFFFFFFFFFFFFFFF00000000FD
:1032E000000000000000000001000000FFFFFFFFE1
:1032F000000102074B60D2273E3CCE3BF6B053CCD8
:10330000B0061D65BC86987655BDEBB3E7933AAA27
:10331000D835C65A00010307512563FCC2CAB9F368
:10332000849E17A7ADFAE6BCFFFFFFFFFFFFFFFF7C
:1033300000000000FFFFFFFF0001040796C298D8BD
:103340004539A1F4A033EB2D817D0377F240A463CE
:10335000E5E6BCF847422CE1F2D1176B0001050706
:10336000F551BF376840B6CBCE5E316B5733CE2BAD
:10337000169E0F7C4AEBE78E9B7F1AFEE242E34FDC
:103380000100060701000000E00000070100000046
:103390000000000000000000FFFFFFFFFFFFFFFF35
:1033A000FFFFFFFFFFFFFFFFE0000107FEFFFFFF42
:1033B000FFFFFFFFFFFFFFFFFEFFFFFFFFFFFFFF1E
:1033C000FFFFFFFFFFFFFFFFE0000207B4FF5523F1
:1033D00043390B27BAD8BFD7B7B04450563241F55E
:1033E000ABB3040C850A05B4E00003073D2A5C5C1E
:1033F0004529DD133EF0B8E0A216FFFFFFFFFFFFF7
:10340000FFFFFFFFFFFFFFFFE0000407211D5C112E
:10341000D68032342211C256D3C1034AB990133236
:103420007FBFB46BBD0C0EB7E0000507347E00858E
:103430009981D5446447075AA07543CDE6DF224CF5
:10344000FB23F7B5886337BD0100060701000000C4
:1034500025733A20416C726561647920696E6974E4
:1034600069616C697A65640A0000000025733A207E
:10347000416461707465725F496E746572727570D3
:1034800074735F496E6974206661696C65640A00D3
:10349000416461707465725F496E69743A20416479
:1034A00061707465725F496E746572727570747361
:1034B00020656E61626C65640A00000025733A2025
:1034C00041646170746572206973206E6F74206945
:1034D0006E697469616C697A65640A00416461703F
:1034E0007465725F556E496E697400004164617065
:1034F0007465725F496E697400000000454950317F
:1035000033305F4149430000FF000000030000002A
:103510004661696C65643A20417373657420426C3E
:103520006F62204B454B20696E697469616C697AE2
:103530006174696F6E0A00004661696C65643A20C7
:10354000417373657420426C6F62204B454B20635E
:1035500072656174696F6E0A000000004661696CF3
:1035600065643A2047657420526F6F74206B6579EB
:10357000207265666572656E63650A004A757374CC
:10358000536F6D654173736F636961746564446102
:103590007461466F7254686541737365744C6F61F2
:1035A0006444657269766174696F6E46756E6374A2
:1035B000696F6E00536F6D654173736F63696174FA
:1035C000656444617461466F7247656E65726174CB
:1035D000696E675468654B6579426C6F62000000E4
:1035E0002A8648CE3D030107000000002B24030378
:1035F00002080101050000002B2403030208010159
:10360000070000002B240303020801010B00000047
:103610002B240303020801010D0000002B656E003E
:103620002B6570002A8648CE3D0201002B810401E3
:103630000C0000002A864886F70D010101000000F9
:103640002A864886F70D01010A00000076FFFFFF79
:1036500073FFFFFF68FFFFFF68FFFFFF68FFFFFFCB
:1036600068FFFFFF68FFFFFF000000002B810400E0
:10367000210000002B810400220000002B810400A7
:103680002300000045495031333000005645583A78
:10369000204641494C454420746F20696E69746925
:1036A000616C697A652064657669636520282564A4
:1036B000290A00005645583A2025733A2076657845
:1036C0005F4465766963654C696E6B4D61696C62D8
:1036D0006F7828293D25640A000000007665785F30
:1036E000506879736963616C546F6B656E4578637C
:1036F00068616E6765000000F9370300ED3703006D
:10370000E137030005380300113803001D380300BA
:103710002938030035380300413803004D380300D1
:103720005938030065380300713803007D38030001
:103730008938030095380300A1380300AD38030031
:10374000B9380300C5380300D13803000101020471
:103750001000000000000000017A5200027C0E01FF
:103760001B0C0D0010000000180000004441FFFF7A
:103770001000000000000000100000002C000000FD
:103780004041FFFF16000000000000001000000094
:10379000400000004441FFFF300000000000000036
:1037A00010000000540000007841FFFF22000000DC
:1037B000000000001000000000000000017A52002C
:1037C000027C0E011B0C0D00100000001800000010
:1037D0000CE3FFFF100000000000000000000000EC
:1037E00010B53E4CA446EFF7CFFE10BD10B53C4CD3
:1037F000A446EFF7C9FE10BD10B53A4CA446EFF74A
:10380000C3FE10BD10B5384CA446EFF7BDFE10BD89
:1038100010B5364CA446EFF7B7FE10BD10B5344CCA
:10382000A446EFF7B1FE10BD10B5324CA446EFF739
:10383000ABFE10BD10B5304CA446EFF7A5FE10BD91
:1038400010B52E4CA446EFF79FFE10BD10B52C4CC2
:10385000A446EFF799FE10BD10B52A4CA446EFF729
:1038600093FE10BD10B5284CA446EFF78DFE10BD99
:1038700010B5264CA446EFF787FE10BD10B5244CBA
:10388000A446EFF781FE10BD10B5224CA446EFF719
:103890007BFE10BD10B5204CA446EFF775FE10BDA1
:1038A00010B51E4CA446EFF76FFE10BD10B51C4CB2
:1038B000A446EFF769FE10BD10B51A4CA446EFF709
:1038C00063FE10BD10B5184CA446EFF75DFE10BDA9
:1038D00010B5164CA446EFF757FE10BD7550020008
:1038E0007D5002001D500200454B0200854B020036
:1038F000A95002005D510200C1510200454C020076
:10390000554D0200414B0200E1540200595502009E
:103910009D550200C9550200FD55020031560200B6
:10392000695202001D5302009953020045540200DF
:103940007FE97FE9F3F752BE7FE97FE9F3F7DCBC5B
:103950007FE97FE9F2F7FABA7FE97FE9F3F73CB84C
:103960007FE97FE9F2F71ABC7FE97FE9F1F75EBFF3
:103970007FE97FE9F1F7CCBF7FE97FE9F2F7AEB9E4
:103980007FE97FE9F2F76CB87FE97FE9F2F780BD64
:103990007FE97FE9F3F716BB7FE97FE9F3F76CBEB8
:1039A0007FE97FE9F1F7ECBE7FE97FE9F2F794BAAE
:1039B0007FE97FE9F2F798BE7FE97FE9F3F7A4BEDC
:1039C0007FE97FE9F3F792BD7FE97FE9F3F774B907
:1039D0007FE97FE9F3F71CBF7FE97FE9F3F7E8BBF5
:1039E0007FE97FE9F1F7DCBE7FE97FE9F1F70CBF02
:1039F0007FE97FE9F3F7FABC7FE97FE9F3F75ABA89
:103A00007FE97FE9F2F734BE7FE97FE9F2F7A4BFEF
:103A10007FE97FE9F3F70CBA7FE97FE9F2F71ABF94
:103A20007FE97FE9F2F7DEB97FE97FE9F3F714B8C0
:103A30007FE97FE9F2F778BB7FE97FE9F1F7D8BF4B
:103A40007FE97FE9F2F7A2BC7FE97FE9F2F7C6B828
:103A50007FE97FE9F2F700B97FE97FE9F3F78CBEF0
:103A60007FE97FE9F2F750BD7FE97FE9F2F778B9A6
:103A70007FE97FE9F3F770B87FE97FE9F2F72AB8C9
:103A80007FE97FE9F2F76CB87FE97FE9F1F7ACBE37
:103A90007FE97FE9F2F71EBF7FE97FE9F3F7EEBC2C
:103AA0007FE97FE9F2F76CBD7FE97FE9F1F768BF55
:103AB0007FE97FE9F2F794BE7FE97FE9F2F79CBDE9
:103AC0007FE97FE9F3F782B87FE97FE9F2F7F0BA9F
:103AD0007FE97FE9F2F744BE7FE97FE9F3F7B4BA03
:103AE0007FE97FE9F2F7BEB97FE97FE9F3F71CB917
:103AF0007FE97FE9F3F742BD7FE97FE9F1F7CEBEC9
:103B00007FE97FE9F3F79AB87FE97FE9F2F794BAA2
:103B10007FE97FE9F3F7C0BB7FE97FE9F3F702BAFA
:103B20007FE97FE9F2F7BABB7FE97FE9F3F77ABB78
:103B30007FE97FE9F3F722BC7FE97FE9F1F740BE37
:103B40007FE97FE9F2F768BC7FE97FE9F3F7F8BA2C
:103B50007FE97FE9F2F734BA7FE97FE9F2F7C2BF84
:103B60007FE97FE9F3F7B2BA00000000000000002F
:103B70000000000000000000000000000000000045
:083B80003C1F00FFFF000000E4
:0C3B8800FFFFFFFFFEFFFFFF0101020036
:103B9400F87A002000D8B805C8700020306F0020E3
:103BA400FCD10000CD420200F1420200CC560200DA
:103BB4000000000000000000000000000000010000
:103BC4000002180000000000454950313330000065
:103BD40000000000000000000000000000000000E1
:103BE40000000000000000000000000000000000D1
:103BF40000000000000000000000000000000000C1
:103C040000000000000000000000000000000000B0
:103C1400FFFF0300070000004549503133305F4E79
:103C2400533000000000000000000000000000000D
:103C34000000000000000000000000000000000080
:103C44000000000000000000000000000000000070
:103C5400000000000000000000000000000004005C
:103C6400FFFF0700070000004549503133305F4132
:103C740049430000000000000000000000000000B4
:103C84000000000000000000000000000000000030
:103C94000000000000000000000000000000000020
:103CA400000000000000000000000000003E0000D2
:103CB4001F3E000007000000FFFFFFFF47365A4F7A
:103CC400B46E002000000000F8560200CC6E002004
:103CD4000000000000000000000000005057020037
:103CE400F0880020D86E0020000000000089002029
:103CF40068890020D0890020000000000000000036
:103D040000000000000000000000000000000000AF
:103D1400000000000000000000000000000000009F
:103D2400000000000000000000000000000000008F
:103D34000000000000010200118E0200E98D020063
:0400000320002FC1E9
:00000001FF
