:02000002E0001C
:10800000C0730100700400007DDC4200595EBD00B9
:10801000266DD900B2863D00B6683300606043002B
:108020000BB5ED00AE6AD900C3F33100F588270027
:10803000A2E3BA00050E6600B4169D0039FA8E0060
:108040009F475600A2E46100E08335001ED40C0077
:10805000830DED00D96FFE00B420C800A1EBFC0039
:108060004E94C70022FDA900971857007EB7D8008C
:1080700066C2010077578C00C616DE00DD6ABD00BF
:108080007CA6B40019B023009BD8C100B9CDA900CB
:10809000CDD2FA004766F70038BCFC00587CE300FC
:1080A00065E631006D81C100E73CB2006FC68D000E
:1080B000F4C6EA005B9717001C52FB00F09FF60025
:1080C000EE9078009FF829001939FD00E727770026
:1080D00076D66C003739FF007CFEDF0039837100F3
:1080E000448C4600DA6A260096A8480061F4CC0069
:1080F000A96BC40057FD59003299120097FE9600F3
:10810000ED0073006CDE8200DDE6F200761ED60024
:1081100084ED0F008FC0AE00AFF27500F099F10052
:10812000B1004C0035966200DECA6E00BF919B0024
:108130009EE816005FC3D7005B4F6C003610AA00A4
:108140004E4833007FE2190076DBAE004037A800CE
:108150003D383A0014EF8F00AC7703004B5DC2004E
:10816000A2775B00011FE200B662A90030AB0800F5
:10817000C81EB000630796009A5EA3002EE2AD0011
:108180008F2E4000CB1F96003F6D4E0083B1110033
:1081900001AF960076B20E003F8D9200544F8800DA
:1081A0004692500081ECFB007263AA004C68A2006A
:1081B000B96A2A00BBBF18005D5EF100D7B24D005E
:1081C000B5C25400074E7800E8552D00A204770090
:1081D000D351ED00C9D87B00F88E5400DE091F0092
:1081E0006B81170077EAB800477DE400F0984700FC
:1081F0003B51B200F9747A0027B7FC006279CA00DB
:108200006396AA00986BBB009731170055EF820068
:10821000C5639D00B4EB1B00F078B6003D408700BD
:10822000335785009AECD80011536900342D9C0017
:10823000AC1FFA00A78CDE009412FB008DD2B900AF
:10824000E96863007ACCA0009CFC060090FF8D00DA
:1082500012D3C600223F3100B1EA5000750BB000C6
:10826000923B1F00F9555600A01B4900C6B9F70004
:10827000C0C281000AA50B0044AA2D0065DBE60000
:10828000119D9A00BB1A860021DA8500445F2D00FB
:10829000C528EC00F6191000C706BB00C2AB6C0085
:1082A00053D57B00A8999D0077391D00C61D23007A
:1082B000EB7C1F00ADA52D004D6DEE006D07AE00EF
:1082C000E1957500C9AEF3002E5514009E84090097
:1082D0005E6E3C008BAA6000EA62AA001A4BF000B6
:1082E000870D490045F3A6003143980028AA1B00DA
:1082F000CEEA3500B440AF00E9F3B9007C152E009A
:108300009425E400B1F9C30056162000B8620300BA
:10831000E340F300FEFB5F003037A60061D6960015
:1083200085189000D02B6700457FF900DE65E000DE
:10833000CD72D3003C352D0076EFD400F972760073
:10834000297D85000F5E1C00480D6E00D9251000A8
:10835000E01A5B00A8EEF900798A9F00F519C800C1
:1083600011546700D8DD3D00987AE80094087F003A
:1083700021AB6200AF520D007BA38E004FD8B50039
:108380004A2247003A7D8800F0D9B200E5F688001D
:108390007FFDDC00B5B88F002D238300327486008A
:1083A00038D37F00B156E2006582230023B4F30086
:1083B000DF4BC600A4014300E93ED500499A1300F3
:1083C000DDF5D20011F5A900AA231E00E2577C00BA
:1083D000093D7C00677E8400C617B900BED3CF007C
:1083E0003DCEE3002019900093B3F600538256006F
:1083F000B32F9D0023EB9A007764D50033E66C0021
:10840000110BDD00BA92BF00010001004657720057
:108410006000000000000000FB776435DF86EFF3AA
:10842000F73E7F4B78D15EBD5CB4E80410791D3A0D
:1084300074BBFA2AF4DB3400B725274F375B375F6C
:108440007741FA38FD008445D3E4EB86B8C8D132D1
:10845000D4818BDA453A3A65C883654D703139A5C8
:108460004C85AC78A337679B3952A1A5E3F70D740F
:1084700001EC7A1BD18D6F94208000000F805BFC93
:10848000E3BD32AD4FCBA6714505FF2F188129A260
:10849000D72B70E2A53249A9EBEDD66174B7F63659
:1084A0006D85384403E2D0265055B419588D858720
:1084B000050AB488E65C83A26060F175CBB01DE963
:1084C0000FEAF972EF7477819891C7DA4A21D7C021
:1084D000DA2A2020965B0075F724E9DB9FA28952F7
:1084E000D4791D1D4154A9DEB88F2BBA2474089786
:1084F000FD3133F2050A30830B1981CF0070A9F3E7
:1085000084735635334C648DA926D56FCA63E4A0B5
:10851000B4E28843338B5C5A8FB7E08DCB29BAF62F
:10852000141761A4E6C81912D74FB1EDE3B1A472D4
:10853000F0CE89153CBA0233260CC947B45128DB6A
:108540006D760D5ED6E869840D4C1C3900FDD19323
:108550005AD370994A1051A5DE8E38916F068F70EC
:1085600069507431923FB73C507637AAACEF693B03
:10857000B8C8F015374E2CA57881147DE585268581
:10858000B491012A63B6524B2674B9608A0FA8666B
:10859000E86B6DEFDF051C0D85C620067A216C8D1A
:1085A000798EC3CFC1E89678E65DF8B2DA11083962
:1085B0002B35139B97FB6A16B3A093F7E5F1EFB841
:1085C00009986C4CF166BB5C3858278C112005C7A4
:1085D000DCA6532C5ED49B1BCA048D541825041DA5
:1085E00067FC357CF9F2035E50B4C474C7828DF425
:1085F0005ED4CF54AD8A024C1E0E072814724C3B39
:10860000F86A0BBD5156CBB1DED99263CC648AEEC9
:108610005957A32C778D010957561F4DAAB528B578
:1086200097BBDAE0F50EC770E6AEFE96A1E37930AF
:10863000EDAEE405E28E782498A023B7114BE3A1B8
:10864000E5B968E3A2F5DAE2C60C67232820044600
:1086500074812603019AB1BA0BCBE6EF1225987C00
:10866000B1BED24BCCEEE61B805A7214AA342CC495
:1086700027D47C7A5BD935FBD94C8EA3B8B8B965C1
:108680004AC9EAF6290FDD7D9813D4F893FC388A9D
:1086900097EC37F9274FC389AE22BA0D88D9091450
:1086A0006C810E53D84FCF96A02A939C9A5E3E8F32
:1086B0008E107687B1424513100CCA49AEAA9CD8D9
:1086C000A8C66D8093C0FD72E46A6870478786749F
:1086D000503619E94E0BE179B2F348D5047A983C4B
:1086E00076F7269946C2484147727D465BF5549419
:1086F0001D7BD293D504E80BEAFCB397E061A5B5E6
:10870000C8305F148A8AA2F42EB5F2223A0DD90C31
:1087100070A547D3C0F2DA796D00D2BAA497E3D638
:108720009676DA5A70F7466F11E73E0C376BDA2E01
:10873000562B87AECE0BB245777D2C11881FFBB42C
:108740007883642DFAE5370A777DD43BCB0D64BB83
:10875000E35E925483F7C8B85143CA093BA5EF7949
:1087600066A02D6A0DC6E57FA6AAB919AC3C26E421
:10877000AC90FA05BB88DEA5511CDC6B6BF35BA1EA
:10878000C0092254D77DEC8B5D88748EC3DA5C52AD
:10879000B6D0DA49DDACB713BAAF897DC7E1DF9552
:1087A00055F8D6E545A3E6078F968CF05917CC3AD5
:1087B0002406E869555F5280DC9C8E772CA0ED1C66
:1087C000449B185926696CB2EB39F4149CED2EF6D3
:1087D0001644E3D15B8E962126A8598D6C36F0A005
:1087E000ED759C89B76C163AE90D0FF65C86F117AA
:1087F00005385C7276EC0F943E55A6E95C98CE5035
:1088000009AF5A9F4474B0256D3B53791BC4E4E112
:10881000D048FBAC76981269ED51EA73C22CA6C120
:108820009770FEF64A33D0E5AAF9B03EA7DED050E5
:10883000BFDC92373A9162E8C4D499B2926EFE5985
:10884000FF0ECDC8841069A0E0E8ED3326AC7518A2
:10885000CBE3F28402B6580732473A1DA48E46197C
:10886000F5FC63AFF0060020AE9CC49D57AF79883D
:10887000E917DAD33320B27A5C4E7804AB48A834D7
:10888000CED4130FB5FA50A538E52B40BBD11FCA83
:10889000B3C24EF8F09E13D2159938933534B0D246
:1088A0000E525D56B63D76C63D3A252D54FFAC9E20
:1088B000A41756D5FD69E425351D85D709FAB5F607
:1088C0005B6ADCCA19DF4DB7EADBF5B922573FDF37
:1088D00003BCDE70AC1E109C2F9DB605B9173C7A08
:1088E000DA2A4F4B377546E64C756E38EABBA5D48D
:1088F0000392C8DCA89484B4E14B3BBDF40C9E4BBE
:108900004510CB327C7439E6F552513BD0367BE2D0
:10891000FF05010D6944691F812163073537EE06A4
:108920001E8482B906EA41E31451F472710ADEB37F
:1089300037B30C976D73A75234E82A3CD617F172FF
:10894000CB6EC4D7615479D1076BEF1E1374003915
:108950004337A7A0143809751575D9C21BA1BFDD0F
:108960005092FF60F0F06E0E26DB875ABC88A92774
:10897000F52D637303B7C3EA8C0BEBFE914093FEB6
:108980008DFBAE3E97098356F1416B3EF0A24B92B0
:10899000A38EBE051B5B85A4FB17B00976FBFA56B8
:1089A000643906EDD456DAF0233BCDFE9091406F4A
:1089B0007B265ECD9CEA97734EE1B6DA398D3E4058
:1089C00041F40803AB9E323342AE283AC01B4D4BF4
:1089D000A1874FA1424F832643B4BB53FD5D2FD5E2
:1089E00076FFE0D571875CECE41EE3DD2B2EDEF92B
:1089F00014EA3943642833EB86A88EDAEAD876F88D
:108A000082BD8A0B5F838F2C4F3B9C7D3E5BFFFAC0
:108A1000CFEB37A397D6229E6A9FAF5EA4595A8B9D
:108A200069D17E26A30AF5F903E32956A1FA08F7CE
:108A3000724F0C2FBD13D5FC80B321D515123FCF3B
:108A400031F2D18B600CD0C85CD83D354D48F9204F
:108A50004C43E5923F39F9F82EAEC6959CE63C2092
:108A60004177C19876AAAD22C7AB6DD378F020309C
:108A7000385D296B73260CE2789C73DB5F348F952D
:108A8000891226CC39C8827257F39C0FD3AB326E51
:108A900055A90339EBD2F7C8E5A16C515188D82A02
:108AA000D49581DAE66EB59C65D275CFDB5679F147
:108AB000D2DFC8614013FB830133896CD4E13854A1
:108AC0006E6FE427FA1AB4013E49A7501734AB2859
:108AD000CC2CB89213584929C7768ED904E46A2061
:108AE0004825908FAEAFB712AE51117EE75875177B
:108AF000FFA1BAF8627D865EE3FD25684D8D899DF4
:108B0000A5293F5A7CE107336B5B51F7E1A6CE53B1
:108B1000FAEC4A1E8955F1816C0D80A22234DCB139
:108B2000D33B72639FE2E581F71117A8E42BBE33B4
:108B3000817247EC5865792FAF49C6515950AE1A2A
:108B400041FE7EEA1C8BD9DA466B3D80DF62940FD2
:108B5000729718FD249FD8C06330EED0C330498E81
:108B6000BDCD23C101F80643223CC460043F090E79
:108B7000654E438886B102F4D413EEA13C87BFCF83
:108B80002FFDE12006D92FA803ADF6D535811A4F68
:108B90001FDB0A39CF6ADE93E7D6B249E46F783635
:108BA0004E5B86D75B7E0975116F82A1CF476278D5
:108BB000EE30A47102A72D3D6B240D8196F097E154
:108BC000B7C7428F7EDACE367D01229FC92B288A15
:108BD000528B539FFC1FB0C7EF187DC0DF182622B1
:108BE0005107292BB10C2909860E838E7631B6E206
:108BF0009B0B8668E0540DA0C291CA817D3A0DD2CC
:108C0000B0F05C3F6D67F8F6B5F565F312C944E462
:108C1000E2651919DCE7DEC0E0C8166B22D803084C
:108C2000AC6A569135EAA5E85EF2B421FDC26BE16B
:108C3000F97874B1E6DA80040BB3200DA3DF90EF6E
:108C4000A640D101A12B5A69B62F5C53131069734A
:108C5000B473BFDEBA21AB7735760E604F511C7B03
:108C6000217952D76F78E173377160AC39BB21EE4F
:108C7000CB08B23A5B4372EFF9F3C60FC2E6D6886F
:108C8000B0EA21FBD3BEFD151CB442AA8F3B25538D
:108C9000635DE2FE89CD1EDFDF7BCB495D2C8DBCA1
:108CA000FD229FE25753276DFE112DC76892BC71BC
:108CB00060BDCB7239EC4C5B04A8DB5C56D283E61A
:108CC000B080ED9225EC63E4E49AE42910C814EC3A
:108CD000C4EFFA6AC2ADBAC1CE87AC99A1D2DBADFE
:108CE0000F1ABA624EB909215B16E289F70D1DEA27
:108CF0008D0DF94ADF668E564DBEB213AA147AABBB
:108D00007B839520FE3B3FD43FF4AC68D84EFF35C3
:108D100017FEDD37B583CCAD271075CDDD556B3231
:108D20006714C1607E3909E017A51800BDDFF3A202
:108D3000B4EE788674929F9D5172FD88F1FC22D228
:108D40004842977CC103F22247C4FBAF4DED3C8300
:108D500070A4EF8372EB805401440707BD0567F3ED
:108D6000E22453E0EEA55DFD438596290AA753BC96
:108D7000927DD177C43E2F09DED4305E55DDAAE264
:108D80007B07DB06B840ABA886E07095454A5219D0
:108D900011F304F81EF808641FCC99B31D46A443D0
:108DA0003FA8342C70496201B16E0CFD1EF36EC0F9
:108DB000B0D42354F5B0BFD63A46C5607C7C62EF90
:108DC00033EFD051D64BBBB652081EB6BA267AD571
:108DD0003B46970EAB697D5BB85929FE17142B08EB
:108DE000EA759E8A8F555C4B5E2F9AD7DD679F8010
:108DF0003303869A69EED8F052FBD9FC1D71BC2D65
:108E00000BD85F54731FC58249B596C31CDAA10DF8
:108E10008FBE38A83C2D76DC3C6A35F7B9F55DACE1
:108E200086C648FE5D2CDB68E3313A891343D8DD02
:108E30008B25D3F942C8C0661BA4456912907D49B1
:108E4000376DDFA5CE42A033A24CA9129336F4E8C9
:108E5000927C1E51AF371DB145126E2DC1B1837288
:108E600097EE23DE9646F0B880EB310197128689A3
:108E7000750C3A1AD51938FA4E4F4CBC8DC3398748
:108E80001CB49A9970C1B6F71F8D4879BB2198DE42
:108E9000C35165AA7A6A9E1BD5B864C21677E87377
:108EA000D01EFF0490D49CF8602D6DEAD91BD84DDC
:108EB000D7F45E1B22D2891EBF247C46B2146B9568
:108EC00008711B5C1E624CE21EF697EB02F0C68E28
:108ED000FC383F2F31B973D730F17346FB0196EC64
:108EE0006A2B3716B7B85E3A71FB8A07C84FCDC8F0
:108EF0005D085143C5050D97F036F348EDC8B459E8
:108F00000EB3AF9F8F392B919D1A760AB0DBB886CE
:108F1000E021D7510D1A2A579141192D87F907D40D
:108F200057704AD9CE9ADD564C15ABF6451499DCEC
:108F300047021AAF2D51896E6D9903A3E112776331
:108F400030B3001EB12C8688001E912767C74F8E54
:108F50007E140427515A2D59FD65E6D3D297DEF4CD
:108F6000C28A81A2FA0CC00DCD4CEC461C2B73E5D5
:108F7000C44E8D8AAE8623462D49FD96C7F0DD0F7F
:108F8000654B23B7C81209BDC8600FE7526EAC0C21
:108F90000CC4D0F22A6F0C9D7D41A7C20EE90EB918
:108FA00039FD4F5B0F8F168A1345BF2FEB8A243292
:108FB00049B4496A55BF3A146DC60BE5E4C2386539
:108FC0003D7B83065AC95B895EA3082B40E7DCDB47
:108FD000D26A2BA443558D855D69C61E90D3DB4BA9
:108FE00092568EADBD7C4AC99EE6714B675483771D
:108FF0008A2DC4F29C0294455AE7D30F0318567584
:10900000FFFDBDFD2ED0844BF9A0026B5E4A961386
:1090100064A29C47B9473C8431F95BB7F38387343A
:10902000B0FB6630768CF457EBA7C9AA9B6AAF7D7C
:1090300041F7611E0217860E1E3A7BC78849DDAED6
:1090400099020F951C53FC5340193CCA2291626C43
:109050008CE55E7CAA532E6F746171B9F92AEC43DA
:10906000F44804B95AFADE8C829C476D74B5B3910A
:10907000925A0117A8B18F4830CBFF36422128D928
:10908000FE5AD843550D6F9FF159AD9FD5255C9180
:109090004A3F8252EFC054D00DBDC7DBD2EAF7A3DE
:1090A0003C79D26B0A6DD043BC91150CE549E8962A
:1090B000987C12338A7B1F317C1C8997BAE5B2A950
:1090C0005C208A1D8FB75D79865D1A1FA6AB52FAA8
:1090D000E034502A4003D9422153911BC98A05B973
:1090E00093CC47B3EF66C57A78CA219B7F0B5C6649
:1090F0002BCC0BE4B3E9982341B197938042B29013
:109100001B081F84156D973A276B2F9818685D4CC4
:10911000EDD5CF535EB72E9F859A7CADF698A5E826
:10912000DE73A33E73E6FF454999D78C317A1E0D55
:109130001C331FD57F0816220C59D0046CCF394937
:1091400011146FE9C4724A28B76B87C6F109620926
:10915000FBFE4A8B8BEA85E12534A867E2D7169C93
:109160001D9E30B311EE9F3EB8965BE48B04272121
:10917000CE2867353453F531D833A29982C6798C1D
:109180001DB965479B6D36D20CD8DD4CACA67289F3
:1091900073DB14A25449C9B8708F38E3111BA2D8ED
:1091A000FAC5675654716E594C5B2BF3CA3F259331
:1091B0006FF262D333DBF1A4A75CCB885A2F3168FE
:1091C000288C0431014445AC72DCD5CB39ACF6C0F7
:1091D000F07E6E6E3E72A9955AF2EB0ABC5C774641
:1091E000C3C734550F7DBC94AB3AAFD255B544AC30
:1091F0009AC1DB5FCFE01895B8F76AE299FBFBD71D
:10920000CB87450121377389836298D7E364434252
:10921000759C3C9F238F4FDEBE82D2CF2AEC0BB7CA
:1092200074EF09CE56214E2169A1009C9404E800F8
:109230007DE65214525936AE3C639A97AAAB54BBA2
:10924000F519A2CCFACEB2535247EF159DCB21F4BB
:109250007DEEDA935FF500C2E617A8CEB4089C75E0
:109260004EA268E2ABCA9393ABE9DDFA456BAAD193
:10927000A3D641785EAD5F0D96ABDF09AE2A31C64D
:10928000183E011702A1C00F5A9C781FA9AFA2CAAD
:1092900073E9C014CBAF536E313956544C69810F0A
:1092A000ECFF98CD30338945A0BA47BB5CB02C07A2
:1092B0008E0EEA9FB96B7518BA327585700575B751
:1092C000E6C03AA5AFF48F5712D78DB7D6B12EF9B5
:1092D00089D37C9CC738ADA3582CE0283E6B2A88E4
:1092E0006F35CB5DC0A3B1C93A3DD57765A6989FD0
:1092F0003E8EE1B6B401BFEB5FAA50C7D3DFB570B5
:10930000A6E96D4EBA11884CAE631860487066C30A
:10931000D35B43CAF0B272FDE7EE48428ED3C69AE1
:1093200011153F5FA0CC0E8826EE1556B64C83DF94
:10933000812CA00509588843C25D60DDFF467D8110
:10934000231076E0DFFF8B9A194008254B8955F4EE
:1093500023BFDF51AFEE9595F8A3BF2D60BA671616
:1093600074179387F21E33E214DDC01E64E6E1A693
:10937000EAC090286A636274472BB7D45ED9787FBD
:109380007B78B58857BDE33130AC69A89A8D41E54B
:10939000B95F8E88C1016159225443D6F931A1BC0D
:1093A0001CF13517B0E86B96F2D5C6DFD3936D5636
:1093B000C2D29C690ACB0F7F2060373E27892316D3
:1093C00010795B7A0A5872008AC2A5A32C4C382205
:1093D000DD51D04098B9A71DF16C906683F792A239
:1093E000121BD2B212729E6C6E60713ABB8CD90C99
:1093F000348C2F8F43AE8B3556D0CB2B72D8CB48C5
:10940000EA74F7EA444752709E0731FE8344B0BACB
:1094100024ACED2A611148A9A226584E517B489EE2
:1094200003FC6078829D440913063A0CEC025BBB96
:1094300043F2CCFFFE9878FC5ADF668000C2876C4E
:10944000C5B4D215D22432147A4EEDA0A63708EE58
:109450000A0D5F3A1336797072D0134821A298F33F
:10946000BD51C199B6E90D5D300CEDC53919C7BACA
:10947000B4EFF615D8628E9181C18569CA0330FCBC
:10948000E471E20C9173F57FA200C91A72082D04F1
:109490007095087B9886F7E0763E154D17916843E6
:1094A000FCF0553C51483826F7362A77D1FC023B70
:1094B000DF1C83743AC46749CDC03275FC0BE2E30C
:1094C0005D788A1741F80B718B6083536EB6E0FBB1
:1094D0008C707242D42F420704E2606458593B40BA
:1094E000C75D6F8D13EE657813F5F8BEE42BA92ADE
:1094F00010CE6F66D7C060434EAA560760B859CEEB
:10950000C090741F4427DCEAB4FD8113BC0F7EB504
:10951000FF401AC232BAF437876F9F1E3D15F80913
:10952000EF3E5508DDA9884F241E8FBB086824CF65
:109530004904B16B5B3ED32D9CF297FDE6B9DAB5D9
:109540005BFB49DB615883028FB5B2BE3D6FD6E548
:109550003E6C4B4279F625B022ECB33BF94EE56206
:10956000BC73EA343B28D39910AFDB4B9773BE141E
:10957000C5844ACEAF57353CDD579E31CADF639A6A
:1095800056D8D6420DCE281C24F52F5151BB50F988
:10959000E92B15F7603E83D79E8B9DE6CF118B7C20
:1095A0006D88459B19D5EF0A45C4A960B1A8511D26
:1095B00024A55C8D7ADA98915C93B2CF915BE31A23
:1095C0007DC82379A21C9CB3CAADB2E1EA9A531AB2
:1095D0002AD807C5A7478E2D829D19314507E4E893
:1095E000BC70F6BE655C171E797ABF1702D39C1C4F
:1095F000E16B43C9EEF2C7BACBD7B76B2A5270EA18
:109600002E536437B58B4F5DF682D1F19E96F020D4
:10961000F939766745AED3F4240580BB2A6BA515CE
:10962000150BB7EFF8E030CFCA335AFD58030BBB28
:10963000CFE60057E247326EF21FC4E1C7D92CF3E0
:10964000049C0E24619C4D0C6C39B0F5107DD86CD7
:109650004425AEAF875263C7EECD25A6C4162C1F96
:1096600093553DB56D67A201591659F3C9A6609689
:109670001E6D078675CDCB1021D1EFDC8F28DB0165
:10968000807D7B8BB7507972B4AE5E20E7166DAFEC
:10969000C47B90ECD9918615C1F1A3840EDABDDCB0
:1096A000B661023F734DF70F2DE2883FE574B73284
:1096B0008A428463E4F25107BC16FD617942708EE0
:1096C000C5AD4FCD0837026523001C020EC499A812
:1096D0009B5502496D9943036DF44DA917D056B9B6
:1096E0006C7BC147BC5DB0B5384B0CA6201BAAA94A
:1096F00059BAE4E9FC2B04F9F31AA94DB5B9BBD664
:10970000EA5D74000EB26C49B0FB50BE34FBAFF89A
:109710002D70408A2BA3026886F85316FC17FEA111
:10972000615BF8DCE6E62A8013023B3BD1756BF205
:1097300066AC2E241B42B300798E96DFCD1773EFF3
:10974000387B1DF256231B85A2A2BB22172A46E8AE
:109750004B7EB28950D7CAA89C1F83021DCDED6CE9
:109760008ACA5CF647EBB23B62B06D7C91617F5771
:10977000493B74D784F22512771741A4AF36E0FB3A
:10978000D298994C9D00286A706EAC9184AC8895F3
:10979000C52CA82063BF8D61D9AA96A54AC3B0ACD9
:1097A000CD0F172D081CE1747905D003EF6C04E789
:1097B000E7BE400E14FB8DC5FFF45643BE2EFBA939
:1097C000CDA4EE3E2709FB526F3C098F75FFC7857C
:1097D000DE29AF3A246D411753DB5324C32E8E1973
:1097E000DC2BA1BAABE55EE5BCF073CA19789BD15E
:1097F0009A57B1BD286C4AC290C036A75B5EDBB1F8
:109800006C0303D2DB6A1D8E8AACFC4A581ECCADB9
:1098100012B8F4FD4D1FFB48D1BC76F16771D01B27
:10982000C243B9168AE48802FEFBD412FEE40F910B
:1098300024E4A38BF1D8D9E3804961869AF77C1997
:109840001BB094E42BB9D0A856BC0B8CC5663979F3
:10985000B63351AD5A87B7AC3A283FB3A00C71ED7F
:10986000832F8F5BF87DF3E1CAE197E72F1F9C956B
:10987000F9AB105C9A3A8574025F040A74B71C4F06
:10988000370AECA56B736E8B70A94A7CB4F0981CF8
:109890003ACAFF95946506B853897650687C850C62
:1098A000A6DF9C56E91C562ACD401F2F2F4370B6C9
:1098B000FA2A4849E0921ADEC2098B38A320BF3F3A
:1098C0001C880E5321A5BE18EFAF7DA37221E63789
:1098D000EA70E2086AF78E4BE3D8A7D751649C7010
:1098E000D5FC765DF166470211CF831B3E3C6F5E6F
:1098F000645378019055A693B305CCCC0F4F2ADF63
:109900008DE2B84CA97DB00413421920A608DFCE21
:1099100082D0941942DBD52E77CFC02C40543A48E0
:109920007AF9B9172BA3839F70946BCA8B25E347F1
:10993000C8206334DF83A0716C8D8A64575BE1C8F3
:109940001596F7FDEA86B85512E48A78B1CED013A1
:10995000F98C89DF7D3C8A1E2EEA158B4790F26BCD
:10996000A1458F839D8EAA543F6322410C11AFC83D
:10997000DB6248E8C8C45E36269CA5172AF8374241
:109980002040AE4BE63BC5E78E985B5BB7FCFF27FC
:109990009F83D57A0212C1877D62894E21D78519AE
:1099A000522B2434DF8B0DC7B0F0738F76A9C2C958
:1099B000AEFEE8AF3927130B7635DFD3A7E9B0B099
:1099C00007DDC8DFFEA69937F522A682508AEB5143
:1099D000B289953839D14CC26394F205169B3BA7E6
:1099E0009688DC688D6BDB116C41D4ABFB62F02D8B
:1099F000B36FF2ACA8BF412BB0D2D326096188A5C2
:109A0000D76C5EBBA2ECF7C87BF1C6929A7146A7F1
:109A10003A8A074F0C559F5413240EAC12CE932054
:109A20009B7C55A12C8080AF80BB0477C7547EF00F
:109A3000FC8C397038A63DDD06F35376364C6BD37B
:109A4000BD7A3A8E606BECD5CC2E514090874B9E00
:109A5000EEB041C355E0F1C2020BC8986F31D00897
:109A60007F5C461FEE87B93F17D8B28B2807265177
:109A7000173D73CABAA1BD0803AEF6747BC683ED69
:109A800058543457434CDA327B10F8C344525529AA
:109A9000D125D779C63B3CCAE00DAED2D74659AAEC
:109AA000E3634C5198150C89C6001FE4AA2258861E
:109AB000BDCF308EEABFDA9EDA6E04D9ABF0282C27
:109AC0000A657D2A22D229A3309D365C8246125D2A
:109AD00041B523949906D68EDBC1384D8B3F2CC0FF
:109AE00091B04A53BF5C14A89CC9FB108B5B73A256
:109AF000DAB39F869FFD16B2556A90C84A321A079C
:109B0000D4929781BC0FAF9A53EE1C6471B14C2371
:109B1000E75F703808BC00C1C20B7EF176B909ACB2
:109B20007B1AF1D35D38CA1E558D3197E1711BFF49
:109B30007E73C3F242071938B09518EF30D48B4DBD
:109B400038621BFE0A59973FBEBA9CEA70107A8CA5
:109B5000F0D8889413B08A18862D6111654C0F1EB9
:109B6000A406D6F59F9AA28EC483994C19D46ABBD9
:109B70000037DBC4D460F36A4938E904E99D24B9AD
:109B8000D96063FF1412BB879A73BC7BBAD5D4DD4E
:109B90004DE9344F2C354C3031249AF63EF9AF6FF5
:109BA0004317544CF3CB32C170DF14A3FE7E06F58D
:109BB000477D3EE738FCEFD99B0B27B0A596F3090C
:109BC000B028CFB9F4582FB602093002CF94493DDE
:109BD000859B88369373F41556D50A5D2135025E50
:109BE0004E128EAA2FA3EA69A6214EF5C8D271CCD7
:109BF0001CE1368E9765DE076749F347E92FA657C4
:109C0000CB264D7F9C9832B11E2E62ECD9B81FF442
:109C10005CAE3CDEE829D76C3CD3009A4537960D04
:109C20000C8023C4D4537060B3470E907D96F348E4
:109C3000B633BDF857AE9C82DB7E53D10C41778C96
:109C4000D98136EEDDE970734394971CF19FC5AC62
:109C5000AC2298E2EB93568F5B4D95EBFB92241070
:109C60004A4107B7279589F3333151CD21B1C965F1
:109C70003D92FDA64370CEFB077F73BA95D5B0AD7C
:109C8000FC79D2DB40B140E9CE3CC13E1BF8ABDAF7
:109C90004AF6F891D5A297D25F149D69A9C8B6601B
:109CA000A77FA3B4CC4735C1C5089E412E94DD22C1
:109CB0007C25B9E39F604C52567D98536035D58919
:109CC000472F5AD8299285728BD5BB8646B01C0D7A
:109CD00081D288A7942C367C8C8F3A444943E690F5
:109CE0009D7B2FA76E563E05214883EF90668A9292
:109CF00048802E9C4819840DD77EF448EE2AA07324
:109D000001BFCE2FDFC77B0458F808F1FEE9756F5D
:109D100050A795AEA149373EBBF98022173BD3EF40
:109D20008EB4BC06C165D66F3FA78066564F826071
:109D3000890F36FF186F628BF294AA2FE51816125E
:109D4000778F756DABD1D453EC384AB7DDD0FFA017
:109D5000734033A81121441F80774B549585486A7E
:109D60007C97769B3D70BE2B71901BC70C5740941F
:109D7000C800DFC9FAD066C16DE7B30DFCE493FEFD
:109D8000594B3636AB7728894AAE7ED255C4B47E5D
:109D9000150883056E7F493385FD23BB7B6704610E
:109DA0009B68C8B762AB7F27E67EB3AA42429D4C50
:109DB000C1C14E8D043720289D381842C9925FA337
:109DC000B8C73424CC75BAFC95A90CDDA3BAA24857
:109DD000474DD51074DEBA5D6CC6636E3423D49AD9
:109DE00061C478EDB16B330232F91CE7253BB0DF7B
:109DF00012761ACC37DB0E97355A0C00ECA2CA2E1D
:109E0000C7C69D2425DEF99848175A57F48B788EDB
:109E10002BD264EB3F321B61A0692B7AA3F0BBEF1E
:109E2000F1AB10DAB89F9BB351DF7BB7EB51CAC9D6
:109E3000CC6A0F2149BF2942FF68148A708C572FC2
:109E40006EFA7C11B6F52943BFF07B276997A10113
:109E5000CE569C98CE2B0E04323B996176D38398D4
:109E6000965E78E2EECBE0A206126F5AAFCC658721
:109E7000923F1A47FB60E17A042ECAA84B7A7F838F
:109E8000C8F8208289391998D0E24B9EDE9DE4FB08
:109E9000107DA96EF76ECC04AF92B5BE87430BEE72
:109EA0000595B1A8ED9D9419AB0E4C5F34C992DFB6
:109EB0007390BB44119DE68ED2507A8FD19FA5A19D
:109EC000D02A135904700A485F9238450AD0821389
:109ED00098244E444E73E2BF170FD77270C32A1AEC
:109EE000D7893B7FCF4257EBEE5088A5DC78743A98
:109EF00093AF99508EA47A86436E4A8DEA84F866B1
:109F0000C5A9BA9BBCD4B868DD4E2C7B22EB43C2FA
:109F100042DA10463B0B2E88F8F13ABAD89D2D490B
:109F2000134548E9E41D896D32DB24655944AB3D96
:109F300018567C5F8DAB9DAB5731329881C29AB871
:109F400049BA3C7A36CBE086BEDB290308EEF41D25
:109F5000225B71CE07243D59A26A2054FC8170C156
:109F6000A629BBE0E0EAD6FFE8F937FA33C95C413D
:109F70008360D6C99D1C5976F7DA3684427DB1B923
:109F8000A8567C35C2A8FEBBB237366E83737EA559
:109F9000C1BD9D956B390AD9A2CD170743A957CCEE
:109FA0001D788162E9D08AD52AD510A15237C60121
:109FB000BBC1350FADC7D53FE6008D086208A0FED6
:109FC000AA66CE401C3FEE48C00B89342699F26D3C
:109FD000BE8BA0107BB479B0CBE24A373DAB952D58
:109FE00097ADE6C4D836F531BB94C9EBE158444788
:109FF00034D9719D59691BED2869DDF846A845479C
:10A00000DC18C43EC9351EE2EEFE30B25A6B320592
:10A01000EFF5098C1C4059514AEC0C552977B6983C
:10A0200012132F3F5BE9B43110E650CD9C80CF5C1A
:10A03000A81F4631E39D47D76158A1D0A5CF2ADBA1
:10A0400096429AA6254D9A433DC051F683CD928201
:10A050006B87C66B27F14C7AAA633E09669BC505E0
:10A0600036F52DA8F61FF65B6370F34EA98495951F
:10A0700035A134835DD50E775E5541129D8D3F37F6
:10A0800067675967D2DF11001014FA6C3A2BF2A9F6
:10A0900098AC9D2557DC71CDDEDF93D3907E84BFD5
:10A0A0001F70DA672CD4506078EA80F6BB0CFBFE98
:10A0B00003823DD442BD4521AD6FF62CFDFA999B3C
:10A0C0005A04ACF90E9FA2F82F9F3A875B15FEFA4F
:10A0D00095773BDCB4D5A300628410BFB686D68CDE
:10A0E000C0990459B91526887A234483F12C51DB91
:10A0F00055E08D60160202AEF7E7488E31C89C43EA
:10A10000BCF22BC83FF0262A0A7C7F7ACF2E8343ED
:10A110005E6F4C9262696720307E5264C5E0B14D3B
:10A12000556D83EA0968ABD157D6B3728900FD7DBE
:10A13000D2F0D7BEF92488BEC40C30C8882749C2E3
:10A14000ED81FA1A2FE0E51FF3397B77597E1F82E4
:10A150002AD66AE9FFB2B635C59635B7B9D905D161
:10A160009A9F5BA396F15A69CF857938B5A5058A80
:10A1700093B823AA5ED806C60C1D309AA89DDB1C96
:10A18000C27EBA4C488A92D620DA4A15BA68575B22
:10A19000C785713E2F61A1D22E72E84542997C3A63
:10A1A0006F78F7A223D03B190ABE6E0ED5D5E7CF44
:10A1B000E18A6C2B6C485163215E61F75A2D68F778
:10A1C000C77EC5C70D604455DC06F646243A2BC64B
:10A1D000CA3FAED3F06427B17095778C67D6C82399
:10A1E000EC6B92C08B8733FF4EB2EDB4B842F943AB
:10A1F000939F7D228F0862EA522AA27DFA4A404A42
:10A20000EBBED815CB5E2DCC1ED17F71DE4A0EB6CB
:10A21000151F1685C8667D9412B02E886838C5E172
:10A22000D8B5D7AF131EEF20E89AF60100093AC45B
:10A230007A245E0CCED9EEB464CDE9B6BD68BC6FAD
:10A240007F3DC7A6D20A2F62DBF088A3848C7E29CB
:10A25000255699ABAFD377748702CDD2A52B269123
:10A26000268C9DC926A8E6FAC4A1D50A0B8106480A
:10A2700082428A986BD39A816FEE821C4C5AA684D4
:10A28000B7FE0FF0628A53A34F37096859FECCA27C
:10A29000016D90CF57ADB0E9342314050859F5A2EC
:10A2A00063C4DAA9E84E39237F0AFF8E0D34BDEC72
:10A2B000188082381AB8EF5D84601E83126D693889
:10A2C0007AF6D40639E0230C42D3162DB2BC3511F0
:10A2D0004C421965493ACCDF0C583A26B0688B0CD1
:10A2E00008D7C2E00F640D7029DB54B1B63D4BBAFC
:10A2F000444CBBDC88ED5D4D5C489CF0E014EFA75E
:10A30000ED59A13666B3842E4C4748D397FF04E835
:10A31000C614A3B0C35F01109E184D36977096EE19
:10A32000B62F2FE5F52F2C2457319E693DAD52B045
:10A33000EB916745AA1D3E42F6A7027AC1FB018850
:10A34000A065031344B0F68C0EFE5D3D3DCB758CCD
:10A35000289EC7E2C7CEC82181AB7F66C07082BD90
:10A36000D4E4CADC71BBF9532B6A24173A61C4499F
:10A37000B5D87D97076739C027EAC962942DAA9F8F
:10A380001441F572E1787D54B2018A7ACF17C68301
:10A3900093124EB08B2D39BAA68F90740726C281C6
:10A3A000822E0093D62496B58A8A9184EF7D3EEB67
:10A3B0005A1CDD4ADC4674172C510AA618D81849D5
:10A3C0002705C64D48C41D45C25935E4D4A41522FD
:10A3D000758A553E1D75910EBBF0921C848CD490ED
:10A3E00008B7BC7975DD0FFE04B95C4F5BD1465FE1
:10A3F000B083DE66DAE659A326481B6FB6C87FB67F
:10A40000D7849B81B8F266A9A4021C1FFB1C52CD05
:10A4100047ED9F10B088F61F320460A06A637E7F0C
:10A42000A48B18D474BC6296C1F01576DEE42B06BA
:10A430004EB12E3CDA2AE85D3A6C58C27870DB5A8D
:10A44000CE6F57333CFA8B800B993E1C6265A5C7D3
:10A450007DC3C1A3D9789AEA6FD9041D06020A47C1
:10A460004065B0EAF4FF02FB38C696B92A15D15B05
:10A470003221F9D66E38A39F9D484F90925C0C66AE
:10A480007EE97D5AE849ECD24759E782816D47D48D
:10A490008C73044D33210CF19DD7E8EBF4AA1EE335
:10A4A0007239827DB21AAF8FDC97FB030C167920CC
:10A4B0005A2280F3FC5A75C8E90698E4E5E36B9CE0
:10A4C000C5EF3652B135FF48A87A0F7056DCED0A59
:10A4D00057EF7C94BACAFC53F3AFFE477285867A75
:10A4E0003EE33B9C6BBA53156EC6EFA47C73779723
:10A4F000AA46C50FFA5E768EB3FFEC7AA55B93236E
:10A50000B3C4D7147242944CFEC05D1BC54E733465
:10A5100079DA1CD14CCABF9AF005BC26A5E35718BE
:10A5200034C372FA49353BCEBA96000CB5ADE5A5F9
:10A53000FDB2777913FE082E0DA38C800947E6A69D
:10A540009C33B10FD5316F63CB39AF283800A2E20D
:10A55000ED15133720E1C56B8D565B96C3C20E0C0B
:10A56000D331957827590C196D561316804D305CF0
:10A57000915617759D0ED9E9403430F4F643454A9B
:10A580006A15608E7AE875B7EB6ECBBAF1EF9AD3A5
:10A5900086EAF3FFEE4C39BD5400B7D241032406DE
:10A5A000823F48C0C620BFECE35468E64ED7DC20AB
:10A5B00032681CB938668B93D55D1DBCAD31146B08
:10A5C000E409529A9925BA58619D1F3AE92E774CB1
:10A5D000529A2E03C1D0316752D422DB0CF9C41930
:10A5E000D97E73FA973CB5A13C475F96B3F8C9CAC8
:10A5F0003F583E93D5A180D2CB1CA40F8B8C5A7DA3
:10A60000808CC17D4BF5910F5270CC5A5A1A9E899D
:10A610007803BAA04F7605A8941F2030DA08C94CF9
:10A62000D227B1D01EF3D584DFF329A412790526F1
:10A6300077FCF416D8E24005BFA807486D82B258EF
:10A64000340CD60FFCE46B50A10FBFF2485390B10D
:10A65000437E0D1C2F3F155C89886D35D2DDB7B365
:10A6600068EFCE4CB81A060F78B1C19CC4658B83D5
:10A670002EC46A54C0E103D36A1D552116A2290EC7
:10A68000B940C15ACFBA1899A2FF41DF7254626C27
:10A69000AB07928C785AA89F3BA636D5D9FA855D30
:10A6A00011B4293507409BD7E49643503A890FD31C
:10A6B000D01DB4DB3892C79E809D26E86B918CDC60
:10A6C000DC3BB6114EF59F736FE89FDD3713334BBC
:10A6D0005DBBC4D85F18F60A76577C9B5B86C0B614
:10A6E00008C4A8C44F938C28F352D4BF21EDEA7755
:10A6F000C83C09FB34406B6BD2F9FF75D1ABE03736
:10A7000004D9EC74A0B455BCD5DD8FC3A5874F6ABE
:10A710007489B4E92D834910392D9EEC5C33155AA8
:10A72000BC22191848F5B95F9AC0FA7F5DDB787CC6
:10A73000B13E382E8B62771A1F5BB617414625ABA8
:10A74000CD62A78E4AE2DAAF1BC4AD1D2AF6479749
:10A750005E32A1E160B1B3D8BB330EE7B6D382E27B
:10A7600095E6A9B81312DA7B69A37B9CD41D015F1F
:10A770005356C34C977CC7B10CE022A702228241FA
:10A780005CEEF498D5419C961F2A30CD9E5BDEB2DC
:10A79000FF88C9AAFC0808FF0CBF327E242E91E472
:10A7A000DD53BA09202612624F11AFD627E45902B1
:10A7B00052B2489C12D6587D586ABF888128716869
:10A7C000FB15B5844482910DDF097CF29ED093394C
:10A7D0004143DD8B63CE398F485047169380541F19
:10A7E000A95EB09DDF82951DAFDFC28D4440187019
:10A7F000CD7639B45FEC369FF0596FBBFD2FB9971A
:10A80000D8E6F0457AAFD7719E0483C3124388CD52
:10A810004DCC810EB65CD111AA8356E7C069432E98
:10A8200046EA5CF65A75AB723107290874819C6C54
:10A830008AD1FD02B272D609C34F80E03ACF43F00D
:10A840003E574C9D8FED8D06F9191A0C56ABC3B9C6
:10A850007EEEE4204DBE873D5272474A4DA87D3DB5
:10A86000837563C9034131BF4F15E6218A5D2BFA19
:10A87000AAD5E3E6EA43000D4457CAF77CAA67422B
:10A880006B2C79EC9CF07912F6296D7E2865F99392
:10A89000B7BAF90E70C1A46867909BA587175FFCD3
:10A8A000EDA840222A8B36C7824759EC44DA4AE6A3
:10A8B00065B762BE29CAD906FB1ABA6859D201F037
:10A8C0007A26C0B5294A31AB825E7E2BFEE392E543
:10A8D0009185F7955A6F8894EA4626F5010C99D32D
:10A8E00014F9B82634C74193FEFEF10C1CCD6AEC76
:10A8F000FB2BCBEEE73B9750A2D8D78A7B09AAF86F
:10A900002C880186FC24B5193F650C4A104EF3E4EF
:10A91000CE1F0D5E42E61DD20462AF36055A170502
:10A920005A88160989F718E5DACECCD73EB6E34443
:10A930003B68FECB0DB45355FD554BC25A7E29B82A
:10A94000BD368EC528BCFBCFEC7C80200FAAF72437
:10A95000CA89A2813B0F10582AC8867767476A3A8E
:10A960005E65BB1845FD579E303AEA8D2CEDFC55CF
:10A970001D2132E1A48F008F7FA3E7AD14216CABC2
:10A9800047A9BAB572E03E7AE742C75FADC607F5A0
:10A99000E9E26F503F0C66C015D4DA7487EB8E2C59
:10A9A000629AF456A21065E8BD66AF6F7B5F465AA7
:10A9B0002BC8A53981261B289992FF1CDB531694BE
:10A9C0000590F8035720AF5E0C932B0051A1F9A31B
:10A9D000E1DCDAE630245C3E5BD49F4711D102AB68
:10A9E000C913A1413DE2A198415CD799360D3429A4
:10A9F00037720D24D5BDCC323C7B59527933BF56CA
:10AA000073790BCCE4207BC663A65513E8781F88C6
:10AA1000279F2965C33EEBE4A990CE37FEBCBF72E9
:10AA2000912D9B8195C89E0D2C71D9FEAAE9B9166E
:10AA3000ADD68CB6784A9FECA071BE7C683166FFBB
:10AA4000CABC328CA1B7620FEDCC6D9AFF1423649F
:10AA5000EF8AD4539CCD08C68E1FD5CEE15339F969
:10AA6000ECC08D5A5B09EBA3AC382DEBF392E836C2
:10AA7000F26665E244CDFFDD9E8907118F8500CA2D
:10AA8000C45DD3953029FFD162CFD9E8D5F402B4A3
:10AA90000A94409DED5B303D15EA3F3ABA54CD87AC
:10AAA000F1269E301D9C8D8A857E562AA13193FF0A
:10AAB0008D39D2A0611A211BD089EC8B1744A81BB9
:10AAC00021712B2E63CCC1511C1F775DFDDEE71475
:10AAD000D7B1DE03D15CBACA2107851809F4059104
:10AAE000FE2BFC61C36B6B8CD249C204D1CFEDE06D
:10AAF00053DA8D7F2582549127A7E63287A0482D0F
:10AB00002E17691253D477D105913696E013E96177
:10AB1000B2B0FB34C2E5DEE895D5AB6074476E6138
:10AB200044332037B07A2F886DD5D28A8A0526B76C
:10AB3000C125FE28AB68D993357CDBC5445DEF1D8C
:10AB400060F2C1B9FA31B50C096D2F4469A53A8894
:10AB500023E7C14DE7CCCAF0201E173FC52E65EB99
:10AB600068D39F8E5BC80EC289727E3716AB23A155
:10AB70001B464AB8CA5253E866EABAE25D025780F9
:10AB800068685AA45D4AC91F5A323DCEDF3CCA25C7
:10AB9000147681207DC52962C757527FC001D42514
:10ABA000790D53DC0B9D798E287701B6D730CEFB1B
:10ABB0005BDD05D60BCA88C013C389EE2F2FA8B75B
:10ABC0003B7C9871E6375FEB302A954E31AE53D718
:10ABD000F1FBAB3C2AC2178BA194A7C167E8536C69
:10ABE0006C2F87E45363FBC55B24D29F16BCB32A4A
:10ABF0006666153B139AAA6EA8DD45C51A898B4473
:10AC00000AD016927A827161D79F2184501A7E5D94
:10AC100036A03550418FEA64A4A0335B0BBA97FD90
:10AC2000A6CBBA9C1212DFD259621A93AAF4BA992F
:10AC3000A415FE091E95D5C558E868EFDFB3633843
:10AC4000A0A2E64D0C577FFC64D051BC9F67C25256
:10AC5000358CC5F6FCE1DF320ABF0EC969C9722C1A
:10AC60002CE3AB1B59E9B3870546872FD097C25F0A
:10AC700028230B12FBAF6D254DA8D40F4291716DA7
:10AC8000A5B3A1602F581D5F0AAA2FE9753EE1C345
:10AC90003951A5B36EC796D5E34DA6114E864690A1
:10ACA00018D00C52AE189C4FDD754DE8FA6D228F0E
:10ACB00040E16D3B0620D69B4B1F69D269CB630FE9
:10ACC000C93E0B187448E299283C354102F47B9840
:10ACD000EDE1E7EFFF0B4ABFA58A3F26E694BB7F75
:10ACE000EC3999629C0A1E76EDD0AF003A2E223ADA
:10ACF000FE95135F4B8EE1DDB36537E1F714AD8749
:10AD0000ACE09B732BEA70CE981F896D609E276B19
:10AD1000640F355AD98863DF569C41C4CEC552733F
:10AD200037482B69BE4BE430941E80976E56C0F9AD
:10AD3000FCD74A689618877811D1F092B69180F2C4
:10AD4000C09CD78C4B3C2B390DE25D9B28B13AACB3
:10AD50006A8033B874C1A518B49007A9E9248B8020
:10AD600012663BBE8E4CDE0B9CFDE516D8BE179DD1
:10AD7000E78A73BF47FE0027D4E22ABE3CF9085990
:10AD8000E251BDCD44A1B81550DE66B63A128BD162
:10AD9000EDC458293EB65D767BD8786B1CDEF21F79
:10ADA000E125DAA688D05E4F298D814BF7774D8C4F
:10ADB000E6238D1E125D341734B01FD7345315B4FB
:10ADC00066C3E501531952CD3DC6A84625B57C2280
:10ADD000C6E03265D0C9CADE652B77E5E14FB96DB3
:10ADE000A47A48B8A6C7421C41431B2DDB853CC250
:10ADF00084AE3B58CD622322D937ADF282C3E14BFA
:10AE00001CB471155A014422A9ABC2CB799A3D6F8B
:10AE1000A83E6BFA591D1B271784FA8639EDE57F8A
:10AE2000317A3888D9284C5458D1D2B377168786CE
:10AE3000D1C03A7FFDD7B3F294BC80EF43BAFB494F
:10AE40001B9EAF9E450653D35FBD2D98FC4AE0E3A1
:10AE5000134DA6E6412842499874FEC1866A228EA7
:10AE60000CA89B26999C49F26E36C95B3719A92418
:10AE7000F173E3F874A32302DA3BA04DEF25BB5E28
:10AE80007D5D54A40E0288A31F6718CC718EF958FB
:10AE900087757192F852650797F0948475E476ECA3
:10AEA000273E30E2596AEC6C7CACC136043E4290DD
:10AEB000BFE53EC06B24DE8843B563E45BD1C23797
:10AEC00057CA71EE7A725CE01B99C8597408789879
:10AED000CB152BD3D383FAEB2B068D70F00064A730
:10AEE000E91DF5B086FA3075501D1F7EF3C77FFA55
:10AEF000EB48B6D1C7F91544C1762D08665E8C7152
:10AF0000AD9374F824D65893253CEB2C66831346F6
:10AF1000195E2CE73590D6CD9D9A9B2B6D029CE750
:10AF20003BA5780FBB154707114CD3C76EA32A72F8
:10AF3000C86E6551A135132BE6557A18DECDC5854F
:10AF4000B5DE723D3524D3A046C74C0C27D04B86C6
:10AF5000D31A4E362466BD594FB354EFB34B4CF65B
:10AF60002340E887FF4775A3FA833FEE95150B381A
:10AF700010A412C2AB797F2B5CDB03A114B824733D
:10AF80001F4CD401CFB1C849BBE9ACC01C320AF98F
:10AF90007E4096C80DD7CF5F3A90A52A438AD194B8
:10AFA0008AFE7BC6E6233D3A97659BB276BDC12FEC
:10AFB000F6EBB4F78C7D3BDD581AC48A4C1A0510A9
:10AFC000CE4D65D6C6950616C683AEC0A547414987
:10AFD000DC540048A057533B40C19A02C888ABCA12
:10AFE00086515364A93264E4E3013FDBB6DCE61525
:10AFF0009F3F4344E36A67216D1F6F1F600EE1E2CC
:10B000007A22B22E8EB32C78C85EDE5EE88437EEEC
:10B010001B961C955EA8FE8751A594203D6639CCF1
:10B02000B39AB39DF2FE1EBA90E031766D9F013A5D
:10B03000690DA284730B0C8659B1844DBF0B3790F8
:10B04000C7D325742B41FFC56A8F4E93032195FC0E
:10B05000AE53BE84B3F88CB0E693FB76E584D5E3BB
:10B060001A486E81E26A29E407199A62FAB55EFD10
:10B0700039AE50B927C1D38E6256FCEA7EBDB323E8
:10B0800012EFEB14D123FF402C3444FC4A1A3ECD7E
:10B090007AA4765858413D64D13A8FF57BE1DC744F
:10B0A000AD47ECA8DDB37E5C1B1244D24F91D3FABE
:10B0B000A3A0BCBE7B33EB9DC5BA754B343EB5A88F
:10B0C0005A50FA1A34B69CB0B8A0C17B24912E070E
:10B0D000C0E5502516BCBBA8195C5679E211AE3FFD
:10B0E00096A081E01D71AC3B6073AED6BDD45A24EE
:10B0F000A408E78CAE17DF3458FC3E88A81D0B6C03
:10B1000065A2BE2D865D3AC8B8F550A212A9DE5BD5
:10B110009D78C91BC9C847BF24C84894264B488D91
:10B12000CF988E533A20CC4FDF49F38C393B70D9FE
:10B130006F68D62B17157B938B463B3B5A7294B89E
:10B14000CB6B49FA9C1E57896C6FF6939E37474A22
:10B15000C1DAEFADD3CCF215C0D3620B7B5341788B
:10B1600018529BD89956D1E0700BC3887FB47D9A52
:10B17000A3FD6241BCE43FD05E277639BE4415F89A
:10B180008C3D8C1A495EA0E0B1DA7DB2224C58E7C2
:10B190006B06A5228D14172C2B92E1DC99DEDAFBCD
:10B1A0007E37565A7E3CF0084C14E190333F61B62E
:10B1B0001C85BE098B79D4DEAABC93EFA3153C1D78
:10B1C0007D836486F786BF77ECD3D6BA61F49BD2D1
:10B1D000DCE6ABA93D0307409F90C4DDA7C86EAD78
:10B1E000AC207C99F374066692DB17325A3EDA6C17
:10B1F000FB69A225014F5B50686DA14F416CCD4C9E
:10B200008302254D9B693A1587E491184F6F899CFD
:10B21000EB0757120017104D4BD6CE9C72824B296C
:10B2200096E2C432D99C21E770BFAE7AEE700D541D
:10B23000DC9596437570F37E0B7B0F7DDE75F7BF53
:10B24000414CB4E8ECD1A89836AEAE45711C3E8AAC
:10B25000F79F3EFB34BEC1BC339DE51CFAC892F09B
:10B26000514628CE5BBB27A7898E8E35244DBC4026
:10B270001AC2FCF85BD1E381AE76077EFAB8090CFE
:10B280001EFC78FB99070C12BA42BF7F431BA9E250
:10B290006E42065A549BCD13E47E710E7F61BF3916
:10B2A0002A56949336F54AC8AB8984FF6CEDF8F4BE
:10B2B000AEC74775807BF74D8216C8993D4E8F3BD0
:10B2C000CBA739A907F716CC1BEB6DD3050AAAC388
:10B2D00048958A8210AA15C40FD375FE746A8D3DF5
:10B2E00066FF242BB9A7C1F0ACCA44C493AE317930
:10B2F000E19D0A9FA44691CB7FED229EE5BC8EEC9A
:10B3000018785958C60638238CF6554614CCF35A8B
:10B31000C6EC256A4D1ED49CDF0FE303F4E02EEB50
:10B3200079123584EC39746CC14B71B23E72E2F91A
:10B3300086DEFCCE1CBE28A1CD4ADBA6BA129E3BFF
:10B34000DACE4DBCAC05581D1FE323446602FEACAB
:10B350001D8E16AF4D811904B9BC4657D665C00580
:10B36000231DEC8F01C2AB793C047C4056C4E43C05
:10B3700010E5CAAC83A90CF77386161BEC5C7E1330
:10B3800007A9B5B8E883E9E7CF64B8B517D1F647A0
:10B39000297BB2FE8ED4EB0EC4D3DE27C5A012608B
:10B3A000370AD3CEC0B9C640ACA1DDB41A1E367878
:10B3B0000931FDFDE696C51D9BC620D35C7052A9E0
:10B3C000FD3F58A166AE88A6B434B427C2E03C4520
:10B3D00022ED7CFA52A3DA024954566DB6F9DB77B6
:10B3E000C6031B583D11673F7A9CFA7C53A87572BF
:10B3F00056C4F7E0D9CEE3CE307B02EA1F8E390A7D
:10B40000775F157172117C3FD4B678863D32BA8E63
:10B41000B99ADB0603EB7842C0BBBDA4700B03EF07
:10B42000EE1605C3A3C9E9FBB392D49391FDEB13C8
:10B43000B1BB704D595266D3C1B0428C76A10E7B20
:10B44000319F035D4CAFBE606B504A402A96288AFC
:10B450004A5FBAAB318E34A154A42336448BAF7B00
:10B460003A7A0803435A2BA830A7C45AF23CDBCEE1
:10B47000970D026D2449E4E109699E6D835BDF3419
:10B480003D89F14578BEA7416B0DACA6C9BD17BA81
:10B490001799C15035A349F16DABEFE88F43694E61
:10B4A000BACF4274CA227B1E57F7AF894536744B18
:10B4B000900F4190D926BEF5B1A8389DADA30DB629
:10B4C0008AC520B900E692A52BF5227D65F889CAC8
:10B4D0008D174849CE51E88DFB414DF3CE1135CA49
:10B4E00019459A209550190649478B35DB815190B3
:10B4F00099CB1E41D080EA8E32D958BCEE7EA6DDB3
:10B50000913ECDF8F306617A8F185D1501ADA46DFB
:10B51000B4746E59047D99FE1F6F6A3F8C74C4E643
:10B52000082D6846D739E8388EC9B1A7BE924029A0
:10B53000EEEE790D74771FA5293B643B14DD319144
:10B54000896B9E340EA672301A7425DCD286F9629D
:10B55000EEB60924DD45DD0025BC4F38A0529F1909
:10B560008C4912179D7C842059F67B6945857A4366
:10B5700095676C25263604CB49D09461EA78D228A9
:10B58000A1F0045092A67F4E28BB239D7F4C3481AE
:10B59000275CD4F5C2FD8672D2738AB42DDD1252B7
:10B5A000DF3E917520634EEAEBAD9D6CE785040CA0
:10B5B000D1386689ECDE65A9657F89C6AAC3165BAA
:10B5C000E37E50A45428B9146CEAD55C13EC725C89
:10B5D000E3A1832975110C0FE650526370AE801BF6
:10B5E00062A987642144F580C0E01E412D8885DA78
:10B5F000F61621D12A604FA934703A6C5C92DA3881
:10B60000A361997F0010988BD5465A2268DB9BE393
:10B610002AB055F1C9DFB36E73098F8104A43E19B6
:10B620002724E7352FAD4DC3D7A04AF1166DAAC127
:10B6300048D7ABDFFFC8FF2744A79F04A96FDCAC46
:10B640002F22D67174EA4169621D64CCCA956FFFDE
:10B65000D1AE18200A5D8F6739FE4935DF74E19855
:10B6600089980D427933BDDF0462A49C59E6FCC27F
:10B670005BB4F8B28F9B8CF609A2FD148EF67BC5E5
:10B68000B7B213F6BDF5B9248AACF3E5F3AF8585FF
:10B69000415FE27DA294289AC824B1319889781339
:10B6A000ECE43FF9E1D7943377ED49CD8B066A8B13
:10B6B0008873ACC35552BFC1563212D23E2558DCF6
:10B6C000A7E7ED600BE45DF601B7E0F110D84C9010
:10B6D000FEA0E6570B4E42326F317AEE3FD6AACE2D
:10B6E00037C8B4CA133B5D674896F9EF5632211745
:10B6F000F08D5A97307CC0B9405D9D190DBA40431A
:10B7000048D2BFFF645CEE61FF067209781BE8C097
:10B71000D2783FB5B21B0DCC84B7FF3F31C056F98C
:10B720006D4C25A605A4375B0CC701E179D41188BF
:10B73000BDC159D8E5A2BE57B3FCE7A92FD5EF503C
:10B7400094FC56E08BAFB3F08A9E3ACBB2FDC87240
:10B75000E33CE2EDE55205AF3C90F18E8299F29D1B
:10B7600080506954FDD12EE25BCB5CDF1BB4B27C10
:10B7700083F4269544B26BA78D843CA366014BEC01
:10B78000BE483D25E7D991BEE5428BF6903EEB26BB
:10B790007AE3EFE2EC1BEB2D068C00D3E1003CF1E9
:10B7A0005C1F934AFB1A840222ED5AB42E29EBBC8B
:10B7B00052276B5D4E78F2EE2FFAAD4FFCAC310F95
:10B7C000A6038DF69798FF7FA464F58F177889EA12
:10B7D00025A823E71C112E59444BD548E02697E0B5
:10B7E0005EB56E604F7B79F52EB4B93F5D96B09231
:10B7F0006549E6E7096E704CA08C6497827227E475
:10B8000036BCB7AA7067BD997943DDC09D4B02086D
:10B810005D3E94A2004113FEFAF6F00FE2FC64F6DE
:10B820002D46ABCF6BB8C7C66A33E5825BA94D52D4
:10B83000D30736B5ADA25312042BA771D4F2DDC0E5
:10B840007F3ACCBE1ECBEF5F6BE4114433D5115F62
:10B850006D43E519ECDDFD37D36712B493BB43812B
:10B8600060FA823C5B0E570F74C8320A738F68AF60
:10B870004D81D5B647CC425270414012235FC2AAD7
:10B880008478700C2472D3C1E392055E89370C0E64
:10B89000E15D1D9E0CC8A90759FBD8FBA4E7650A0A
:10B8A00036C333F34E0C8D5345777D342DA3A274EC
:10B8B0006005B380A530FE5DD61E5E6EBD0A2FA169
:10B8C000EFDC82A61F96890DD8450C3014A58D7229
:10B8D0006AF3479C55A43C484930B085FEAC071834
:10B8E00015E0EC2CDFB5FEA28F508BA064D890B68B
:10B8F00014D65E2691260E291B035F9C8289F9F7D8
:10B90000EE1E100D9EADDF070FD68EB9C47F8E8F51
:10B9100017A2F273FB4BCF5FC0E33B50C8CA41F3A1
:10B9200046137BB309BA1E12F8930BCF520EC82AE6
:10B9300078E35351D1555AA62F2F1499E3B10975C5
:10B9400082EE4BB4F652475459ED3006C66AAB0846
:10B9500025D71C4424324785CFCD2F6E5E75DB166C
:10B960004FEAD3E2F17DCFB67E548CAEE38ADEA6F9
:10B970002B0E774E33DBB5E77318F2186B003E5889
:10B98000CE7FC995F75EFAA3FAA4514EA83FB5CA77
:10B99000E4B9929E77BD5F2E9B3EF69F25A943FC9E
:10B9A00003CD2B650AF8D7B8E4EEC1E293577DFBCF
:10B9B0000815822A7E1801BA9529213AEAA6959D92
:10B9C0009352D3B2BD0D7CA5436D921651A655B4CA
:10B9D0004543F8BE009749AD4D2726640B03D59229
:10B9E0005A83D28DCD99790977F9D156E59D515970
:10B9F0002AACE60DBBC580DA965FCB3BF42E0C3744
:10BA00002BC9A75A1D3865ED7FCCBEC56D81A42416
:10BA10009540AF8309648F262591EECF09F1DD852E
:10BA20000E4591EF7AF257862AD65313BBC203878D
:10BA3000A99C47704BE7185AF94AD9A475B4B2B714
:10BA40002757BABEF2805C2EC2D27019174483FA0F
:10BA5000289B806A9B4D429ACA853EA1827B5B17D8
:10BA6000B81B9D95CEDCE9F23570719FA687A8CEF4
:10BA70004904DF1C4C990BB27B36272D17820C74BE
:10BA80007985FA26D59B8E008246988E27FD3EDE6C
:10BA90009487A2EE16D1E0C73DC4FA23FCCD6D8C8D
:10BAA0003BA30B78F053F71E79F54278EAA05BCD03
:10BAB0000A37E5CC512296E9195C6F8105B85E8F93
:10BAC0002B40DFF46464E21D3E48A0F775D39CD0A0
:10BAD000E8977D56D4E7D7C6407792509536EF0267
:10BAE000BEC137F8B970798BCD04D18F6D9DAB6D28
:10BAF000DA2D9AF4F7F65714944587874E2FD3B36F
:10BB0000F886366150A2B7E8F24ABDD579F0289799
:10BB100074DC2666D2F742EF771478343647EECCE1
:10BB2000873DF4A33B344C56ABE8820E06A2547416
:10BB3000F0C00713FE668AA2FD97BA3DB97D0327C0
:10BB40001D1E6CFFF5160B3B0747A614E1A8E4C7C2
:10BB5000890482B8B26ACC6C05734618E9AA3EAB78
:10BB60000C2833FC9AB936A672B2F67375F5BDC4CB
:10BB7000E51ECA94ED6746190FDDEF3E45293EF4F8
:10BB800003C15A732F7E41AE586D594A7C234691AA
:10BB9000E34D3EFC472FDD5D176855933444FF307D
:10BBA000446FAB24C1345F2186537C4BD5DF05CF76
:10BBB00057C746F8379F690F87FA594B71DED9FF8F
:10BBC000FD8665E098B6CADAA899DE09DDFF5F98C0
:10BBD000651D12D7064BBA32EB5E9FCBD9549D7DC3
:10BBE000114C3D105673F978747589555F85E4C022
:10BBF0009C626315A24E2B5E5789B794E6B17E5CBA
:10BC00005FB799ABF7A0819253B901AB77B1BF553C
:10BC10008B6D639731D54C342F024AD07F0607C213
:10BC2000765FEEBA230CBABB72E137715073DEFF58
:10BC300095013EC0D2C5D7652B2C0BCC17944C2751
:10BC400005920E42F4C4D534F9897F9A1C712B45B4
:10BC5000E10B69C8505AA3BE38C039E240FB4131FC
:10BC60007B127059F78D681F267EC85D3AFB3EA790
:10BC700055CC3A9F59BE812DDAE3104039C9A6054B
:10BC8000EA6287E2B985991B0B7B34BAA26D06C5BF
:10BC90000EEB4AE046472259AC4262416200A59150
:10BCA00085449E43C7921A31998B77775A6C05EE7B
:10BCB000EAF1DD293FCFA182ACCD5E08CC6DE5294C
:10BCC000C41D956DCAB5D1937E22FC4740B2EE12D9
:10BCD000C71E54F370E4950A495D6CE79B24AD0CD4
:10BCE0005B8AB986BC4B5DF7E8C2FA0FECF1CA5B20
:10BCF0003D7816AD59414B3F43D20C153CD3D8B5D6
:10BD00003E69585E9FE0096499E3180C9281CC511A
:10BD100034B5EA44809DC7835FD9198841D3F810B0
:10BD20001C2926787B51B33F350493889D132E95AB
:10BD3000AFBB6F81AD35F5AA4020832B3DF008588D
:10BD4000341CAD7F0404BB072F9C583CEE80C355C8
:10BD5000C6E83756926F6D2C7A6BCEA6C87BDBE4B3
:10BD6000955BB32251F99DDB8B84854262D3189C8D
:10BD700067A886FF4D75CE06EC73B3F3468211417A
:10BD800036E6D702DD36959A51CA895D901D93DC5F
:10BD9000046F42D5712BD3CEB7E0D4CB412ADAD48D
:10BDA000BE37370A0808C616F1B857B0C1DA358968
:10BDB0009CF8C7235DA588F3F015C301F643738A89
:10BDC00096DC22251B79659F788C663C3B4F5B6B2C
:10BDD0009AEAA8F0543982C5BDBE70F8D6EF890240
:10BDE0005F1E148E1ADBB44DB8BF166F15DC330816
:10BDF000C855361D4E5E0B7506A81EE814A8811D99
:10BE0000E0DE1E9E265AFCE6CF1315434C1688DC56
:10BE100029E1208719C64180962EF6E52C42D7638A
:10BE2000BD65C0FC12839D85B85241FDD67D460894
:10BE3000DDC9C885A2181AC58A4376475827BCC0F1
:10BE400004A2C1F7EAE60E78B161794FDA087D0CF9
:10BE50002158777248D90D0DB8158F99AA46751CCF
:10BE60006EBD9A2939DE046F15048706011974B373
:10BE70001A08178560E69F795FF6B0090145D45B23
:10BE800004AC1D00D1E0AE598869ED5F16E88A74F4
:10BE9000A23299EE2FE58BA82BD6016B634B52FC97
:10BEA000D44407FB3570710BD50CE6153DCC581604
:10BEB000B19E3ADB90F46A558B1A0FBD4C342D229B
:10BEC00096CB8F3A21BDE70E612C6496E7224C9BFE
:10BED000344D92DD396707B73310510340ED0BD86D
:10BEE000BEBC6BD9A28DA6819995ED923A68EC788B
:10BEF00001A88E2F8B63FEC033D4E7F45AA3756577
:10BF0000F2983A67A50EAF5BEE373D110C56E1ABE8
:10BF10002A5466B7A1128712FEFE42DAF61A8EF391
:10BF200070A6FDAF4A0102F2690AD5BC465984DF0A
:10BF300073F6A1B1A33A43E5C04243181CD4285676
:10BF40005D8E5B8BAF417CA23445E88BA0800B26D5
:10BF5000B6C17C63523959B26AB6C2B5712DD87573
:10BF6000F49E5C7940781CA12BC7AF2C927BFB7EA2
:10BF700083EB8025DB004ED5395F2A5FE5A9EBE135
:10BF8000B4F554CB1E27D41816AEC4232F2E7286B8
:10BF90007715C076FB4B7A03C1C7C60D14228C7F80
:10BFA000C2B68636B739B1809B4048604021988A36
:10BFB000C3DABBF2B58B7772C46E547C51BD2F933C
:10BFC00079ECC543FA14F1E112A07AC92B08EBC74A
:10BFD000759AF3778255B4CF08407B76C232EAC9AE
:10BFE0009C6A602F8BC6442D679DDBE8622975092A
:10BFF000234A1049A62B53B675AEF8C63349A12182
:10C000000CA648CD17AEEE901E5088F001E19DBD04
:10C010007962A0B86BE2FB7C639CF9A7D3242F1B49
:10C02000B819ADCF844EDA5961D04DD6560AB19ABF
:10C0300003C8176D6C0A0776DBA86FCACCF333D63A
:10C04000D60831D82569C10E58FD26F14C37F15C70
:10C0500054439C6072762231C42EF869F614F6813E
:10C060006E7FB9DE75C6BD15EAB56BD24760BDB44B
:10C070008930CC8FF20B1B13FF422065574990B5D6
:10C080001A1A79C185DD4B3C16CC836AE20C9E8B73
:10C0900006C444E8B5F005F075610B8C10CB96F141
:10C0A00082E52EDB9000E0AD94EC37D6D27774A514
:10C0B000A6915E3E7655C8DA0C0C8590B566DDF526
:10C0C0005898F3376B27CFD71E4EDB5528AF804BE0
:10C0D0002E9CC17BCCA101694AFE48D4339CB34A53
:10C0E00003ECCE23DB187BD023A1F62637FD4D428F
:10C0F000022BAA7F6090357A373EC4B1212C81BFD4
:10C10000B2FF9183AB838B2236E80CBB450C752CB8
:10C11000AABCBAE7356583A81DC467CFCB51796B3C
:10C12000E209BF39FB72D31EEAC13DB8FD4579FD76
:10C130008A3C8D0CA9DEB99D9994FE9F2E5D07ABBC
:10C14000950BAAA8FFCD3C80C794D07A55E1754FD6
:10C150005D796C17326DBB40FE936CE66890DF49E9
:10C16000DF2BE7DAE54D27D1A09822098F34F8F9C3
:10C17000A390F6C16C9981EA5D751361CEA036A3D8
:10C18000B5628EA2CA4F6B07E03938FAB75A0F581A
:10C1900064B133B7C7EA0C54C96BE09000FE4AF6AD
:10C1A0008C00C6CE8DFA34A93537A5F65C4A149FAB
:10C1B000C14A7B2B11578E0766407014A982D63E68
:10C1C000F005D983527B21B71AFEBD66450C56583F
:10C1D00050BF6275A2987EA0105814DE291CB36C63
:10C1E000D8EFE3569C5666235C879E33DA9748194E
:10C1F00058BBBBE1EDED5631C46C0616AE14A96D0B
:10C200002C9B795113DABAC39A359CB2663A4A2507
:10C210005E915A66267DAF0F27A3E00C4726D9BA58
:10C22000F6D806AD1EB848B7CED5ABD012B69AD167
:10C23000ECA457F26E8304A8CBB132F1C373BF5D97
:10C24000A783B7C4724100A7EE6560188E55D70664
:10C250007FB33648C6BDCF042A527F47068BD6F43B
:10C260005DB2C0ACC7DFAE0969BBD93682F16B6D78
:10C27000A251EE97366685F307B2100CF00E7ECB16
:10C28000E4DB6BA14DAB1517E9A2B9FD347A02A529
:10C290005147FA8ED0A96D37FADF02E770C18307E4
:10C2A000530BA3CC2749F499050CE2AB27606444F7
:10C2B0008065695017645A9AFA3C097423D85880EB
:10C2C000A54B00CDCD2B1CB9954C7887E507D71031
:10C2D000BC920D8524C7EAE1A37F89098C18B6D6E4
:10C2E000FB955BF80C8AA915EFBD9B41CF2D92AE53
:10C2F00004B1D2044A2E16A571D02FE9DB9F1C9001
:10C30000113B8C8579E17A662A89AA6C121ADC5F66
:10C310004653A77331E000A96B92B1A91C981FF98D
:10C32000B210422726FA5F3B9DE855FCEB5352259D
:10C330009E107D215817D25E62011A32717D1BD288
:10C34000B7C6E59F4CDD3992BFA0A3C49B412A0A22
:10C35000F400042F7BE40E8B707E804C3C1E4FCA91
:10C3600095DC89C5ADDE3821A5874864052282DFCA
:10C370009011D4FAC5F22CB02DE83992000209E1EF
:10C38000253D814BF2FD6DA2982EBD8856D83246D0
:10C390002B19F42AD19A695BCE13167CC9402FDE83
:10C3A000C926F1B6F4958E01810B317F31524007D9
:10C3B000864CE558801AA1891201DF595197D8E6B9
:10C3C0002A0FED0C72408BAF137DF74BED3F9BCAEC
:10C3D00024763F0D2FA69D2C4D90F8FA8B9BFD8463
:10C3E000EDFB453B09C51F1954DF221E12E06DCE3F
:10C3F000789D9F85B67AF62D52D0488BCEA8ECB6A4
:10C4000092D54456F8EFBA4A43F8FC952D5C564C49
:10C410001A77B1911E092487D9B9C9719816BD1E22
:10C420008167D7B7C17578B77C34615B9863302476
:10C430009F712B963DAA0C28B4DD100665C1CA7CFD
:10C44000C5DACF9883AB591577AF37A69AD380D486
:10C450006E42C3244145C55DB665460019D30156F9
:10C4600083D347A10FBE45AA7DAB66FFC58E1DBA1B
:10C47000D368A83AAEC3DCADCF20441E0093C9DD1B
:10C48000B51CDB1C0B61B39FDFBF500CCDEE1588D4
:10C49000458BCFAE786A7621ECAC235589B7D45F53
:10C4A000F5C45B4072B786C793AB55892B010989E8
:10C4B000C15984D7916CE83FD6496BF9BD0B09424D
:10C4C000D9F621E4C5C34F23BFCE1DC05243E7C7F1
:10C4D000D7F8991DA944E33194BD0C70BD25F4151E
:10C4E000E8FB08B883B6EC00A8A932E306A4BD3087
:10C4F00013E880A4694D39BBC9880AC28643DDC2EE
:10C500003D2CAE97C41DF1919714DD62C87BCC49D8
:10C51000690793E7BFCD915D8F9ACB13136CE3FE50
:10C52000DD48474C224763668F4FF40348D51F9D73
:10C53000D4B110E45E792BFF4AB4905F05EAFE04A3
:10C54000D26DC122204C93E893A47130763BE03346
:10C55000EDDF276E739E35B4C3BE86B5F348156E06
:10C5600030A484801C3E71E423947ADDF25831DEDD
:10C57000968F1A846457367F77660FFD76E2A3F7AD
:10C580005194BA3517BD732194C4B93393283443F9
:10C59000CCB95B9306AB38DE009A79614B465265A5
:10C5A000EFB19113B169B2D3C0E49749A40E9ADDFB
:10C5B000DB05397511C42FCE79F2E7EF500705CBB3
:10C5C000D056C7D07C586A6A8BB6CFB46046637CBD
:10C5D00070E293DF3184D2FC79BA74D6AD7EF9DA99
:10C5E000DBB11C4F22A9A479C7038D8320906BBDBA
:10C5F000CA69AAFE975C05B829A6F3721C3CDE370F
:10C60000B5CCDAC18F1D92866F061B71688E80E1F2
:10C61000B0F010C21BF530E77094751CA7A804BDDC
:10C62000BB8681E9EE61A7120E5B53179043727EC1
:10C630005335C14DE423203ECF20736F6CD8A592B3
:10C64000A7A3C8E4D79663A51286E7FCFAB3740CD7
:10C65000AD516B4EDCD07EEB0C4EACCEAA10A0F8E8
:10C66000E7EC59E54F0AE0EFF539973F4A1B0AC35B
:10C67000C08544838530FD6351FDA617C1DBD764B7
:10C68000ED5143DF9115C01CFE0D6251FFAC726D80
:10C690001F1E4DE85E9503ABBA53B36D88989DD6C7
:10C6A000D4E83036E847D27C7079EF556A59768203
:10C6B00060031F430AFDFE9FEB2DF21E0FD86FA9EA
:10C6C0000315A2606413213DA08063BF22C389AC1F
:10C6D0008B97CAC08F4642CC62068FED67D51699FC
:10C6E000168DEACC5E28C046E0D8BBFCA29D2CCCBF
:10C6F0000A7C2BA74C1F706028D534CC99BB00470F
:10C70000E7692A52875D014455B29F521EFB77E1CB
:10C710003823F33E5F7AFB0A10B9C425214DA84A9D
:10C7200097EAEB79CB144BD1EE0B076828C77BB3A4
:10C73000F98733E1AAEA196A25C6EEA33E6C6C8E2E
:10C740008DCD4B8EDD011BF6A4EF9F039779C05E64
:10C750009126BA1B26EC08FF563594A57487ECAEDB
:10C76000E804581FD185A26A02B36667F189EDED2E
:10C77000EAAEE602E887FB31E06BA64D1E76137544
:10C7800011C429FC5A8773BA8B9428C8DA1E84888E
:10C790003E01A5E93505F580E354885EDC7031DBA8
:10C7A000E73CD149423D47489DA628AAF8043B5A98
:10C7B00065E703E301598CFA31B3A5428300559F25
:10C7C0004F4D48F6EB026E1BFF59147396527CB323
:10C7D00009C52A69B73450121BA4F8B00DF7090235
:10C7E0000C5EE8CC2FDE1267718B28727A93526050
:10C7F0001622926102F5AD21E95B19DA75ABEB6B9C
:10C8000050221860C6E1C8954D5D34E43E4C9BDA79
:10C810005162C0F267F82DA3107C3D3D43ECD43447
:10C820007E4E204819FB1563032897DF9AB8D94834
:10C8300023C4902F7E41B01B6BC53153633488678E
:10C8400042F11F222A820CB6CA2C3DD2E3CE1DA291
:10C85000E76CE2D55D48416B47A93005D2BDB2DB3C
:10C860001B71C12B919C45355DB999BABD79F8A76B
:10C8700095C293B4CA5AB7FABE500AD7C5671D8984
:10C8800093E52019CCD85FCC17BC9AA68FE194927F
:10C89000AE27EB0A20A70D0EC9AA5ADC8FE2A882A8
:10C8A000C8BFE3D0B8B1F10EE18CC65243A913D989
:10C8B000556B5FCEC5D0B45C2F7F104435020D524E
:10C8C00043DD208F6CC2E29E66622B12172F7A9294
:10C8D0009D57DCA83B0389D3C07B544741D935B869
:10C8E000381582327C177F736AA0B6BC98F993FD25
:10C8F000B17951C2DB8C48B762DBD6DA4EEBA305C7
:10C900008992BE928A0505F9E6634C2F0A5A1DD812
:10C91000C46E8C49AA03521F63728B90C9A3E6BBF5
:10C92000C57DC0360DB9DED70AB1EC5EC0056BCB54
:10C93000C55A785804DD8704247ED37D3DA748532B
:10C94000D94AEF6D8BF0F9D0F9DD2F59F4335AAF96
:10C950008D347B636DBF412774053E5BE1D6A07BC0
:10C96000B7EEF88BD134BB392EAD7ACCE4D24B592B
:10C97000F31CDB96C46306DFB3B443F0A5DAE360CF
:10C980003A0EB3DB9646AE75A33AB42C28A288279C
:10C99000C2C888E347733F18E9334049349FB4095C
:10C9A00026BB41CC093B2AD3C4A940EB815E0CB025
:10C9B000B267B78DCE855A3A43E7E23F3AC54CB9E4
:10C9C000FAD5D0CB947ED48A7F4B2828663882B2A1
:10C9D000884C12F18777FADF27B8D1061072551705
:10C9E00098B5ED23B96DECDA2D82C3DDE46D599273
:10C9F0007DDCE09044D98FB273AA6111E3DFF73B8D
:10CA00003DC000DA50E5FA583A6C6FC65C5E80F1C2
:10CA1000FB8FE1ED303EB7B51C790D4D4522EF4A55
:10CA200070CBA446A014A0BD7240BF789AFFA17C31
:10CA30008B31E3D4EFFB35408D28FABD0FE1018542
:10CA400087B95CF8C25E1967EC3943307CF54C9CC1
:10CA500030BCDF26B71D9BCFD9C18A5790463DDD3C
:10CA6000BE8E427175D7A7EA4C458D6963BDAE7025
:10CA7000B457B777E18C81A15DAD7E7A7D6096E099
:10CA8000808CD73E00235B5653FBB8EB4511C04961
:10CA9000115100E84E83B8E4EA0E8AEBCC948DF68F
:10CAA00058266D24F7DE42E017353ABDF73AF10F0C
:10CAB000130961406F56CB0FF9B87C24304C3631E6
:10CAC000CCDF6A9F80B47A010055E96CA4086F3806
:10CAD00018CAF72073EC12B797DFFBE83931945787
:10CAE0008C90FC4883A522B2E942674E2065EA4F4C
:10CAF000149B4583F1395D919B6E9223941E48519E
:10CB000037261AEF5DB252E88A661C76D95EFF5767
:10CB10002B6CD30F522C91F99BE70A57149D38D1F7
:10CB200032730DB4D532432356288F88BDB9B4155E
:10CB3000206C7F224A42E77BC9E8ECAA32DA82D72E
:10CB400013A778A30A2B2D628FAC05A41269D23DDE
:10CB50001C123871EC6C5D2CEE733DBE2DBF06EDE2
:10CB6000961D58895C1F8526221B345D1972B857A3
:10CB70009FAED64CE9FCC04C03ADB000DF68850623
:10CB80003FE217D36386E0CC84350DEE3A2B1E527C
:10CB90000D4F99767DD75C55ACBA3E8F9EC6452821
:10CBA0002E33BA1BD5E3E41CEF5803715BABE6717F
:10CBB0000527D19D4451A22ECB06AC06A6602B5D65
:10CBC000B9A7AE147DAB052AA85F326202538F3D30
:10CBD00028B8712D0CDCDE8A2EAAB0CD25061E6683
:10CBE000205D0192CEF48C7BBB8FF35266D9524A02
:10CBF0003D1028BAA970E4B091AF93F755146B0CAF
:10CC0000851343B34F3BB97BF6F6920264D660A41A
:10CC1000201AE4B25067082070970209D389A379DB
:10CC20006E8FBE3FEB32B4A41308EBBCF12AD34F96
:10CC30004FEEE6C6055DA141B10448C3A3C3033A64
:10CC40001AE21B560E286AA503C605177FD5F0AD5C
:10CC5000779F59AE8C11F4B7B244770AC59F0CF098
:10CC60000A5C3ADB34D9E067BD7D7F6FAF3685ACB7
:10CC70008794CCE314BCA2FF41CD829A779AE9ED68
:10CC80006A83CF675C9C4D18594D46E31AB4067908
:10CC90004362E9A5F28C6FCE4534AD96BC762EEF9B
:10CCA00012982BECDB363EF21AA4FE4BA6E7B9C174
:10CCB000E6AE0C195A2E39D89A2EA1C6F99F73C325
:10CCC00038877B2183399DD79DE33393BCEC3B6E42
:10CCD000F7BD8B86228EF1730D9F18C7B210F2F448
:10CCE0002272DC6AB0230915C0370E82E97950241C
:10CCF000A70686BA924A4038AF9D98D753858AB521
:10CD0000E630475980D6A420829837E05116249EF9
:10CD1000E9FB39FACA8FD713C42DE277C94F5E6C8D
:10CD2000DC89478B2E83FA80713965D2437519B43B
:10CD3000FA7C2F032672D59C426D5FF4654113A1E6
:10CD40001EE338C59DD55BE884AD73BB85005F05E8
:10CD50004A21EEA40076B5BB80B5A355983A6ECEB5
:10CD6000F94F5D671D5DA700C9C196CA98F610B15D
:10CD700051607F95B48957E34CF0D489D1435D1F4E
:10CD8000F5A3EF2DC1871F997F1BCE0F79E4778321
:10CD9000C32735038FFD055791A60C001C38F303FC
:10CDA000177AED2F8C869C0E6FC91E44EE8C5E693F
:10CDB000078ACD0FAB6BED2D7BF9C617E5F8DA7F4F
:10CDC0003CB610931D4BA57B42AA48F452D72A9D2E
:10CDD000B251BEF78B0C91F4938460E8009B3A3F0C
:10CDE000860930E471D580297F2E5BA9AC3C230BEA
:10CDF00034ECCF45ED136FCB37B0DA7053A96292A4
:10CE000069DF6AFBE8A38B60C6B6622797DF410142
:10CE1000733744D675744CC0AC49C490C93695A4D8
:10CE2000645991EF6FAD047AFB8BA1226AC0448BE9
:10CE3000CF88A5E1F63CB4A3B255F3572FAFACF5BC
:10CE40008AA1DDE5D689F570C60CFC1244F561FFB8
:10CE5000CC6E125F67A1F23FB3F5AB127B0F188562
:10CE6000EC7CF23BEAAC2DFCC86678C61EDEF6DB35
:10CE7000B84FB9F08C8FCF8A5CC4E57DF641525033
:10CE80007535D871A607E0B045144344CCF1BE898E
:10CE9000A90BE350293893A35ED317B9D8C5F8E797
:10CEA0000EED43247FA2C5879298ECBAC44DB32EF1
:10CEB0002D82019354BA19F2C4AD75460ACCCFA4A1
:10CEC000E8EFF708188EF02C7D101E400E4A60AF78
:10CED000CFD17F5957879EF6B7D23058E95361DAE0
:10CEE0001CA9B23BEA47B20ABCD53C826769F0EBA9
:10CEF000F3DB041AA5159D923248911F0164BE1000
:10CF000041C4CAD8FD49AA5FBE9D05326AC511F267
:10CF100037FE0B6CD26E545157F59D037928AEBA8B
:10CF20008B94F6E54DD698D471E6853A7A4460390B
:10CF3000A0B57AE1A1987D4B33CAA326AB152F2A61
:10CF40006019F29517FDDADD34FA2D5572A1B5E4BA
:10CF5000EA3A264283439776928366228C10221601
:10CF6000A0CAB378233BC3C94020F3E5359CA65B38
:10CF700007E43FDF53D498B2B11B4E4CE9052E4A6B
:10CF8000586C6C48BF745A5F6E14F5E94B83D4AA91
:10CF9000E0AC6546E23C8987DED2053237827C2AE6
:10CFA000D6ED50B27AE397475DEB10B6E85C85A406
:10CFB00008B12943516DB9CFAC987ECA7B5B32CDA5
:10CFC0000182D939ABBC1D23FAE577C2FCA247B870
:10CFD000F0CF4575DDAA47DB0656CE3804C823CF0F
:10CFE000C8A741E1BCF02050E55213A9B102F5E613
:10CFF000CBC1515A5A9CCEB11AA61F92BB68F928D0
:10D0000036DB045473EAC4EAC0FDBB260AB97A5C75
:10D01000AE6F2DF5674230C4C22010942C5ECA2A30
:10D02000723BC445A570F44712C9202503709D0FBB
:10D03000E8813B205B669E0C11BB663B8D6DB07139
:10D04000CD459B6D3F414BB405B9F666AB68C3CE89
:10D050006A4A7531471AC2BB41FD93095BB933086F
:10D060005CCA0240917ADE65A35BB99ACD4D86EA2F
:10D07000E125F535226A80F0152AE8348CB7366749
:10D08000E4C23E3D09D70B32C707CB6848704AD18E
:10D0900086AF8B68E97255CCB32F941DAC5389FFD2
:10D0A00036DDD9E119DB599441EAD71C35AF996CCB
:10D0B0007B60B2EB253DE3D174A3BF1D8BFCB22393
:10D0C00097E456F90DD74BC94BD6E5DE462B4ED922
:10D0D000BB3FD0A90C0F3BB1DD915F794EBEDEA303
:10D0E000568C56447A7125553093AC56D69B945045
:10D0F000F6B9D5222DC87B583CAA76C7CDEFBDB076
:10D1000027179C29E205092D86A9946E26DF5DE488
:10D110003404E3CAAB7076B53E2C190D1E1708F423
:10D12000FDBBE65F8AFB5592A708A9D115FA7CB62C
:10D13000C134DBDDA91949448E03E0F8E0D516C6F9
:10D140004AB7FD935DA02B14A82CDC524D54D42477
:10D150009E4381BAE351BAF29734FA7D077C56D6E2
:10D16000D1F5F9B640102C698106AA1F1738D8DC12
:10D170004C10CB7FCD474D02A57E7A898CF7916EFE
:10D180004153453ADB1EDD6CECD4979BDA3A57925B
:10D1900063D8BDDE399DE877D6BC7C7C904695F996
:10D1A0007AA759EBD190B623A8C43DE0A46F3C0701
:10D1B0007C396759C9CDA31093CA41D0E296EE06D7
:10D1C000A40EA1479EAFAED2CD06B3858290336642
:10D1D000B66DA5B528734BBE4F7F61D28FB761592D
:10D1E000C7B1EEF296C1D3D676D58EC8E28C631A5B
:10D1F00066EE9BDBBD0DCE835BDE34276FE0CE0E8B
:10D2000080BD5522052EA1839478503F56BFEC85F2
:10D21000AADF780F7CC6AE4C6C0D761E11572EF32C
:10D22000A8E9BF125E1A02E5E8A597585C2ECA3736
:10D23000E10CE2C640D30710333ECF238E8D22B9D6
:10D24000D54529D0B2B841672DBCBF266787FEA55A
:10D25000C2A2C40011D6EF01BB3953C0B819C551E1
:10D260007203E4DC7708B58A33BB3C6EDDD288A854
:10D270005F702C3BF2090ADE8CFB4247B253623CE2
:10D280005E3876A25E76E9926061536FE291789C97
:10D2900095688855DB9DCA2AAD2FEDCE56941B6D3F
:10D2A0001C663DE678508E81B0B98B8789E7891A74
:10D2B000642E29159CBBBCF0E87985D50BC58BA5E0
:10D2C000617D94FF756CDEAA9A4CA2308755C0E24E
:10D2D000A79A03BBDFC365E01C1C332054EBEB981B
:10D2E000945137A61A13B2B781DF7586A0E1184CA6
:10D2F000D9183F9D39872F023E981187B13CCE0443
:10D3000036D128178320AE10865A1D3A45F3DF9791
:10D3100009B070D61605EE9A24BE1D016502790C7F
:10D32000AF6101CFC3AA17FD942CCA8F072651C144
:10D330004BBE847F723C9E7249EB38E43623EDECA1
:10D340003138A515FC0CE360F8DFCD35B22CDC0DCF
:10D350003AA19F6B4B5788B7E9294B9F26F783DB90
:10D3600073B8FBD145ED29867D2C6E96C7DA93F113
:10D370009A3B6027F9151B74D8850CAA417DC26CB5
:10D380000134588E0B83A0A0840F19DC914AE2EC83
:10D3900033E1534712B87E03C66D3C28110AC70A11
:10D3A000AE7F6C6CD0BC0DE4F7E789553AB5B8CBCD
:10D3B00041BBBFF11870CAFD61E94BC62AC9B92249
:10D3C0004BE005FEB013C55A12A95125AFDB16611B
:10D3D000F9FFD0FE83CC7535BCE2715BAD0B9AF3DF
:10D3E000268E4C901AD0C52170BFB02036CC741058
:10D3F0008F3C87CF9F121C4E52100F3DA79781483C
:10D400001DEC64B34E1E149C39AE1B12D50A06D710
:10D410009855BFC33D68C4980707F5AA9C7F4C5A2E
:10D420007C23F76414E1E95325274AFC5E5E7F27DD
:10D4300093EC09C13B73D15CAD84E3BB9CCE552812
:10D4400051B7EBCE4AA70CD1267DB2172312A923E0
:10D450002FDA619AAF52E4B524B15B8A1D1863D903
:10D4600095EEAA973209823FD0DF6750E4837F6D43
:10D47000D497B57DBC09424CFA6574F02E738C418B
:10D480001EE3E8EDA430FD7924C6A4593163D149E7
:10D490005F0D9182B9EACE281F22F2D3CF46B7168C
:10D4A0003EAE9888DEEAE878B0EBD47781257BF64B
:10D4B000AF18B9844CC1C8D2FBD3CBDB05F84127E8
:10D4C0003EA6CD61FFA9C251810941BFABB39B50BC
:10D4D000D48B7E4C59B39A6523E295473FA8638E5F
:10D4E000EA7BB50BF2BCDDF957B3DF85BCB290E93E
:10D4F000D5444530452393F25EE068EE9DB232801C
:10D500002FA3D4D88E4583C49568D93137FF9C7E2C
:10D510002752FD70C6573E7267129CE24DDDE3DE76
:10D520001B713840640F45F35BDC9D5A1A332D8C18
:10D530000B544C79AD3AA52EE0B3A80973A0E10ACB
:10D54000AFE633B14D113931A120C917AD23323DBA
:10D55000985E35812DDE33C40C7AF59FA1837078F7
:10D560008FD09250D46186A473AACCC269B07D9E3C
:10D57000B4436D71B0A3C0CE7F23ED295FE6605741
:10D5800006BC5AC4242865DF5595283C7513F44D14
:10D590001AEE05C0B7BB9E61A7E01631C18AE6C787
:10D5A000702772D9AA55307BC89BEFE0CA2265D09C
:10D5B000F591B56726AC0BA018296B46F70BFDADAE
:10D5C0002E16932654392C575947BFFB1C6166868B
:10D5D000CD890448BAA6535AD363F800C239B1E1E1
:10D5E0006317C699FF465BDD7D75E9A9EE8286E586
:10D5F000606BD35F412106BD5C3D8F76E61E57B15F
:10D600009D9004E47F30AC1539EC8C2590E5D99AD7
:10D610006DC06325E4A299FC42F481161BE499CD08
:10D6200020D153FA311C5028EACC06A6B9328B140B
:10D63000CBBE569F26670C2F37149054C2432B1B2A
:10D64000F7FF945EFB165E41727251623FE76C61B8
:10D65000B0EB6C5F3EF91F2BD690DEE36B6C8C4C0D
:10D66000C18D17DBBF2136F5F94FE606F4EA0066F7
:10D67000632FD367973D87FB7636F71556F2807C8C
:10D68000B4E0B29618FA1578FEC3E6D94F60927EE0
:10D69000772ACA3D01C472C59C8EEECC502560F934
:10D6A0009FC8F7C75C5C59DF1C1DC41761DE85A8E5
:10D6B000122C7EF2D1EC1600A24BE24B963CEC2CE5
:10D6C0003D49328A280D01405E22E3F6F2769A5BEC
:10D6D0008113DA262A36A1AB4257643DB324A19FB9
:10D6E0001894EA3D43EB9AA77BC611AD0EE80D51A5
:10D6F0008A9E8C408C8618DD2C95CC3631B5E6851B
:10D700008B67FD02FEDFAB5C793D592A4DB6B158FF
:10D71000A524E5B977663F2CAB4C03E1891C6DA0CD
:10D720000B251D9AAFC7A52D773C558930FDA65016
:10D7300063A5BF089ADC03677759626CEE6DF887C2
:10D74000D53D89988A556339CF767C63DD0C8D444D
:10D7500036D50FA0C603A24C3D78E4512F50D2C05D
:10D760008CC7A741BB0DE69830748656A5D9D19FCA
:10D7700069AC65AB54DBD1B5E106ED272C1DBBE0F0
:10D78000AED6402FB0F93298E25A154F3C5EA4DD78
:10D790007B15313F89890CBAD74A75C5F964282DA4
:10D7A000B832D77CF0729A6E4F70C14461EF5E015F
:10D7B0007E046D9048C3D149B58B229E23E883092E
:10D7C00051FF7CB50636BA81FFD08B5C8570435A19
:10D7D00033943998699AB73CCE23E2F61D0FBE35D3
:10D7E00054DE4BEC6E54A66B242DE17FCE21ECB1C0
:10D7F00024C88C97556E989D84DDC13A2F8CE4081F
:10D80000C88121D94098EEB676B6E3E10545287186
:10D81000B75F5E09A491810C7465C6D7271AEC77AF
:10D820000095A19DE7B43A480F41571B51C6CEE978
:10D830002B2191AB1E2FFEB1B903B923175AB88023
:10D84000B23A4C93043295B65266DD2C0E21CFD9F4
:10D85000F3C99B35F038D56BC462473AD4AFF0C0FA
:10D86000129536164F61C65ADAEA9EC819C6AAFC46
:10D870002F38949B017464DAA6874922302EBE9219
:10D8800052B3350347D20F8F2F9E7B726D9043E9C1
:10D890009E381057DE25A31E60ED22A92C09F495B1
:10D8A00079EAEDBE44AB3404872B5A8F75AFFD4542
:10D8B00062B066A218C36378AD2A3890913FCF9FBB
:10D8C000886BB322C4538656FC422435BFCCD4D8CF
:10D8D000DB0EF4BA3E796F058C576333B0497F5540
:10D8E0002893013DEC61EA1D4A8750A60EE761E8E6
:10D8F0009F7F31408E1580DD4DB6F4E1544E9C186B
:10D90000DEA088949034358F4FF4FAF5F276C46136
:10D91000CCBB9498F0C5883C89F14E0CEB44B9051A
:10D920000D1947A58D810B0A827351960C32196E21
:10D93000B394B96628D6413C2974EEDCF89515FC01
:10D94000225504D95192712560F1914732E539860B
:10D95000DEFD87AB44FBE2955ED1085971A5C46F2B
:10D96000B3F6456B626C471BB8FF2C82C10840A020
:10D9700029192D763552E501D1D4BC2EDE7CDAEAA8
:10D98000D47F9974F1451111A0A8142C6872CED0DF
:10D990006744E9313ACD7E713BF0B5349D88ECC8DF
:10D9A000460403C4B7649849EE89E016808F76DD9B
:10D9B0001B4F4FB327CD00618B015AAB7DF4254C33
:10D9C000B6111170B5976F4DAF014E516E1B88B4F3
:10D9D0009F7F3C417E2D016EFE9447DC6A986C9ED1
:10D9E000DCE1D72360AD76849BE43049E6C6B3EC36
:10D9F000D3E6D7193FD1D97E65270F563B0E59DAAA
:10DA00009F3FE2672E91217FEAB454963B054CABD1
:10DA100014B148B155D7D538E7F4EE9B306D2DBE23
:10DA200039707F56342BE5B46EC9E40ECBCA891722
:10DA300013B8DBDBB3EF88B9FABC0D65D20AABA72C
:10DA4000A644603D10D97E615B9E8AA961E2F64CD6
:10DA5000BFFC9F119CDB2182D522002919A92E64CD
:10DA600039BF5E4702A3A2103B2C984B6996FBF18D
:10DA7000F8C12FCEE98AA718736CBB9988D17FF2C1
:10DA80008191AF09ADD06222674B534B9D5E8059A7
:10DA900023B34258FD2281BAAAA965D56A15929787
:10DAA000C8C053F8E73CA93D9BDC8CDBFE018B78BA
:10DAB000753071130D3733727878E0B193AF281F4A
:10DAC00076DD58EBECA93E6D1555E6805F5C4B4C5E
:10DAD0007109F9EB82D3F52F3CE985521D9CB2E523
:10DAE000DF492900C9769E713C4B0AAE906E84488E
:10DAF000D24933412F0C7F360B8DDD358E28C5B8CA
:10DB000018E7BBA7D1ED6911E4E9C43157F588BE28
:10DB1000D8924893846EB6C299381DED1A6C77E995
:10DB200007957C4FA1763B0AF70453C1E739CB0731
:10DB30007A235083135336B3E8DBDAB6610B783FB0
:10DB40000A5152B42276BD457518D5DDAD723686C0
:10DB500072EE416F11D2769ECD5D4356FB07227661
:10DB60004B42A5EC88DE9777E4402FFD89C25EAC7E
:10DB700075333BDD155AD9A4F99A58986FB1C6BDD3
:10DB80002DEE54421E734BD38270FF91690300F651
:10DB9000E85747ED8162F95B5565F0D9C776638830
:10DBA000218D08CEF57AB81BB8D4A4AEECA0A0C2E3
:10DBB000CDF6CC725A7C57E12517E44E1E7042AF69
:10DBC000965F62F7C1BC3EA4F7CBF508DE1082F188
:10DBD00090F8C1314DB6BD50927630F2CE5F026BF7
:10DBE00022A8E11C790CFC601562B4B2DA4CECFDA1
:10DBF000F154C9FA18BAB7D9D3B4D448E86A73470C
:10DC0000B3D37F4C416698D1CF950834E16691F04B
:10DC1000725BFEC9E69711815A2312CBFB85C7467A
:10DC20001CA6821AB817E97A634D5E636BB6AA57D1
:10DC3000951028B54657A0F5C224463F963C77CEAE
:10DC4000C7AB3E29A43156115826E357DA60A78C9A
:10DC5000A5A3F9D7FFF648EBEAC7146E87ED8A2A29
:10DC6000D79B6F940A3B7772155E2F23FAF90CCE7F
:10DC7000A850EE00A481D8A035FC08B2C5729E81E0
:10DC8000973263AF15DDA3761CFC9527406DC282E9
:10DC9000CE79C9C804292B72E36FD4DF607312BD3B
:10DCA000389719C0B7F27D7B23143B19C9A2AC4C3D
:10DCB000FF8CAEC4058C883FD5556EEE7B4620C1E7
:10DCC000038879C4C50A2FEE18AC8B6B85AAA8EE21
:10DCD00087207AF2B352D9C3DAB9E13BE4D5E5142F
:10DCE0006ED50A37AD1A2DE62B69B7AD31AD49A116
:10DCF0001000113B6D5859F899668D67AADE91DACC
:10DD000004289236573B3CB14D0C4AF76D4F7E428A
:10DD1000662C31805BD76EF8846CE5BF7325B3A4A5
:10DD200088CD9714BE13C96AE6F549A102CFB5EABA
:10DD3000266FA94F124A401237E997AF7E7D59C826
:10DD400081F863E4B83F6387040B67055F894A7E07
:10DD5000BC0B1BFE1EB43F70F236CB868C7ED1B05E
:10DD60006AA992BF039FEB4140FD51B91B507F440C
:10DD7000E5F821E0B3C58A409CE8F0017D6338C531
:10DD800047592832FBEF372FD8409AF50FEAF7159D
:10DD9000E6164B1F503F1A872B74846358057DCAC3
:10DDA000462C3ADF94F39E09E3E4E6BD0FADD53B84
:10DDB00035D935277AC9AA1D15D57B3433C04F1AFA
:10DDC000804FAF8FBFA0C757778DFB46D84DA2F0CD
:10DDD00046D7AF6A5B0A24EB3704C92BC7192489DD
:10DDE00053E2B2EDCDA40C40289A56EA46290C1D08
:10DDF000C5BA00F4538928FA4FF8276D2D07D7CDFF
:10DE0000D0B328F5F0208D27BFC6F2D04A01A496E2
:10DE1000FFF18E8F1D423FF9B0DB76571259C8765D
:10DE200042B6006340AE2AAACC1C09E67750489659
:10DE300032308D2E6AD6F304A92FA9832371A75CF3
:10DE4000FD937DF93A66DBBF3EC084C94F62BA815B
:10DE500028F00B1DC8A9C76605AE463B5E9F82A48D
:10DE60000C5654A67EFEB656B9EBD2086874FAE892
:10DE7000AC5274A0DF42A6B22E052971DBBB933FE2
:10DE8000B705F2A3378048AFB971E15BE2FD775483
:10DE9000680E524B9E97BE37F933F122644222C975
:10DEA000A5ED4BDE071A9A9AF33784F0B53AE0D520
:10DEB000B97221FEC14267F2752E49B0B10C033927
:10DEC000F595A6864EE87742509B1EF63C6BDEA089
:10DED0000E57019042DB4A3C5E723E1A994FFE2873
:10DEE0005DFBCFE4872F4E06F400D9CD5A93058B06
:10DEF000839CE08F38FF5F94A3D7594F55797EEA12
:10DF00005326FEB8ED145CBD92A709969A95BB42C4
:10DF1000E90D5A4B610D8E31643B6083036A4F6398
:10DF2000DCAB5126BE7102ADD4CCC8BB2B443E76CF
:10DF300021961D1995BA92C3F511A3E20FCC59D8B9
:10DF40006D6F3F1D871A6B4C97B378E49BF912A84D
:10DF50002543EEFFAA259BAFA28102497872846611
:10DF60005180D714AF18BD193C43D7CBB760C563F8
:10DF70009107FB156E279E33D4E32F194E54348737
:10DF80008377D970BF5E2F7BA34A760C53FB40F892
:10DF9000285EDF304B83901E4A66983E4A85375A8A
:10DFA000E9D4E416B117DE7D698BBBC8E7840BA703
:10DFB000BB72204B19DB6F95402F6EF62342A78270
:10DFC0005DDA86178F83CC1EC244FD47140AA2C7B0
:10DFD000AB282F356365C6F94F47D3CE066894C189
:10DFE000DD863152CADD8A2FED6A75249E477E3662
:10DFF0008C23FED165279A6A2CC4A6C30F49E91D5C
:10E000004B129D9F859DBF01FCBEE1A165E8DC111F
:10E010009A5EDE5D6CC940BBEF853E03A7EC83943E
:10E020007B46CBC083C61B1FF84CA7F5C64AE1361A
:10E03000325F16AD4792EC7634B51D5964E3406704
:10E04000BB562D037A59B86BA0DE427F933DB49145
:10E050007E356DF49D332897482ED158A6CF874F33
:10E060008A43D01E72C4294567C9ECFB9A817705A3
:10E0700062C6F8C1651D658FF4D90A5C179D45CD50
:10E080002FB12F88FD3D268464AAD880BD0CEC39C1
:10E09000CEF6B13FC4F4B3266CFF23C9A8B7A97E5E
:10E0A00040688785ED856D3862C83BCF478519A7E5
:10E0B000F3C7A08C3CD191081AC7B7B7C49E8DD3C3
:10E0C000C7A5B59C7CCE7956ABC370B7176D00550C
:10E0D000DF242C9585E7877400005FBD75E4DF962B
:10E0E0008369BC1693749CC652B5908EEE847534C9
:10E0F0009556D79C7831FE8A1D8874DEE8423780B9
:10E100004E0363CB3559499B77ABCE4D9B0BFA5EE3
:10E11000ED9D49DC667F3EE515BC4BBB5B6AED17A8
:10E12000A50830B11EDC48236C9275825AFA2CC0C7
:10E13000863DBC28D1DF2459FD624F38CA5694D1A0
:10E140002DBFD286039A1E0066B41C33D375CBC88C
:10E15000933B2E4B7F7726622F427871ABFE8F80E8
:10E16000E2496C6249FBB80B214E4CF78FE5976191
:10E170007E6F16D52A884D9F8ED59D42F8BB1B43D6
:10E180008FA7A80E4AE5C7BC46556F153370B0DFA0
:10E190004CBBA48CAF0C9BEE8F37DC785BD02B95FF
:10E1A0002A4EE798F261172DDA770D427E7F7EE7DF
:10E1B000C4A2CCFF73E0FC1C8D73A849F7AD673D8A
:10E1C0000A5A22267FDF40FEFFA9FA18C2C4B11DF9
:10E1D0003A9F95A867C21F592906F04565A4FE69B4
:10E1E0000CB6DED03AA42149BD8A1B6C40F159031C
:10E1F0000C0BBA788688E120240E78E73B9ECBB9D9
:10E2000016BE21E40AA2D395CC2D20E96F04E0D3F9
:10E210003E7D57C5AF454F2C72E6366D83B6EF7520
:10E22000A815018622EA32743BAC8CD69EB2BA4F56
:10E23000136E897CFF59732F861A0BA732070F556F
:10E24000D2E77C76E75D4FC2DBBFA1D1D5BBB2FC84
:10E2500042803943FA9875D05BB243E674691F90E7
:10E26000E335877050FD7B197A7101FE9CE65EA153
:10E27000FC2F4F955C0C072979FEE532F0021599C9
:10E2800043608454B2A98D7819E9BF8066D3C6ABC8
:10E2900020435BE9A80E21C44A63DE15B356D9F3C7
:10E2A00069BDBC1DB20AF30DED44C9B888A4C5E828
:10E2B00091C286AFF3DC947F907F8567CA6634CBCA
:10E2C000F7DDD3EDEFB7D37B158439861BF115E16C
:10E2D000446993F5E49FF18A656DA031A98C258589
:10E2E000A9B6A67F47814579FE0896006994F0B1EA
:10E2F00032B23F390C831E4B68444232CEA92E18ED
:10E3000068A26C7E6F281C43D2460DEA8B82E6978A
:10E31000EDC386B15521F5C1C479F411E6535370AC
:10E32000285FC0758F2F604151DEE2051E899E3146
:10E330006BD0EBE86BABC012DFED5F454B2DFB9470
:10E3400088AA4E3A408B19AFB243ED2FAF8289A60F
:10E35000ED38AFA466A7B5E2E19BF745624BF666E0
:10E36000A12E9A5D16906AD1525DCDC7A84F592350
:10E37000E02A6E7D0CA6F32B786740B03B5B6A50B9
:10E380008E3F16E3B46A77870E22CF4E079668E277
:10E39000C8C71C2762DAF7499DD371D7BA842573A1
:10E3A000C829CA36EFFA568CC8735DE58AE386D26F
:10E3B00043969BED3A73B523F7136F9E5CB937FB19
:10E3C0007B20E0C7A499B5D7E4F9C0103A5A9F79E9
:10E3D000B09562497204396B1C7C3541D72DACFE77
:10E3E00066938211308E966B684387A51DB4B8760C
:10E3F000A0C0B1846A1516D76E1958F18378A66D3E
:10E40000CB7302EAD33A9B334B3BA2A606E1BD7421
:10E41000DC2578A3B865AB5159BF01C43A33837684
:10E42000824CC906D2643FEA21B30B0E419EDDE463
:10E4300056F7316BD875C34840AABAC37961BE0B91
:10E440003545AD2D6256FFF0515596D4B022296561
:10E450006E73F41D7F69C52B2376ACD5C44EDEF7F1
:10E460000C43E388FCCFD5C7669D006A4BD830AE1D
:10E470000F1559EB4D7919E171FD8D2C216347CBB7
:10E48000CA14868DCDAF2C99C20C38D22607ECB0B9
:10E490000FA06C551B996B8A25655AC8C331F84C7F
:10E4A000EBAC93D9E5A0627F635A5BFAFF270C734C
:10E4B00038E30C0F52169054898A5DE81710891DB5
:10E4C00039DF10BC64EF6DBC7E99078B687E69D024
:10E4D000098AF8A655E6729F6E64ECF361131E0379
:10E4E0008F09909AC3CF02AF71F44775E9E6CFF870
:10E4F000264B625DBEB8E10CED749CC54F9F604F2A
:10E500008A2B332C8500BDC1A76A687CC7BC09264D
:10E510003A980CF244DDF9020E9AC629E80CC5C9F6
:10E52000CF52CB0558E3648A1EE5D0FA873237CC48
:10E53000E8FB07737B40A442AB43E9878DDE0D788F
:10E54000A160F65816FB7716A1E179DFCEA348CE7D
:10E55000738B3EAE0D506660ABA9FAD0F677A6512C
:10E56000C680BF753301F55ACF82B1877CD6E134BE
:10E570002126B42CDDF604A79A9F6724C2FC32E75B
:10E580006B895BE561CE1B4D624BA0B8C826036D5D
:10E590001D7E938C9B2D7B4D344DD5E4483C0F8ADA
:10E5A0000911D6F7D24AFFA6940E948D331CB6C536
:10E5B0006716B094061BF3B40E3DAA0507E6763144
:10E5C000653C184D16CC00681F50AAD55421868C86
:10E5D000C69BD437CF03215760201D6F455BFEDEFD
:10E5E000EF5F4F0FCA8956DDE4FE62048EAEEF88FE
:10E5F0002916BE56C2D4CC71FEE12A57FB6606E648
:10E60000F8F1E278DD0EF07B99937363C74328F845
:10E610007271C886A7B4C33EFCBD885FA40F17FC07
:10E62000A446496F856BD9DCFA27FD0EF5BA3D94F7
:10E630006481407BFE48B2CBE1E23C2215FEA4C6D9
:10E64000A52A619F083B7BB22DD9ABC61DD1E0CB7B
:10E650009D81A5437387A435FAC33FBB21857C5BAD
:10E66000D58A3A1305B24DD707D0951CD0E5395855
:10E67000DCD5EA4210E585BB4781760B22BD4F5FB2
:10E680002FD0D48D6120C649C4F3745B04A15178A6
:10E69000F2A5159FC904084731BFE961A17276C58B
:10E6A000581D28E5611D313FE755344D67EC7D6904
:10E6B000D191B8135F6BDFD59D304CD0E46822F167
:10E6C000BCE054395E719EC87726A819B50A5CC2B1
:10E6D0009E48A3C59F1EAF49EDF8C0EA14EEE09B2B
:10E6E0008302AA093E4A3A1DC3729F0F3292C8C1E3
:10E6F0004D8CD520BB33CBC994A7F761E5AFAE797C
:10E7000099FD9226E5752265274132518981C831EC
:10E710002A8FC22186846CFC55B2BE9FB0151F9D06
:10E7200088A936DC433A35484304FCD501A4289532
:10E73000257EB0D4BF0CCFB65CBA9DD14FDF0FC6DB
:10E74000E985F7528A0CE2B2401DD6978B4E5FEAFC
:10E7500000E0A2FD7FACB6D7EC4A3F9141FF7D9827
:10E76000FD5E3470CEAEE78BBB4CEEFD7414821DA3
:10E770003395849C6D9569039D562430C37F152B7A
:10E780004721421037CC19A4B26714D3E576F9D7E4
:10E790005454213C6F4293FCD0BEF68212F5417175
:10E7A000C9CCC58AEB08CEC3BFFB72E7FA31596703
:10E7B00045073569D29830EA48C72C529910F4F4CD
:10E7C00009004EAB56EDE851629D2371CD8AEED71C
:10E7D000D70DBDEBBB0179228E82217E3395722B42
:10E7E000F1803D4810AC04C07BB00A3195C209EB02
:10E7F0004B2EC3675D8E786C0840ACBA53C7C75EBA
:10E800000F848CD736A02BA1C5C3569004E91ED423
:10E8100005702649203A3CC358273D06DFCEC4B5D3
:10E820003C27282657F617827F63C04249AA4B48E7
:10E83000E5070C55A79A5339588ECDD71C9FF35036
:10E8400062CFB1CE69D3C59F0EAE527A7D1A98655C
:10E85000E8C8EE4799A3C78D6DFC60B2C22E993C03
:10E86000626CFE4AF385555A96F0B9620D138E8597
:10E8700003A80DE375C4F0D465E2EB6652CE30F028
:10E8800018AC93354DFEE0F5EF7C18EB0B45A2BBC1
:10E890002572014014E032EABE7D6ECDB0C50D2375
:10E8A00057A07AE6DAFE3E5B54970EDD1F8B50765A
:10E8B0008F0706E41BCCB2E30E5333E60BB4DCA3A4
:10E8C00078DE29AC7BB856BF149115CDA8A57D483C
:10E8D000BFC24A1DD40268B98C7E592DAFF3D4C88B
:10E8E000AB74F3A4DA2253DCB6DFC5067A1278B72C
:10E8F00029A99B807E3E68FEF385AB84565AF01CA6
:10E900000B71A5A56BEA5C2A832F37DF2573E58998
:10E910005BDDCCD9B6A8DB39EC19D83B7BC98E06B8
:10E92000437E52A5CD71B904EBBCD274A92C564ECE
:10E93000CAF8BAD80039DFA96980065C99508E7E82
:10E940009984DA792E67414721BB00D029FBDAF69A
:10E950004D708CD23EB141DC8CB55AB426DA0C171E
:10E96000E7D81BC28ED19C0E359F8D4BE2A4594B2C
:10E97000F712208111DFA55E1E941FDA231751863E
:10E98000007F355D400CDEEDE1C7E071E55F0FD241
:10E99000C19296B2833E0BD56155197559E6E7A52C
:10E9A000CF6CCDE0A425E7F898974F2481D87CB1AF
:10E9B000B5E32A75F82ECEEE0E128F7F28C6088A90
:10E9C0004FBAA162600EBD8B0519CDD761794E6338
:10E9D0000DA4394E3F2E8C56330D68F8883DB7F3A1
:10E9E00062F1FAEF55E036D9B60DC4CBE100281933
:10E9F000748EAD29851FC4D42C4B74CC45B8AAC0E5
:10EA00009505AC5B3EF7BAEA5546142483D0575CB3
:10EA1000E64FCC77C91F7C00AA20B5BBA9A86C2300
:10EA2000B3BA5E87B69B126F58B6F54E80DD916B18
:10EA3000822A5D283E54884AEEBA0725FBB8C932BF
:10EA40000AF545BC5101C11CC06093BCF4A7A5D711
:10EA50000AA2444EEDC46EC161ACC1649C43567DB4
:10EA6000B84AFC978D87D67F898BAC545C08A62C5E
:10EA7000ABBC47D9AAA116AF0E128F6C0B2619207A
:10EA80008EE91F687623853316C36A1AD39D961FB5
:10EA9000FDFE56751F3900CB0B6CF493C0E97D3336
:10EAA0001FB49C8B6EC532EFBAE78C4466191DEE1D
:10EAB0004C07B77BEBEEB1D35C72DDCA619ACD97A0
:10EAC0004D409725A40A86988D3D41836A78DC00E5
:10EAD0009FDA6C356FDDF52FF32CD9DB0622E13898
:10EAE000C251CED8BCC192BFF876773568AE3887B0
:10EAF0004AFD9FCF1E6C5D6B91135AF8A9A1E85790
:10EB000028E127F1791A540E7733A32626E2C4E5CB
:10EB10001DCB436181AD8710605D687BD8BD6C63A0
:10EB2000ACFE9D8030EAC20C13570C22E4D7A9CF6B
:10EB30000238A4C119E784A904650793AFD850B37C
:10EB4000B19C953C43B7D9A69DBAB6E19AE895E841
:10EB50005182FF9E1EF84ABD8DF2E84FAFD095E47A
:10EB6000D51FA93A1517C0CF7AA91E5F57676F172F
:10EB7000A6372FA7D237E978A1C215D9E4CB1F4F0A
:10EB80007A2CA7D58321286040F758F00FB549D4D7
:10EB90009C75E31BC1EB05EE13599BB3A1F1FCBAC5
:10EBA0008317B843533FECAD0BC2F760C9504B37E6
:10EBB0007A98D28005303CF954DDDC89C480C26388
:10EBC0004133064284134ECBE8AEFFD8DCAA333182
:10EBD0009F2377DE47752F581E3198BA516ED49F08
:10EBE000294D9BFC177346AD7C271F0A649163CAAD
:10EBF00092167A4264E2CBA2738283835D26BCB80C
:10EC0000EC26262BE7A307174431889324548F67FB
:10EC100090310F5651E75B5D38F4D9D170E84D9AC9
:10EC20007C4A0BFF9E29F141BF6CE7ACD7BF98D857
:10EC30002F229B90D4DDCF00EC0C4707ED3F99319C
:10EC4000D4BCA09B34C36DD13AC8481CE47AA8FC5C
:10EC5000BEFC638E8BEED8E2D10A0984EAB1350F8F
:10EC60002E039CF0D07E1F1799CD2B934F476EFD3E
:10EC7000FA3091783C6685C40D31C4A66120FF3816
:10EC800041E28C8892F6EEAD63113FBCF93DCC3287
:10EC9000C3D119F3D782888DE13E1B17E7A05D062B
:10ECA000C59405A1FB38B20E39C24F1B2D1DBB9E6A
:10ECB0003A53AB1A1604B827996C933CFBAB780E09
:10ECC000DE3A02CDD4BF89CDE084D0EA186A64B4BC
:10ECD0005EADBD450436315630E99030AA61A237A9
:10ECE000E7048E82B67245B6290A2E46F830BD5525
:10ECF000C3E931AC8707C93C51506C4734ED068FEE
:10ED00009BCA9B7821FB5D3507038F0506FFF60B39
:10ED10001215D22E135AFB953B6A7382E943E8071A
:10ED200043D9DEA5D50F7750A5A3CE3015BDA6CD0E
:10ED30009C7ED20C0C7559414EDE459CDCD447F7C5
:10ED4000BF60317EF950DBA947AAF9E436614B0F69
:10ED500065F3DE3FA90FDAF82121407FA49E3C181D
:10ED6000888F8F4E49B8DA05FF6F9EF07B6E34CFE7
:10ED70002B5BF89ED9D300A3A9DAE41D930131E6F9
:10ED8000CA48F03547D73F6C067ED32B9BB4F42D91
:10ED90003D747F9F1B44B48CFEB40AA234F5CC159D
:10EDA000474118F65E1BC29E20D26168222D8584E1
:10EDB000DF9E77C44D78E16FDFB75092D25C8281DD
:10EDC000F132D11319EDC13F87BB679FEB3C4C98E3
:10EDD000BC6D8FCDF35A436350B19C21334C5FB56A
:10EDE000997AB1ED86A54E67B7BF91515B1C08DDDE
:10EDF000AA8CE4D3C53091642C4B76C033E25CC35B
:10EE0000DEAB5ACB017D0A5F2F7627D6F6522E64F1
:10EE1000F2E90D61149DA4E8DDDD92E91F49880245
:10EE20006005B87E1BF6B7C216F607EB03B156FBBA
:10EE3000F560A9B7C76439EE9C6829AA3DB1AF3027
:10EE4000FB983CEF31A4F504176348AF49B1FA953C
:10EE5000D1AC3C792E26C60B7190571E798F1CDAE7
:10EE6000C8B7E5DED8904E17E748729E959A25F808
:10EE70004532D89BA16103F9AD766C912065D356DC
:10EE8000D5BEF4DD9F670EEF46FC91FD86217562CD
:10EE9000E18697AA30161A3D6C07F788FA3E5CF7B0
:10EEA0008129FF2FACA8DADE4DF9D8B86DB6D07441
:10EEB000D4C6ACCBB42E5D87FE1796BA9ED6EEA60E
:10EEC000B543BC45119A1A7964E8343E71064C2367
:10EED000E2B8100606AB0C6542C9CD44FFDE15183A
:10EEE000AC8934906E3B0469FAF9695255F962C4F1
:10EEF0006272D310CA11DF50EFA9F972A9BEACDD5E
:10EF000010746F47110335E5F4064AF22D4E2F7C3D
:10EF10006C9AD7BAD603F02852B7DE1787424E9DB7
:10EF20007E6FAD1A0F8F2E1FFF2F5F85C0B9F60CB5
:10EF30004EA7C40CF64F28F441994C2CCD5683D6DD
:10EF4000372B78F790F152403A90F41CF7AE2B082B
:10EF500075DA65BEDC94C1CC8F9ABBBD8C5B253B5A
:10EF600025CF8F521F43A624362363482502173628
:10EF700042030B5735CB105665A79EA6D478DF7B8E
:10EF800091C7CD721A783DB50CB0B83A4B78D8C756
:10EF9000BB85F5A1D50218F7487ED19CEFB19893B7
:10EFA0006836B0CEFCD215BB095036211101F37280
:10EFB00011122692E26F8895B89B1C847E4D077CC7
:10EFC00098F4E8F9A12AE9CD105382E4FD3473E204
:10EFD000100D717AF7C19EE23DA81ED779B3360AAB
:10EFE00037EA2ECF5A9493F4B63E14C6D8E54CCBEC
:10EFF000822E182F0EC5F4B0AA6D273B15289FD678
:10F00000CCC3D30675C13C1D015AE7B85114F5496C
:10F0100079C7EBB18AEB512DF6B9DF7F0033EADB1C
:10F02000A6FAA26926F5B08C88B4F460ED2AC8C4AB
:10F030008305E29C4206A85D2E3B7AB6F1EB0907F8
:10F04000408B3C53FB454E7E4171B8B645663DF75B
:10F05000AE242A6C445968C463086BAD4F8E415B83
:10F060004B1D9C81DD38D92E0EE3DD35A7680037B6
:10F07000388C91936BDE5CA315FA7AC0A1D9CD3B95
:10F08000C3EF91D78967C56610FFAB27C0232B520A
:10F09000DCD55DB4663F15106F9D9C992895F3D71C
:10F0A000E0182272B02979D611C6DCA6AD06E04F71
:10F0B000870B5A7E0D8CFC9A555C5ADCBCF6E455E5
:10F0C0006C850A711C50B66A226A177A9F2B4CAD68
:10F0D0009EC975FC53BE32DF170548907DFD7D9CAF
:10F0E0005DD431EF25E3DC611C1715F0729D4640BD
:10F0F00080DC1BDB8F02007A8F45CDA44BCF5C7A7E
:10F10000ADD75E2FC3947689E2A06BB4B209F063E9
:10F1100080B3EB4544D5B969B57BEF6C993516756D
:10F12000DA57E8AD961DE64140ED92A5A2D76D52A3
:10F13000AEF9130B51C25E16AE2F15E8DC1E87C068
:10F14000CA548AEAFD90691FE0A7C973B33384F0FB
:10F150003E7CE02D3F9A5D497834110DAD9CD8AAD4
:10F1600052943E1B393CE37778D6AF12BE7432A47A
:10F170000F1DD3AB8D1A5B2F0A30E6D37FDFCBD8C0
:10F18000734B47BE793E7C01720E5AAE2F04053A8E
:10F190008B1C9EC2FABD179F3CE2E5EF27BF1AA069
:10F1A00067D1A55F44ACFF6328ECCBA5178CE39532
:10F1B0001AE5222AB0F8115904E57522F714D3FF95
:10F1C0002192AAA4E87559ED1FD6C0CDB419FEDD71
:10F1D000FCFF38E3964C7C7E54DF91E22797E314E2
:10F1E0005FCD68E82B28BBE9754692CE42B262EB50
:10F1F00039C17CC0B272EDC593AA5F3C5DB159457F
:10F200009E14F560B22F05895719D1516CCC31CEBF
:10F2100064DFE4DF6A9438C202B0FD4D3406415C1D
:10F22000EC6844E9928B7F2954E118C4BE5F51DB3E
:10F2300084C5FDF853F8075F0CCB743EC5E27E4AE7
:10F24000F70B8E230D67763E2765AE2C8970DF9C09
:10F25000696678E2301ADD4DDE049D28C0FDC8DA0B
:10F26000BB79EB7395DBDF48F34F10650DDBAB76B5
:10F27000D5525F9C186BE34A3B967B17A0CA0A3FA6
:10F28000A762D7018F955B8534F04FB18576A45C7A
:10F29000D2DF3F63AA597D8B57326F4748B9E78762
:10F2A0001A52106FC6CC3C39FC8DFA7DD4ED39551D
:10F2B00077364271A14763DD1B21F40E3E2ED6D670
:10F2C000F9CECAF059BFE236D02503B4A06D1715A8
:10F2D00051C7F5986C40DFE84B2BC769832741FE87
:10F2E000327AC963275A4211FC27B071CA372D2AD6
:10F2F0005BCA37F1B14AF6A15664BA07B665344223
:10F30000DCBDE2C005A5B2430F88340F26FFB1CEA5
:10F310008966FD4823861DB78C5D60DFB8A7E920AC
:10F32000E907ED3989D340F1E6FD27960CAF1F526E
:10F33000464D37F0A11C148CEEF9EBFF604955B730
:10F340001201853E1990C1AB73D4EBB7944129AB40
:10F3500024605232984733C4A62E02A6F9B0F901B0
:10F360005C2D49C8FE4E9285889951F5822C78E52E
:10F37000B47EE4C1B4D0433337693CDCC796C9904E
:10F3800007C6474F16A76DB8E62B092DD74B551961
:10F39000E5CB117892F1235BAAE2326B6C4E9F733E
:10F3A0008EF92BA6BA58295589457391C4809B358F
:10F3B000C1919344CC68D4954D432E3DDF8573EACB
:10F3C00089BEE0E5C66596CBBEC311925DCFBA702B
:10F3D00065AFFE6821F52307350EA9C590D412A1AB
:10F3E000746117A0F5F99D1B53A7173E33363051B2
:10F3F0008B7255E107EEB2C4D56909695555DADA61
:10F40000D588630351753505182FA8998675CE04E4
:10F4100033A18C28A06BF1BDE4BC8136843AF97B22
:10F420003DAB03F9449237E864607B684DCD03F748
:10F430007818828A5ABBC6E7585AE96687998C5869
:10F44000C22B76F4D8F47437793D4ED182801611F0
:10F45000F93DAAC5927F49119159000398F8AEED84
:10F46000894F599A3ABCAE3AAC2D8F95E3941B8ADA
:10F47000F1FFCAEA9069F24EC48E79E40D6CA720C0
:10F480003BDF55404F2DA1B3177431D2C4C832D7DA
:10F490001FD11277F4B0E33B87B1F29015970A2998
:10F4A00068A4541E33A5118423583B536F636C58D2
:10F4B000FC96AACD9371DF392EA223BC60DF032313
:10F4C000CF17C73777BFC06E28849B60A0BF30605E
:10F4D0004B1B7A6297B935DD3664417601BF2777D9
:10F4E000D873A9CD89875A4E0CAAEDD98D5E4E14DA
:10F4F0002D59A231C61423F1B33A96C41AD48EE61C
:10F5000079A5E65A47E40C9E384EB2FFC13DFED5C0
:10F51000E64D610D5AD3891281DA38E71288D86F27
:10F52000169168566DE1ACED3E1E87B608395091D4
:10F5300084F5D8829883898DC670E528594276BBB8
:10F54000595C98AF51D7BEC5DA0A403CEA185DE66F
:10F5500022D9A7C7B36298BEB1FE500B889C22EA9D
:10F560009D8BD9A1675B65161AF89C745D436D127B
:10F57000D68B2B6873D47531A0D807918A3031BAF5
:10F580006591DD5CD7AB3FFF84300D6A7104FC7F71
:10F590002A744653F1B05F1074A23F91AF015D0D24
:10F5A0007BBCD14E4810F6038FE91F9506116DE91B
:10F5B000F2E04CFC8D565954A5BC39FBDA4480EC82
:10F5C000680EA3D5075AB176DEA99D8A8E3190BE0A
:10F5D00008A2749FB6CED21D7ECBA2FF4CD4E542CA
:10F5E000BFF2025F49D24C580E370DCFAEE2816CAC
:10F5F000146661C088908024C09B1513A66A2E8172
:10F6000027DC1B31B21896133B8E7513D07334B6BA
:10F610007AA38CF6A3E21C79FEFF4962503650466D
:10F6200057737C1D691D7E072F59452EE7883A4C7C
:10F63000621E67D9641A437EA3FF9B6E1EEE164DB1
:10F64000ABC09839DD8EB16D6E7667A3766D724F63
:10F65000A2150D563D460A415AC5656CCD5CF44273
:10F66000D3C00FBA5B16ACA03E5C53009463822FEC
:10F670007F5CAB0973F41CFFEFCFB993F7DAEB545F
:10F68000A7A2DB3155A4943ECF6522DDD8A9484D11
:10F69000AF5BB3967ADF5D9F39C5D9CD1FE3021CFE
:10F6A00009EDE79CD23006B5EDC38BB645C128788D
:10F6B00011B53470CF38EB60AF06CC91E902486DDC
:10F6C000A998810014E5A6CEFA14312CB61A3BD0C5
:10F6D000A126F7EA5D2E014F065EC5C869012F120B
:10F6E0009149561CA89F6D8A26D3FB2EC29174E6C1
:10F6F0006B7214EF9B2E7E3B166D43ACA9133E2616
:10F70000E6E75AE634433A670BCA473EBD8FDA81D3
:10F71000DE90040E90744EED13D1F3C128F76D27DF
:10F72000FC85E4F677CD904F95DB1C2F86ABC13579
:10F7300048B01500566A17CCEF9994EC8F6AEDAE7D
:10F74000AE5398CA055977E720513E356A854F294F
:10F75000D3DC626B77AF48446E5D0AB04A055C2328
:10F76000E7A86670BC6180806AA41B1E6D99AD4BD2
:10F7700023933BA69C288414F1338400A9B67E8B86
:10F78000400B67885EF724BB5ACA0D3B1DA1CB69AD
:10F79000CCA6ECD0896EB0CE60B002C71D722290AC
:10F7A0004818D79E39555B0AA2E7C4660EB354B316
:10F7B00074CEC2B02FC2402DDEBEE9141C75954731
:10F7C0005E9B72700037D5DB79237AF8A2E23B3971
:10F7D0006C97C002C405C05B2E30EA62175C6444BB
:10F7E00071338F04D09E88C42D041845279AF7DF03
:10F7F000E47613C574B859EAD69393868A266E1CAC
:10F80000674118A14772D45A93C3F13DFCDCDDB4C3
:10F81000C292C4DA095BF7FB4E3D6ED4F774338FA6
:10F82000EB270EF7387D47219C417401E0DE2B7AEF
:10F83000E1F3F7E8B3D3B4DA83CCC06E389FEE407F
:10F84000F497CDDD16D3B56CEAE87BE3735601AED1
:10F85000EDDFE149E770C2A29E8E3A7BD2FB909D1C
:10F86000925B5274D259E2DA6EBCF2F76E49D27BE7
:10F8700011C687D338066485BB6568E56F6AC5E144
:10F880000F641CDDB13040B1C91C18BE64BB0D72E1
:10F89000CE66555F1164610297C3E014A042D2376F
:10F8A00017D9BA0670A3AD1F54543B3D1BE0877FA8
:10F8B000B5905755F8A52B7A5EC9DFE877C541901A
:10F8C00080980DB12FB4CF9A50FB9DADDEF4673F09
:10F8D0008C60B68060F30D6E1D3D3B08AEF9C5959A
:10F8E000D16D99D38BD3A795DD3E3FEF6BA212A3C9
:10F8F00023CB13D29F233425C234EF13ED2ABD034B
:10F900009EC36A2333BB985592DAB73E1BA018B04A
:10F91000AA0FC2B7FDAD4A6DC08351B94CE58A3517
:10F920008B649B264671B7AE3ECC2A2F28C1C3728A
:10F93000E471FC9049F10AB0D6D307B1C1DE40D6DC
:10F94000974A2E498CF2B933D26144B2464E6A537B
:10F95000B5071A3630C0D9EE3D3B937C8B4AAA538B
:10F960002997DF65B70AA9A3372DCDE0D4ACC051E4
:10F970009EA5D75EA3FABB353F57C399AE500D6520
:10F98000404284329BE597D445C14BFE55CB437B27
:10F99000CADD995D2486BCAF4F4564079DE417D14D
:10F9A000660134E30F62E3EAFE7B4237410F5FAD4D
:10F9B0005298CDF55D897AB4090AE254432C243378
:10F9C0009C2DE3235B820D6CC3E9FB98C1B08E7163
:10F9D00083AAE7275D5EB7CEF0FFDF068E1673734E
:10F9E0000D7F58E876AC9983019A773F0E8B167A93
:10F9F0004C2B27BD3EF3C9C5DED51E8B8F5100921F
:10FA0000A2BE8F537579B62302226FEAD7E120DDBB
:10FA1000EB63DF53600FBBB6678C2EE0F9D02A484A
:10FA2000D69EA180DC05A7BC8308329D96DD4ECC16
:10FA3000948C607A84DB5F8AD192B3440096DC9D1B
:10FA40000938A1F0BB00E28B461BFFD0AA6E19DD7E
:10FA50009F0E9A8E1FDD4047DF569832612715684A
:10FA60003EA7E15B7F33644BA1759D3D95AFFC5F85
:10FA70000ECC6F7B04239AE5EC1D337672616DAE7C
:10FA80002ECABAA4F6FC7D0526CD601D492C70B1A6
:10FA900017C77DD905B8F623F8B8604595B3CCEE05
:10FAA0006C235016F7537E61FB67D7945C32354860
:10FAB000ABE7A73932852F6D55A5765CC29CE9CBA3
:10FAC000F8E21CAE1226CE10982E221506450240F2
:10FAD000BE551B5A0A1453D310C86C827606B2FB6B
:10FAE000B6A3A976F913186A7CF4922962AB9794AD
:10FAF000ED623F0EB031BB58149377C70FAD1F486E
:10FB00008BCCAB24683D8ADF3428AD2FECED141587
:10FB10000EB6A2D52A2A1558EAE08DF399A13DD454
:10FB2000E55361512901C68A7D44D2A671D5661973
:10FB30009CD1FBEC96DACBA75E9ED844078FACBB7A
:10FB4000F5DCA86B75FECE298F648F6E58C1A1DCE1
:10FB500074E1549ED4FBA98F874B48FDC025B000AB
:10FB6000F0358CD4CF4F20FF624DE2B719E0655DD0
:10FB7000E380D2C3B7738956AD30803BF6B20BAC8D
:10FB8000299F92D8C5B6973E48E2EBBD392AC7EC0B
:10FB9000BD523A87A5E0BC618C6FA28F97BC7EE115
:10FBA000819D3BE67BEA54FCEB24DACD89BBB7C7E9
:10FBB0000DE289E5DEE6BB30FFED36DB532C523833
:10FBC000C46D99BC6A68F721F31C4EB89B9CD85051
:10FBD00027307E9BA67911D17FAE71BCAB50CF4C44
:10FBE000D019D23D84255AE2DFFF1E4362490BCD76
:10FBF000AF35220952C2D10698ADE602A791BF7572
:10FC0000A04D7F62CF542B09153CB42A44A519F6A8
:10FC1000DF33D8873033FDAD1C6132BD4B4DF8F377
:10FC20009FDA4035542FAB9E440BBECE3771240E65
:10FC3000DD5A289AA5B293A493E8802E824CDC600A
:10FC4000E70E00E63BBC23BF214A142E688AD9ACDC
:10FC50000BAE90E69D890DA74632EC6C85032A9F7A
:10FC60009F8EEDC07B224596DC44FF6D17EE41C8A8
:10FC70006C3620C3BCD24D6BA68E9E96D9766A4B4D
:10FC80002121EC0DF3FB2F6E90CCDF09A43D71EC2C
:10FC9000E6A666DE00C1A8B44BE2B6395CC8B092F5
:10FCA000DA2EC2351D9CE3046F52CE49D2ECD5E664
:10FCB0009B212CC6F4A0A8A38E08A62457CC0BFC2D
:10FCC000A168B2498CD2DF9C253CC8A3541632707F
:10FCD00036A0475A3DE578DFE99410EE65092244E5
:10FCE000AD1B08776C7FF55B946240678A0B967E4C
:10FCF0008D9419B8A6188EBADB09DED7ACAE619F19
:10FD00001B994D8523B1D670A61EBF8FE65BA2F965
:10FD10000827703ACA1AB9F121CD42D93A6C400687
:10FD20008B268F2298EC7509B998A5E0E8E507F7CE
:10FD3000754C9AF5EFACCD43658966DDA7CC11F122
:10FD4000BC7D5798935A15E83091BBFFBFA23F4640
:10FD5000AE3CABDCD1E3373ACC581D7B4E0A8BC7A7
:10FD6000314488CAA9F5E61AB01909DD4F0A196AA3
:10FD7000DC26519B0700B448527BCD621EDFDCA914
:10FD800088397D6F86DCC6584AB7767F5B5939DD86
:10FD9000678D11FEFA2B7A78F7A398AD56E05BFDDC
:10FDA000FAA2A83C14B031468AA45F7DE75D29041D
:10FDB000D45C0041BBC2458E2C97E1E1644E8C2A95
:10FDC00025848CC913312A7024F650FD83394EE600
:10FDD000A555957419352094018542922DAD27863D
:10FDE00024CB6D7C96B8198F827A56138BB641302E
:10FDF0008F66301874B1400BCBD834B2B845B559C2
:10FE0000E978EA22607FF866E348B66E4ACF70640C
:10FE100093FB585D39BC6D598872C1BF0B39EEF147
:10FE200018D67258840C7C056156329AE9CD3E1A78
:10FE300007D7C52CD7C1F5C8E51AA9ADD9B23FA1DE
:10FE40004C73024B2784D8C0EC1C2E924C73ED737C
:10FE500054EA578FDDB9122AF7BBE4B6074C609B12
:10FE600034C76BE0F87819CD3B3CF791D304A4EF8D
:10FE70000981841A743A842A60DC1B214CBB4D67CB
:10FE8000C211ABB8A86C1DB8239DA2DD9CB5A79686
:10FE9000676D50EC1B639B7AA676943DF9442A85E6
:10FEA000CDE28AE4C99CC8018B005F13747BCF4606
:10FEB00031ACCAC3F2D70E9567090F52175FDE1235
:10FEC000175762A9EEC6A20E20169E9D0432EEAB15
:10FED0006197F927229F05AAA7DCAA8D10807BAC29
:10FEE0008CC9836E41D5F3CC137642FA4261E3CCE0
:10FEF000844360A7B032C7A3921D3075ED00EDE1D9
:10FF000014ACCB17CC2082BF7C5D52153BCCF21CCD
:10FF1000DCD4C229CE6F1E6FD4C5FB783564B2160F
:10FF20009477A914F09D642C2900DF6815641F3CA8
:10FF3000BB1ECC624328482A180CDA08FCE4B9DB63
:10FF400000B79DB8AB4AAA98C31DECB2ADF55E8C64
:10FF50005DCB0D746E61FC713D595D588AB8BB581C
:10FF60009B9A0D646F4058B1C9F191F49E82BDB067
:10FF7000CF98A7B5B55902734859B9E7F8CA4D1AD1
:10FF800082F6DD545883AC31F4ED833F45CB5828DD
:10FF900065EE38203B598CA5821FC6A1986BE2699B
:10FFA000364B0668F2653F1549146EB59C1030A0BB
:10FFB000735F1B5A229EEE7F2525CC1243CD2678F7
:10FFC000EADE19264F89B79E27281BB352BB2DE5C1
:10FFD000B7EF53F7D7C4369D6AE00E49C1135E2AC6
:10FFE000BC1D1A066E1566F2F9ED50A1F0C00B7F2C
:10FFF00068687C50CEA6057B6442C9B5D5312058CF
:02000002F0000C
:100000001C30E043408A82D8A4839363731AF19C26
:1000100062D238653B8CEFB6F92DA89F5CEAC8E543
:10002000576CAE8A30255ED412055EE9A028C83F21
:1000300053BD76883F278A1532BAF5A8B651CD4A06
:10004000211B7FFE276869AB3863EBD16053AAB0F0
:1000500031E069ED65282B1605972CB011BE33955C
:100060003F2B504AA2AD8C885D05284660ACFD2927
:10007000C530053DE6E970B22FA696003D13C6EEE9
:1000800003ABB95879000579EBE9AA250638A9CB65
:10009000C6AC1A3C8DE610F795FA60B1AF433F6EDF
:1000A00076EB2CA6CFECB59D5650C8E1044DF35D20
:1000B0004A0A16869833B4F9BAF47FA6C2FF35C54A
:1000C000E74C76DF735982B78F7ABF7DA230A821C3
:1000D0008139C52FFFCB0D1D6A80B319B4CDE98BD3
:1000E000A631548118D3A56A38B08B93ED1B2DAE81
:1000F0003106A035C7588EB0D6543DE1818ED71653
:10010000A5E311366B87F69636EB14E1BD16A021F8
:1001100002C0B0D361D20135D5D6AF6F4F5717515A
:100120007CC04E516A436243FED69F2E448B2171A0
:10013000305AA7465C7B080926ADE1C57BDAF0861C
:10014000E87106D5CEA8509369B7076C43FC1AA294
:1001500087712EB17D28F5CF696AFC6590B1466E36
:100160003F5A2D2EFFD2B918722EA550483549C9D5
:10017000136A26BD8BDE7EA0DBF41B8BFCB7E88AFE
:100180006349FD674EC755BCDC6BDDE89CEAAA7489
:10019000A2AF5A10608091986418FB894959A9EB65
:1001A000BE442715A21C90A88C4FBF096348AD63BD
:1001B00024133F9AAB9B9E8C1472D5036A0C4AD8C9
:1001C0001D6E63F16D8D3EACFDB8C84C582FBD3B24
:1001D000A14B7BA15C8F73A300A295E916D19196E8
:1001E0009BFBF552C69A58952E684DC2C9605FCFE9
:1001F0001D35CB43BEADB1D817AF775B9D74FBBF48
:10020000DD00A2E6C62027494723352AB1B6D1DA58
:10021000DC04F50704DCDCE7E75BB267C3B52C055B
:1002200036014614B65EC63A3B1DBEB939EC8CCBDE
:10023000EC9A1E17325539E13F5978CA364136C912
:10024000FBEA404FDC7F031ADE9203A1DC891C5FCE
:10025000F71DF470CF7865BB163B219AC6DD1602F8
:10026000822E595479881D5FB7B5D3B5A9BA06EE69
:100270003091FEC07DA4BC85E64456A56C9DCFF2AE
:1002800002CD1E2D6D4BF262A4582D41491D253C17
:100290003610CAFBC7C48F2CB4B48B5AF9F8B648D1
:1002A0001DDCBFDA37B7CB35774695069202FB7077
:1002B0009154922D06D2ABCE0E7CC2604C45D15DDE
:1002C000662382613569DF05F8E6CD1DAFB3F3B96A
:1002D0000A77A45060185E2445396756075968911B
:1002E000F23044F6904208D8FD4ED5F5807F495152
:1002F0001C2A1221DE56A04A700CE140599F0F6E55
:100300003D1C9B25AB7E83AD4A30C36D9C45892A3D
:10031000901EDB89110F4D63E7F093B3C9550ECBE7
:10032000B472E0AFFC29FB5DF9A6D0BC977E26D65F
:100330003D2CA50DEF3B96B60CBEB42BA26CA19242
:10034000F489A3720C4548224A925BDFD5085AC44F
:100350009A34794DF4D3E85C5ED081B71603AFD1FF
:10036000C0AE3E14A6192ECF843800A155A111535A
:1003700013D65C9E96C3B9AF0D632F3A4A887ACBE9
:100380002702BEFA684EAD9FC273DAAC6374405167
:10039000255386172CB8382795DB180B372B0D788B
:1003A000069BEE828B5DFF2AC08401162BC2832040
:1003B0004D42E9024101951ADD471713008A6BEEA1
:1003C000F26574CEC2CA4F30271BE93FBD54008D81
:1003D0003202223F7C165909A5CEB6DF0E13214703
:1003E0000046830D2FF457CD2C2EAF0C6CE77A0608
:1003F0002D8D6524FD81F6B116CAEC3A0F484AB13D
:100400001819DA6740AD0982F2FF41D1990DDAC0BF
:1004100043F2C77ED55D24F3D86BC0D558A1A51A89
:100420001EF1A8F642293D59322CEAA392E817CCD6
:10043000319FB498811DF3FC106D9CECC3F144A86E
:1004400020971BDBEE6CCBFA8AFF58E1DE838B1022
:10045000CB80884C41D6A71ECB5CFEB8F938984BB0
:1004600085518DB94D43C0F632FB0B4FE2C025E4F8
:10047000E4130731454639F850EA6B430AF85F0F39
:10048000EFEFE6F99C28ED9B4ACF997E0D5AF35D7C
:100490002C5CAC1149EC3FF604B3A7262080000089
:1004A0000F805BFCE3BD32AD4FCBA6714505FF2F3E
:1004B0008A559AEA975F0FAF1F0D9962FD0492F972
:1004C000A76405680D5400D059451BC0D5A8ECE0C1
:1004D0009AC4BC24DB9B11B5C40716AFCB38D6AA8F
:1004E000B94B5504FB3D632BC31C475A194A05BA47
:1004F000C5E4CEF851DC9EDF62F524C6EC91899903
:10050000213146EAC78E959EA1492D9FBBFC23A2AF
:10051000AC6F9A0C3030600C23AB9E09FD6B53AC72
:100520004C3F667E38BCE95A6934AC058982E75A8B
:10053000DA4379BDA84A075CB7222931336FC52554
:100540008ABB619095A0E86ED79DB96F29B8CA881B
:10055000C32A6EB5FB315AAE0FA5021490733F4605
:100560002BF66C96163C9ED44D1AAF77D4F7D88BE9
:100570005FACCB9715BDD949C62E85FF78DFE30761
:100580005001C124466D7B6245BD764CE46DC105CA
:10059000E15CBC934D331B2E62474DEB74BE7BD5A3
:1005A00081990CE5931424B13534DC71F63939DBCB
:1005B000D009D86DFD7A82B0459A878623CC48B899
:1005C000015698BE444E1D67AC5B4708439197F7B0
:1005D00052E1754E76D8472BF50623A738AF05387C
:1005E000553453568C25E03B8F5CE50FBABC6FF950
:1005F000A36C680CB5D52B5455D48B278338A61320
:100600001F167666E2A5673C6FCEC6801FE6E32C18
:1006100016A12104E9BE676EF441ABA0D904842081
:1006200041135F6EB26A2E09D6A00E80C39DE48F7F
:100630006A281320F3D3A8C41F96A3C96E660ACEF6
:10064000E10565C7C8A4EE0740988B354AECEECDAE
:10065000BBE65459ED6D73ABF6929222DF97FC7BAB
:1006600029548F4968E5BE2F273A591229616EEA4D
:100670008EB18DDBC2B4217691F508011EE9EFA69B
:10068000F7985EF4CFF8A905378212D08CC887D2CC
:1006900031598B8D2D79BE40FC555AA93F694AC707
:1006A000E06D3540D803EDE860FDD7FF2523CF9AF4
:1006B0009DC0B58A54E6A8710D849BDEC00ABEEECB
:1006C00041438FE0A071EFE9296A4B76DB7015F5A5
:1006D00029EF020EB732375256C672EEA034ECBD87
:1006E00090118544C45FD462E2AFF06B4D928BDB16
:1006F000BB3A088AE6E5995A61B8D8AE27F4AFD676
:100700009A41A274E1907B22601592CE03ADDFB5D1
:10071000251443F7A75CB4150492C21B3D0233565F
:10072000622333CFB5DB83B71B19E4AB06F5D05991
:100730009E613FDF464ECE01AB587F276E19953440
:100740005F86862732EAE9052ACAC960603D2FE143
:100750001E15FCD2EDC535074F282C05190D027763
:10076000E97EFB82BDE92C31A1723B616E12AAFDCC
:10077000DB40AD8B3115ABA111171A483DF2EBE709
:1007800098AF6E867AFE37B0CDA3F3CD4059CBAA91
:10079000E9A3A26464557C778C0621B777D10ABCA3
:1007A0009E566B11524194511A9A218C69ADC07BAF
:1007B000C9883BE67EDFF8D32C68FECC653D11137B
:1007C0008ABA44A7959D2CDE187338A04CEE1C53B2
:1007D00036F3FC29CA723B8FF01F05B893C2762E00
:1007E000B41F86B4C784E9306C1FDF4CED944534E8
:1007F00040236033EDBA3C65ACD6F0A1046EE27FD5
:10080000E4C2A666554A245E83EB4065E5AF101D41
:1008100084F351AEED64018165933EC3615DAC1616
:100820006509E33AE54CDA8DB3D1AB02D3C50F9835
:10083000A194948874D2F16F49A0A788069D24E7FB
:100840004C59D330CCF1BB274F081BAE8928A219D5
:10085000DA5053109219F9859ED45F83F1D9B38D84
:10086000A319BCBCD76E778C6827342E98F8F17822
:10087000F4B9FD48738AE9BA9BDF8CF4CE2BB09CA7
:100880005305D109A4BE1E194699303D287BAFD22D
:100890005EE3C680ED5ABC95365AAEDFC8430CCA3B
:1008A0001E1193599EE58D38BAB3FE6A555E2A93A0
:1008B000B8CB26F31D10942D72FBB755A8B1383C68
:1008C000E0F78F4F5C4C2323B0E1A96EB764AEAC68
:1008D00044F98682ABA7E4CA5AF51E7DFA41436FFC
:1008E000DB66D4BE86E3F0706C17EB8A741BADE355
:1008F00006E79F115323EFBBC71EBF74EB549C81C7
:10090000FB5B977A379BD115EED0151DD065DEEDD8
:10091000C9D28864C4BB7C4C0934AA1878305E7A8A
:10092000398EC0F0C79F4359DD2388FD84540A9F48
:100930003DB5E3E97A4CA2D5189B34DC707A89582E
:10094000AB48346A75EBDA73E36693BAEAD2256C86
:10095000FDA404C7AFDCC7422CD04C1A986F3F6E81
:1009600025324D50670FFCBDF8ECCA3F5F88B138A7
:10097000CE8F675225D6B9F5890C70230EE2B77970
:1009800073C402FDF46A5C2F13793B0F59ED31C338
:10099000D32A45A865BCA91256190E28203E142159
:1009A00065233455F8AA517C175A0D3F49C90016E2
:1009B000938A6E57C2905527D441444F0A43A64AA2
:1009C0003A4CF10E43CC543A34E779F454B21084E3
:1009D0002CEB256BDC9802CB6B718D043CE49946C3
:1009E0001D0A7685CBA56FF9777C4F4184E6A1CBB4
:1009F000CE81475233C59487D49C5ED371B881F0C1
:100A000087207E6A28CF4E7387F77693141E401492
:100A1000B108CF712E5150C8B45C8E3A1891AA48D3
:100A2000711E0A61BC0E2EEE6E42426D8D2D1A357E
:100A300010317B93C2A9DE27E00DC834F0F13BEE04
:100A40007C6EA39122C777F0E6C4E4F098D47FCF00
:100A5000BCE6B6825B59C1AB68B73FD7141468686F
:100A6000957CEDADE8AB5EA9EDA4B15BB5B629838D
:100A7000BDA60F80D1F1170BD643D937ACF702567C
:100A8000434DE271BADEBA49A5479806E8D06DAE8B
:100A9000C08E29B6B137ED48A6CD0211BD63DB92F9
:100AA000428C36E7A47C09069CC34C471D1C9AC5A2
:100AB000121FA06DF246661397AF9011F0FEC8E1C9
:100AC000F8950E39F2F7F1B352C454D21EA006FBCA
:100AD000062CF2EA7298A307A51B87FAD94AF10AF5
:100AE000E4EB1B824F15A6C9DE3669C8BDC3819CE5
:100AF0008BF2C2BA9F6549D018572A29753C7B45AD
:100B000025DAEC99FF98FBE9FC66E74B37AE614DBF
:100B100070F21E16B48D351BBB49189A2A99BA97E4
:100B20007D54635084BD4E050305D908B5CA6400E1
:100B30009E70652BAAF7FFA26A96FBCD905D3FDE03
:100B40000A28917B8E807409AA2F931FD97E90B5B5
:100B50000D50D87DE6677A9A3BC3164E9C6BE7BB77
:100B6000AB51509516B0FBE7CE8046C891381A9924
:100B70000E51C32B919F25282E2568D6386AD4B6EE
:100B80001FD4E1E731E30FCB23F1C82268A97499A0
:100B9000F997BAEC0EB53318A384E4E4FDD85241BA
:100BA0000AAD9A96C36B43137C25D0CCC102B731F2
:100BB0009AD11262A8CEBF3F5569381728DEE56E7C
:100BC000F55CC26E65BC937FAC65E0CAD9BAB63E2F
:100BD000124D2BDD247B20F13C85565A7B9A479B96
:100BE000F1CAAA62ABFB59696A8A0281179963BA92
:100BF00030D76B65651E4C91F8A091C9AF7AF95258
:100C0000D2EEBD54482D7EC6954D65601018764FC6
:100C10009D24C281F57584F8ED3B61F9DD5629DB31
:100C20008B75AEA31DC34FC168F8812C2B2529FFFE
:100C3000499C307E5C1211235930679CD534C6B96B
:100C40008EA035D2C711204067D30DA569DABE5DED
:100C5000748D58DAED17B921D465B4004700A0624D
:100C60002FAF1DB5C076F7CEEA6B9F97A569942A82
:100C700030E5FA8BC3A734100CA475D548E745843A
:100C800057F533E35D6E4165359E3AD688362C7054
:100C900054A65C9A6426A60139FD98E4A9D80C15DF
:100CA000AE6272C64CED677B57DCDF9361A60BD852
:100CB0001AE946BB70DDE2D315593E72508902E84D
:100CC0007C12AEAAA848AC7AE2C36FC31D86CDAD34
:100CD00047BA668DB256C1D7FA88C102F88928F0A2
:100CE000C4E6F1A2617B4189CD1EA860FCFAE72D24
:100CF000EFFF190D29FABCAFDCF6E56C3703AEDE69
:100D000081B045ED14EB6FAA3630C08BE5BE9095EF
:100D100096F3EC9F6EBBCFEBF8C52E90E036CE1E5F
:100D20007F3CE26E85EE5AC9877CE85C7911AAB9EE
:100D30005EDDD3AB2E0FEFB3B76F80EFDBC034E5D2
:100D4000A368DBAC675C9E3A9AD859BABD46B995A0
:100D5000A639CDBFEE4B23A9EC3F03FC029F572BD6
:100D6000E13CBDEDA6B34583A6BCC24FB1C0857CB6
:100D70002639CFB39A4532C6AACF773FB90BD8965A
:100D800086D9077DA333AEA8A306506974908F3728
:100D9000A76C6D7F1F0A6E54BF7657F3B12B02CE3E
:100DA00046DC228C358B57B30FA2D22B2E43B43B9B
:100DB00006A26A3633828A3F71028FAD5448A896E4
:100DC000B5C84AC160810C417E46DF98CE1840B755
:100DD0002CC638104416200F9E2A0D92447811CE4E
:100DE000098C4F8CBCF97D138D31D79B493DDE9822
:100DF0002B414AD572DB29BDE63DB9229989C73B13
:100E0000AFD2FA4AA3F355E7AEC70216977DAB1FE0
:100E10004FCAAD8A072BB199E8E2186C6716687360
:100E2000CE0A66BBD9660BCBE9B984E3B282DAB3EA
:100E30003232A9A9E07CABA6C0A3B6DA3010E150EB
:100E40005F07E8AFBE908FDCB2E42962B660287617
:100E5000404106655745AEA08C98494BA673E2DE2B
:100E60001BF14A6DD3F57B8F2B2B8F7CD9C6662166
:100E70005C5D44A6BBDD74A635522C7E7718ACE4CD
:100E8000AFE2EFEB38D22987234CA07E5789407D13
:100E9000B6E913137515CE82F0261AAD5931576491
:100EA00020C5F3018482CAEBC9AB2E877679FF8413
:100EB000C6C9EFE2F064E2A97A03E785F6129B7BEC
:100EC000E71AAB099143DB360AF05A07F1B98D2FC7
:100ED0009B581968F50B6AEF041437F20BE4E6959A
:100EE0002B10B6877AE5AF31E0246F3F46DA3F1921
:100EF000FA460DE99291539EE545EECADB0A745D10
:100F0000783CF29E1692F58E2D9B6B2F4C4B0D9AD2
:100F100070F33513FF4D5756C4D1FE0B134659508D
:100F2000C61F89DAB15567F2ED2C9D7BFA82747F7A
:100F3000389A42BBE3BA8B9A46F96B7BF281A3EDF8
:100F4000A709163C410B346DCD15E9AEB590870865
:100F5000357DD01F725D4FA0B492051AC3A1EDF18B
:100F6000D3A458AF862F3D06B33430DD55EB1218AD
:100F7000F4312F224BDB80C7522E59A81AE965475E
:100F800056081F45FE58EC8B3822421F12D0F963D9
:100F9000DCA9632795BDCC04414212AF7BD2E62F7A
:100FA000B54CE25373A143AB37C1CEC0418F04DDD2
:100FB0002F3136A2659EE530BA00525CEA29BD6148
:100FC0006A4D04153E9FFEADC4055B8A3AF0DF16FC
:100FD00035D4589588496170CF830DF2BC53EE89A2
:100FE0005C59F9D5F5E4197BBF26E995CCB3F62613
:100FF000FE07B6FEE08A4C64C7515427BDC4D176C3
:1010000095F90137D88F5AB7008F77D4E36B8C46A8
:10101000F71F558FB56FBC502CA46138BF5C508B47
:10102000A1DD4F00C2ECECBEACAF5B6A5C3CD9AC5E
:10103000B94DF002FF4D4F657D91815A7CE18B6F78
:10104000776897874B33351B55CBF91191F0F6FD37
:10105000EE9FCA550E6EAAFB040CEE8452C3AAE59D
:1010600087446D520215A3F86AF92CFAC0306B461A
:10107000832747C10DEF808874C87E86E1312561E2
:101080004D011AA7115681B6A2251CF5EE7A4DCF57
:101090009ACD78ACCA9BB43EF48A9F709192B1010C
:1010A00018C788DEE6B5E783F631A6A3F929961CB2
:1010B000EEB1DC6F06090CB9BA2B42FFDB99CC1CF0
:1010C00072F3AEC97E5D1F5269739A63383B96D640
:1010D00082873245FE49F0F15186851AB12277E3C5
:1010E00091C42F761EE46605D148C912B114132F9E
:1010F000BD173EE23F6D9A666C6BC2FB98AFCD7632
:101100003BDCC0B5412579F027369C3321F64BE214
:101110005AC97B010BADEC5BA8BFADDB75C2E8CC57
:10112000715F99C507A3EEAF34BB76B9A76CCA72DD
:101130009503CE147F385077FC70B33A31B9DCCFC9
:10114000E65208BB9B769B4D224B71E8435B41976F
:10115000D60304E2CE23813C9EAE29EA34D344E791
:10116000FCBC7AB9223457A4AF26E45E20B5808D4A
:101170004864F2CBE7F978C65A22AE14BD2E2CDDB6
:1011800083B14E8D07879D159C37D538763A07BDBC
:10119000A94F42949FA6B026F227781F45251C3FF1
:1011A000D3B3EAFD53F47D78DD9AD906F5A3149103
:1011B000B8CF3F1D094D89A8BBF0DE47970D800CC5
:1011C000B8E8B74D63536914B1DB969DD0AD13F009
:1011D000365FDA4ABF10D694560BEB1020E79673B1
:1011E000F202A7440D9591BAFE9536065B2B420A92
:1011F000162F06C5C1C404ABF1FBE7C52EABF3281F
:1012000081629E5BD7920DD73171648DEB8491C062
:10121000F342CC8BCD17F6A6B29BC7154FDAC36647
:10122000433CF8EDF5977B0D4EAE85A7AE757DF18D
:1012300072D70A71002B3EF914855F86A03EDECD81
:10124000EBDEAAD17487404D81DB3A95E4B4EE9190
:10125000111367F0B265676A2DE680BA76E7B97850
:10126000AFCFFBFA09C41A0022B3BDB908ADA7116C
:1012700009BB893E9B1207E9089E486CE64DA545CF
:10128000953170E5D01DBD61DB46B05461953FD509
:1012900081337F495DB2C988B3EAD2FE20A19F6243
:1012A00059704CCB804032B38531069598D512F9F0
:1012B000F7A84718859BA346496719F5D69E9C3821
:1012C00067EAC8F84A482B32AB457D05BD54DCBF00
:1012D000E533571B0A91B5D95973716ED4E959ECAE
:1012E0008651FBD6F088879F74E9F9272FD0BDF689
:1012F00026CE0FE67D82E400107BE7EA600F3382A2
:101300001F6F89F1AFE3C17E491BEA8A7DA71733BE
:101310000341617BB9AB6C098C50B6B5E8CBC2BB5D
:10132000E12D29BF6CD674813F6502122A59958A36
:10133000EF67ADA6DBAA6E66E75ECDF9D7011A5A54
:10134000E9ADD6007BEB0F99A12ABBEE7942DE57BF
:1013500077BD8EE97AA33F3911A2EE703610CE4DDB
:101360004BBA26F6344BAB94E3003D5624A50F9FB1
:10137000513B133084963ED637A87645B94D36CCCE
:10138000EE46C7AF6BF7696EA3E239F217E6135B5F
:10139000E853AF14DFB57BF94540EFB238F33DC9F0
:1013A0001C7F27629AD68674270C524DEF3B5DE571
:1013B00054F07F9E2B99B1F6ACCBB37B0CC5642760
:1013C000D539B54DFC7F797AAE9A2381606623B218
:1013D000A1A9FEDACE3E1D6C27FBB99DD994A58F3D
:1013E0001D0B928A7F82C54727C43D0DE56CD8FA54
:1013F000935B5BCA657ED27F7DD2D23C078C4EDE8A
:101400001CD1729D3CE0F9E669BC7F407EF66DE739
:1014100079ED228C44DA51FBE4DFA9E271AB343878
:1014200056EF6A9D3097A63279C19E64EC7D4707DE
:1014300099A3B9EF17597B10C1F719DB388A09CE88
:10144000DD023ACB0C3FC8B042942F1AD48CB94A73
:10145000FF971F34AC2C10E0BD412B3EA14D9E6E7A
:101460003D06CFF5ACF1EB4751DAD209C6C49A7903
:10147000E1027D92807F05BFA4FC6D9539D0369E38
:1014800027551813C06641D59D0055FEBAB576970D
:101490001422C4AD15D8A88C5A0FD91AE48ABC39C5
:1014A000175D251CF47214F9D0E7341E0755535FFD
:1014B000A91C4E8A8961DFD7773D74AD9F2DE83A2C
:1014C00045952E47ADB8BE419593DAC1B93E76C277
:1014D000548459D7F63E3EA03D0AFA1EEF84EABC7A
:1014E000D011FCB562F75947A459B75A27C8C7505D
:1014F0007429EA83FADE030CE9FCF808FAEA388E6C
:1015000038560683F5D2474F7A15E3BB56D8B74312
:101510009DA5C2A6F86B87CEB22D3B7F7E719BD274
:10152000258247E3F12CBE017C6A4F61E7EF9EB54F
:10153000D256170C230B48F166698F9815E484FC8A
:10154000BD9B46466F8AF1EC3CFB1D7C403E6EE243
:10155000721DA4ABED87AF62674E1270E0ED768C22
:10156000139E99D5152CB923A1E2D65020A9EA1FC4
:10157000AC9F1C46E1B879183C547196F5F7575A60
:101580006E1F413DDBF9F61CC73CB8D3CBB95FAB4E
:101590008641EB8ED36953D206D4A403D537D1A1AB
:1015A0005E4FE0F0FCD02E93002091A0669DF55E8A
:1015B0000A5EF396CC80E08099266331FE9E833BE1
:1015C000E0EBC3CA0D0A17CCF521A409173437B0D4
:1015D0009A7581C0592ADD1B752CB55EAB9EE4441B
:1015E000907BBE5063EEA2D715B3FFBFDCC3084F9C
:1015F000FBBBEDD9955DD2E7EB8B7EE38917AEA0FF
:10160000DC0AD279A214DF3CAFB8ECD1DD7761619E
:10161000E0899EB9896C9DBBB24F3A98E4C289BFFC
:10162000169B9BF8289D0877F3AE02C6766AD6DD36
:1016300014D6AE80070F721B9AC680881E55B0B4B0
:101640007FFCC1664625215B406632CE74A268E904
:101650002451B5A58CB16DC0C73E38A3CAFFC19D4A
:1016600073BAAD33FCA9E0E435D2047DFA90F2AF51
:10167000446FC6E0405CC1B3FDC7DF2966E11C32A0
:101680005B1660DABE5FF23D228E58AD65B8B48459
:1016900098D0EB909727BCB6B021DF387AEA502774
:1016A000AC169AE51A102EDE8A6393FAB8E7C31ACD
:1016B000B666F1E0C0A51C76835F450763162A95E0
:1016C0004A93956E4FE1AA454DC14B874013CCE735
:1016D0007E7AE02E027F70EEC4B7BC236C3E794563
:1016E00063068C176756C1ECF7C5DFCD67DAA544F2
:1016F0006D470FF303F3A512F0495C919CCCAAC08F
:1017000065B6497696712D79E80915468CACF38D4E
:101710002E3DCF79441B6781F0E97C8BDB3BB45CC9
:101720008C24B01FD8065BFE469B6E2E7E103E5A60
:101730004BC46F95699E3E4559B57329AF256A62C2
:101740003862B0FF2A52640D784CC78A4E110BB52F
:10175000B49669D61E78A5DAB85D7CF98ECE9D97D1
:10176000669FBDD5C2E8CE3D4784AD8E4F951AEC3D
:10177000F8C0B02347FCB7A2EDCC7310D23A9DD08D
:10178000B4AE181A8DA35868191EA388FDEC7A5DB3
:10179000D5126090968A069DE0DDDB114680B51A71
:1017A0008AB3B703DA8F1E54410995F097EB73465D
:1017B00067B9EEB27F80BB020876561AFBC0FCC93F
:1017C0003714738005FD4A1EDB6FC588BDAEEA9BEA
:1017D000E26EB040268158B4B3FE9ED659DDC7E80C
:1017E0009581E7C746AD2FBD01B77B3E8CED682ED6
:1017F000A8524B269F64FD36BE51F6D3D43C5D27DC
:101800000E45203D56095C1A3E6EC844333FF6B083
:101810004484829C3428DE4FC93623D47D07BFA57B
:10182000E13CF1A4696796521720AE97D7738DA556
:10183000F68875662EAD5FF4509CF502169523D19F
:10184000C060E92D081FE217AA6EA96CDC7165D390
:10185000FA56748E1D9F743DDC8AAFE9695F8A5425
:101860006AFF4E3E9BE7E81A82F4E0BDD7F011A173
:10187000B65311DB45CCA9E7090766CABE52DEAEF6
:10188000197C53CA7F65806480D7720B472CED6842
:1018900049A4224B1FC5BF599AB2FEE045002CD97E
:1018A00013C2361D335BE910E6EF83C8D5D41F2E73
:1018B00034AF7A8F6A0CA3E849B1CE9FB5EEE488C5
:1018C0005B39ED8C830DA5A67812A39EEAD86E6BCA
:1018D0004F6341BC24957BA30CDBB0EB13EBAEA5AF
:1018E0002F18CF258F8A9348504B10A2AA0C663729
:1018F000EA792567EA1B528DB1D6191C65E0D82E0E
:10190000BAC1604E970C4D66068492FD5AFF8D1049
:1019100055E9096AA123B03AC22F8507D570C7FCE3
:10192000A01B7BE6A934605C7CF61621283C405A5B
:10193000FB86F99AF52E9C46CB23811837CE861567
:1019400090EA825662D3B88A94DD5932F86F7137C3
:1019500015649F3221A5BA7B909FCC6D5A30875B6E
:10196000D9FDCAD19D136464AF26BD3ECE767923DE
:10197000DE52D2A5ED33F61F90D52B75C392632AA4
:10198000A03D9ED289588813E96B2987BE7756C738
:1019900093AFFA0B198936DDCEB8827D4FE4EF9014
:1019A0004CFA185FC16684383E306B436BC49A8131
:1019B000CE46CDD8B446DA59E31463346CC2447EC3
:1019C0006B27CE8594C0A19B25A7F781C5766013B0
:1019D000D83F1350E1E8570603B41CCE89596F492C
:1019E0000C02A8376FAD07618E1249266C6AA9DC1C
:1019F000B362B658741977BCF7171B6138082B69A6
:101A00005A1B1BEBFA92F01F80FE2F5A4E8AE0E41D
:101A1000B99EBEF6BDB4711221A96258F1F6117DCE
:101A2000BF33A880C332F1D894EF6E13BCB33E9499
:101A300021F2C64B22C66F5FA79A567FEAAE5F05BA
:101A400009B3837982F70E5C1FD481673BE1B73F0E
:101A50004FE9D957A6D47828FB85434EA578283678
:101A6000E87A327C10A18B5DF0266E62FCC1A2E99F
:101A70009D65AA7669328E92519E94681775050FFE
:101A80000EB82BFCCC802BFD860888767D9893A71A
:101A9000A000C1C77E2EFF9C9C2522A74490089ED3
:101AA0001390850C4903EDF00C5DBFFB05C4BB3CF6
:101AB000CBC62B420BEABF49628823616699A48199
:101AC000037DCEA1A2F09EF0B92F3E7C542C72DF94
:101AD0001E699C4CBD54CEBBB12E3D38B6C54630B8
:101AE00006AE58D0BD54BAFF901D612B8618633ED8
:101AF0006158E7C873D74B7EC11B06EEB85B7CBD4F
:101B0000B8571A2D184405246F9FB02DAD4CD1A1A4
:101B1000AF73E78D9B18D10D46B0B09197613F0B25
:101B2000C06141E02FE01B2342C1CBEB652C96BF87
:101B30007738B79401DE308F223545A04FEA093956
:101B400037F3235FD62FAB3F68DDCC6F51AC166106
:101B50002843FE20EBE42D210F850AB3AD45CC6C64
:101B60009F142FBDA6B2BB502D2D60AA1E3D28B1DB
:101B7000921EE1F48C0E183E4CD66E30B524598777
:101B80008794D597976D0150B71018047B68B7A25A
:101B9000646CBD46AFD8A40BDE699AC500007A3BE1
:101BA000902A3A69027E26FE3F55DB8199A5D9E944
:101BB0002AFDA51D90541AE9BC985A048001A1D9A8
:101BC000054C838DE48291C5D0ACA06706FCD34957
:101BD00024285A5EA136D10C800AAC4DF2CBA868FD
:101BE0000B0689329BEB183B1E7C59C99174160A6F
:101BF000151450FA0D399B5B14A2F97A63FBA933D3
:101C0000C0DBE99F11CF97976A3145BC5DE84E6212
:101C1000E75E49A9A7541F12AB8783AD4B0F3B0961
:101C20009E4343FB026E9EA40BE341882BC0D93F29
:101C300088F956DCC2BDEEA56315F33BAD839CA8C5
:101C400087B3A18311BFCA5C38001C3B6975E2BE33
:101C500004BD58BA8537F574519041232F35107F54
:101C60009112AA0CC47B52C965A97BA7EE70B2E59C
:101C7000E51C6E378249AD7123A139BB0478376406
:101C80001F6CA06AB0ABCD982C0C1B6D853BDE920F
:101C900030D61FB4B29196909204F0EA5C1BFE9687
:101CA000BB4D0505E94F902E761BFF962F5D34EF57
:101CB000381ECBD12A081B08B5F7127D748115D4C4
:101CC00063845E7602B93C77B5FDD1AD559BAAD849
:101CD0009F856893DC7C41771FD1B9BD64704D9AB4
:101CE000756A5B271DE4AC8B563B7E11497C0C5F0B
:101CF0003949F6A178271190247B483DDC3F97BFF6
:101D0000B57F1630BFDB2BB59068ADC8F404BA1DA3
:101D10009E4B4D1A1C417EE64B5785E622179BF2DF
:101D20000C96BC63BC1FE872321DA89C58056587E1
:101D30005F181BB565B9CD38388B7AD57701CAD213
:101D4000AA992C61487936BF2428D6118017315FB3
:101D5000A0AD225540500361AEE5C4D6D464140C46
:101D600027F3EFF3F98F81D950C5184F8CD3FE9E1E
:101D7000B63D1880A7F8C0360FFA28773778A3E564
:101D8000FB38A58AF257FE67B1B989DAD9543FB258
:101D90005DB417D8046FE6BB2DFB278595EE6E105A
:101DA000B99554892ACF6CCE2D67EE5DA91FABA5DE
:101DB0007BAA7098E1B52375764947F337090DF191
:101DC000D8EB7AB3FBF3BA0E224B1F2FD9FFFC6A74
:101DD00071CBB221BA557893618BA4EEEF51ED7FB0
:101DE00094C16E92EEDECA4B6CC5FB78C8F00078E9
:101DF000CB6D3C79B0FD42A8BFBA4DF6EBB3F4E928
:101E000010C4AD878E2620177EE3EB6984B50EC023
:101E100058E46EF65685B1361870BD25B88F00723D
:101E20006BB77636D8E9E57D4317884248274E00E0
:101E30006B2347A2668DC3FB8553F42A2A30FC33FB
:101E40001D1B499B35E3FB7239F1BE3C34744629B6
:101E50003E37B20ADDC36EA0F6F82C50678FD17BF7
:101E6000CE9D3CDB32DE092E1F2397C9CDF616B777
:101E700022F00B8953FF912C71B7E63881A6754289
:101E8000F3BE6300B02D5242618BABD236131538CE
:101E900074223C59FCDE4FC672EDA5EC8F2BB5D7F2
:101EA000E64121E75415347328B8262CFCF7A2AF7D
:101EB000AF1E5E5A6DEDE1E8BCD35A03879E0CB7A6
:101EC000CE14807D89D849AADDFC4AFFBBCAE0A8B0
:101ED000EE408FA6728B98920BF189B985E4E98C5C
:101EE000218640694D05D32C008B3A942F7A011F2F
:101EF000FCB574002A62F88A7553B0AFE3E33698F4
:101F0000A4034149BEB8C9A877C93DE029A2294127
:101F1000891A7DC379FCA68A76349D10AC7DE24097
:101F20006A3EEFBD5B090485AD749C49487B371A56
:101F3000DC9D0789C8C47748BE0344683A81AEE295
:101F4000D2C12CB7DA25CFFB9B4361C3B334747F76
:101F5000DEEBDDC571D8671A0EB9D209B3893AC96B
:101F6000D72C0DB57CDC92E92ED19BA29AA3CB0392
:101F7000A394341AAF696F5DC545CDF87F7A4D5C87
:101F8000B63977F9A86733E3C29ECF1F35D83F63D0
:101F90001938CFCA18AB7F747E289473C13D9BF368
:101FA0000C808A722BECE05045781B05C92E6033FB
:101FB000C01BD778D1E1745A654177B9F8E322A9FB
:101FC0009B2732CA9AA8A851AA46D034222144722B
:101FD0005D71D7BD4099B8A1F3A12EC6057A2B53E8
:101FE00088BABFC26FEA5B1388994DE773801A0FF6
:101FF000651E91A92442BE9C6194FD3E59166F5AFC
:102000008277C85E300C236CE4F6D3B0FD2F1E8EB1
:10201000CD41F35B82D6B4F279AF09F8A001958D7A
:10202000ED52CA9C86DDE530D307B916FE36361769
:10203000ED031687D5D7811AF214AE61E4E3F19867
:102040009D4C7E5F63EC7BDDCE68643D38F8404795
:1020500021F7DF395E25E957A43419CC7DFBE9C8A7
:102060007962221E47D30C2AFD9F36831A59DB134F
:10207000BEAA159FAF2CD89E58A70CEC59E8729BAE
:10208000B1F8A7C96A33B737E9ED4948DA736CCBC1
:10209000D43CF07E0E1762D7B28251E0CE7E34DFA0
:1020A00035AF4601BAB0F5F3C53C196E9C70EFFE32
:1020B000FBA82941D77D0A61F0F718DB7C64F9C9D8
:1020C000AD544D77054CD27E4AD4687622B7CD20E8
:1020D000DF195F697CA8A64EB901E3BC40187E11E8
:1020E000744EF514905FF7640C100BF7F20B5FBEA3
:1020F000D9C91253456BEC29863C3F20899FA881A2
:102100000FE7793D210D117EF86C7F48F8C57D9A67
:102110001714F83A0EB98343EC6A5B5B651DF13D19
:10212000D6936E507C4C3C9171E026BE405AADBBBC
:102130004E12FD3B79CF7B7DB54BE9AD9F93C02E11
:10214000A3B01BF8BC29B43DC2FAE43CB8FBE48C54
:1021500074ED1BFB482E019D72C2DD791538E3C773
:102160001CF9FB93215DE2CB89197FC62D60780CA9
:102170009441D191DB6AA40B9F37E79C0B054B6C14
:10218000615F9ACEA057F05F5B3FFB38298B897D5A
:102190000EF726A5F00AE503DB1353E41E989DF520
:1021A000459435A0451CDA7EB416F31C87DB3D5EF2
:1021B000C7EE0307EA654A788D912BED45A03B7C7D
:1021C0006AD1CA960A319880834EB4931BF761C9CD
:1021D000E6E4BF180F54491F50947582EDF7F64599
:1021E0001A04D532CCB03054FA26D6879897B0E886
:1021F000BAB33FCF3EE726CA076BD4B48EABFACF53
:102200002588BDE6C30170FE66BAFABC7F261ABEF9
:10221000F10B8F86CBF9672210B2807582F9EB3211
:1022200081780CB6A7E372CF709010995A43E9B544
:102230005C40876B295511CAD3E35C6EA8E9DDB415
:10224000460140DB6CBA040CB4CC418180EDE597CB
:10225000D5451B7834C7858EF824F65A69AC2C878F
:10226000B36F823DC6794803CE72DC80650F89AEBC
:1022700080F9C3A4A986A3CF37453F4D6CF848EA3F
:102280009FF9D01D58D5D31122625E444265E8B44F
:102290009FA1B7766FD70DB876B5FB34A02D7C8E95
:1022A000C4ADC7B898FD34F129B124F30CC4653A24
:1022B000421B3152C2A3C99E33D698DB440932CBAC
:1022C0000D7AFA6866E7559C27DBBC3D3784769D1E
:1022D000BD591BB07B5F5FC00FF0C8C76D47DAB652
:1022E000A7F874AAC92588150B99918237F599DD4D
:1022F0006D08ED43CCA75FD9DEBC17C53F5A95DB0F
:102300004903DFA71A73E166AE046A53C865CD3985
:102310003C4F5A72169CE36EAB08AF7A1EA4FC8B3E
:1023200076A50850D23A70672A1E37229F814C202A
:1023300072D11D3A6365E94DA0102892B0C387F2AF
:1023400082F1CC593D693E8C2DE98081503A894615
:102350005E584CE0653797F274F0FB40208024E92A
:1023600015EA0470077B059D5CB8F0B1E0172D1BE2
:1023700013A71A991514CCA9F6DDE3EF770D6BB20C
:102380005D6981B1F87427D74AA9686B8812A66580
:10239000152FC42319FDB746CD373D820AD0A56D50
:1023A000DE98C60952D3B489DFA62649EE457D489A
:1023B000ED463F158D04CB51E20B4CF50C934F537A
:1023C0004DE7F17767423283ED7935AE5AC5F45D5A
:1023D000862627276479863E0D41755154B6E2D68C
:1023E0000301245367497E72CA9E7DEE7232515CAE
:1023F0005FB0ADC25BBABB0FE7614E8D786D7D7B80
:10240000D37CB88C20B07B83AADF5474B0DA056C1F
:10241000B495979ABDD363D64EA1B150CB4D5555C7
:10242000393CBD7E14CE46A6F0BDF8E5ACCDDCA1AE
:10243000AF7E8FB2D5A235AC9090F5E5B8809F9471
:102440002FCB28249B829F1548BEA85435727BB39E
:10245000B1CDB89210B1DED461C646B898851307E5
:10246000A27A8724D3B082AB694AEF313A9F548174
:10247000E663295360087E336CA04782183B5A728A
:102480006A29BC1851C01A21FE9BB5F6A6F0696AEC
:10249000CCA5DBE737BB4BF7D6A830609FF426C846
:1024A0005239710E1348A3BD6E0B21829A17F00E9C
:1024B0006A54DF7A28412719FEA5D8323E2DC71A63
:1024C000FA3AB5ACD37527C0A2BE992048B0396797
:1024D0007C74F6705384434AF78FB1665C64B046EF
:1024E00028F4E4FB0CBB5AD754AA60090B059222CE
:1024F000D271050BD1D52B7F664FB8C24007A0AA79
:1025000034C2C4FA423EDC54E22089D21B5D3CFE58
:1025100072EFB503E468198D47A2D35EEC69057EBE
:10252000F75501150144974E2DF68F8E69848289E7
:10253000A10FCEC86E0D94FE939A109B5011A1C4AA
:102540002DCCAC10576B7709DDEE7F0E6B5B1D2F2A
:102550007E09A362894FBBE3D13E42A18DD44BEDEE
:10256000BFE8D3BB230161C10D6F7521C0DB05B589
:10257000FA6EE73FDE06C1123EFC7017097A1C4E68
:102580001B9B3F6F75A27E79C4391887AA8373B8E5
:10259000569CB9BCB2436232C195FB73A0CC77ECB8
:1025A00056ED9D2305F2362011D7CBB02E40EEC755
:1025B0000322B7331C0DEBA380D3D61CAD252A69AB
:1025C000C6490A57725E1F2E34F1E44A206B7248E6
:1025D000E230954BCFDE0142ED4E9305BC4B7E0DB4
:1025E0000F702B1F549A8C298CCDCCFD6A75E41882
:1025F000E70BBDEFFF8A4C38A30C94A6E577DADC35
:102600007B3B59BF5BDF1BB3B546055FE5E2C2828A
:102610000BE13628844383371A252D02D2B2BE2A15
:10262000AC8C6A76C8AA724CA343F9B0D3796BF02C
:102630004C5E14403D44B7AC529479FAAEC8737501
:102640006604EEF16E536E8190B34319C167C45DA9
:10265000BD6E0DA85B009FBE1CAE80E8AC80A60ED0
:102660007B7E14265A54996C599E14840ED90363A8
:102670009ADE7F32C66DA50F38373294DCB7E3AAF5
:10268000BD239C8A236FABB3242157659D3E3A98A6
:10269000C7E4BF2E9E29096B321BC2BFC541F8C6D5
:1026A000A3DE717F7F039567C454E0A8A836425E1D
:1026B0007E8D2F87A5A0804D6A33122B8D2349086C
:1026C000DA1E2B73476998544DB0E2C1BA07C25065
:1026D000ADC388ADD9DB5990BDD0E157BFE124AA85
:1026E00099B80B4A797FF9929C5CED8860A244A16D
:1026F000F2FF23CFF8D0315EE583BEA8D58442C473
:10270000B6AF7C5775D262A557496DD100144DCD37
:102710009622E00AD245E1164DBD498FAFF70EF380
:1027200040E11243AC9B87A8AC561332C396E65BDC
:1027300017A568ADF54646FB5AFF666F2BB897D2D2
:102740004EFCE542CB4A51B3B541D15E023161AD99
:102750003DB7DE58FCFD1C50B1F177668C48652B07
:102760005C751E076A3DACA891977826A9C38704BB
:102770008EE806D632F46CF3063CD135B4E095BE53
:102780003A864F90B568D0B12B9CAEB264340D023E
:1027900057841269717EFD8C98B8FBC77188474FCA
:1027A000DBA528760E45C145F65B2C4EABBE476ACD
:1027B000CF1660BD34D014A5510FC5C070436C381E
:1027C000A42907B0D720AF1E78A6C4C40C12A1DC80
:1027D0007B32635DA5ACFDD4D65ED50F73FF2DEDC6
:1027E000EEB3941615A13FF0586AF11B0B784BB16C
:1027F0000D1FD7E71AD6429DAB51EB82F0AD0E2EDE
:10280000DE9ADA094EF1356674E2A7C6D1AAD2BFC4
:10281000AA38A819D62F57C5B26902FE0581E384EC
:102820008842CCF11090AD0DD3387C6427106949F3
:10283000E97371952F0100DC4DF95DD7FEDB235163
:1028400078E4780F439D52D9BF9789BDA17C089049
:10285000D911AF09CE97B666F5AA956662B5845CC4
:102860001C9A55C1F26BD6CA05D1404AD35A7101A0
:102870003B37C367C7F57FBF7E65FE21A211E0B37A
:10288000C95FB0E6AA3625247853994ABB8EC04B5F
:102890001DCFB62C22EC7EF4F3708732B37E7B0022
:1028A0002441E135B1A1684F998A6213390E1BA109
:1028B0007ECE9A91E0EEF77C47D1774089523E4B2D
:1028C00031FDC8BC6A2E01AAF29727EDB76B06B09E
:1028D000FE862243DEA580E1EFA3579020DE673815
:1028E0009FE8A0ED5B49EFB89FE1796B1649C3689B
:1028F0005770CE034668F8B2C78AD7F5E24BB1E00D
:1029000048A6C160A7B416CDF95F2C94120AAD3267
:10291000A0643BE6500C86612A0F147653FC112408
:102920001F316DB6DC85AF34C748DB07CC9FAF3AAB
:10293000307695F92B8EC5D7DB83F9A36AD0129434
:10294000CE3C2CE68CE806368FCE73A10AB7A137B1
:10295000C90F17EF01E90EC07A9B2C50D75EEEF835
:1029600033614FDE364314E71D833B194E5884EF25
:102970002065080D37ABF8603575AEFE842B600B13
:1029800004A54A1740F7CB1F3AA31E54566519D326
:1029900026F598226388753A695B63148463501C3A
:1029A000285ACC8FDEAB4531EA5795D21664C66CF7
:1029B000C9CE33D561545B6FC4B4AFF03662B5DDB8
:1029C000C1B63BE75F74954FC46412247B36C730B1
:1029D0004466CB3EE646165EDBA4A670BEBD10067E
:1029E000D4E1FCBBB1FCC589C729F44A59D33C33B7
:1029F000A66B63C8BFB4614E34EB1E18D6FA99EBD0
:102A0000B8DAAAD8A54C4A0692906AF9C285CF2FA7
:102A1000652367CA8E5637A5947B24A918B4FE6235
:102A20008DEF5608E7EF57B251A011A5B73CE3EC84
:102A30005634F17AB2D0249C0D7975A06A1D96485F
:102A4000042084948678A486972A88AF59E8F6FEF5
:102A50008DE04575ACAD623AEEE8C65A5EDEA71B66
:102A6000652E0F2E23934A8A0DDBF746BC9D0FB5CA
:102A7000A0A27002A6C7ECD0C707D60A45DAA15FAC
:102A80000F1BE84CD5612A4E657BE2653C36242558
:102A90003EA71BF361CEAEDBEFD792C844BB8D29B6
:102AA00032E1370841FB3930F7E8185C738311D104
:102AB000F64D579D864CE3F41570803E968C83A9A5
:102AC0002A1E0F3B97BFA04BB362785709DBB36553
:102AD000AA3A3B3D9827FB7DFD7E05601721FA3120
:102AE000B9F8F63300E7A23274C481419046AF23AF
:102AF00032467F975B30A222B9D8D700D00F0A2385
:102B000015B77CA2E3ACE55CBE34ED2DDFE46337A2
:102B10009A99E47610DBF23798D0A5ADCAB73B3B63
:102B200086612C88AD3D790D7C1C1DA45EFA0F01D9
:102B3000B8CBF6FC0F317A26C30BA3AF67A0768B18
:102B4000B0861C2BFE2CB829BA6B1A00D8F850DAC4
:102B5000919F4B96C2D7D7DB092F6DF87D019B2C37
:102B6000760CECCA15EF53E636B4D86E0A9B62F3C6
:102B70000127D4CD7700A0B5F95180CDF42FEA65B7
:102B8000706B3ACC14578DD747D98854423A3D4898
:102B9000DA9663ED96E2B82F4D809B4CD707C90BB0
:102BA000B0FAD365C225490C0F7C5CFD3138C522D3
:102BB000292A09522C32A470D1DC4A4BA073681622
:102BC000D35DDEBA033436BFE8E6BA048137FBB220
:102BD000CF04C3358666524594231EB6503D4062ED
:102BE0000B6470FE81832E3754FE7846C781EDFA60
:102BF00081BEED3DA8B2C54A0D2E14D42CA77DD0C0
:102C0000FFE6CBF8A33ED136863AFCF48A5B7A43E2
:102C1000B3F630E056D5BD024A6BC01FF2871816D6
:102C20006E0B1E177225AB8A71CF6CC3E3D2A16FF6
:102C30007B5C3C40F602193E1F219537A18B9FCC4F
:102C4000641A1FF16B3350C177EDD882267DC20123
:102C5000774FF3055D4688F44B02EC3E4AD18B1466
:102C6000297C167F31BF6B22537F9FFC9E177B4AC6
:102C7000D69323B93FEED5585E45D6A045D1AA16C6
:102C8000FE759ABE8116087123152906BD4078434A
:102C90002BEE8470B5777B749A2F3189F92C5214FE
:102CA0004E0201C3F7F809B7E0DCFC9C95CB4F530B
:102CB000994230BA57AA47572B4FDAB1E21128BAD6
:102CC000A6D3A4380E2ED83D0E443C6079F19D4326
:102CD000241443124E4FA98B92ECA0210B61F08972
:102CE000C769F971B2388B565EC26E23C5BF6309DE
:102CF0000688EDA74004FCB6397DFB39FE2D23354F
:102D0000DCB9BF39ABADCB9A4EDF81F156A1E4E21D
:102D10003E1772B3F828EAF423C539BD21F27D1AB3
:102D20000B9A82472746B471D26460F428C8BB026C
:102D300067B76CEE55FDC70C23F67A56FF6476191B
:102D4000085AFAF393D962E65333EEECA73A8BEBC9
:102D500091667B85522E882DEBC6C62C8337873C27
:102D6000756938AB21BBC51435607CB132852ECE78
:102D70005A98FD731AB5B8A54A7E7A94160AB8F225
:102D8000211B02C156C3EA1072B9CED3544EF9F1D9
:102D9000D25360E62B4EA9414E35A14FFC0B221DAC
:102DA0007B77D1AF77C7F451494221BDE7DF215E80
:102DB000273C1C1BA06CE1E5B36533AFC81AF19B3F
:102DC000AF5DF7E5E57E6A5710AF876757C50AA183
:102DD000681DEEB84AB1AA7DF875E24D5882601EB2
:102DE0006A14857D132BA7448337B8BEBB2072704D
:102DF00087A18BCAD7266C214342DE102A0B95FA95
:102E00007B22794D97BE906B4EDF6320638D1C5EF5
:102E10002297E9886039B6986E59BDD94B1788104A
:102E2000EA771361E3D439FF1CB266EF5D9A6184DF
:102E3000FDC9F5FD5ACAF163A52AAB1C90B8ADD700
:102E40009FAE354D9144ED718AF7C0439868B80242
:102E5000211BC7B85C71C460659CF52D7FDDA84D52
:102E60009EE44D7C50CCEF39DFCA14C1B859A65D41
:102E7000E4F66A2E1528A61F2D0F4F579D51A8E383
:102E8000DCEE8E7AE78A960BBF7551958FD53C881C
:102E90005644E0DC63F24076EBA383FEF009E4E8FD
:102EA00055CA203379AC6DDA81E2390920139C329E
:102EB0002DA497C02A557FDAA2918D2C78A967A1FD
:102EC000347E5B2CBA5C755D43B3DC4C2E36B14866
:102ED000609946C78ACEC801E5A0CAF4B8ABFFD94D
:102EE000A11CD277D0B23971CFB90ED01E18917211
:102EF000DFD824332A9C9BEF4CF6C7DCA52FCBED03
:102F000011C0E7FA088BEC9C9F83A4B3360CED4705
:102F10003695279D33293CF32DF9C326ABE1B861E3
:102F200045A246DA203A2B51D2B199FAA6EE200AF0
:102F3000AD5589D1F45DD7A9AFCC6B3901F343ED21
:102F40008CDDE68191D0217AD2160A8064F5773C37
:102F5000D1D7EFE19511560B6481EE39F1EEE2869F
:102F6000C2DBEA78856E3791648D29A27CFF1576E5
:102F70003911514EDF9070B76765B2BE8353A5110A
:102F800018095B1AA995B155BB01A817E56268003D
:102F90008BA86C49E3DC0337F6C3E41A5C4C87B2B8
:102FA000E220B58A4EBC7E139C7035E653A0DE232A
:102FB0003BE67B762D2E6F25BABA23C299D4D6175D
:102FC00047F87769044926A12066F15E400D08F9AB
:102FD000B99F21EBE444D3D9390E903F5528FB2FFC
:102FE0000FFCBA1691796F6FB9E06D8E6BED8BC4E3
:102FF00018F8816B3A5EA03E845D1EAF56C134273F
:10300000AD605D3FC2D436E4690416AFF904F7F74A
:103010002C6811319D31BFAB3F0C97B447332886E4
:1030200004C4DAF2C72538AD6A1024BFF08C8A14C4
:10303000CB84BA57C6D4FEC885A16AAA3BDA647DA0
:1030400011CAD695F52B4C777BAFDC88ACCF768454
:1030500077B2A784589B6D95DC042069BE6053FA53
:10306000B3664383D622F789D576FD895D55FE5335
:10307000C34B65EB5A71591820BDCB46F068859853
:103080004CD7F59AE846B585B4B2DE2ED9ECFBC430
:103090006CD5E1F140D83EA963C5E91F83712E9F2D
:1030A0001F13FAD4BCE87EB373677B867AE05F585F
:1030B0008F49573F15F3562BBC2FFF14377C0771F0
:1030C000A5FD47F4A27AF6234FC4384D85950D61CE
:1030D000ED7F80C25768448585657C68E841ED3E98
:1030E000C953D7EF135E93F7BFC11C4A71A29E5E0E
:1030F00001E2029B008B5016C16C2AA6BF2DB34E75
:10310000043B488441B1B3EE1E47D2A34B60CE7C52
:103110004408EDC9A3BDBDE04C6E3375E998FD24AC
:103120009BA860C356C9F474D110D1E47B4C177AC4
:10313000E48260096C18CBFFA65FAA960764E1865B
:10314000128F9867904B0A42E53864C30528289788
:103150005BC3613A2E0BAD706D873C47DD1B166C6F
:10316000C53AB0398B290C9B3497E7303C989A1FAD
:1031700051D61E840847B113BB66A34C3BA873FC11
:10318000C8D537F4B96C758D2EB3887044839D22F1
:10319000EEB401CDFF283141AA10410106F0FDB384
:1031A000B6DEFD67AFD8DF790B18FAA31C39465499
:1031B00022AFDD7CA3477973451BD7314F1AB16627
:1031C000FA51BF2AC7DE9343907E6823682974F8BA
:1031D0007D9A7A4B2E5A98B8D7E797A48B38EC6132
:1031E00097AE5BB68A4CA1586C814E6AD42C2218DB
:1031F0001DAF3FA4F08B18D6E4F4793BCC9E7EBA89
:10320000AC083351B0B15E2E4C82EEE152C105DE06
:10321000A9BF9C41ABBC4119AF5EF92D4444835515
:1032200038944F2C01646E088A2638B8D0456CD586
:10323000BA47B6F2634A0AA2A4BABAF140D5482CFA
:103240007057638064D749B4D3CD1BF7B6900CE7B1
:103250000C0F3133E09DB655A28D655559E792FAB2
:10326000DA2714BDB44F62B1279B295F383E747EC4
:10327000B32B60258CBA4EC8DAF894525585206875
:103280002E4DE4FE1732604FA8ADC5C22FD9F26AA9
:103290001B9EC9350B54A21CA1D9442BAE7F697D5E
:1032A000E88EA1A3C42094D313C9488D4C32FD26C7
:1032B000BE692BECE076253F8F6B49395BFF2DCB48
:1032C000A8D96F9AB18A3BF1AB18CCDC1C9AE3ED1C
:1032D00025B5C941FAAEE377C62B32D24D3E40291F
:1032E000A6BC2295D8AF495A25A4DEF3B55BA67AD1
:1032F000CB847998E8606B13B22EE98021E07D647D
:1033000066A5B649751E4C23CADB1662DC87A68308
:1033100034838AB8A7C5D6C01C1D2785F08A973983
:10332000E3A2595CC4A2E37D2A050DBB835FCF3CB9
:10333000335C5A702E2277FBCE07CBD9B6FCFCB596
:103340006857DC6731621E22B76084CE074966C0C9
:103350006B18F5EB5A4BD1ACEE5B670EAAEE14B5C9
:10336000AC1F043F91F4093215E26C94EF93807C1A
:103370005AF8C034171ADA3FC9D575547506696F03
:103380001B350F6B7D29AA447E0E078007BE0DEC0E
:103390009B4574446A1B85AAE0401133C5E239FCA1
:1033A0005DB5B313D65F83635ABBAE7ADB0FCBB385
:1033B000479FA8A7034A50557E552573A68AB4AFE8
:1033C0003677307F919FF73725092853E1593BD64F
:1033D000F31B5229BD25050E4945A5B46CAC14401C
:1033E000CD3F8661969378A62A7D45DEEC2D75D972
:1033F0004D26D4DBEB8705EA47D9CDEDD24ED088F8
:10340000C14E63F9CDB42C92E61F59F10B3D492A08
:10341000E8E7BC5AEE5272A1BD7B97BF1224A30B02
:10342000245F7B7048FDFBF3172145F0A0FC328D33
:10343000B157B0BCB5A4A0C204401BED8351461FD8
:1034400047402631C61205389601FA5EA6E6C4B199
:10345000FAE778252B489FAE16C61D215C1564C07F
:103460006EF40937A2B7705210C7BD262A2F477DC8
:10347000C2B2FF43E109B5AC8BF36D389E2F5B728E
:10348000B030F0B8A53918E1F33AFBD2AD5C56F193
:10349000C5214A6F5EF764371F4FCF8677DA6F5DBD
:1034A000B8630A768C8286160F7F988B61E6048B50
:1034B000070803CD73B97012EFC255AD5A80DF090A
:1034C000D450652D6C73A6D188F61221D8532F8E57
:1034D00084790D427D14E9B42113381DA359E35FAB
:1034E00056237A9BC18FB2613335417ACA6F7BE72D
:1034F000DBF3A7C3B168010F3FCA4BA58DFCB0BC7D
:10350000F48B019BF2BBA7716F9DF32E119AF0CF44
:10351000FBD591E4CDBDEBC6D8297DFBEA4075FA19
:10352000CBD61B0823E5BCC59F1DA8BE099B8F9663
:10353000E01B3218F97C7BF1F933C6320B2E3BA32A
:10354000B519BE3CF57E8560221BAD1B5AF53225B0
:10355000BA06A4CEAD381BBA021EDC5EB92337C34F
:10356000F0FDEE705214A1996451F2CDD215930C76
:1035700052DB76BBA4C8C82524F78FB29CA56AE1AC
:10358000DC9EF4B40CC14FB9F51ED4B333896BB0D3
:10359000B94A35B1A2BC341ED131FBAC1CE0E96A9A
:1035A000F53B1465D031B496091A9BFF831ABEC04F
:1035B00036E74BEEF4A38E2598F95F07BE612DCE5A
:1035C000E8E45365359F02B21C52015B2A9D167FC9
:1035D000E036E6A1344E9CF4B64871CC68D76FEB68
:1035E00008E40F97739FAFA1BD8EC45D0A16590EF4
:1035F0000045748CE98EE00A9DF15B69C37DF95E3C
:103600003FF5566911ADD757E54AF55A124436E4ED
:103610007497A2ED274BB0267479F657E7F6517EE2
:103620009A919180F04A02E89C05308376562B8669
:1036300089F190510F0886F08F72B7471F5FB2E88B
:103640009A0E3D45041E436949FEED11FAD60A4C17
:10365000BD9E2F1C6F77CE412BFBA8B0E65873EBB5
:10366000B69977D1674B1CF6F09B877697688CB23A
:1036700062D6F6BC827CA7963B782ACC6CF41825DF
:10368000B0D3E2C12831EAF26408ABF2525F45BF21
:10369000D6C98B3E5563D9563F3F1585DA740E5116
:1036A00027D89612C2D2319A4C5E8D6D403E712A57
:1036B00076FFEC8E9B5523C5408E5DAE2D13737A3D
:1036C000997605999EB9A41D38CB42119EA3F2F8B4
:1036D00047BFF3EB1CC72FFEBB7247434655201074
:1036E000E6A98634F6D1FDF46B345A3B061689966A
:1036F000EDEAF381FD6844E8C1A9671337E5A695B3
:10370000D638B1CF5784CD5876B33E020A0C49CC97
:10371000B8C956C83EE813A0AED337A60EBDFD0506
:103720000D909ECC2B8A05F63B174CFEDEFE5E3DCF
:10373000CFB50F143BC97FD3E4FCFAB52D1B8149EB
:10374000444146ECBAAD403525C9862E6DDA48991C
:1037500073BB5B3DB1D73E851458A2156A1251590F
:10376000A09E4B558CE020601118EC453D74A69747
:10377000F96B31810F949DF131128E398DB831FD85
:10378000B4758E16752A84944EA43AC7C127C671A3
:10379000E0EBBB167A640E9D1A7B0A594C6D7EF3E2
:1037A0000FC24F43F2536AAC2B3511BA8652EE5614
:1037B000D34647180A61CAA1B7112F18E402A67FA1
:1037C0008C6EA53021724C4BEDAFE0A5A0F02D30F2
:1037D000FA6A669A7C3CC8F5ADC925976BFE4165CF
:1037E000671B00392BE6BF4F74BD8520BCE4E66340
:1037F000A55B4AEA4498E0BD5F3DFCD28BCDEB313E
:10380000751FF8DFDAA425F39047CD39898B28D3CB
:10381000B29AE1F41ABCEBE9FB9A5EDEFF847D9E6E
:10382000917719659EDEFF29048BA5D133024D6087
:10383000E4F04989B36BC54F88746E049356FDB6A6
:1038400068FA97FC9BB5E45A8AEB33A7046276D1F9
:10385000C552A9267FF1CDE982E0D79DB2E0E62BE3
:103860008C16F2A0B6F66E68E45C70DA372348492D
:1038700043CA60BEBC66B8EC77EBEAAF175B3E2785
:10388000480FC840CA863278B70B7EE838B8673A26
:103890000EB726E21F2032B9879BE8195B21C4A22C
:1038A00027070EE226BB30E8AA891DDA7C021947F9
:1038B00099F226334B992366C0D6D003AB9F9A1456
:1038C00019E72ED95935319EC91331201CE05764B0
:1038D000D1DFFA89F2D27B98B0BE2EA5417C238C31
:1038E0000908121D9C1CFBF1451D02EEBC1DE04F9A
:1038F00074B828534B30FC72199FC35709674802AC
:103900005F73494ABA7CE1DA495CB29222917C4EFB
:103910003DE972005E9E1F2876D76C00D85C185A6D
:103920006B48DCCAD567678D8758581C4D318A08AB
:10393000E978CDC9EA026964567C9DCFFC0A5468D7
:10394000CBF730A64B500FFDC342E6C0A9B2742B93
:10395000CBF6F8FC3283D8DEE31A78582869C63EE5
:103960006DA312B5EF6431A4F72203A4AE3495E839
:10397000C31EF3E4200BED5FA7D94746E614570EAC
:10398000EA910BCEEDD632CB0A560FFB55EA2C7FCF
:10399000E63BC0675000D1317D29FBBBE1960D535A
:1039A000CCE1F23DE7E6ED583C4E806B0574CFB2BA
:1039B00064B08750662538A57DE7EBB358FA000D53
:1039C0008CCE5507643E74418D639B75962271348D
:1039D000E11C5E585BF883DBE8AF122E984610F5C9
:1039E000757B869A515F5AED9EC9BB4D40EEB4B1CE
:1039F000DD6DBDA779E3E31601FA1F0CA50C7F036B
:103A000051E40BFF3D804DFB03179F9CCF208DF3AE
:103A1000F9B4AA5678A12AB48E6809C99C32430722
:103A20001599FD58189AB772E76A84CA954A6DD5F8
:103A30001A03A311912B16F8C25F8D09A29AB82917
:103A4000CB3BCE175FC4C86C5ADF6B72247B0DE989
:103A5000C2C683804FB92EDE63E1D7CF8C95C99E55
:103A6000EA069C46256E608A649D7A2BF4848875EC
:103A7000882BDBE31E10AB8D9E8081FFAEE037EA22
:103A80009886CDE391C364B03A03DEEDC3D8721BD0
:103A90002FEBE40AB5DE55320637C532733102E842
:103AA00065F7E0CE287F9F56E6D17CD88CB148BC24
:103AB00092FE88C20E3EC2D748725DF135E37E8623
:103AC000D3D7F64608879BF7DCE0A2BDA110FEB86D
:103AD000E24FB2929F4D9639A5A974D4F266D0E612
:103AE000863823FE86A3438BAF65663352777D43CA
:103AF000668A73C47F40B38A2669F753EE9A92AF01
:103B00003265FDD6E38C19FE0F2604FB90538643E5
:103B1000C4207D28F65221F5CF8E4515C75C397D2E
:103B2000EF7A4265C0567CB53D01C89918273A68BE
:103B300072F8E773FDB0A26B848C4F19720E53F2CA
:103B4000BDC85C6EDC0EFB4CF2AC2266A02381513A
:103B5000226926A468109AB5A97F3283050C027FDA
:103B60008F3C516B46378875FD35FAF2EF4A77EB9B
:103B7000E6C710C16B7632754A11651A068B6590DF
:103B8000D65CD248A3A186DD8DD87F53AC124CAA57
:103B9000FFB9D84EFF865DBEDFACD267DCE3F1290A
:103BA00008B774D6EF37C7C755118AF37AA460C334
:103BB000CCA2C6EC13DD78F74BA67ADF41E8D60439
:103BC00032E3A4C5EDBA6D5957B0D866AD74E4665A
:103BD000D6D45AC793FBE3933298F51E1FE32D9179
:103BE00030B0F4494C902307B94BD3BD54658727B7
:103BF0004E072E7CA6FD45BF3D540125D8547CEDD3
:103C000012D7D4FD36045F54AF835832DA01F7403F
:103C1000F3F85F3846383EC9EE37111F057BE57D66
:103C200055E35EB147F10103519CCD6DAB4E154894
:103C30006CB7A881A399AAA556B2243E1EB1A820AC
:103C400021FA84E7C19414674D50526D6A3A182CDA
:103C5000FB665F6551E25236F2B14E9CE2033D3B9A
:103C6000DDA9B533B89301F5A8BFC5C13C76CD5BDE
:103C7000324D835F4D720EFC49EBB790C803208E26
:103C80009A7FFDFE17D5C9ABCF0F11F91585A20C90
:103C900014E80849D2AC06667409C80D79503F642F
:103CA0005CC5E46493EEE2548876D7952F92043C89
:103CB000E9A251C9829DA6C302816BD2D3EC418196
:103CC00046FA3DA6C0396A9E0696A1624010A95FD9
:103CD0003C16A78262B39541CDA33416E0DA9896DC
:103CE00039F56456DDC1913D7B6F9D7591966FF1FD
:103CF0001D9C732B3C05341535819FA6A72633796F
:103D0000430AC89BD3AF2BEE7F0AB840ACE2D33452
:103D1000B572643C08FEA768040C29D66850020BF3
:103D20005C05CE0A9475B06DE99FEC895F2717F8A2
:103D300008D3FF5604386A811CAFEB28DE96E56B8A
:103D40009111D35A56BD46151E12A1A4F6E9916EE3
:103D5000AC56FCB1C3D74F83CBE865C8A0F49344FD
:103D6000E83CFCD4EEF131EEFA066C1F03EA370FA3
:103D7000F33D387E48E9E0896C2875A2AAACC0A85A
:103D8000B1420A04AC2B0079B3EDC4E702BE36742D
:103D90009CBEB31A14A3ED10C18FE33D333F638083
:103DA000C615CFA605B493DD107352E5219C5613BA
:103DB000AF9B722C3CE928BE0259867CA9011501F3
:103DC000AD32988B501C056AF1A42609EAF03E1D1D
:103DD000AB3B7E0DE641A515345B6A04232011C57B
:103DE000E198EE1150211335BEBCAB916E35AC316C
:103DF000E75CFA006EF8A76F39F1ACD0AFC70B578C
:103E00004DA01AF20F2E6FC96952749D268A591B54
:103E10005364218168EFA7DB765E24F9E1F7393737
:103E20004EB156D1AFB8CA8409CE57268EFC9658EB
:103E30003FC007EEF0BCB28D7370082EDDB0C12418
:103E4000B192D4079A23C30D823DF68C4E8E8F2CEF
:103E5000A45B9CE7679BE089476F2B8E5E91D76CD4
:103E60000C5790395FDC1E24CCA1C1842F8275F4DD
:103E7000794F8B0AB3BB6ECD6016C48FF788BB1E1B
:103E80008ABB1A7FCAEE3AD2311CBC87F91B7290EA
:103E9000335CA4995D3A6F7279984B72F0C7A118A0
:103EA00009B5E66B2D29B778C7F4F6DE949E61BBA1
:103EB00095E5C0478AC585837DF7258CD92AE0B969
:103EC0005B8D2B441EDA6DAF481F8CAC227AF06FED
:103ED000B0FC881663C8DBCFF6C36A8306471BD9DC
:103EE0002BA7E91DF681FAF2E3B41C2D67CCE2EAB8
:103EF0000CA8D7FE66C3794A462ED337DA08A77FC7
:103F0000C43F51618D9F7D97FE547E500E6B7B6840
:103F10004FA1EF128395ECD7580D902DA370F98324
:103F2000E18DD38A612226F2411BC9731DF1B8E0ED
:103F3000C0E964CBBC589435A79498D9A8A285FD54
:103F40003160112841FC481E1842EB0C6B4539E5E5
:103F5000B8DFE9EEF8E18492AC25E74E4E51ABA50F
:103F600016CE61BABDB3BE32616E3687FE9B8AB390
:103F700015250D8D04717F05625E8F21D878A066AE
:103F8000613FEE001318471A6790ECE821CFB1C6E5
:103F90003EA4903CA8CBF10A372377EECE86D5F02D
:103FA0009DEDD57EC7555C64400549F817D41BA12B
:103FB00094042B2CD1C359ED5493217B75F73C23EA
:103FC00074504EE259B2FDF2875FE8BB2372D549C7
:103FD0006966EB2A1C00E5E87A979441E5583A3681
:103FE0001FAF05DAF7333713253A7350180524D37A
:103FF000430BB409F95AF4534D225BFAF1160A71D6
:1040000000B302AD7F3EFCFE2D73050905DBFF13F7
:104010004EE25337955772C09636FCCC61FF3F781D
:10402000E23721C270F3633EC81B231A9C58F09BF1
:10403000D7F3646FC195DB91A55B9C60107DEE2783
:1040400036217C443F35CE52A854995359C9B37395
:104050007AF6F1C21748B073F96FE91C42F03CDD03
:10406000F9190B9EC9D0292C987ABFBE8E6E080113
:1040700064CC472C16300DCE1A7D1068758448BB71
:10408000CFAAA8335E89819536ACEEC6FAD3946484
:10409000ED265160A0F682FDDB1F923FE6C66F8AD7
:1040A0000E13C94A33A6848549DB6B45DF8E748CB9
:1040B0006F31C2D0F50DA78A8D1EF5DCE81EDA73CC
:1040C000638FD47FE0B570014ACE77CA37A1B3AE13
:1040D000A9F0430163A1E9A0784331F92F440C8092
:1040E00091EE7DF6F4E4AD3E984895E6D577CD7037
:1040F0002807D2B399DACF55B05C99B1EF173E16C5
:10410000DEEA0908DEEEBB31CE26608CDBAEC234BF
:10411000E9F70FE643FEF95EEF975A3A0F46CF12E2
:1041200097980F16680F82ACDEB4D0D1B25B7DAB2E
:1041300009DBC78EBAB05DFBA3603E7C432697E5E2
:10414000E95A56CC0AF2C66A2FF4CB5C64B21FD48B
:1041500028EDC5D91E1765A901B3BCCD14C696FFBD
:10416000F99479C65C3E6B2C6A3F514B520193D94E
:10417000532061ADD3B1636CB242F33470A2DF64FB
:104180000356BFBD594C9534147685B7F61FC652F9
:10419000A4E1FA7DECFA688C13939CAAFA3947F4EF
:1041A000274B5B76B4BD972B8E67BD22395E59ECE9
:1041B00018030200A6BAFB29F9A3FBB80F0856A5FD
:1041C0002DFC199AC3837DBBBC0A5ED36FE6AA9708
:1041D000E7337164C5A7B4AB6675303C60D6BB509D
:1041E00030B0DD5FE114F7DDBCF57B1A03B0FBC135
:1041F000D429452DC95E6AD5526268DB828ABF5BCD
:104200003AC919530F3512D6D4420BF81AEA2214C0
:10421000E033DF8FCC67FF1D527F84296F15ADC15E
:10422000F23EBB3006D597D6B2FEF97577D65A2A3C
:10423000DC46C2EEAB4398F916028DC53DB79783B5
:104240002DB58BEAAA47E5A9FDCA9CD5AADF37E2BE
:10425000690E1E26F239E2A14D9D9EDC562A25BA32
:1042600087B27B2BBD2144FD9C9AFE0142A4D26DF6
:10427000EE37990959309F3EF3345CEB017543FEEC
:10428000458E6A3C46B0E11379A17DCF1904548D67
:10429000DA77691A3600C9AA89D2EBEBC491E5E84E
:1042A0007E67EEC860937EB05829A4F9D250F6C458
:1042B0007C6FA129635C979FAF66CC8DF9C7D48DC5
:1042C000F62EB5B79F10C2499B54F0D74A4C19E758
:1042D00025F6426E296F776B6246C74C6045BE7209
:1042E000A2C545500826E3FD6E2532C781C82CEAD9
:1042F0006040A9FE945AE6B80D3BB9D1A904934297
:1043000047DDFB8F748B357B18CBB4C71CE2CB1E0B
:104310005960D7AD15A7CC83070C811DE9D230FCBD
:104320003AEFD587B7DFC0A8596FD45AC4A0860C1E
:1043300084578EDCEF414DB1848C608B6404460E53
:104340002F687A3E58ADC5815B32AB818D091E570F
:10435000D59893CACA823A8DB1F7C6E824A1EF3541
:1043600036E091562689C0824A8F6EDC2790E9D9C3
:10437000E524888B1D7AFC78F6DE50A7F61A4FBE2E
:1043800085177B566D5F7EE24701F3E7F9AF4F6C0F
:1043900086BA15BA3FE1EEC636B1B628F4104BAE78
:1043A000568A8B82BB98FDD8893847B5A0A9C061D1
:1043B0003B63D1FC581F0E423EE0F420E0AB6EBCE4
:1043C0009A92BDC9E27FBF06F7179678F8D9581EB2
:1043D0004C7A8C64DDD56AF5E77C4448A66EB0FA69
:1043E000ADB29003BEA9311BF5FFB045C095F6EC08
:1043F000D178D2D6375BFA78FEBD47803E4333DAB8
:1044000085CAA4599BF6CCAC2BF39C7E1ACE57726E
:104410008FC316F9B350AA413F5BC1649D79F14740
:104420005C094DBCFCD148FA18AA25E390F1E305DC
:104430009303B33E233ED0519C29399E5EC4EDBA0E
:10444000701B7BEA3FCB812AE8B131B8A6AB602470
:1044500070FE0D761EDF2EC5331492DFBD604AF666
:10446000C3D5A9C34FBA07AE2441BD5D8880B7AAA2
:10447000B29D51DE51A0E05766C09952746EB40CE3
:1044800096046F64D3B5F4E2E9F8D409CB40508BBD
:10449000C53779003BD9743A6D0550434907B3815C
:1044A000C2FE1237A82E0F9EF09B4354865994CA21
:1044B000C12140A89191568887625CA9CB6EB33622
:1044C000707E0152DA11066E5FB8324B69A15D4B06
:1044D00076ACDA3B72E631E050B13B88FE61D4DF66
:1044E000C16E25B7D1636A53951B1498254CFE9B6A
:1044F0001146C1696AC4B265C167E805646083207A
:1045000040CF523F700DF36C17BC703E072B8C7080
:104510005E8061283EB6BC94BEE6C087942191457A
:10452000854890C010DDCA5F4C2E06CB4DED2C9710
:1045300027B5D15DCA2B851417F50420C1EFE430EF
:10454000657BD45A390C5C3429D179EBC28A97291E
:10455000D80E00C6B5C795B19D73B4B001743EF4D2
:10456000E6D0B96007BCECFA7810258126ADAEF232
:10457000E5D198D88BCF7279D73D1BB9722D32CB4C
:10458000BFD5815BBD1916B9EFD33ABF8DEF6080FF
:10459000DC43AAC04A5F8B8E89262776E6867FADEC
:1045A000FDF3B4C0D0A69DC2B0C91BCBDA13F7C4CB
:1045B0004C84AD3D0B34F8A73B9BEAF3795F19318E
:1045C00014B5DA670BD143626942E9EE4B3E563BC4
:1045D000F37F04307CF1FCE4062270811918452A2F
:1045E00066D8FE83086EC7097A268B6EB424F53927
:1045F0009B15DC572AB398E150C78D1906F24BE59D
:10460000004ADCFDEC1DA0142ECD80B99AA1264BEA
:104610005F5ACF333E1E9F19AEF140B4BCCED02BB3
:104620000643A41574C0842AF24E90E2E20A7CEAA2
:10463000830DC13D31CD651191E1F1DE9FF66C0D29
:104640006DAE01BBF259447161610CF724A6311AB9
:10465000FFA871C08950F93BA571B82E63B356C548
:10466000F9D808DE5C1394BE6D91A42368959A3C3A
:10467000EC496FCD817ED760ABE84B539487DAD598
:1046800071DB60A39A54FB6A5B2DCC3FB1B511CCB2
:1046900085D42C580E699957A47CEBAE0E4BB28989
:1046A00088276F31E7C5FE62FEAF693BEC4C147C96
:1046B0004F2123276766E603BE288E954D162B38BB
:1046C00014929B648665EA07EDBEA713A66CCEFE26
:1046D000A368E9482B5E9E289449C0C609A5C75A1D
:1046E000C5020B71FEE5FE373D444DB8682054D736
:1046F0009385D7BA144DFDC95BFD2EDB9D22A97AA7
:10470000DB32C372ECDA56AF13E0E22BF7DBFE3A92
:10471000195DDA41A9CEFAA137595C2EE352E2EADB
:104720001FF32804D589AC5B27DE20BDBD598F89D6
:10473000D858E928A9EA08B77C3A6D70EE1CFB0945
:10474000C9CC441FA103695EFF879484496703199C
:1047500066A3F53FF66FD6D4477EF66AA619FC60CD
:10476000F40BBACB0A35B4E591298442312A82236D
:104770008E2822407FFC59DF7C1A32F75B90567AF4
:10478000EE607237CDBFEED774AED29F4BB397C3F6
:1047900065E3098A71C4E393714240474A49ACF822
:1047A00074F9AF7623750435119F0FC0FC220829D8
:1047B0006F42422A081CC6472D57B1D06854B00436
:1047C000BED7A6C0996A4614DEE54843953C9A4C8C
:1047D0000FF8A2A45DA342913079E19B713ACE0C0F
:1047E000DEE3DD9DF02A12259AEDBBE4561EB2CA27
:1047F000374FC2E288730E78523D82D8BAF43495AE
:10480000B69E0A0EF9AA0ADC3E10B6466221F97776
:104810004D7F1930C34CF35742BA4B2B904FA673C0
:10482000D3016BCB1EFA4553ED1D69BE9B10F046BC
:10483000854CE186ED7D0E99A75DCD47B2DA4D2D11
:104840007D2D6CFA8C8D7B3F7B48A526A140B8A3BB
:10485000D6241E62C61A100E92E5E7F654A8FB7B1A
:10486000DD4ABEBC9FA8F958ACBB3DAF3A2CD988F5
:10487000B8684B00E3FFB3F22D94AD44863620AB0D
:10488000ABFC953950396D5393D0FB9292841CF94F
:1048900058295F2C60263451A280459A0DAC193DF1
:1048A000D6AFEE7412DCC6A1393B840A1FEEC7E313
:1048B0002F5C884B40D6DC632AD03B6CF3030A1A8A
:1048C000F669B3AA39D003B6BA93004312B488DFAD
:1048D000F9E992FC280DEBCB17720E7862EF49CD07
:1048E0003B3D3A8C70834560DD2C1DABD01556786E
:1048F0002EC4FC59F4E4AA950EA998676E7553AAC4
:104900005F29100D4C24487B2156579BCCA1916800
:10491000B665A2EE9FAE23D361D0B49CD639ED50DC
:104920003708CC2B11A20C4E838450DB2EBA0285A3
:10493000B5CE93758059F6C93574F767C5143944F7
:10494000FDE370E53C0F098C0855108CC28F986907
:1049500051668D248735D0845C7425733BF1489F64
:1049600066C15F4B0557682150824D5CE6038CC2DF
:1049700026891603506E0AA72065B1A43831AB68AA
:104980001214D28425103F780BBD81565C1DC9F0EE
:1049900078291BEB9B919E4FCA23CE6C29BEB39600
:1049A0000ADD7C09218D3CC0399E74F759804A7616
:1049B0003D57745AD5AA3856CD31D0012215F47A14
:1049C0002DE5244C4C3906E6F39E4C481BB04210B2
:1049D000EB69D4F89CA765711EB2B8C600102EFD15
:1049E000B21CFC85515D3A9AB5C0EBE1EA395B89AE
:1049F000534CCE2537C6F3BE4D78A6BE9844A3F4DB
:104A0000BA6A9D226B5054740E6A0EFEEA084C2F4F
:104A10002E8DB668B607BDFB64D79598A2936A370A
:104A2000E8B9EEE955DACFB15F9FCAEDE90518673D
:104A300051D29F339C09415556AF4EDC64249F3CB4
:104A400065DB5FB6F6ACE00CADCC997D8ABD3F0866
:104A5000D9DCEBD0D9D93D09377DE4F2DE197B15DD
:104A6000FCD6083CC5901E4162748904419F4934BC
:104A7000F39C3EE0142396FBD5F35E3B8CE7632B5F
:104A8000C67FD5ECA5ABA846E8C59A030D9387333E
:104A90001DA7E7F588DBACE564595BD1DFA039558C
:104AA0008D867C758ADAB4434D2AF8FBEB9147A3D7
:104AB000CCF1905B4388D4B877050EE1912475BEA4
:104AC000D09145217DA3000620CD219917127F1B8F
:104AD000F83C1306CD6C44DDBA446603CBF0FBF121
:104AE000565042D25B2271AD54CD81891148E18983
:104AF000EB968ECEE8A849025472A3485D637839DC
:104B0000A4C5D37B16FEEC1B27118FC3218881D44B
:104B10005639223B767EDEB499FD4898331A1B6ED7
:104B2000923DA4008F64432DA5878BEB2D564356F1
:104B3000C75A047EEA324E4D98C1BF9F8DEF1ABF0F
:104B4000DF68378CE2A4B0B6402ADA629557208F2E
:104B500079FDCC66BF2ACD5A1200F1ADEE572F4633
:104B600007B10BF9D9AF5CCE405816BE8F9821E53E
:104B70009C99431C1DB0777491360F070AEFA78FDD
:104B8000D9325C8BEB46122D0C0E5D0DA977F339F3
:104B900019B237CBC6A7FDDCC934DF0564788E8B2C
:104BA000ECD8AF0068EBF213B76DB8DB02E5C723B2
:104BB000B3D8482B63206835535DC4A7729F6FAC90
:104BC000DA7FF9FC04D23A3E70C7D5FAF0B5A93BBA
:104BD000096CBAF6B021D7313FE0A579F6C0600381
:104BE000E610CC9022C097FDCBD820DCDF7AE873AA
:104BF000CB704E5063976A68B77EA4AFDDC7217A49
:104C0000BA9E1AFAD903A9C152FC87DE5A8C51F612
:104C1000567CCC995104D97EB5563DF6858B2BB484
:104C2000BE6C7A131C4472B6AE2C17D09BB5CB4623
:104C3000E1FA4F078B35B3374B4B54C45C111D86DB
:104C40008D07D41AEED555BA188A37EC9E788C0F9A
:104C5000C21181C1C0CEF04FDDEB8889D6C6CF0B23
:104C600080CF8E13B7CBD110FA6DA84AACBFBDA5CB
:104C7000D07D5C6366B399268DDC4102E8290E8203
:104C80006DB97E40616297EEF87F96DF7EBA4E4C3A
:104C90005BF0260966FFC6C577506E02002F186BC1
:104CA0000C8FE747C50CD4F143177E1B2EEB49A7A9
:104CB00008CBA80B0C0080D9457ECC2BCBF88A49B9
:104CC00080944FBA548B1B82C3826B3C14DCCF8E12
:104CD000716B4B4B2DB592D9F127E686C895B0760E
:104CE00084A700A9B3930C8799E0EC17C3D93B0EB6
:104CF00030457CBA3A49570536748619F242011B91
:104D0000F69BA40D5C2BF5633C432AA1991AF01B7A
:104D10008D1183D114CA083E2E43C65957B2DBC445
:104D2000C2D145CB94767211C33CC863911FB34086
:104D30009072B87AC7D4E112BFCC4E426C68BFAD56
:104D40004E6F569BFE843E25FC8627C4B2BCC6200F
:104D5000C5D4DC7DAB964EA536B547ECDA0A33C92F
:104D60000E9B89DBD05F56BD261DAF452152F3F562
:104D7000B6D8902F89D3A2DDE8A6E2D65C96ADE442
:104D80000CEE565EA828C024A598759CAD7A869F27
:104D900065ECB3764672F30935575998F693F86B7C
:104DA000F73F5668180C8F935F222CB5A4F158C3B7
:104DB00074ED76C2A6B38840EB2DED2E5BE92F8A09
:104DC000FA3734E833EAA3A92B723BC779CA6935AD
:104DD000E3985E6E7FE772B836708B5F086B36398A
:104DE000C85DC74B08952C65CF8673B02C2C770B0C
:104DF0006A71EE7296EE04D807C8FDA5EC78E760FC
:104E000061DCE726F03D4A2260AD280EA1679B9841
:104E100025F5DE61EDDD1222F46F4AB225CC879DC7
:104E2000304B83C7AC954154C588908578C20DC579
:104E30009821103EBB63CE2B0129A6C112DEEF2ABA
:104E4000B6D9DAD05F31E0DDB33E7DEF8B3CE0D602
:104E50000DD310BE2768B0A62498E72E7B4F21B54E
:104E60000C0B7C037E83DB14D0EC2D3598B4391702
:104E7000330A70EEC20168675B1AB00018B960B8F7
:104E80007E389C151F9F418367C7A2606CAC3BC2F4
:104E90001A449962E99733702085EA6BEADA73CB9A
:104EA0006BA4BF3367B98AC37421757D7EFF89F413
:104EB0001F51B7C9E90093F650D93760F8990C71C2
:104EC000BFDA34039543DCE7D64BD382068337DA67
:104ED000C1092EEF92244BE70E2A947CB59911B9A3
:104EE000B1F9BD461D2A392DE0D0F47363C2EAF052
:104EF0009B0E73CEDA0FCAB1AC4F03230374428406
:104F0000542A4763428602A439B210C9D32E94B7FB
:104F1000A16046421ABB9005BE10C77BA6AA49B540
:104F2000D8C6BDAAEFD205F481EF1C4A2484F1D083
:104F3000B81E2CCC853BA00162F5658FF2B61BC66E
:104F40005D7ACFF5807F70E452E8A482B7AB7D5BD9
:104F5000137520B4DA69B617AAED84063B93EEBF49
:104F6000322346D4AE308E617047BAF36E4617EEE8
:104F7000C3789DD85496988E0EA2AF4F1E01320072
:104F8000C0ECDCB4D68F99E14326BBA80A32C3FC3F
:104F9000FF1C7ACE98E3BB7D9EB3B23DF27A7111CD
:104FA000716092FFB794AED2CD694463D0A782EC12
:104FB000C52A1C2A5125B3900CFD44518C984F1FD3
:104FC0004E812CAC4E2F04CE0FC5EAD91125A89CDA
:104FD0002103262DA1D91D0914AA71E29E752CD298
:104FE00052F2451D1E3B75338BB9550D62052DE4FC
:104FF00023DAE00615689AE18330B8F90B41AE5B1D
:10500000A8C2FFE24CF83B4BBCA96304CA7DDFE1B8
:105010000C7FDF6FB2401632457F5F2B29C499B7F2
:105020005F5F03F00E321DFDE2241EAE85933ACB86
:105030003DD5352C9CE6429C8C3EB02F465EC13D52
:1050400052D53CF7379813950BBBE5BCA33700BE90
:105050007FCFD6F928556562C1E1BE7882C8EF35A9
:1050600025B84F3B1795093B08C1FD8DCD159C5CBC
:10507000F1EFAD1ED5C0F52A8C5D728BE1EC0457C3
:10508000DB23365A803009409438C31390A73FC7BA
:10509000DA4BBC43A81AF48D0F6A81086A5E8375E7
:1050A0002C2E13B31B5FEC710C4B2479B26FC53DF2
:1050B0009B1A071442875D5B1411FFDF40AA9C74A2
:1050C000512FAB1FADA71F6806C20761D5E6273871
:1050D000BE2DE2996650616484B54E929ED58E24B1
:1050E000EF3FBCC3471C6E88BE39AAFE497B8CC10A
:1050F00038502896FDC4AF0A24669EC511863F1815
:1051000014BC48687EFDB4F0B5E837BE68299CE55C
:10511000A91AF942E49175E6D6018DAF7357DB8A7F
:10512000ECF1636E7F17BCC6DE3DAE2EA59FAE369A
:1051300048ADBFCF8CDF276212156082EEEA7EC0D9
:105140004D5AC14906367D80C3582358629FBD27FA
:10515000C2C2B71FED95170F2955A5D0285E25A50A
:10516000D6CE64DEE436051FC953A550AE0514C77C
:10517000C9EB5736D302F8CD402E35983935DA5D74
:105180009213474C9586F0300ADD1A7682000CB4F3
:105190006AB31500B451187C9906258DB16FE522CC
:1051A000BF159F1DB182A86F9F79C6AE40E33CFF3B
:1051B000E65A9AEEF5656B49ADA39115B52A86DBE3
:1051C000440241DF6C07B6692F39073E5AB01833E5
:1051D0000A7CC822179E2FE3335C3D3E416D94F557
:1051E000D786E57B828931C2256DE3970C6171D842
:1051F0007D441A0377D1099BA88781DB5B6606741F
:1052000015733EC6410C94E0BF6C4751D875D9ABBD
:10521000ED878E0B83540D698BB33429FFAF65ABDB
:105220007466FDDFDF79DA4D84EF9245931C052229
:105230001D609E03C57D87C596A1CF1D42E0BD1FA1
:10524000A720140ADBCB56479AC8347923A067B548
:10525000571D6F6E62E84CAD69188D9AECEA05C374
:10526000376629EF845EC030C0FCD0B91FFC6F4C9C
:1052700009F6E30E8F1D5EE64BB34C5F0722C45266
:1052800086BA079AA2EE8A822A499C9ABDD4325ADB
:105290007447EA9E63A8A6FAD8C918D3682F632A70
:1052A000EBDCE84F5E53ABC76ECF36210AACA003F0
:1052B00071A9ACAEA30B280E74099D4BDDD9C6585D
:1052C000FD087F81DA114C5F2C957C2E354D1867D7
:1052D00018E2AFE7CFCE70ECFFF24481B5E9AF6CD6
:1052E000CCBA1DFCAB5E1F91D9E4ECF82C29F03D43
:1052F00001DE0E369DF6EA5BD63B21865218C6F0DB
:10530000AB048F037E80CE017CC99062F3488F1B73
:1053100054B36BC2C91B2A689F8E0B211A74D31910
:10532000981582A59A0665BE87B9C65DD179670AC8
:10533000134F924FB7437023C91C5CC962D0F6610A
:10534000463F1E3B697F5CE8A65A5F61F24BCEE5A3
:1053500021C99DCED1174F09FE0978F440BF6937A6
:10536000F4F3993A2C98D7504896D8961C0AF7BC73
:10537000A9E41EF08CC508CF60044DCEEF0778A3DA
:10538000E135B8EBEB2E6C286587C0369B518B4B13
:105390005F4C60A0CD7BFBE0DB581F577C641F088F
:1053A000BDA955F93177ADDD0F2017299A3A006E66
:1053B0000CEE6D05B23AD0FF0D80F02B2FBB60FDD7
:1053C00043986C1336B87A45185465266C22AA980F
:1053D000A57926A3CF7B55700AA5FB39D52ED9898F
:1053E0006516618811712EC6CA8050E027F0D61C60
:1053F00004E9DA03BE7DA3A9B69CDFBCFF2091D6E9
:1054000033426B6DF7EDEBBFB62A9B5D87AFA23BD6
:1054100061DA6771135A992E7294C0A2D973D4605D
:105420002DC324069AB349BF1287FE4A07389CD67B
:105430000EEC4A2276426A6E091905AFB0B31857CE
:10544000AA25EA39B0AF6ECACF37D4AE617B1477E4
:105450004230239B2D9B7E5D48DB6CFDDDEEF784A7
:1054600065B29734314E8871B0B6BE04F12D7C051B
:10547000D5776813678C728CA850F1114672575615
:10548000E610C1E104B6AFB097FDE832BB6E14F987
:1054900004E409ECF7420492011AA2C435E50C5F5A
:1054A000685A7A2128E6813E0DABEAFE0B4F99D669
:1054B0002C5A8A535EBB13E8A35F548ACD3725CCA0
:1054C000B44E543FBB0CB199E2FDF597C77705F890
:1054D000F0FE90054D97BAC0C6F18548208AA5D543
:1054E0000900EEE5E59412FC3F8A50B1C96ECA4549
:1054F0006A22ACE6A97F15DEA97067CECAFE42C15A
:1055000091C4CBD9792C0B7AB2750F9CF5208154BC
:10551000EB6C68E0D418EA905AEF97F59E2C06C51C
:1055200048603AA9497FAC1C59D0316FE21F2D75F4
:10553000BBD9F2D5845FFC3A13FAA1009D0A75A687
:1055400078313E88012DBC87B9FCF60572B2D3795B
:10555000295F22791C9156515C0C4C0616F3E2EB44
:1055600019576686AF93ADC89703F2213DE096FCCC
:1055700081C6A3D7F9479EE0EA8DC21E073D62AC03
:105580005B81AEB0555FC410711706573285BE4BB4
:105590006B50FEC552B2F1432FE7984BAF6FD9F86D
:1055A00067578CE6C9532FDC3FACD7BD3CFEB777BD
:1055B000F8F56B5ED79A49627BDA27940EC1468B69
:1055C000787630AD8B7E48B34038AD049EBA226EFB
:1055D0005FA8BB762B371F7C633DCC247F8EFCC23B
:1055E000DA0341EB5D070CDA76284F9E9077A386AD
:1055F0006F243AF54D23CCA177933D24DC12C3856B
:105600009208CE734F09B330A34D119A92A0394638
:10561000909FFAD87DF555453045985014D3A5CDC7
:10562000BF26C5A27F1FB1D136EC231CE034D3DFE7
:1056300008FEE2D36D1A288BC065D22BF856F2749F
:105640000C815CBB6EC491C92D666562332481A94F
:105650001D554784057C9DE5318BE83194CBAC6DBD
:10566000B4DA239C06077C418A396399C51008EE99
:1056700066266F472607A32452043541BBAC6A1D3A
:105680007145BE7675397263AC994F5DC986AD8739
:10569000AA8F625D3B0554FD5D83377225190F9B10
:1056A000A7998B198F99C18AE588AEE0CFFF325E4A
:1056B0000277A2F961EDA8445D33A1FD33DC2B68CC
:1056C0007F98AC0658B71A7C06F9378CB88E8C2BAD
:1056D0000DDA1B9157407482140B8CD89E4217949C
:1056E0002C0BDE9016AD8F8504C6EBFC20C1810823
:1056F000EB22756BF6124EB24BF9ED14441B89E4A4
:10570000C30C8A04EB7EA1D8B683C7E1E1E672E957
:105710003DF4F23E7B4DFB9409AE7DD3235E69BA26
:1057200024CF32EB1CEB596A04D7EB9A82590D3126
:105730008DBC836AC2EE74B84A9F53D11C7744D99A
:10574000686EFC63E5CBA2CF2674CD38F2B472F854
:10575000FEB9B190DE0B47C4D9A67A1E8E0F770032
:10576000B81E957DCB18AE4D62838A22683A94CAE2
:105770001B6AC28CF5AD5C0E4BECBB0065C84904DE
:10578000C3D3550BACED1DE11A45660938245516F7
:10579000D5E4BEB4D34F2E8F3687324F5CB4033E70
:1057A000B2B85D2882AD017E0CF0C9702EAA7D07CB
:1057B000CCD66C51D751BA5FE0C84722B004CF9322
:1057C000F6BB8DB56DD57952608A892326D22D8797
:1057D000A237A41865FACA6B0D10A0CB3ACFBD2A28
:1057E000EAB26FB4B8CCF29469F17471209D8EF274
:1057F000E1D924664E09D1ACF3EB49EF0BD32DC3AD
:105800008034D8D759E3AABF4197EF037EDD064B1A
:10581000D5070740C0A8777D0F9B976A98A9752E7A
:10582000EC4E0394D0D6B8B43FD54CE5C499674646
:105830003AFB8DE2807FB364F24B4C5A2B758C9F00
:10584000C25BEE3F845BDE9150B7E8BBB3AFED8740
:1058500035367777CC2250D64A835475F9887E75D1
:1058600072D24D312E4D0AFC4D17AA47E25BDBDCAC
:105870006A6D990A90510F7231E286917DC33DF5B0
:10588000789C211B2301B158E6FD16D357E7ED7D27
:10589000664BA53E70F1995B6ADAEA879EFF335644
:1058A00065AD8BCE3E3211A004A02941CF81EACC58
:1058B000C624A9698A2633A1BC1E1A1C3E041C04F6
:1058C0002B994ABF21F1C85C1B0A23D7299D5B276E
:1058D000D490044C084CCC55D0E8BDAC575E929B9C
:1058E000981F8956801C3A2045D0275938DFF34A43
:1058F000A2CDAA1359D91D8D21DE7A2566A591174F
:1059000018A9BB065294CF223269B1C09E0E5B76B5
:10591000D9C1FD5ED343671EFD12B44A07EF15EEF1
:10592000A828963938BB4F251C2DE4C12046D3D476
:10593000BE0A172DEC4292DD5F4EFA90C999C2C2A1
:10594000A2D0607FF5FF2BE48C2FF83E942CB3811E
:105950002529294E4480876D51E072F1E44DFCDE2B
:10596000A6ED5BD11C60ACD2437F15D7D43C79FA4D
:1059700050F6A4553D6FCC809444321F78DE8434B9
:105980004AC626C45EAE812BC6AED892F801B05A84
:105990004B3D7AE0ECFE20956E4ACE2F5255CCB4AA
:1059A000D774698A3A2206229515DAF75D2BB3146B
:1059B000AD60877B4357AFCED6DCA32485E3FDF9EA
:1059C00056D160C111257C45AD653741F1697791AC
:1059D00069A3931296966630C6E814E76C355CD1DD
:1059E000E83F778EC1826BB207EF92F3E7B2D947F7
:1059F0002574CA78F0EB8410504535D337679D7312
:105A00004BC02CECC5A21A806D37F1204603F83D3F
:105A1000725C6644BDAD160C0508D2C9144341FF43
:105A2000B6F94566A4BB2A3757A72D02E384960929
:105A30004AA9F36C89D92797027B105E1DABD2E38C
:105A40000476A5D517D83F7B8737AB494F3C5BAA77
:105A5000E0D22F10AA1A236931E8B6F9232AC22806
:105A600052996C9D8C5DFDCE910146BA85F36C7E9A
:105A7000E0A7A6C7A9E6D3E13C1BCACC7AE306C6D9
:105A80002BAB8AADE28C070FBD3BB665AA4CB47652
:105A900047EE9215DF5EEFFDE665687BBCD42AC257
:105AA000327AE9F2840C07E364764583DD207CFCDE
:105AB00026D8541015262DF6933C62A3CE731429D4
:105AC000DC1049365095FB40960137A45DE99811EA
:105AD0003BAC993DD1CD411A253EC191E225EABBAF
:105AE0008729C0212EC5159E791A2E5E94A59E0F7A
:105AF000807FB437357689105C3E8277583D4D36CD
:105B000066B84CFC86B53F5A31E89EA14BD95DFF83
:105B1000687B625246354FC5F870678DE4ADD53B62
:105B2000E8AC0DC71A75E61074A4086E2BBE9E7EF5
:105B3000A1C146C4E044546E6C1B4B15A093416652
:105B40006C2CDA41898A37B40C6815149A191B57E2
:105B50009A4DA743DF9A66E50810299BB6E9793785
:105B600049F57EE033BBD49E322CC43328C06A8111
:105B7000D8CE1EFB8FCF2989056D84C154B230F376
:105B80000957067FADBEB5ED2CA3B6A325C4C76FDC
:105B9000BE7C7B4693ACBCFAA9DCF312BDFDA3C46A
:105BA0008CC4D18095D8BB784D9112219EACFA431C
:105BB00084906833DE4E30840444A37127173FB0CD
:105BC000B492178968A11F29D5124BD37363594921
:105BD0003C5AC49E675CD2361026AC150BC717879B
:105BE00048C559536A7AD04C3A809A16ABB56902C7
:105BF0005C07FE6C73B115BC9B5CBDFDAC4D68BA17
:105C00009294DF71C22B03273F6596E00BF3B685B4
:105C10008B0D9B30D80CE008193939A955F5DA0DF0
:105C20008089201BF18F1F2FC70DDA92205BE5C200
:105C30006466A2DDC0414A1B9B6F6968F52FF97548
:105C4000EDC2799150BD2203985A6B8AC7E34E7119
:105C50002F37C72A121429B8CACEF3F5876C68EC1F
:105C6000F24A9922D56A3A1DB3EE7EFF78C4A7D1D5
:105C70002C440A0FA1B7DA232FDE15A519803AF3B9
:105C800068AE880B698AB3412288920D5F1221F3B6
:105C90008341F52170F3ADCA45C2FA985A851306BF
:105CA000C50D0ED45F828CFE568E48D3E7DCDD1125
:105CB0007ABBF2409C9B22B81D6CFC4AF111562520
:105CC0007E4B12DF7015A7C7C78B5E5386C6BEAC6E
:105CD000A4671B6FB5F38162D1363E78C2A9BF407D
:105CE000B15DAC01EF888089793545EF124D418D6A
:105CF0007BB2AB93E2961394CAE5ACE870FE5D719B
:105D0000A35CAAB5120E4737A0FB792EE4B9A0D642
:105D100045372B7CF40E95DA84AFD49BD612897B61
:105D200030774CFDE0A61B96794C79266482AB68EF
:105D30008E1E31B1EE192B60B4957A384CDEAE442C
:105D4000ECB58A3CD05B4A5DACEAFC238F1F6E4CFD
:105D50003DE4B0E3D4EF1DFB51B0546CF2732D8FD2
:105D6000F0F7FE951043A2E9249BF765243B9A14B3
:105D7000114849D8A1F0FD00806A5F23667E0BC2FE
:105D8000C769C02AE2E81A873688CFC738C47A5470
:105D9000F4ACE05F051EB0889C3E251647EB215908
:105DA0008978120CC03AD9F5167C70A88B83FC3A1E
:105DB00088B25860A08CB2D82D92F277F50FEEDF42
:105DC0008249C19C8C91B42A2CE76298A38C7147BC
:105DD0001355C55FBF1D67E9E3CD823952672E11A8
:105DE00083DF2A2F98572D1949CAF266DAAC78FA60
:105DF000666C9EA1ADFAD287B31EAE6259F11893BC
:105E0000AC35328F209C11B29EB5BFB889827178B3
:105E1000F418D3D337EA7330A513064102CA449469
:105E20009623518993777FA84768997B099EAD1384
:105E3000A16C970AABE7DF34FDB50D9D571C8FC1F0
:105E4000AB5604A79855D867D760CB676D5F02B88B
:105E5000FD9FF565D2098A4247E7BF7A4A8722410A
:105E600021D947C0BFB05B7569421C73501D4F51AB
:105E700082A7EEAB31300379266BAA773A290DACB5
:105E80008CD77C0B52B0F830F90293FA24168016A6
:105E9000BDD55B8C1F6A5C956F1B313026D65B4687
:105EA000F8FF9F2C2A7CB7A4D8C3B6564524C3D28A
:105EB0005CBC6313155C4A0F63D3B310EAE0BC7A91
:105EC000FBC0503433D18469E251A4DE6D344FFC01
:105ED0008B1015C438482540ADDEA845080321AD18
:105EE0007F64757B1AFB2A2FAA2C6263C30F36B717
:105EF0002A512FB53C28980EC695B84E72D252BE84
:105F000049B2A8CCB8048F66120E478EC81191D939
:105F100031663151E77F9E216727B333241FBD6867
:105F2000C8EF48D47E56CCAED6AA54E7D47B75C110
:105F300046DE856044B0DE68308A834634693D5071
:105F40007CE050380A783719AD15633D97436D4DA5
:105F500002C8436A09B65297823F04C97326D1EA40
:105F60006DE87F8926EA50469FA8768A0805051ABB
:105F700030CFBD7B7316337F6128A3B54C71C556F6
:105F800039C0AE0EE5463D599B5C385CDF34298450
:105F9000C4E33BA86FF92188E507B5700660611678
:105FA0008CE51840FC87B7313C6B0D963968BF17FC
:105FB000C827A10E5BB4365265B13AD377A893B225
:105FC00070E4A29FE39AFF63442AAE4D7FA6E86E79
:105FD000BC4DE058E6EBEB5BFA63326E22881B5255
:105FE000457BBCA092FE94BAF09312512442765E97
:105FF000E783A1370B65377B6FED1147806857DE6C
:10600000548DA4B636A3C9D544DAAA1556136664CE
:106010001E3E17D71B203936081D5349629C38D1C4
:106020008FC2DE94C71F1C24B98D2FA5B0B1F563B4
:1060300028BDC9AADB03AE891D557D6E2E70F0C543
:106040001A845D3EF590A8C43388E03F024F82FA7F
:10605000917A74082964D51B1889652B0910119051
:1060600035C2F4D1D1909B4D46A3FEDF40B84CD64B
:106070005ADBBF58FE940AE57DC085EF58FE11FE3D
:10608000CF679D79F28C246E3BB6469FCAFAFB9F80
:106090002916BF85D122B1B26D89E4301A4682AC8F
:1060A0006ED480EB535A374C13B55EDF64E2458102
:1060B0005D322F131DAA19197F6A9776B43A54508E
:1060C0001534A0D49D0AD1920DB5F60841B5D0A0E3
:1060D00072DC73873899AC98CF2106369001B3698A
:1060E000BFB9CEB389C3DFF90A0FAA929D3452F229
:1060F000DB152A98124824E095648843917D1C8D15
:10610000F378ADEB658747D0C1F811C72C8CC8ABCD
:1061100074F5340B6E5885943863B409A70075D6AE
:106120002EDD2C0A72017FABB848C97D7DF1641564
:10613000A0029440E16D7602819F52783FBAB7A0E9
:1061400090752650DA1D89D51D95BB4BEF2E258104
:106150006266A939849A70AEAFC4D4544EBADEF1E7
:1061600091E2B04601AEBEA78B2315D430A3735C79
:10617000B4983711A370BE08514C93B539330D6EE6
:1061800098DEE6DC7F6A772176C38C5E4FE0F88C80
:10619000DAA374A1FB05C7A843CC7B2B89AD52AC15
:1061A000A802A2F8578927C9899FA743F500E26F83
:1061B0008CEF88D34C97F0F6CAB6D216D6364EA3DB
:1061C0008D2FBE4189A725D3E28640897C59995CF1
:1061D000841128A4255A3265845287702367765427
:1061E00013EF29BC78BAF9DE245B6DB372D80524AD
:1061F0008467BD98F92AD6DB03E36C0E33A0C64F43
:1062000090E3059BBF7765BBDC98155B3CE916B650
:10621000F751718EA8F467E131DAA0A3AE9BD66581
:10622000C2B461A7B317315BE550DC48703FB6716B
:1062300088CFD18C80AC3518CF63226D2A1D3A18D7
:106240000EF69168E90B5837D5029F7EDEF472E7AF
:1062500050A7C3038706F1EEA83D0BF506792EB4CF
:10626000EB0DA063E8428299CB16C738ADB2ECFEC5
:10627000A4F0E6FF909D1C153644167AB8F5D44676
:10628000914FDE30DF33FAD1DEAD9385E2C00CD220
:10629000839FF185E6D49D69BCAF28AD604B0B634D
:1062A000AD103633C89AA5FAB125A3F5DCA1BAB171
:1062B00035D0FD4D438D29F7E1280619BDA6296E7D
:1062C0006EF433E04A167DD1006D673AA4E57B0693
:1062D000DECAC2862A74B9217730A1BC8DB51C1CD8
:1062E000831928D45A46977AC5CA6B39E639ECD750
:1062F000E34CE192749733DA606FCC1E2C0F14F5E7
:10630000DE2EA543E4D311212953861BAF30BF45B0
:10631000719456570A114BBA81E599F95D46982553
:106320002711B10A8930758969911C2E8AB54EB53D
:10633000F2922693B93EB51EBE13325CD6D6DA6B06
:106340007F51E5ED58E198E200D47D65577DEB9BE8
:10635000375AFA64FB0E9DDACFF031BE69CC7B0D63
:10636000BF850889A5EB532419F4CB570E39B2C366
:1063700074CC94FB654F5CC417E17831003FC923AE
:10638000B14E68465CD0D5EF5F79F91BAA260E891D
:1063900003D8C6544C8CE78BD56895869365717F7E
:1063A0002DB4D8978CBCB3BBD8EBEB4B596BB6E88C
:1063B00001CC9AA2032C289C0A59C2B9E6F95DE5E2
:1063C000FD52BA7D09EBE825A135EF5456F6DE49BA
:1063D000614565AA43A7037FC6E233BFF83E468DF9
:1063E00054F10E21D71765D50171EBF09A6F5C045B
:1063F00017BE295A11601C7E88E66AB6074BEE3933
:10640000D370BE64EC41B37BDE1969B204D5DA0007
:106410001429A03B7C7C20DA1208F53D121AC8032F
:1064200099205A193D3748D8F338B2C0AE1FF31E31
:1064300030DDCFCE632AA537121174B29D23EC9DB7
:10644000EE34B96AEED49261BF0CE2AD44892FB844
:10645000924B8CF95F9AEDF2EECBC2964D1B302237
:1064600040111E334A46EC3552A1AF94D93269240B
:1064700038B6CB822381D4154AB9273AFF7C0BA1C9
:106480002C3C26998C46ECD4150E5055566B1D8F1E
:10649000EC5717819A229F2067817A30B5F391E2F9
:1064A00077A8843CF2537D260559782F37CF6CA20C
:1064B00067535ADB7E47D75EAEC19CB9FA70A09E87
:1064C0001BC9A220D163A7A1205D7D86E4075036B9
:1064D0006BC8E3929E5DE2429832CEFAF9AA3B6E17
:1064E00065AB36D6E5FEC40C5A8F233D874921E7BC
:1064F0009660B0C7982C4C10116DCB7B863FB4B121
:1065000033580D9DD4D1BE1098E2C3E5E102880254
:10651000F8F11EA4898EDE25B50514537AF4C8DC83
:10652000D5F811E5661D5A233C8B4368BB2EE9C99B
:1065300055D06C0ED1468791187ADA7E225902C660
:10654000A7FB3479895164EF5756A24ABEA9EC647F
:10655000EAD2372C1B87371D5804ACF4DE6371CCAC
:106560003D0D9AAF5529D0D77198AC613395DEC0F7
:106570008FF7BE3B689BDCC54A86B133FC3F59753B
:106580004F9E2A75AD8A71FD55A51DB3AE70912D34
:1065900049879FC6752D18D880137A9F130FFC5A10
:1065A0003A93314B0C6667C30059A80B4ACDBB36F2
:1065B0007DC18A9E606A70699DD97F3591728065C0
:1065C00081CE84B6A8F0BCD6D256DF1D03AAAD1189
:1065D0008CDBF113128A0A0765D1AD1D8EE838589D
:1065E0008E7BEE19BC3FE71245AFC0382D163E6AD0
:1065F000542D8C159D573849A9C62BF9237D3A2B6C
:106600007256E85FAE361C0499685A5B057C482DCB
:10661000EE3CEC973468DA79B4F4342913EB2F8428
:10662000B03F9854A98979FEBC1DE6C0121C4124D4
:106630009B6D2049A0EB2C435E89756DFB6A4F2949
:1066400013CD5E959137C51DE7C241A2E41FBFE59A
:10665000A323A9BF3E60B4109F1C7C561EDD1DDD28
:10666000A2B0895B308D9D2D409A331EFE1DC3BEA6
:10667000790814D26CDCD17DC051388D8FB174464D
:10668000574EE30B58D215BF4B5C593719CDA2F0CA
:106690001E27F1F87D4B7758EFC663FC10DFA3A7E8
:1066A0006F916E7F5714B112AB718C8ECCFD7BAAAB
:1066B000018B2BDFCD442E02BB85BC0567F0A264A5
:1066C0005F02B51CC640E8636CE1146056F350FBF2
:1066D0009ECC9CA1B4448807B650B480F5ABE45777
:1066E000C516FE00976F6705D320435D1F1D9046BA
:1066F000328FBB975CBE9E6432E4B04067B99CECBD
:10670000C65D72EFA057F8AEDB6540C88C76B92342
:106710008DE083E9A9949124F5C294EA3735CB5EE4
:1067200011A2C24ACF27E0D1B9D3587066E66F37BD
:1067300077F1A581E1B701B24E76094CC558B56B2A
:1067400027236350C87DC94E703802DE1A74C84EC4
:10675000A22E5540B6CEA19ACB075C2AD6A06A25B8
:10676000DED930235332877BEF28A2941D16C35AFB
:10677000E10BBE99384A6DB1304C5016068C821B25
:10678000D2CFA6D6C0EB4DA421DE19B6940B41A3FF
:10679000F5A7AEDB3AE7ADA66A34C93729E638BCBF
:1067A0006CED95D31DAD2DB516536793F6660A4A69
:1067B000C6170C42966ABF76E3A06246EA92167E3E
:1067C0006852BC2E00416FA7231D4E03E658B562E8
:1067D000B54657739F1A8C646E68767225D2A62CC4
:1067E0003A7543B75C215CA7E7230EFDC4FB6A54EE
:1067F0000C9C54A6533D98887271A9C86C3C411FEB
:10680000FFF8A4DBABC70978EB60AEB6FCAAF9963B
:10681000FC575BFE3834D9828552B223877E6D5D8A
:1068200089FE79320AD55589CF3870ED71931B8B6B
:1068300073B985C6394703E311D3BFDCE402E81F0F
:10684000468B14047F9864F7811DDCC83141A65B38
:10685000118E3CEBE2405B73C4059FEDA999E7F410
:10686000F66587C02E9C8C846414C52F6C9EFB70CB
:10687000C43E0C92CF4727F91C1EF99DD7241CE07B
:10688000AD96C501B8F2A81C16849E0F7801D3EE10
:106890009F7D30D7AA1565057FFE70C7C63BBE8FAA
:1068A00094EA82B48B4E15363885364094F342A371
:1068B0000261BC22EB1F76785A9439C9F18A2A63A7
:1068C000836371D7EC07F4259DE2A34011BE4FF717
:1068D000F112784E5B8E4100C2BDE18CECCFA63048
:1068E000D5A44299F24B388B7EA5216FD7857BE5E5
:1068F0005E6D09D281658E2415B339B33BD22C8DE0
:1069000032BF86F236EA511A59BB729BC30D407DE5
:10691000406B09DCD6BE5F40CD3161D101D7782B09
:106920000C7F7BFA64480DA1958795954F9AAFF738
:1069300065C25A7EDD015FE4C44CA8FC0D7F78245B
:10694000962810757B2DD2FEA6949CC07A2854FB05
:10695000320625E3F2284AC1C2742F8006A02C27F4
:10696000B79C60EF4C38BBAE453C7710AACDB36204
:106970005F069DC0A410B164C3CA91FBA4CD41457C
:10698000AF053853A1C8F29AE2E2FB20A63788444B
:10699000AC5153AB34AF38E81557E499123B75331B
:1069A000583D0A27035209E33D48798B5D15A33A08
:1069B0008BFFF6EAF55DCC7D53F1755ACD0DA5BE82
:1069C000D74A674CD77C8C7B01D55634624B1A79F9
:1069D000F7FC06DC0A72579CA90E4B8F987A7EEF63
:1069E0006745881DF8D6D2408EA819BBA1E0EE10ED
:1069F000772811067275E9922D7E1370B40C3FD87A
:106A000080912EDE12C1B23FA34F6FE7244096B2B1
:106A100076F6DE1C3171B85E8AE57F6AAFE13C2A0A
:106A20008B94C623AFCCA24B81586139C082945A53
:106A3000F202EA9D6143F4031AD8095EC27782A587
:106A4000AAAEC000D371BA6F307E8BF09096AAE9DF
:106A50002C63BB5304D871999ACF0EA8D7B9112BC8
:106A6000FB8FB36573EE084DBBDF064EB21442BD1B
:106A70005B93E2CAF1348AA95BEFB1FBE77A8DED53
:106A8000937A5ABEFDE8399D60CF0E46D6A7B26C08
:106A90007D5047503D07D21D2465815BA5F04BE139
:106AA000E79AED51A16C993DE1E02C5DC48E8172B5
:106AB00050C7448AFCED3A96B24367F2A2D817B4A5
:106AC000CDFF12B860989DE70AA770C189DEC68223
:106AD00052D86A3FB4BDF660B7ED3190B04483E759
:106AE0006987046861454601F4AEB6D9FE1E896F18
:106AF0006E26CE54F3B10BD8A25354EFE38607B7FA
:106B000046DA5F124233713E08C16AF9DE12E1BB18
:106B10006E158E3361AE27E7E396161F9551A627B3
:106B20008FF1555A9042A938046502A99B711BAD9B
:106B3000E20755836D5DE4FA724335E5216C41113E
:106B40007B670E22AFF9E58CD8596F6AF93DD627DD
:106B5000A0B83FE568A7A367B521AC06DEFB777F49
:106B600027BFB3953ABDA763F24B7C8CC1C1E675D4
:106B7000F6D29E18E4A15FD064A85E0B3B309772FA
:106B8000423C5AA71E0E2B1E869853A5F2014C5666
:106B9000AB8D33B4D497175A20C9E79D24B0CD0BE1
:106BA000CF9E02C13ECA43612F136270C988212B58
:106BB00042B8E4E23A74A0D23772D257DC7A74D287
:106BC000F64B21DEB611143409F050481733C22AAF
:106BD000020F83DDE560A8D7DD6417C9F948F10627
:106BE000DD64811A2B307A985E19D640C6B21E7CBD
:106BF00037BE6BE30C887CA37D3ED855EE8E175DC7
:106C000069F8A66210B24C84A5AAF92B8357FF0835
:106C1000C2754AF05A2BCEED39AFFAE928F1955EEC
:106C20003B07EF55C68ABF882F54F58B2E6E89AE71
:106C300008BCCF28A019F24817B37A55A09F7983D2
:106C400092553A4727BFC20295B538CD0A8A646A81
:106C500057CC48F5DCF3354E9AED85039A7CD37416
:106C6000B60C6F734E52A48206BBCE92C38689BD0A
:106C7000DDC9604D684DD5F809A8FA5479BC59387A
:106C8000B9671F0E36B4DFD72E68914EAD892961E2
:106C90001127338E8FC2AB5CF04D726EE77B0FCA4B
:106CA0000CA472AC3D33A5465C504AEE641361AF50
:106CB00062F633637ED0FFA4D80A432CADED3F27A4
:106CC0005F8BC0E041049E547A9E9F189635D5B5DF
:106CD000084D0FB7F86FDF8FF8735514B2636C7CF3
:106CE000E2DEE95FBF0E0C404B5770E58DAB38CB51
:106CF000A9038F5EFC6998D01B2AECA8465EFB3C7A
:106D0000F2E8A615E1F9540C52F0B0CD75B108A522
:106D10001AD91B6DE198B0BDF882F1FAC23AB88178
:106D20007E1EFC8174D41DB24EA2D8337175416CA5
:106D3000AFF9B631F055AEB3E0B541B5D986534C95
:106D4000453405471C79793D4FA8D1D97DF24FA92B
:106D500010A4123281A915FD26E0CFCFE618C70294
:106D6000FC3C58309D9D2DA87240001D1932444DA9
:106D7000AE39EF9D770641D6A8E180C6E8C4770218
:106D80004C03731935C03B9E95BF79F251126618BA
:106D9000AEA520D9EAC57FF70A1640C4AF0C1D077F
:106DA000796159379839FD6B1EFB98DAF7B25505B2
:106DB00097AEE97A0C234F3E77292E631A4355DCB0
:106DC000AC8CA55FF6C69A27E99B6E18AC20EFC283
:106DD000B68C439E75E2948A275580178F5EC2DC7D
:106DE000CF231F8A4748C35866FCE15DBAE7C47ADF
:106DF0001743FFBB92D6F34F66148D9873D521418C
:106E00008BE37024422BAD8859B6450121FDF8F67D
:106E1000E8B7A59065FE6392EE7D0AA20FC1949338
:106E20004E73B15436E9ED0A4DE4C321EB400645FB
:106E3000CDFA148FEDC0869954D913D301F0863260
:106E4000E34123357696CAF2A9134C021ABC0A8193
:106E5000C65EE04A3F93A5E75ABB71AD2524BE6FDD
:106E600090E790498B489F038DD500E1AEA72AAFEC
:106E70007F60EE3701FC34877E1A19B92234ED5D4C
:106E8000BE46B048984227B6E97F65E3EAE34C8AFC
:106E900047FABFB1A1C570427F4F5ED5C71C85962A
:106EA00078469102A09F9F0DA6E8FC3206EBA2AFA8
:106EB0006015C69AE315820696993D773243D256FD
:106EC0001D5F0F8B39E35E4700B3E89CD8D1DC8EA1
:106ED000D2F1F90091FADE9902489E53DDD0DC042C
:106EE000D177F9E8EC5F9FDB77924B297327C023BA
:106EF00024699EB4F77D17EBC3C1C9709118482F60
:106F0000C9A1ECDDDA8636559058A694FE126413BA
:106F10000E6847768E5B8B1A126BEA4CA957099262
:106F2000F655BD013AA48FC0A52D4B963AF1D41F5A
:106F30007F4E051E94DCD0C92FC4937BD34B29FA16
:106F4000B48D74FEDC4AA68974AFA2338938E42F6D
:106F500099EC914C05681412A38C65C5768FAEA48C
:106F600046280957703DF362041CE8B3D4DABE7BAF
:106F7000633EB1A48C53CAEDE52D777670CEC13B4C
:106F800012782E58F1C60FCF1BEF123B52F9313C4D
:106F900064996E547344A4CEDF4345154A0C5F29AF
:106FA0008F2AEF8CB05DD6AA66FF19F59CD888357C
:106FB0004C78D6305150CDFCEF3BA6B335DF09C934
:106FC00077D57A2AE0CC017D8F426094538BA8C696
:106FD000C56CCBA262E7ED06F3B5384BA40BAADB78
:106FE000E086DB7CA459231EFB678D26DFB144F2CB
:106FF0000B40E267E2725DE5D657CD5CC8CD515ECD
:10700000751AFF9E980C1344BFF884B528F5C9B0D3
:10701000E268460B3715E97F914CB9BE7E862DA2FA
:107020001912C33DE45B69217CEEF63B0F24A15DA0
:1070300050DF62DA82DA25581DF366E694E3D7D989
:1070400016398E81A1545C84E4AA1B793B19AF9850
:10705000D534D16C757617006F247D3CD1966D7553
:10706000AB94ECB322C68527A99830C1E04A05AF9E
:10707000C994C1893F381739AD0E3E669BA0814B3C
:107080006C206532F03B75BD437D2F4B00EB316DBD
:10709000251D4E0FC4385FA6D17F6DF1B1E7D0F842
:1070A0006E214F997EFD4752D9250BA4E797781A98
:1070B0002764C91449DA25A9138E1ED51C97669733
:1070C000E04812D79D5860751F4DD60C43B2AD26CF
:1070D000BFD034B605245CF3729FB6FBE8561CADF6
:1070E000C0AFE6AFDD3B7BF14C1A93BE0E9BBFEB0E
:1070F0005171490F9C2D918C12A61E7A9E0AB4EEF6
:10710000206D7AB83752213DFBF0D8AF4E4E993002
:10711000BE27FC915503996A78ED1ECAC5A75BACE2
:10712000B202AD8EBA35409FFB6052283DBC9ECC6A
:10713000BF9A7BFF776B5412B6672ADAE38A9F9473
:1071400085A073F23239A57E80CFF646EAB64ABBF7
:10715000B7CDC26B6E7A8B9C8C0484B9E0A2AF9AD7
:10716000B7E6871C733263ABE25B17BA1DACFC3128
:107170003DC0B9F57F03FDAC156D964965332660BA
:10718000BE1FED2422B2A8ED1F39A411D2F5B425FB
:1071900005B405D66E53D5B7B48D8F11ECDD6E985E
:1071A000295D2C9F3CAC912A5099C29EC37E087DDC
:1071B0006AC466F81A9FB5B572E47A2EBC4C123FC9
:1071C0007271438235C173B4BFAC29BB251635A19A
:1071D000A5F1AA1B14C0DB06812B8012592CCD719E
:1071E000A9C2F423F32F04D8B921F9817BF42E5AD4
:1071F000122D536419FBA51F591F3D24DD4BBD41C2
:107200007597EF41698CF17A6844ADC647D73BE882
:107210008F0EEB244817A4664E8490331E6CB66B19
:107220008619CEBD269FDFE4EED1F1138CA6E6BC15
:10723000425E0D1AF2738A618327D4228D64925ABA
:10724000C362B22A7B84077EE5ACA9A3605757AD21
:10725000BE743497D26B70AA6E15DFA5ED6188926B
:107260000E1382EAAB5506A267AA5EFE5BC22675C4
:10727000B7E2866B56D7196A5960E6A01DA64E7F05
:1072800030FE0637EDAA6E28E4C6FDCC7A4077E3DF
:107290002C09853C43DEE8FC78A62F53B7E36468ED
:1072A000150F568A23CFCBFA2A63363CEDB856FD2C
:1072B00050520EB8C9ABF4B905BBFFB47BBD18136F
:1072C0008897E9C852115240CB665730C6B40A5E5F
:1072D000DE96AD612D01F83BC27F76458FE0D2622C
:1072E000E17D6ECBA2EAF56B6A5E2E5D5CB29A63BD
:1072F0001FE725C37BC4141F15EA93769046EEE37F
:1073000022FE8FD0D71508C3554D694088D285AB72
:107310003693842BA127B5D84D24CFA9CC39FA9523
:107320004E2869ED4C7A6F6487EB14F0B3D2E16BB1
:10733000B078BAC1C4B30F60D0C25EC70F863167E0
:10734000255D9F137148D954EF0317F62C1CE8F301
:107350000F4C5239DB8802EC5FE3D84388A5094F14
:107360009E2B1306824652A768AE5724670B95E6FC
:1073700084771333C40183EC5168FC95A0A2458245
:107380009B9AF1159E00CD301F880F1DECE2E43072
:10739000CA8118F1CD3897EB1F9C9F1118EF3D5013
:1073A00053734AB592FABBCDC0404E0F5E40AA96C9
:1073B0008C5C20D335C721FDB9E1BBD1043DA13D93
:1073C000DADDB17FC2F96B5EB71F2FC76F441B3781
:1073D0006FE6EFA9F7F4062FFA2450112891BB5657
:1073E000F41D77D213A7F1A46225EEE11C860CBC34
:1073F0008CD3E178D123E98617FE9B5A71ECD864CF
:10740000A24BD65904F3ED3D53499749A14A66581A
:107410001505A3BB71236B8989B23F7CA9C5428F37
:10742000B1A747859D82D9BD0591AD89AF2410854F
:107430006FDE3E42A19239213C331C0705A4528ADB
:107440002D8637409B1EDAF50DC096CC1212988B14
:1074500008D678565FE4D80F464707CC62BED2798B
:1074600082524285FBDFB437A38385939CEB4DCEDC
:1074700049B50B5178E82372F7D0DDA75DA6DCFD96
:10748000651782C16744BBCAAAE20DE5C64675D737
:10749000FD2D617F7A6B0D01E30CC4FDF22C9E1F64
:1074A000A4086512FACC5CE477D9A6CCAA3A630B9F
:1074B00085398ABA5EC82904B410F6ABAD40C61D42
:1074C0002F37027274DE3C454A9F50AFF0AF791CF3
:1074D000EEFD67CA24BE09BC19457AE843CF771987
:1074E0000C96285CAAE0A8592356288B1FCD745807
:1074F00051C9D9218A0A7C13A28086CE634B22EB24
:1075000058F6AD8D7FF1F1E69146740A85D950C9E0
:1075100017FD5C0C7E4BF58566E9759F17CB9EA128
:107520002F45F5237B0D2271AB965325A6CAE28D1C
:107530006C20F00041601207A267B9ED7FA9B2B9D3
:107540006D482363CD3667FFD724FD7CF7F7E14F05
:107550005F46147F365BA176237F317EC4160C6DA7
:107560007F06640508DA3965ACC05133F4364B65E3
:10757000D3E8F4787C0762F40ACDBD417EA8A9C0A7
:107580007C72348887CB96BFD9FBE1B371DE099258
:107590003C0B2B1840CD4F0992CE738DAF874FA770
:1075A000250F302B12BC5183B8239A6EEC6FBAB7FB
:1075B000CFACB8FF195E124A24BA87D687AE35BB66
:1075C0006FB8F8B9750246C5672AB941AAE0A82B79
:1075D000AEEA2EA669D5D635F84A687A5DE7E7DCCB
:1075E0000E31FC36F9A28381F0D14DA6328292EFA2
:1075F00068939E1325D10C0126D8120BF9AF3E5D7E
:10760000168FB5454A017B545E6582A67A569A610B
:10761000D75EE28807370A98F2E246618F9CE47CE5
:10762000D9C776A0FA06AC7C382E2836D9B6A2CEB9
:10763000CB0F5314F65B08533E16B717A0FD8668B0
:107640002A9276C49DABCD6238995A827C2A729C6C
:1076500048BFD5124B3607A13AC14EF3B8D4024702
:10766000E4ED3D561603316068853838DA2F547BD7
:10767000E77E448A6D4377D62DE948E1994B77EE52
:10768000CBCC278576A165C558E3667EB7447AFAE8
:10769000FF77827A3B34259F89138EC4D8DF780B1D
:1076A0008AC0254BF4CA6FA321AB9ED81FFF01E10E
:1076B0003628AD4D28B5C91FFD5EE8EB56B488B03D
:1076C0005823718813128FB8BF6EECDDB0C018D983
:1076D000A8744F2B47B810FB9F41E08BFFCE01E30E
:1076E000E5AEA2F36331693F5E62047F68CA7152FE
:1076F000433BFDFD3D0810C9DC2CF85838F48D786B
:1077000000BC3B53EB2185FB6E12FDE54D35D78B5D
:107710009C1ED8B37AD5C81470C11ECA32684E53A5
:107720006AAC9F885ED6A538697333CE996094277A
:10773000AF939B4E745F4EAAC5E64E345EF896AF8B
:10774000122C8DE34DB4AE6BA5C7E9A10B5A93D2B1
:10775000F3FBA8B9A6BC61B45B006FA0AC7AF88A51
:10776000A43AED9CD911366782B6F0B63BA2B1853A
:10777000B1A8F508B0AEAB6EE24AEAB4FB18F0AAC5
:10778000CF3D6D253519369A8699977B0E22E8C92B
:1077900031F9C0617A1F86ECD899B646981386668F
:1077A000E859CCB6845BE595B0DD43A42CD52150D7
:1077B00070753A2DBD7B16D5AB932FDFB0CD4B6DD9
:1077C000D54ACE322CAB2774F174EF5B600D89C9BA
:1077D000A261735CCE918823A97E3311D27AA2A6CE
:1077E00096C4425E059DB9C0069E27C1A1E6666D9E
:1077F000C9A1CFCC9CD48AAFF1F15C7CE2AB4E6ED8
:107800006F2738E5AF6F3B7028D78AC35D1993CFD8
:107810000DB2304C32ECD6F90729C85CE984CEA50C
:10782000F1ED1A6AC33F1A72B016C61E8443D43BE8
:10783000CE708B52E403007095E536188F56C591D3
:10784000B93D0F7017BC4A4C51242164767900B0C1
:1078500076AB8BD69CE4BEF782D3F4E210AF6EE435
:107860005BF8B9C82EC59FF94A7961DAA1B22D2714
:107870008F34149C9E076703A5CC2D349B79392542
:107880009812031894BFC9AB78C2E2BB74D8BE5932
:1078900097FF520A11EAFF5C63C6D93761E425E617
:1078A000AD4227F71D58652741F64800A2A8AE292A
:1078B0004E4C1C8925DE3EA0AF3439ABC1D062D01E
:1078C000B9534EC28F731D0143234DF7D177420444
:1078D00001223252217CEB7FA1D0FEE04572E55FB0
:1078E0009060E4B0838D556A14E32265ECC50EB850
:1078F000E6509FA09B219132EA85F86E9E149DC2AE
:1079000053EC98C6A5575DB16F2BA6F19E9E73F8F8
:10791000EC6E7A83F08730E5B606A68984322AD9E0
:10792000134462BD38884AC74DC01E7DB5C23DC6EE
:107930002AEE2A431CD36F5CF02BD3FEF2DCDC7BF7
:1079400057723DE2AE1A7987E4C8D2A649BD2DC769
:10795000767CA6C8DE6F3D38893BED9D372438B371
:10796000125EE9A7C85ADC8C51C6F8F8A0B7EF6DD3
:1079700051DCA7FA98E6A8D32D0613CC387F17CC94
:107980002DA068F7A9AC971030FBD5662AF36F6974
:10799000DBE75A43358F6F16AC85649489D342D1A7
:1079A0009755DA9DD1F4F8CE2268CBA1524EF164FE
:1079B000B105DA9E6F046D727DCDF87CB830223946
:1079C000649710B88E9C69DFA6F5ED07BEFE1EE633
:1079D000E5F7F643E4717A71238DEB81E459C9B27E
:1079E0002B93C5120C50E11480168D9FBD668EBD81
:1079F000AD5F075A529A41CC7C847A02FB529BCCF1
:107A000015F84368DB963DB6EB65E7FD0EEF19050B
:107A10000E529DCE60737CA5F1FD90B34DD5F289D9
:107A2000AB7AE4600718FC40C8D5FE8572A8240D27
:107A3000569C8E503C696FCF903ED162AD994D4BB4
:107A400008F497E6A610CF8AEB8FF6A125C0E89040
:107A500020978D728D658D9E7B49288583F932BF75
:107A60003941770924EA2B515769440D738ED8E2C6
:107A70006F7299C31A368EFB414F1D7B68F722A2A5
:107A80008D866EB5BFA5C5DB23E09C9332FA54D139
:107A90001D83EF025D5BBB738C15F6F49C212CD12A
:107AA00081B33783BF91F077E97757708603599791
:107AB0008FF0DABE3E221E0961729AB0832A5A55AF
:107AC000F047FEC0A1F925EF168CA5EEEB0E88203D
:107AD000DCA983063B7500C7460C0E6D90CB71B6D2
:107AE00014D9CD1A1966AF8F7FFC8DE6AD63218C5A
:107AF000261BFBD9F45C1B8E615D4304862CE68259
:107B0000F2EEB9E9AB8E11B687C36C150480E1A41F
:107B10005B5EDBC7C791BBFE4F779D54DEA9B6AF56
:107B20000C0279A0D79B0EF6957C5871E46319D3AB
:107B3000AE97FCE5C0EAB19FD7755DDD14D4E95A74
:107B40008585B95E03175A56D41C189E1F26FE5011
:107B50007B05752205A05B15C79DCD0DF66BBCBEE0
:107B6000C92013EF8CA00DA27F382C8E72A68681BF
:107B700012C0321B4196DDC244A23CFF5BB7B48405
:107B80009EBAAD393473E796EB4452EA49A4473EB6
:107B900090422C89A94D7B53612D73ECCC1821A503
:107BA00030466E9771B7A40ED6CFC1F26662E71861
:107BB000B9B5C57C3DA8C91ED1759E7187BD45E983
:107BC0002E10B7FEF75A805404342A254F888413A8
:107BD0009ABB7FD7478A9F0C211E9C2EDE00141F64
:107BE0007890F50B332766FB0F28F1E4D497A06358
:107BF000BB46EEB36235192BECBCA0F5B8214F2C77
:107C0000B961345AC3EF510FAF7DFB79B7C1DC6C5A
:107C1000AA7AEC15D46696D252C7F8FE545CD06EA0
:107C2000B84128B2CFF7CC5AF4AEB273DBC4F3FD3F
:107C300059A26757A2CD28BB759D8167E3572C8851
:107C4000AFD54C5E9185F75E83EDEF4C584CB52D6A
:107C5000F5AA13D9192BDFB5C2C282BEB7044FB93A
:107C60009F162BDEFC3B17487E09FA983C38CDE086
:107C70000C7AEEEF3167FEE7D1B7ADE52F31B451A5
:107C8000CFEA982C92081BF1326DE00B7B7D4E768B
:107C90007352214F9A24CAD1598925FAC0AA3C1A95
:107CA000F653B6B55E090A4AB95644939AA2F0B89B
:107CB000867180D19955893EB91DE8616176881435
:107CC0007FF79FF1ED691B4EB8E6AF2DE976587747
:107CD0009B699F3EDCBAFE8828247E12EB784BA17C
:107CE00060CB044F150064206143AAE5E868545D49
:107CF000B84265219BD5ADDB62DED81F3F545DAC39
:107D0000FD88DD3F57275C63B7B1C8A4DC41998C7F
:107D1000897273F28AC064E5861A86A91A1490C51E
:107D2000F5C31FFCDFA2FAEBC17635B52D60629377
:107D30006C7A57AB27FE14B8A2D3F7CE41FF3FCCE5
:107D400034FB0FE5AA935F3283058033F7326B650E
:107D500056C0F9E4A5CA80AEAF6D898EF3A1926FCB
:107D6000C0DA1CFB50567FECB3AA5DCD165DE097E0
:107D70001F6298B5D9525E64193AA93462097AB47F
:107D8000EFE74537CC04869FF071EB14ED46172CD6
:107D90009B49E4D29D523D1823AEE3EA2A2A1DE313
:107DA000655050811FAC6C45B687EDC23CF393BF64
:107DB00079EF8D76DBD76C8121A4D6389F6C49246E
:107DC0002CBF6B1DC04D382FF0400042494C602243
:107DD0003CCFD6AC988508B2F42B7388296C890FF8
:107DE0007BAAB2F130A69D9D39D81220F2A7CD8F83
:107DF000D04A6AEEB1B653C254296C11E2EEED7D61
:107E00008EBDABA6623AB92085E8F46B054C239C85
:107E1000DB5DB3C651880094C7A6BCC05893A6EDDD
:107E200015657E954A428DF3B8A5FC4FD65867BDBF
:107E300071FF71CBFCCAE12366E4544CCBAE669172
:107E4000BF6BDFC797D6CE788D99EA756496459655
:107E5000A8D980C859139708204400B7DBFDDB7A06
:107E6000E3A368604007FA4C17C945FA93AEDD32C8
:107E70008D8798B0189DC7B4CBE6823390B2027557
:107E8000A05816D2EC64C9F30D43A4F6673B1BF46B
:107E90002615D899AF234E64774B736376C79158F4
:107EA000B56F9401A675DFF2A15A93908417E8602C
:107EB000DF3697146C9C1A4549B214B28B711C08BA
:107EC0005115091328190A16A32EFA772CAF69BB8E
:107ED0003472136D147C34B642F0309FE548F8E9F3
:107EE000E843BAAB4A0BCE598EBB3125A1DF5A22EB
:107EF00045ADF7D05AF6EA28A79948BBDCE65A7C8C
:107F000025EB9674B70CD1D5BB86888C4E65E828D6
:107F10007A96615A8F5FC32199F9EC25467F3ACA58
:107F2000E45FBA09F4E929D03814D5ACD6F52701B5
:107F30005F8C82EF0A84ECDFC7F4B270F03ACEBFF8
:107F400058F425A7E0DA284B29D79509943D3BA39F
:107F50009F707D5769F0E6CF353CAD42179A61546A
:107F60007BFFA6E968CD3349DC252CEA519D1BE84F
:107F70000E9190CF363AEBBC3A986C7841A3F02E34
:107F8000AD31E01C40E95336A97946C456D5BBB59E
:107F9000E29FA13996F4A3950A7B39A92AE1B49905
:107FA000A5555A2F3896521DEFE06A7CDE50FE111F
:107FB00012CC2F30FDCB41CECBC52349D0ABBDA1D8
:107FC00038DA84C869199B0B7192D82D44175DA4C7
:107FD000832D62E18522E66AF0A74770F92E952885
:107FE00088F6F5F5DC4B1E7A361F0DD12EE81FA65C
:107FF000A7B7229B4F9DD2022B16F94671F2B20809
:10800000BCCF1C17E4AB0F22F4A30CCA9454F85A4B
:10801000F6757C1A721AC81824B47779BD1B01C38F
:10802000660B981264E5315C486386707F7FEBE1F4
:10803000C669D2248AD86E58D26CAD3B4CC3266434
:108040007167A30CEA39BB53A645D320B8CE3D07D0
:1080500011BF86C2CE92BCD0334BDC976E0D2D0E75
:1080600046CF591E2FB6BD7C9707E1D53091B62774
:108070006B67411D3F80E2B706F57EEE29700574FF
:10808000482A6F5D1B364BA59300E6BF22DEF3CB7B
:10809000E03BD9BED5E2E4CCBC875D6BA63DB9C65A
:1080A0002AF655F4D157C78C54693A4E581438BC47
:1080B0005646B87DC11F782B7EBF2C00F7B055DF28
:1080C00018802963D423FFC75E929986B1F1315D90
:1080D000549864A8378DA00EE9941F664571F7F394
:1080E00055C51F4487D0031F60102D604D97890927
:1080F0006CB769DA576C346DF4081B98E705606457
:10810000065D4848D9C1FE7CBAC2919257DDA3BF33
:10811000CC0EAC6A07673C533E404A497BF28E86E0
:108120004F053434DA9B3E40F98A730C4BFE94E7DA
:10813000A2E8AD54F175818BC1D307F34F80500C89
:108140008F50481731D2955385E0BBE9BABA433412
:108150007B7390B50E85C7EA1CA707D79B4130D229
:10816000654DA38FC1B58C53F0A455D0BF7F6583F7
:10817000905DD87C7D5B6D2730ED13A863020840CD
:108180001B05019CEB228A36DFE808E5091A8B3EC5
:10819000AC0ADB8DEAD79C09A160797CF5C804F5AF
:1081A0009DA210F56BEB859873E49421C2F3D7037D
:1081B0003789ABCD93886DE9B986860059CF143ADB
:1081C00045025C49D592EAFC56B6BF6B24DFBC0879
:1081D0006E312C8447A1F76008D4F4F44A3F5DA8BF
:1081E0004525430A39DC3A3655F30D50FA0FE3259D
:1081F0004E5AF2783782C17D65D206554298F7FC17
:108200005B2E7B519EB8554819089C018459619C8E
:1082100044CE2A9F37295CB6D0FB4C9C0AE1258DC1
:10822000BC0C4FB79A3F61F94901DE8DAC7CC109A6
:10823000826EAEF92A03047708B55235C2E587612C
:10824000DC77E26717EA1FE55B9D793FD75E1ADFAF
:108250004BCDC5AC4820229D4B590DFE2082410FCD
:10826000F8B5F5CA19CC948D580DE72EBBD37D34E3
:10827000F082430B2569EA8A24C03D0278C1E250AE
:10828000C67795DF3C84BD07742FF550D9B7F189C7
:10829000FE2E268D608320BBC875517493E6621E46
:1082A00095D6C1EF191FB45BA80D3DEB565F268D27
:1082B0009AEACEA1A9F496CC389717C56D62F4E27C
:1082C000AF843D9BDF927ABC0A9FDA0F77F7DEB569
:1082D000CEEBABB598797EACFB8AE12B911BDB44EE
:1082E0005854161BDEC1B429F6C1015537B2360207
:1082F000A25E1D75D62F9820392149D2E502EF8163
:10830000F205612AF1DB07D9C8DF3937925DD95D03
:10831000A373270DBE93CEDF6F7C45ECFCBF61617C
:10832000294A61D183C5B8BC9ACE93ACD64C5A4D7C
:10833000948DFAC27612461062856ECAB5AEAB4510
:10834000384F5C4855E2CE215707FE1BC3DB13397B
:108350000A4DD60EE307638E917F3DD138A7BDF35A
:1083600018CD3E74C06A8DE8E4F9FF7990F2F99F68
:10837000253911B94D59B526CE73629ABCDF3273D7
:108380009A3BFAD481CAC3B10A40BB8893BE4B9BC7
:1083900059D51B01F799B479AA6ABF53E57BD40C70
:1083A0007AF356FDD8494618D30C7EF3D85C9C9BD3
:1083B0001DB16F916E33D108041A547A42EBA6B501
:1083C000B4CBF495E427BA89179F64141F5FD8BA19
:1083D00001C011E42FF23FAA0133BB20EAF8E9CB38
:1083E000E5799BC0F4A614F0A27B41073FA6479E07
:1083F0006876F7712FA2106D022A30C1B6FA680DA7
:10840000DBB523EC5DF1363DE0AF6C7A55A62C77F9
:10841000C8446802102A849747B723CF2CFF73CE35
:10842000ACAB2E71E5204B3417A1D05865E5529BBB
:1084300000124F91CB71B088FD566CAF38EE9CB6F0
:108440003E079BA63B61920C92CBED3298669BE473
:1084500053D7704B3A52066D3F7B69D98973FADE68
:108460003548D276827A46F582A19AD561B38021C9
:10847000BFB4EC86EA2B2F85F65B4425CCAADA4400
:10848000CA4373ED35E6B500267F6D40354DC928EA
:1084900095875962C3875B78BCC5AF147C64260D91
:1084A000DB4B8063811260C8C1679B39023892AB95
:1084B000800F0F3B67672CF840162ED12CA26BE67D
:1084C000006F00000F805BFCE3BD32AD4FCBA671A7
:1084D0004505FF2F040D1E5673A8350503C4B99733
:1084E000BFC3E097C6E3753D081D91A2E6A144C94C
:1084F000C8B185DC9DAEF3169C14E5FC25A8D70C0D
:1085000064DB902A28A3BE4F4F131E2F12E7304F73
:10851000023EC18CBC889987843C0BD58CD8E90776
:10852000451E080E0F532A8A8C790F654FAAF696BE
:108530002BCA9023B251BD538365247A9E055718E8
:10854000D83E217E747E420C76AB857198E8A7995F
:10855000A472EFD415DCC5146D663FE71CC1FB8324
:108560004B728A4A9AE09732EA924437FD19F747EC
:108570006897AF455D21688E275FE1E5E4A738D2B3
:108580001D779EB7163AAAEA41588B550B6A948319
:10859000316687BE776C8D8B0166A07841105B34A5
:1085A000B4AD44ED3786E905003F56E49A90DD937B
:1085B000AFBD49C8C303872186E388DD1965244E12
:1085C0009791ACB28450382A0F1F0E719C124C5EEA
:1085D000BAB747FA606A635B340B4E4AE36028EA35
:1085E0009DD40A5F93DA0A7053E022AB38C3B673A6
:1085F000CCB77871178617C5B47C5D0BEBACF66D04
:108600007328D3E59F669FD45C3F8784EBF726B041
:10861000076038CD365F73AA89E14C2A0C21188592
:10862000F9A246E442FF82FAACFA2F73FE31230A24
:108630000B14ECD11FF4DFA3D5E940D2D1C2FABEAE
:10864000878DD8E7CD4F140D19C8E776D94210535E
:1086500016DBE7C9ACF26C43EAB7FA8060BE60573C
:10866000869B694FD8D5BE073E71A49910AF25CB24
:108670001AEE3D82604DC944854BEB156DDD9FF5CB
:108680009E59528E5DD7E053B55786D11A490CDBFF
:1086900071118D4D8FA6199774810A4C3DBC69E507
:1086A000B2BE2AEED24D43276809E474BFF570FAD2
:1086B000C52B5B99BC1E2B40D9BDF2E8DE218CB3E3
:1086C000B677D7E150E5745709D7DFFADDE340EE1E
:1086D0008400AEEA46C06054EC08048319757EA895
:1086E000E32775E4AA75D2222988A852C4EF264B45
:1086F0000AE1D1F5968C5B974BDA05A6EFF62703D6
:108700001E291EE5BBFDE0BB85C64FFB7B36ED1E7B
:108710005B63127685F8C57A971B9E5C4EA1B6E71F
:10872000C6EC6A8717C539A1E226C8117C25ADE4DD
:10873000DBE7717EF0C7591CDAD65DC1EB36E7384E
:10874000E31F5C8745C3475055FE01053E03896C16
:10875000FDDA8AEAD82ED4193898B5717DA715B2FA
:1087600075315AF95F09AB27AA08EFC83C59E30DE8
:10877000E20D34F714D0DCF461798B0870BD5F2C06
:108780004474095EB34E1D2E75F6DEBA9649DBAB16
:10879000B67FC95030ED0C8C22EFC648DCDC61BCE2
:1087A00008F8B4E71B20251DF57C7FF47D4B938FE3
:1087B000BD948012D9214CCACD5D5074C5A78CD709
:1087C00080C93AFBB1429AFFF5B675880B4CD3319C
:1087D00038329A42630F7B3BDFDD62776A6BA8F821
:1087E000C82E47CE75B1436B19B1D0D46632327DF5
:1087F000BF7A8F704C7FA1D9FDDFFA4C79AC5A3D1E
:10880000F3E0D7EF79DE34D193B5CC7A005FBEA127
:10881000D68C12802648E73E0E7C299557B96326F0
:10882000AEC9126C911FE399A4CBC2F3B12FB8C6A5
:10883000572BE3C4765313B7963CB0BE95DD3398FF
:108840005182F1BE8BC6CA82278761AFDC8498BE95
:108850002C15BE1F126C6FB6C2BBB47CF844E9E99C
:108860005F61C94A02C4E3DADE6C06EBD2D71203B9
:1088700047D4CF9526299770EA9A758930961EE2DB
:108880003B5CB1B7162BCCA9408E8A3EB6587E34DD
:108890006E40D75DAA8237DB9CA8089F662E023EF9
:1088A000973D83EBF546AF883DFC10CD89C5E8EFD9
:1088B000E2FE999F595FDDC899FBE927098CFB40CF
:1088C0001E54EEE745369B033E9EA2DF187DE48AE8
:1088D00095EC551DA24380717839F4F5ED6B0F6569
:1088E000907541529032BF4B805CA09A8BD8F015A6
:1088F000ADDC82D80E5F6AFC5EDBA09E4A95BC525E
:10890000E789476B3581F8949B4294E7BA38435620
:108910000B397F144B903D9EFDCEDD40BDA0998567
:1089200027ACB052434B83CFF83D95F5DF748005FB
:10893000ECFBE3318E5074FEAB90D6584A3C626536
:108940002257BA68C529FB4CFC1A0EE6D7275F519F
:10895000DD1EBAFF7B31629E8756FBC3053E366B38
:10896000951A9EFAFB90417AF0FA14272209A16227
:10897000F9E96B4F3971A13FAC9316742B42641324
:1089800047D847848F58AF1528E4AB0C208BF9A645
:108990009DD59BD45BA433588355A9FE0C64DD1E82
:1089A00071A8125001497669028E7B75844F5F4B26
:1089B000F1FF8C3E61E7E5536E4E17A59EB1219203
:1089C000727125C31A48DC6CEB0E3114419A06090A
:1089D000DC8F6DA2B1ED1713DACC75C169ABA40EB3
:1089E0000462717F702A21A08E95D1010BD4A95702
:1089F0005294534DA86B46DCC542FF21B026C61DDC
:108A0000F0F5D80A51BBA10E537B1BF824E7439E17
:108A10003444977CFF70EA9E1223200501B5C16A99
:108A20000652F96788EE38CAE5D81BBAF5838C453B
:108A3000E1F977B77F475024945662ED05A51BA353
:108A40002CA572A838599D150DDC9A769FCC9B27D2
:108A5000DAA0EB1F585156F7C1A78D4E52DB33FDFC
:108A600087464C3BE532FED0C9B7E45DBB1B6C3F8B
:108A7000D842400659037454F0648FF024E21BD7A7
:108A80001060237AD80C66ACE0A6F511B0F3C723CA
:108A90006B3210CDA803CA968B8460D06441E9E0A4
:108AA0002557C3818FC425F11F114876BAF7B685C3
:108AB0000E1F6C12FFB6966FCA957989B6890C792C
:108AC000D96441D8CCA0FBF29BE8A4B4C620C19DD8
:108AD000149EBB8EA45125BD7CFCAD57423807C8FF
:108AE000A4CE5D331B29AEC4426DDFCB5BA9470B1F
:108AF00078491C21A5409FF03B55D053E7188DB70E
:108B00005C5A442A4D6428F67903AE35F1088B543B
:108B100013A209BF1946EA729060E624B57110B934
:108B200095B02E57B21E7C56693EAE5D2C00BE65D8
:108B3000161ACF9E9F295462ED1CE9C4BADFBB7898
:108B40007EAD32B77BD1297CA8834BA5929D859BB6
:108B500090DD62E16A01488C8600984C3E1FE11E60
:108B60005C6095CFD39A2AF1F9B435AB87CD115D0E
:108B7000B4B2492C5AC203A4D88F6AD5359C97DE6B
:108B80007CA3EB8CFD90952723A6C2AD8B64B4B576
:108B9000A475233B0C239DB5B01E55EE72BD1B5A28
:108BA00052522B058A7B4F3FF420C50E5B1E7C730F
:108BB0009C79E9071C76F2191025FA796BA23A32F2
:108BC00099EE4B56C78DA8ACBA1F892DC377170CE9
:108BD0008C3EE3A41B6A53F163D16DB95BDF32A90C
:108BE000C8FF60F113F32561E80FD8DF955C80ECD6
:108BF000D364397B543E81D1767C554E1763974BB5
:108C0000F9E66C9B80DC328ADFCCA6176CE8FC2787
:108C100074FE9F9BED07448C4D60A2BFFE73B05B5A
:108C20001CA600347529CB0A62C8B7A8B72C1B2D27
:108C3000D9E61193B37AFEBEA5BBFD3EB3A5A0391C
:108C400048E20D9F9A9D643A858748E0EB89D359A5
:108C5000C1B92BA13E166AD4696FB73DEC1A62D731
:108C6000FCE4DFF2636F7C9C0B809F3F81B61CEBC2
:108C70007AD757E9F9C862931C254B52F10D2C6342
:108C80006386A47AD4CCCDA556A75479770E76E91D
:108C9000210DEE91D9A8247B6B0FFB5B0659BE54C6
:108CA000837D869F86114983117421844EA04232B0
:108CB000DF990C87C3B32471EEA6D9B472E02651B4
:108CC000299F5D0D08CA28DE58634FB5412AC61595
:108CD000814C1E02CADBBB1632699D5A269BBCE939
:108CE000C928EA529BA297DAF146B08F14AC038FE1
:108CF0008EC8AD226EB947118351D11030DB1CAB49
:108D000085B9C1FA48A9E8BE3512012A2AC5A38748
:108D1000A5F558ABB3BD87CBBA43F0313E427B4398
:108D200017476F79AFF5DCBBF0CBC06E1961B73276
:108D3000402736C9FCAACF91DF552102964169250B
:108D4000E437417DE0A2F21497BA488473BB3DD961
:108D50001036B70698497D726CEA590B1A1C2C2301
:108D6000083852774A11AF065981B34A57FF7890B5
:108D700049D184C6267845EACD37B77799EA686342
:108D80000425D70097CA0939028C2BF84C567B97DB
:108D90001979162D5CE5BB5C9B09201B46D95FC188
:108DA00069C9181991290EF3068AE2E515FCD47AEF
:108DB0002B344BD88C4A72835D19013C9DBD917F49
:108DC00037B22E349B0476519B5BC1D10306854B91
:108DD00011608EFD3DE675A6F186B7227071DF1F2A
:108DE00093E0F2081E2D030B3A3CA8065A8C7EE74E
:108DF000BCD3539D3829A5315B109A837C92D19FB7
:108E00006D9883DA60F1B876830CF46B907EBA5F6C
:108E1000C68506B897F73D56DBCF837A97D937F0EA
:108E2000E7F732CB61EC3E06EE6B4877B540CBAE50
:108E30006299D5C1F44BC3BE892C444D7E98D5BBF5
:108E4000041439D7522B68E06439B7CD9A30725682
:108E5000CFADC4A2EF918EE5422083A237918F1649
:108E60009DA7C9490452C06ADBF51CB1C30280C684
:108E7000148459619652151DBFD8FC42B64DCAE6FE
:108E8000DFBB0544B71E41991B6E108742ED015BA5
:108E90004890CDDAA32D4A35EE958F65E39A21E40B
:108EA000C5E0CD371CE943E738A72DD320122B3975
:108EB0009181B04C3262805A1045D65F432B5602E6
:108EC000587503C5FDAD6A12423492A71792A211DC
:108ED000D36F136F7C26FC75795AB84B268D7A4276
:108EE000C3E530EFA179F7A74C15F73DB7E3601F55
:108EF000C27DDECDA200E64154BD0B75BB8790FC60
:108F00006BA8A9F1DACF6D0FF9CD6CEEFE84105984
:108F100000A36C2600665EFB4A51755885CEF6BDEF
:108F2000166C220CAD56F0C8CEA360C07876EECC9D
:108F3000A340BED659BF4282398CDBAA821A3C6953
:108F40009C30EE6CD2A3F5B30CB5BD44714615AEA2
:108F500017DB308BE94D091CF3BC7600AFC8C2C4E7
:108F6000DA10740C361DEFEAB0FB9AF3047A5789D5
:108F7000AE4B7DBCF4A4AF0A7E35B3F2DA69C2B35E
:108F8000BF2B5118BAFADFF2893B5E564C907D91A7
:108F90005C2132853FB59366B36DE9E423EBCF29BD
:108FA000913A360EE019A854A30FE66F328D2FFCCC
:108FB0005120C61A7EBFB35B59E69E350F0C08A739
:108FC00021363D1094D9DBD1D6C263169FF09EAEF8
:108FD000FCBB5896C3F15F89AB7F7E5C34B190E0F7
:108FE0002AAC5E1A56FBF61898735B4DC22E22907F
:108FF000B418261A5877BA4B25611D309E09140EF5
:109000004D64AB44DBADE4A174460ABEF625D6F050
:10901000294CFAA89868D6F7517A11A6A94735C9FC
:1090200050066FFD81AF3939FBAB02B254AC52E050
:109030003F2735A2F0367F6E0FE81A7AD5E42DCEA1
:10904000CFA935A7EF2E8C5D54A5599F0BBE39ECE7
:1090500020565039B0B9EE01604DAA3ACE177EA223
:1090600026FE8A3AE827AE0B20A83F052B795986C1
:10907000C00AFC7E79C2DE025C79498D09CD204EA2
:10908000DD764D34C71EDA4DD29F7D14C6FD668253
:10909000EB1DF5FD92A79BED7994553AF5DB324A2D
:1090A000C84F8FB51F1C005368AAA5699C93DFF4B5
:1090B000906CC28088A0198319504CE6F3D9B0B5E2
:1090C000EF3D1B0D12E7322CBC341DEA8DEECD2A8C
:1090D000CFC338DB97A9931350F476D88D854C8095
:1090E0009B7FF5E30995EA08A1D2F27E8BA56D7D01
:1090F000F708836DFD3024A70FFD6BF2D0325D6160
:10910000BCC1CD96616447CB5DC3DC96B3347B3183
:1091100020EC5EA538310760B5DD6F385DA0EF2B20
:10912000379E77DCD4421A0576D34F1F6F977A01AA
:109130005858C2E4DA41A5472C52188F3B7BA1CE88
:10914000AD4DF68FD809F80A15096EAB4C8E404F1D
:10915000A2B5502D5F5B636A4B3231669F6896DE25
:1091600071D709974315BE6774DDB3D12D624C44A6
:1091700068FADB0A95BC75EAA5FB7F04C90D26CE0B
:109180004414C53940E3494BEA3307F1160858B394
:10919000D161717CFE4A90B17BCF7EF2ABEED1AD56
:1091A0001B7C2D859E2F9A4C2E15054C6E89EC8CC0
:1091B0006EB6272C440FFE0FB1A70090FADE92780E
:1091C000B7E8139D9B85AEA3F71A72E2A381C32172
:1091D000790BA9B47AB40E4216E0480C762DE4CF90
:1091E00073A0497554F556D7A9A079536EB09F6303
:1091F000894246447C18BEEBA68C59DA26B45DED54
:1092000041600D9BABEF531D1E4B7689AF08C7869F
:10921000A8CEEEE8A6B6CC13EC0BC90CD2B30B4E1D
:10922000D3E71CF407F47CDF0E09D762B3568E4DEA
:109230003F8A3D90116BA0AEF5BB22CF0945DC48BB
:10924000BF0C940EC0118199175DEE9E9578029C1B
:109250008EB3EF41DE18A1D12E25B51B5A81BD8AF0
:109260002D659561BD39B7F1C9DF53C4E0BAF70583
:1092700076DD5058BE0A320597DC37B1ED239217E0
:10928000432D885448988E97C90C70ED2B2F9A4720
:10929000557307FB19B71F64E15E3DF058AC26E338
:1092A000C4B922F93236047C92816AFA67956A540D
:1092B000ECB748459289144CAF9BDD6AAF3E4764DA
:1092C000A7ECBDF607494995906969D4B9C754ED33
:1092D00087871390B449E142982306A27A08C253C3
:1092E000F41A030C41F58101BD73FA375621E6905B
:1092F0006FB4BD9D97598B2D0AAC0E8A6FCB63E876
:10930000C25AF0971F713AD9190F9FBB0378489141
:1093100038C03DA64EAECDFE432BE2DA817505FB8B
:10932000BCA88150F1AB19CA3CC56568E5257472CB
:10933000AE5D1178887517F6B42DCB1126000CEAB6
:109340004EDD3C10E27A320C082ED146D3E214D026
:109350007716A4DD614FD8B96D40D656D12F6A99E2
:10936000A6C3AF30CA1482226731C11172EFE4FE86
:109370007D05316CC423EA0812C8051DDC1F6F1679
:10938000E7452964C602DA08DAA1BEF5C8CFB5F30D
:109390006CF8F675C950AE4CDCC827BCCEEA22EB9F
:1093A0003741BAFBA68C022D50DAB3DD15F46F7B82
:1093B000B8EA6CCE020CE5F1054D258FBD9863C06F
:1093C000DCB09244FB56FA433974117890B6853D6F
:1093D00035FEB2D30D703ED950E1D0FE54993EE136
:1093E00021FCFE7C8741FB09BC91EB89E4229E3283
:1093F0002F5DF0EB6E60D3A00AB9F7E7658CC9B7B3
:109400006EFBDBD8A595E3E610D7218742911AE8D9
:109410005E728575D98D31D428749A862A6C4FB2C4
:10942000B69FF29C1AC52243380A7E83AC089F2758
:10943000B16E4FF56FDD50C7B7DB33FBD30964A3C3
:109440006D4CC2830F4828783EF4A6F9DAD21C95F9
:10945000D48E72F7164228FE7FFCF0C1C588E3DD8A
:10946000B36C2AFD61A98308B2A1219744389ED428
:10947000ABA840620174144902AE4BE660AFEF3016
:10948000430485EDFBD07E192CE1C38EC0ABF0D335
:10949000011F56CB72C1F0F62CB11C49E541A6194B
:1094A0001533EEB91080F7B39CC4AEED80485BE98C
:1094B00012561FEADE35B6B1F114E08D56583ED48F
:1094C000B9A834B75E670FC3B868D99B5BA820BC46
:1094D000D92C4659DC62123B422DFB21E3609C846F
:1094E0004D8FFAC956110D89ACBFB4D9DDBA460902
:1094F00038ADF1639D4A5E52293662CD83EA5C9AAB
:10950000741829FFECD9310F059C9779907E7EFF66
:1095100091C1BA2D706B44C2E60BE7AA08CEBD1EFE
:1095200098E0AADEBF6E0E86EEB7D0B3A09B1A6F8E
:109530009A3E7B468C5103A68ECBEE31684A097960
:10954000D0A189DDB8F8D38939BE0FF56E2B86DF3F
:10955000DBCD5793A67F60D90363993C7A4BDF3309
:109560000A34B88A8F4D756425947BC3773C59952E
:10957000FAD5AECBB8D64EAC3D225784A70B56EBEE
:10958000B0575E206379FA70660FA27A054EF0EC50
:10959000D9373886BCE5C46252AAA5BEFB9651AE47
:1095A000B673A82C8E8FF5CEFA31860C304C376D01
:1095B00000A9C37284825926B715E7F4AD426DE95C
:1095C000FDB023372439A4B23E9A9E393075DECBE4
:1095D0009C68736B55D25535CAB66401B245E2201A
:1095E00094386421964D5FAA305DDAAB533FDC7945
:1095F0007A297ABC954E0D40663460315CF3628303
:10960000CDA36E3AAD077D4E768C7CFA6770CA1298
:10961000870E14B1A6DB4E2484F70FC9214D763591
:1096200023E8AFDCC6FB02CFB3E2176014B1EBCB8B
:109630005DFEB568A915BF8E78F946E4B360DFF525
:10964000803379F2F1767AEDF4F30EF3DD9C690F55
:10965000E98998C00B2C7743C424A284C6D5C1AD38
:10966000C2CF5E59124E3643EA85D270B2D2EEDCDA
:109670007ED9F109CCB132646502F763EF6B35E155
:1096800095839374A12ADC53EED4AF769BAD39FC5D
:109690009634E46EAF3FAF9589EB8DD6C8CBA72F3C
:1096A0004FF774D6F56D836C631ADAAE0034A85C9C
:1096B00033890C14D100A2683E9A6FCC5429F65F0E
:1096C0005A51477962A3EE84692F57D75702DDA616
:1096D0008A883F16DF275462E8148416247B6E794B
:1096E00042315EEB3991F78EFD8BB0B5F51C3BD660
:1096F0006B7C1B9F03DFD9F19C0A01A369771902D8
:109700000173B5C75D67C294AA1919276961CF01B2
:10971000825CC238D5AA6FBC02B09B1DF498530F6F
:109720005D4EBDCC01A297BA52E678F878C02518F4
:109730007992C849C62FC2CF115F611379FD8F4658
:1097400016004AFB9D76D1D79C060DD099FF6CB0D0
:1097500030D8604E81866361A1A683A86A7F0533F5
:109760001C2C98B680D73514E0D7F0CFB8E011851F
:1097700093B78B2F64BB5616898F0D50C75166B0B7
:1097800012AC537DB9A63456D28E935C6D127083A1
:10979000A558BA6733D763EAF3F29DD1416F905D64
:1097A00011AB41D1E22E098FA2FA981A2509CBA557
:1097B000A818AB0E56C491A15F04458FDE07FBD1FC
:1097C00001A55B0129BD1ADE1C63B29ADCC3EA7CE9
:1097D000A4EFD5434FE0D0052085C54FF65D03FCCF
:1097E000ED4D492FC0C5D52581780A5402EBEFC352
:1097F00059467C98EB252BD233F763F39AA3EF45B8
:109800001F1A793FDC822FE3D186426A054E4777E3
:10981000B6715A0863237CD927155EBCDBA8048780
:1098200086C3037F1C7E3B1F7127FF8BD0637D2A7D
:10983000BF2F2571D51DF39BCE04F301C0104184C9
:10984000CFBDAB8209015B26B75A1F08C4D853515C
:10985000E81121409F38E285822C59DF2D93CA0FF1
:109860009F0E1474B44D29ED01AAB4A4992F342786
:10987000A2ACB9D04ED03F03A7C7FE49124659BA91
:10988000AFCB97E6691C956036FF7D84BF5D8A2B60
:10989000CEB081DA17266D52316828627BF3E5E39A
:1098A000D2CF18A723B43662C3A6B757A82BEEAB06
:1098B0006933D7291611F9D9AFC33D200F7D4D2C3F
:1098C000B47ABEF275D6BEAD02495DB25C33E086B5
:1098D00070FA665F6D6F8BF3C8F70237F6C02F7CA6
:1098E0006FF4CBD0017F427BED37057400D7CBD22C
:1098F000B90FC19F8A50293B6ABFE8882FD540B76E
:109900003C76A3F657A32B4E6C4E591D0CF017BB9B
:109910002116D89A5525B707C74131B5E335FC065E
:109920008B3D1E2516E9C1FDA3FE0B4FC031435EE2
:10993000E8371052D402709CBFF145C7E5BF37E548
:10994000BDA6B9852CC3C3BF9CB43BA9612780BA0F
:10995000CEF7B1C682300C4DCB6DBB9A3705D8FB24
:109960002BBCA27E82D7D5C8312CADE18DEEF2782A
:109970002FA8451360AE1218DCAC15CD9DDA463E1B
:10998000D2CBC86645861E2ED11EFD235EE8858B90
:109990009233F4A765AFABA5C1C6C8A77DADD7D13B
:1099A000E5E53C7C4F1C2AC972265DD70489CFB4FB
:1099B0004FA65A1801029051A2C064965BF080DC59
:1099C00088D687D876B2740EBF8B2B97B07263C0DF
:1099D000250C13E7B70A6D30D958D04D0E2A46280A
:1099E000BDABEE711EA00374AB67B682AAAD88460C
:1099F0005671E607AF444EF8B8958773C91C2F8996
:109A0000F600884D64462873396115E6E52EAF8867
:109A1000F71CBE215389F85B624B5E740D4358D32B
:109A2000B4A6337D6D43C39C02C8CE52D80641AE66
:109A300021CAF3A0C8609DA51768B8080E4A7F55D3
:109A4000BC33B7FB57E993D547A5D47B96D55515BD
:109A5000D68813A1715F6329B698FA0580EF585430
:109A6000BD92E3AD3F750B6DA255C1F53184D42D88
:109A70002285A91CD4C7AFAA80E2A6123774F57E4E
:109A8000586F6F7BFDF25C8A452B83CADAFB1C5C46
:109A900031717B6073DB1D32E04DBBE8597252B10E
:109AA00097C13D1398E229DD1BB0AAF7BCB461AAA7
:109AB0009EF3B2BA9F9F470CFE7979B8F51D258AAF
:109AC000BA164566BE871019AE683BB88574BFEEFE
:109AD000F06B9896AFC47B4EA83F2FFDA6BB00232A
:109AE000C1BB924846641A24BC181E5C5809718A8E
:109AF0001D4BEBE67C88C54566CB2BCAFC3DFD9C27
:109B000077FD511F8ADBF60FB524B0849D275CC515
:109B10000F95FF3F0F8FFE930A149A897E7CD20324
:109B200014D7C3695F2B54CB2B02C357E896EC6C58
:109B3000E68611DA79B9071A54D59637B67EDEC8AB
:109B400004438F8004714B5B02D071709D2A0F74A7
:109B500034387ACEC5BDA5EBFCC7951BE8EEB4B88A
:109B60005CBF6F8E44BA6E8EBE52092C2E82F0837B
:109B7000A45298D4EB303CC5D5A8881DF359D82AF7
:109B80001614FFF18515252A199556871D47891D3D
:109B90001565CB62D9719844322F028A8326997752
:109BA000D54901396A683E4A2567FADB2AE3B1677D
:109BB0009D92183BEB08BE92534FE069C85039E8BC
:109BC000EEF89817418CFA51A29038FC86A9C96E1C
:109BD0005168697F0E75CE63098C7DEED3BE1E8FF2
:109BE00094AFB86B5CEA51078D9F5D13F7E52D7D4F
:109BF000D90789E142DC07879010A3944F8A543734
:109C00005ED682E05FC0535B0626C87E971E3C503E
:109C10005CE2A126DAFC9743224DD6ABCC9C164DD4
:109C20002A56838C47C5AA87D3E3BA250DCC49971A
:109C30008C3E6F38C0CDD67497A1F0AE1FA8F93B0B
:109C4000AB353562251451EA259B15C8F4888B8302
:109C50000DB06F1705E4C1178D5143B6240E2FF9CF
:109C6000CB2779F829C9E23DFA378E3A95D6EB1120
:109C7000893220C89F40AA541C93748B1978F280B3
:109C800019AD4500221D709C3604EEFE80D5F39C74
:109C9000EA3A4DEF58882A766A3900E9A7ADCBD960
:109CA00041E0C5C867B18E1D282D9BEF28B5434DF7
:109CB000BA58B930170A75D3EC5435BBD9F90AC074
:109CC0008B22A5E1D6F97F6CAF68BE88A77826B64F
:109CD0007A31468BB3791693D6D535B0B0886606FF
:109CE000F9BCBABBB5CB70EF0E863984250AA52521
:109CF000E367A62ED0A5E0F68DA78E50869F162886
:109D00009D0D803C7A5E53EE0C421EF108540A8A87
:109D1000F3F8319F7A24F94C5D6F05FBF6F806776E
:109D2000ABA3EC34BBF2F316F12754704B2FCCE10C
:109D300046A08CD34B3C8C55A066B6CED38EB9D6FC
:109D400057CDFD5E5E122AA482183247AC32E97309
:109D50006ACCD3E708104FC52006C9C8B2F1091074
:109D600004DCDD944CEFC347D90968FE0F69810D0F
:109D700025C2ED70715A1460331CD9164861194818
:109D80007359CE2A8E80CDEA267375317D2334BC7B
:109D9000FD433792A6B3261148955DCC44ED6F2F55
:109DA000E91C9F8BACC3D79F38806E8C170239E0BB
:109DB000F595BC918B892DDFC281B6AF374EB4F9D2
:109DC000CA9C7619F8ADC285186DE9807DE7F63238
:109DD000BB4D4EE5BF8A756C32BB10AE35C32EB796
:109DE0005CD30CCDCF704F37C5186674E5F3FEA475
:109DF00080E6A33079069DCE3A4A60A19C6B955CC3
:109E0000DEC84344C443E605533B8A094DD67E551C
:109E10000B6B33E3661EE065D597D78487C2485B3A
:109E200006A5096EB8597A299BBBE746592B6BD812
:109E3000950A1BEF00F3DD0CE2A1281E7EA609881F
:109E40007FE804D786F37A0D33758933CF5E2749CF
:109E5000060152D27C84A32D3219FED2B240E332E5
:109E6000FDCB18D6213B55159C3CA3267E247CF2C5
:109E70000A1674814953D0E649251D0F131871083D
:109E80001D1A8FEF4D3D7BCE1013608A4B967B5D84
:109E90001DEBDA78C8A8ADE48FF0395FFBBAB6578E
:109EA000818CD390C521D8E26A5D2B46AB176677CB
:109EB0002E3ADE9FDCD05D018D1C918468BE591660
:109EC000DC94A22F0444C0723CB9E1495EEE3DD659
:109ED0001B701412593FCFEB551EAD494338F37830
:109EE000E254796BEE34BB29324EAC8AFEC52EAA01
:109EF000C4536C8109303CD550D2F70ADE509965C5
:109F00008EB7A3A17AC025DD90CB1109D6FC3F57AF
:109F100018F5A3A85628016E03D7D33DA1AB67055A
:109F20003136C83F4E5B02B9B035894C2DCD64BC8B
:109F3000A151C4FB325A370138BA4481F8367859F6
:109F400009C811819E6BF90317EBBF815330978EBF
:109F5000DB5E058C6BC142FABAEE5FBE777A329552
:109F6000109B7FF11FC560AAB40D054B01D3C6B786
:109F700031D764AA3399002C63C4AF823A976E6FCD
:109F800035C6BB9A4DAB5052B34776F09AF35B9C03
:109F9000D33C58757421A0A4798A9A87900CD9D99A
:109FA000F3E50099457572AC5EAA004968C20E9649
:109FB000C32FCACC7BD459B70E4C1A979DF4F5D851
:109FC0005150033FB22344B2EDBCD1716CE594C44F
:109FD00061BFC349FAA073FA0BF9DEA77B7EFBD3FE
:109FE000D73391D4569CAAABF2B76CE4511C39CA52
:109FF00020A7589EB39CADC1AFB0A31D1E0137363C
:10A00000212C4F0D52BA641FEB6D99C48E482A7EE5
:10A010009F0FFEBA7FCDE6E54CAB64DE3346AB3432
:10A0200069E70A44B5B0E984D14CA98F88CF7A2674
:10A030009D1BA5B549D4EEC8E2719C404582457987
:10A040007D1024DB64904E9957E775E2905909130F
:10A050000E1CDFCE847014DA5E4AD0E5A05CE82DD9
:10A06000237E9333BBDA39E491A5B1B4822FFF0488
:10A0700036ECC26408767961E63E306F9B61512907
:10A08000CDA7232C585D4F07BADC61EE4BBDA0AEC7
:10A09000946FFF82FC0C97126FEF1AF6BC977D2924
:10A0A00015C6352F85831FF71B92FF9644AFDCA999
:10A0B000511954CD1F67D88E28859703C07A7064D4
:10A0C000F54C86C1908B173F70CEC89DA6F031F637
:10A0D000B587D885C84AA7E5EE6CD8B8C1630441F6
:10A0E00049FCDBA14A9D22FC93B5EFA6D0BF8C1F93
:10A0F00091B8A74FC00B86D642D5C80D8B21687E7C
:10A100005AEACB01744AEF4B171B5308A91203E715
:10A1100040CCD639AF448B0F540B18C6CECB1A1F88
:10A120008BF7A16802BC8174738A2A5215982C3F60
:10A13000CF4F8E6D2BBB0D53BC5E85A9751AEA04FB
:10A14000DFDACB0A7E49533E8E840D0B956C3BB80B
:10A1500058A58F67C1FA73DAF6E95CC834DCF66A91
:10A160005B9FA9038B87D1E993F5FBC6D1532E3AA8
:10A170006989922D4E60812E9F9DE82B0560BAFC67
:10A180000FC91C302D7E6E28CE0FC0C757A6DCE04D
:10A190008FFF74B6297519D0815FDE43B10711F8BE
:10A1A000692FB5CBD827282EE0F28139ED333B1B40
:10A1B000B22C3012437D481A8A1383B0CAEF5A3E3C
:10A1C000DDBA6FDC9541070AD7BB371955187BCC30
:10A1D0007CB4C30FF898FF9CEE5077467BADB36616
:10A1E000040E8639E131B8A7616FE87899ACE83898
:10A1F0005566E6673C33766D27A14435E18D7E6177
:10A20000E3FAEB7ACCF02A0F33233C7E09DB62249D
:10A21000DA06B11829CEBCE3248D6C801D9561A2AD
:10A2200026692B9F4507AF4184A52CD9FEEC49E850
:10A2300045CF485E460CAA35ECB855D194AA216B9F
:10A2400087E85F7A1BA68CA701314A828961DEC844
:10A25000DDCC173A7551435C91495F5FE573E0E9E6
:10A2600060969FAC014230D08C61F1B1EF55974BB5
:10A270009D9C16E945CF48C222DD61783A33EE2035
:10A28000E298F95197990E89BA6D3476C5E7D9CA23
:10A29000F2136E843B03AE7BFD63F4AC1A2C4D933A
:10A2A000F0A98710D5D6E01CA80B6BD961A39D330C
:10A2B0009390BD2781D9225F7AE713990A23BA2D9B
:10A2C000B3B8C12213AA6A17A79D147B373A584E18
:10A2D00024636E601FFD1E4C5D6189144D5037EE86
:10A2E000DF5A9DDDF28B43650AE56B654B9F43CDDD
:10A2F000559EA667214558C1E4724ADED8550570BF
:10A300000064D76A5DDFE68DD0A192969BBB4BB40B
:10A31000534D730EE1A0CDA7D96D77AE230BBD31A0
:10A32000B52625E00988B1524294487675F396AF78
:10A330005B5BFCD9AF68A99129ABF82BB5FEA6539E
:10A3400063A98095DF8CD70E7D8F385D72B0F76C76
:10A35000194945F6C9CFBEA9A6B138B92B555BFB43
:10A36000D63216E44B02859BF73F6EF10020F5D8FC
:10A37000B14760F1F999EFB907FF61CA8BDE4F72FF
:10A3800018176322E244E890FE196395B381F25FE7
:10A39000823E369920967628BF7C9F3E0B39343A10
:10A3A000FA22B1015F89B8C036A6F6B2FF2ACD0401
:10A3B000373B713FC69AF5213B36B22344BC6BE96B
:10A3C000405FA73F25660D553A3EB551DEC1EEEE22
:10A3D00043B24DEB60D11918A91DF4B11C152F0B18
:10A3E000CB45D05939D78BF65B15B525802124C9CB
:10A3F0008558F9A5DD00DBFEFA6D5BE6B400635914
:10A400008E6D39F26C86355CD706501CC1CE4A542D
:10A41000046813588C7E7101D21A82897109871BD6
:10A42000E6D6F61A1AD43CA4299C9F53A60AAA1F62
:10A4300064C7B2A84E0ADBA1D942947679D2A1F9B9
:10A440004A00AB8CBC70898B9BC17CA5116F698E57
:10A450000B8B64BB4A51BF4867E293993BF2A58BD3
:10A46000BDEA5CC5540E149F922CAC6694CEBE53CC
:10A47000B1FF5A7FE8CC58F58D296F36215597D614
:10A48000FE2165F02323FA8CE6D264B8D6C934C61F
:10A4900064CB280B989C9A28FC01305CC58CFD4449
:10A4A0004F71480CA68A6B443C753DFD9DE7813891
:10A4B000F6BBDBCA8481A6222DE99E9737279E71C1
:10A4C0005713819FCB6C4254BF0294914518576B30
:10A4D000CEDB6C6316DCC9BE52897C6E3679AE98D1
:10A4E000D0568F84305B4E2D124B07987EF547EE89
:10A4F00064AE5DBAC67EB9310AA1C2AB1B548424D6
:10A50000B6CA100296E8A429F6205FBD6EB73F2EAA
:10A51000F9BA737E44E0BA13CE6F675349A332BAD7
:10A5200073DE283DEFAC7186B2AC7AC234E316BC60
:10A53000A0DC6E48BCFBA6E2E6751EB171DC7610AD
:10A5400035D02E4FCD8D1B78F9685458F108D519A8
:10A55000B7CEDC77E4E7ABC96CC54A46D2A695ED29
:10A560005CB10F6EA2DB30D5EADDDBB6D3DF783F1E
:10A57000B179CA7A20076AAB207EDFB6880B2DCE70
:10A5800069419AD8C4D3C860C64506E3E43E80B7A3
:10A59000A2D33E5669D821215D41D4DBCA25E74CC0
:10A5A0009E57AB7A0814340B4488B10DA22FE9D51D
:10A5B0003071267AD1052C8513E046F6016C7BAF0D
:10A5C00052C2C798878CE634ABEE47A06D19AF1323
:10A5D000B4C800871B96031A43B06DE5FB182F53D0
:10A5E000F4A4D8A192E98F636520BD79C0752129B3
:10A5F0008600993D1B712EA61CDF950435AE574190
:10A600003C95F013AD5D2624B876EBC42429587F21
:10A61000B038386A3BC155AE3268FD4810D5FD8C64
:10A62000F80C3E5EB7821C75120ED997A9F5DA6652
:10A6300016FA05848C21061E9C6214735BE5B37EBA
:10A64000679E86233AA55D1BED465C2510507F1C56
:10A650006A1917EC8B8F0223FD352AEF5B487EDBEE
:10A66000A26E41E3214D8C88DCD82D3101C986DBF7
:10A67000BC2846B6964D0DFBDFF36C920AC1B6427C
:10A68000D96E6E720B9A68C2EA05EC98530BDDAE78
:10A69000488D86A3999DD370C391069AD3133FC565
:10A6A0003EEEE200720A230BD1284440E1E20C5155
:10A6B00097BC4657B240C4E80E169DDCBAD5817EE1
:10A6C000A21B16328197109D449A05EC4C39D9ECA7
:10A6D0003ABAB4A574E796068B8E70EB16B819C219
:10A6E00011B844278B0AF7A7A0B8223C162243547E
:10A6F0005DE8DCAC1CF344569321FBCF556FF98C1D
:10A70000A6AC2C9DA0B7F572A0EABBD1E9947D3E22
:10A710003025360D600B77E6BCE32D13A90C06B48B
:10A720002CE692220C2FD768B7325358F23A512FA9
:10A730003942A4079B4B52F146670FE87E3161997D
:10A74000A7276519B8BAC0EC582BFFBF8921CADF0B
:10A750002EE888F84F5BB3B1E8D7D6E1150B783116
:10A7600007074FD76A6EC0071C9030E7CE73F2F828
:10A770009E1F9184ED3AB6C69C2279359D948DF446
:10A7800061AABB8F6485A6F5195E7A294DB2509FE8
:10A79000DAE77479A68F29BA0D8C6C9D4644DFE602
:10A7A000714C4082B0B77E73913DAA5A4F12AF2FC1
:10A7B000F54878C861EA9946B95726F85DBDD24D8B
:10A7C0006637DF334379777DC528C616340C138589
:10A7D0009AC8B8A3FAB6402272B2D25FD4B028CDDC
:10A7E000F987425283D67050F5BD4114198025C9AE
:10A7F000B0467D112269D7CA6AC8CF9E38A21555C6
:10A800005B11A83F50C1141D6946AA5DBA88F4A621
:10A810002953AE0941AF8EE2CE312685C18815039A
:10A82000F1144DF47FC723306492FDB6D7FBABC063
:10A830003F9912DC1EA55D64ED948299BB9912DBF1
:10A840005ABDF4EA857228BA1A2453C20FF4BEE541
:10A850009C2BE02FF4B4C221D434B958E800F2970D
:10A86000DB2F8BC1E94886D503D281CB561130B995
:10A87000110CF797DDD07D47F712E78E616626ACA5
:10A8800036AF1A98E1E8DCE0E5F8F6713A7A8B86A3
:10A89000E29E53DD0B6577907359CC2EC03B92F44A
:10A8A00094A5E545FA78AFD7E3577D24118C7675EA
:10A8B000083CA234C053ABF0C2B85F056EBDA842DD
:10A8C0009383606B24A87B38E5172852050E8254C9
:10A8D000B94D728C2AA5EB310CA5DA22B4E98CFBB8
:10A8E000273E2173F1A4C1639ECB9AD930299A8562
:10A8F000C528D63A34E2D90C91CDAED89D9984D9E9
:10A900007884613F7E7397DE1515865DB122D6BBD4
:10A91000437B2DD3FFF5BD73BA13111DF4C615C0CB
:10A92000015164B5ACA93F048B6E99948865E24AE5
:10A93000714DF5EF41332D116713EA0D134C87ABC1
:10A94000976DA616E8941FBC084B7567DF4E01F0A3
:10A95000F7995DEE5A9D9D6A7D3A43194A41B22BA3
:10A960008EB432BE6F2638C2941F62101A837DEFF8
:10A9700053A8F6A55A5A304E551DD27D78BF263FB2
:10A98000C7D0867DFD37A5E0D23A536E5B0F2C60B1
:10A99000B7A8A0C326CCE1816536312AF4E666F279
:10A9A000D98CF57E3151C01E7BFB1D0DE02F2A3264
:10A9B0006FB4EA491B895F06149E28AE18840B9772
:10A9C000B57FA2AB3EA9FCC271A2E9FB5B88FA2964
:10A9D0008C2DE3B0F5E9FB83E9585D595D335ADD11
:10A9E000A333F3616A2520883169FE304D9C1878C5
:10A9F0003E84738082C2DE2F062F3EFFEF65DC357A
:10AA0000DA22528E3728B4B6443C3F8CE47AC08FA9
:10AA10001ADB2B8B5A811213398CD715805FCA44ED
:10AA20000352733421EA82AC46B59528C250A43B48
:10AA3000128F6A720F0D843B64C5D0850DA9B86F63
:10AA4000AA88C88DAD876BF79B9DCC16B3A6EB6D1E
:10AA500025BD39A7168E945A59A5DCB00D46D8EC01
:10AA60003BB66F1E363EA581F5EBBF11BBA581AA93
:10AA7000900567AA8E29429796A409A7718389C772
:10AA8000364A10EE121185F11CD90166AB454D6BAB
:10AA90001FD056447CFCAAFBE96A5B2599969A9DD7
:10AAA0001086CE57EA77140A23BF0BFB3F3C3CB31A
:10AAB000D1402CAB686CEA0240B5F319D2FE7BAFF3
:10AAC000FCC6FF61DB86CFC49FFE6BB268E4015F0A
:10AAD0002889D43FA214B3574FCC6DA2ABEAC2A2CF
:10AAE000E7EEE1572EC6A322DA0B836609C11D0AE1
:10AAF0003A87049563557648C55D444552698FF79A
:10AB00007E5F9E8C2360C9AD7D975CAB9CC8D4B63C
:10AB10008BE694353764C013BF9B3FEFBC5C8C0C55
:10AB200008650CEC852DB084B5B01BCAD078F22432
:10AB300082C059EA28920D0C576D85E540DAFDACCC
:10AB40002D63E104AFD6F2473EA2DD6191F154736B
:10AB5000C3FBBA81D905512867C65759F5486248E1
:10AB6000E388DE1ACC82137AB5A9757C7E04AAB973
:10AB70000C16A49816999CFB900DCD793D31CA29ED
:10AB80002CD286E8BA57D085ABF04E31282AD1F0C6
:10AB900031672A7BAB82605A7BC586FE568CB73EF6
:10ABA00015376F8642F6CE7E9AF826C149BEBB7530
:10ABB000698A95D3C25BFE7260E748B5864995A75E
:10ABC000FDA17983DF9F831F55ABA911B581C7769E
:10ABD000E4327866A10BA68C10A846F9225E7AB101
:10ABE000FDF7589536BFACDF0EF81543F43D11C0A4
:10ABF000C596C027BC6B5299AEE05B943B3EF636DF
:10AC0000DB3542C834B8C766E554155B158CD51DD5
:10AC10003C3E0F6691C96CA71EE9C1C27C348B967D
:10AC2000BB3A72839912EF494704D5B7707FE6C6E5
:10AC3000CA0F4D9F003F0C34124B854D87C7BC4E49
:10AC40006677D3915E20A07F2A7063CE8A50461328
:10AC5000AB17F5EB4E1B1B43A4AE1DDC271E16D114
:10AC6000AC60EF8C042922BEDDE2B0D030D3D48BAF
:10AC7000D8B6BEE5627DA5E2DE609A80B0A8D4C2F7
:10AC8000F8D20B826F7A102069C76DFF57E78A955B
:10AC90004461DF37714EA470915EFA4A3F643BAB6A
:10ACA000B418B4344C8024F77A909B3F611D97B759
:10ACB000A297C8239030EA94F5D0345B61C818722B
:10ACC000C19D5117876C5E9B5B9F653EB7D467BF84
:10ACD00070679F84A47FBA06716CF7220990CA69D5
:10ACE00031B95565DDB0ECB43F170D5F48FF6A47D9
:10ACF0002BA1CF57A78DF83730C904DD3AE5F416FC
:10AD000082F591C1B2B4202133D23D6EAE93B28BA5
:10AD1000C7D2A134D8CAC925AF6A59DF464808A7A7
:10AD2000B510058430D50BC5643F21D87BF7DCF620
:10AD3000A720F22C039556194D2005C1FA56FEBAEC
:10AD4000DE4EF3643258036B9D53EA75E1408797FA
:10AD5000489B04BF628C3E0424F3EA78FAB94D8D17
:10AD600034B5E7C0E14D1984EB310322371656A004
:10AD7000133D865FADF1C9B49E9A69CA338ED6F78A
:10AD80002AA5E389692E434BB4D762CA6F72EB944C
:10AD9000A209E09EA5BD17C1853F5C0F9DD7F95163
:10ADA000A0ABD007E725F5C402E20197400BE90309
:10ADB000304455997F342D16F7C5AD8D1A783C3047
:10ADC000CDACA999F101C0CE8F0328E8E02EA0B048
:10ADD0003F7ADC83DEFDA4E1A547471BF916E404B6
:10ADE000F6E709EEDED4F3A765EEA44177B3D19D73
:10ADF0001B752AC2EFB2F6EB148DBD2820FA202174
:10AE00003AA12701F5C18B2B7C67BF0399DEC98767
:10AE1000A213C419EE2835AFAFADE61CBDD76A96B4
:10AE20006ED3CA8394527F1739D63044C7785F43B4
:10AE3000E38239FD4BD235E5600AD800F0B87F8552
:10AE400038B13A6CBB53567F32CA13AE5A29B94453
:10AE5000A440776523AAE57F6E8B404A448BC812D5
:10AE6000A852C9F1F28AEC011CCC55B27A129F7C2F
:10AE70009A087C5C48D9B084D8AB5489B10B7989E5
:10AE800029DD492759A36154CD5F7716C0A86DC944
:10AE90009558797FFC86FE78F3A7D1BC13664D9D4B
:10AEA00011D9E470531AEED9E2C25B58B4F5FE5ED4
:10AEB0005F14A8BD50A79B164C446DBDEA5806CF41
:10AEC00097225EBFBAC2652E15FFEDDB2BC72DD9C9
:10AED0008624B6A8A09112A6A6CE0E183291E51629
:10AEE0004F49D95B0EC9317EFBC2A9587520DFEAF4
:10AEF0009FD932FEACCCF734D9C6236E465DFF2A0B
:10AF0000A23D0448AE14A6AC4B36992870392D00EA
:10AF100093219AC660F01F8173FD902BB830D4C97D
:10AF2000F6FEB01C787968DC9553EF53C1780ABA05
:10AF3000B42A4F4EF038613AE224495441A196793F
:10AF4000D5962B31E25025A2B05A7579D21D05094C
:10AF5000230F1CA5DB4401FF23E428116E6B0CECCE
:10AF600047B572C40C594C31C7D1CEE69CEA61AFEB
:10AF7000F22E2CC2C5AC07748D5686E0D863F3510F
:10AF80008137EE12C80878C197A4F582953EC8E7CC
:10AF9000B8831F4A46C3146274C473D4EB4D5B611B
:10AFA0003D8222BFDF8FA041AEC31D008D6F1B56B7
:10AFB000ED9BA9342197EAAB4E7C05039BCF89CA50
:10AFC000803DA4CBC640E5F9113E5758163C9C1174
:10AFD0003DC64E9F72C826E7D549609DF809C4203A
:10AFE000DC4A888BE5670F72B65AC90CB827CBAA22
:10AFF0006221D353EFFFF5FB7BE2840518677449A8
:10B00000DAF6BEEF3097196B2409F7F53F4DC132E0
:10B01000F90DD77E655F2628ADE335A263C94B568F
:10B0200054431C4B929F6A59B4AFA527C91DAF7CEE
:10B030006992478A6BEA46DFB292E9923DAC2D27CE
:10B04000C2AD3EE67CE55CF46DCC0AAED4F7A7F960
:10B050003030DE0647144695CBB411925DCBC90D56
:10B06000A666348E7D1AEEF8E41357BCEE96329045
:10B0700024CB28FA4DF1625FD7C305B89C34173949
:10B080005EC56C77C999EAD774E15CF07931C2ADDD
:10B090009E61B29C7550DFBD8729E0F2A630D4BE18
:10B0A000E7884E288EA034008EAA71FEE1C09280FF
:10B0B000C6C605C157A6B297679A04671A598FBCCE
:10B0C000F12FC21074F1159F43530DFAE77C3E87B0
:10B0D000DEF8B1E6A68D431AC25664D4E0E322340A
:10B0E0007CE45C9E2DC6DB47DB3FAF0572105EC281
:10B0F000511D9052E9A8CDA84E9E04F57076813777
:10B10000C510F483C87CF247509A20582E08AD9C95
:10B11000F97A832D1366E028D72CD9B944EB8FF741
:10B12000A516648160067C3F9C44F68B4A5ED6B7C8
:10B13000F78A668B512802DE3D9A98B8D784E627B5
:10B140008DDB36924A693162697D664227C63C20B2
:10B15000181C597A6754CB656935EC38046CBC1DF2
:10B1600036E419FAB1709F3A57FB91B28F394D7A94
:10B17000F8359658D2FC670F9D84BE9BDB293F149F
:10B1800040F2FEE813EC6B5ACB349C103D4777FA43
:10B19000F162BD39A1C33729344C455A578BA61BE0
:10B1A0005C6E84F981AE109C2F0EE29DC064213448
:10B1B00009C63C27CCD2595F5C775FC3F2C4B2C3E7
:10B1C00088F2F384F57E1CB3DC321DA83E9D0BBCD7
:10B1D000C65015A69D23C69673266EC6685C970B4F
:10B1E00038D057B7BA318026C80928D921FB54FA7C
:10B1F000CFCA4547F60DB71F5329909DD7C6E8EE35
:10B20000002994D56C50E0D3EE7F9C4A2ED2364E66
:10B2100028BEB9127AE9C37DCCFE5FD9682DC34B35
:10B22000E708095608300491AA0AD6554689F8A5B8
:10B230005CE5D1AB404B836CBFF27C2CE3ADFF20CF
:10B2400084681B1BA06473064E641B4F8C7F63EAEB
:10B2500084858BFA4146A55063FFA312137B0EC26F
:10B26000862A20188A07870961ED00D537CDCAF6EE
:10B27000F6D9239A35B7AE7B9087750449049DB7FC
:10B28000585BA3993B92760E286FDF8AD39D24DE0C
:10B290003E04DBF41487B52E6139A4311BCF7DF554
:10B2A00053CBC3275CF0D09E696343D89704C11089
:10B2B000AEBD2750442A7035BA19560223A542D094
:10B2C0008C360752266667226F0FD11B3EC901A834
:10B2D0006552843223958F846643DCDF015270A56A
:10B2E000629A5CE167FC34A061F7DC09D9C9A1EC82
:10B2F0006452CD3D2D091BCA74BA75562A3959BA04
:10B300009514569C63A249B96CF8AD9D52D9EBEEE9
:10B31000378B372BF18FE2BE74E940BE03505917CB
:10B320003227B1ADECB7CE373F970E3DDD3BEADBC0
:10B33000B087AFA2E51406BD8CA1C8BC1C68823FD3
:10B3400055B789CC59D1A3E3AB3A7AB056042DA3B3
:10B3500094BD3A126ED7CEA2810E4CDDC198EAA3FD
:10B36000BDB087DB00E5F4B690CA861638B24C2330
:10B370005CFB0B006F604A56B9DFDFEC456555CDCD
:10B3800094E4D92AB2A7A6C92A1B56A327AF4256CE
:10B3900065842741BC8F5A2319DF9AE17ADD0710B3
:10B3A0005EF2EF7BF1A4CFCEC3B4DE642E0580261F
:10B3B000AECF172614E7632677078C54C1B8E09305
:10B3C00095BA557A8170889B5621E2106BD6B928C0
:10B3D000002D9A0DE953FC7F03B8F5452999DDE46A
:10B3E000825C2854F399261C1F17C638E3F68D207B
:10B3F00033D845630AC08CAC74FFAB61D4C734F258
:10B400007755CDF61F29C5A0C3C0FEE30E7D3825B4
:10B41000D3098C09F0AE84D536CED6CA07F287C6DA
:10B42000172EF39F43AAEAC17D691F7562346D4BE5
:10B4300002BE9282F9EC0C0A00245C7958EBAE93C0
:10B44000E9E71848E87EA0B1678DCBC3F23D0B0653
:10B4500083A03C27FDB26F285861F6003B17A398E4
:10B4600020E705B8D93E991022E5B43FF9F835D167
:10B47000A8ECFDF6395002FA82CDB932FC84B30C47
:10B4800012B73443AF8867FD7F39C6C2BA7F1286D0
:10B49000355CCC64FDC0C2963BCA8DB5A9B0BE91E7
:10B4A000E3A52AFEF28E003C4D9A73780BA1DD8E47
:10B4B0007E50EADD597DF56188468D968D7650FE89
:10B4C00047BEC6431761DFF3F15CE67C3199C230B9
:10B4D000B585C5416152460D6E2AA249B840466203
:10B4E000FB71D937CD59778694FF8182F5774B6709
:10B4F000E3FC9A653BA2306294A1D3691849DAB0A3
:10B50000D6C41A780AAF55921A3EC5933ADC16781B
:10B51000423908F406330171F552E75501911C34A4
:10B52000FB54A5D0E40BFEB948B5CF1FDAED570A9E
:10B53000A993499BFED3845C4B9C1AACD9B0CCE751
:10B540007F2EA9F5E548B9AE3854A8E4E6980E7503
:10B55000EABAEF85A60C3E4E5C42A316EDF81FF842
:10B56000CE72D6EA52B483B1AF41F01FEAFAD75691
:10B57000D2C1926D05FD0997A750F52FAD53EBA2EF
:10B580009F56D3B30EB3B6CF2A6789AD6CC3E9A17A
:10B5900084D5B4EB30FA6BA50D6F4309680D013506
:10B5A000BE074705218214E164CDC4A1D88A1AA43C
:10B5B000A79F4EA0076908D91D4B58BB3C9A6EE364
:10B5C00059840ECF5804B18E49C587BA002428F19A
:10B5D000DE8C154399AD14E7113E6EEA914120FDD2
:10B5E000FABB0C29C99CA08BC35737F5E69EDFAE8A
:10B5F0000C5C0364DE8DBB4F9C60A665CEB7A86F64
:10B600003AA20A129C979B1F43549E02F4EF96ADF8
:10B61000A8B79C34E5530E619C7A50019F5B77C0BC
:10B62000F73882DB6AD9A6E63E40656649BB60AF63
:10B6300087AA7C12FBD58002AEE94CA2660571AFE9
:10B640009414D47786E7AB97EFDB2B50A4F8A4F4DF
:10B65000E1503D7F9185F9A4019090AFE82D86558A
:10B6600020344C41A56F4F4FF7DB26C16501DA84CA
:10B67000C6AFA51956959AFC916D8AB1886A253C8A
:10B68000409DB871E7BED23E399336797268939582
:10B690006A8D8192E96118744F66E8E3F5A6AC689B
:10B6A000392BDBFAC6859B0C1C75268418C3914A7E
:10B6B00057F8DC91716BB6A0FB92717C456ACD3E68
:10B6C0001A01FE29B0C7FCF4B1F578F24240E4E972
:10B6D000F984FFFFDEEACC03147C32CF2542FE9BC7
:10B6E00045C16160E2010EDA1DEC1FEC28169CD604
:10B6F0007A7583BB62132E540F67C051712AE4C858
:10B70000D9350CF4E0754C7D23E6700C81D03D2AD0
:10B710007675F19FF6281AB47A33B6BBFDAFDB41DC
:10B72000079D169EE7EAF95AC1C469AD04F861E4C1
:10B73000E2510585E3E9A7D877DC246257F72BC9E6
:10B74000C168C61E2F98BB35FB46721FBD5F099AA4
:10B75000545CA865E2CC42F9519E3C19B35027A431
:10B760002FA788F9990FC1BEAF1255D33FBA21C494
:10B7700092EA3C901A982A01EAEA7B15769C9CA0F2
:10B7800030D35764E3BDB34C1C71BEA52A9DFBCFDB
:10B7900013477AC146CFBAFFEE63D9531D4A6BF700
:10B7A0000166220F74C175CE5E70681D275356F96D
:10B7B00074CEEF888A76736EDEBC0B0B7629B3CF1E
:10B7C000CB4AA5179240CE7EE27912BE37877BCD59
:10B7D000D6F76930B16059890E609A4E29ED77ED40
:10B7E000E287769D904998E20F8FC5A4D33A47EB44
:10B7F00035A4816A20D36A8BDD5D61C68AAAFB9F6E
:10B80000366B368183EF6F09466B95673E64027530
:10B810008DF80D1BBDA5C71B239758C4E735C65728
:10B820002B8B16DDBBF28B5F9D4A0183B775022916
:10B8300059009DAA419F11DADA60C00D2C30E30E49
:10B84000EDB419C3571B8766B038CD621B5434C1A1
:10B85000FA5F10F345E5C7AA87A1CB3A327DA81D50
:10B86000D01C49168ED79106EECD19C73FF5B8B05A
:10B87000BCF43B63D15356D5A1DDB334BFB87D6270
:10B88000C0157843730A6AC4B377DE4DCF98192880
:10B89000B9D8EBBFBF856AB1CAB26F04FF47423D5A
:10B8A000394CDCA0F560F08041F2845B59E4114A28
:10B8B0005193BC7ABA62AE7D2345FA63E2EA565BE5
:10B8C000D25AC02D86235F121A832201D3C4DA0D07
:10B8D000C0CC9786F8C8139F3B325C14832F7FE659
:10B8E000BF90085C28A2563A35403CC0407A9E572B
:10B8F0005DE6BE931C463768E264ACCE55840D8E7F
:10B9000014E3510602AE3FD73BF35DF697B33470B4
:10B9100097888DBF293241F470C9201856E4384207
:10B920008F57C7D1942EE955A23DDA51B164D9ADF4
:10B93000FFFA2F372029EC78D8645850FAC05BC63C
:10B94000082557EF736BE5E360C15058673EB202BC
:10B950006FE82D5DE98DEE432B7290EA8EA8DDF243
:10B960007DD48B33B52BB7447A3E5E9F2CC6B85737
:10B97000A04FE30044123E503EE5AA5B833EF01028
:10B98000F5143973ADD379B6077E3304656D559CD4
:10B99000D9FBF57274FF89FAE7522169FBFFBD8379
:10B9A00083B9EA2629B1B982605496137DA15CDF80
:10B9B000B960989080A06FAB6930C916381272BE1A
:10B9C0002C80889C2A3533B86527B525614B50AD4E
:10B9D0000FEE48ED2E45E5FE0D47D40CB7A6AEC5DB
:10B9E000DA054C2BD38A9CECA14DE3625693E3130A
:10B9F000B3E32B9DEC14C4A666432AC7AC747578D8
:10BA0000C5520EEF72BB348CB17C8C261ECE08570B
:10BA100069CB3801AF349C6FF50508E4E1C361469A
:10BA2000E66A15FCB250DB9182DBA32CA240792997
:10BA30005A59D21121990AF974B8AF393971D37FA3
:10BA4000A6298FC8AB429497CBEDDCC608AB2C205F
:10BA5000BF2143F7F9E239896A5F2926BC7992064A
:10BA60007DD837C537DA028E2B0D657E579FF02DB6
:10BA700072660A1ECF1514023C8AF805F04C17773F
:10BA8000565029485447AE7FF3A3358F7321056084
:10BA9000353265EE0CBF27A1592B515CFE96A56986
:10BAA000D3770C49C31293CDCDF230626ECBF2B492
:10BAB0000DD2296290A4E86F8FF3B46FBE466CB8C4
:10BAC000915DB92C9418094F47E5AD752F42951437
:10BAD00001AE4F3652281301ECD179C8045D41C044
:10BAE000F3ACF5A923F420431BEE9FD26C809EB9E2
:10BAF000D7B33C3E342164BB0BEE80A51260740BBF
:10BB0000383CE3A6A2D13EC62997CC825B951F5351
:10BB1000D60BEFF4BE7B375DCF3716491FD2CF5F10
:10BB20008259D28988BFCA25A654AE36B6DDEE8FBB
:10BB3000950C8AFDDA511D94CB920A268B97DE8BE9
:10BB4000E4F138DEBB69D9D1641D70C906BC09A215
:10BB5000A3A0BDF1CF3E8B470459C5915A2F5D3943
:10BB60002BC4EA670A877AB0A03FC9593B7EA9581F
:10BB7000F69C95439FA95023848308062C2132709C
:10BB80002F28D4118BB99ED687263C5A6214756033
:10BB9000BD730C2372FD56B71D964041B27B274DF5
:10BBA000662C958ADA6B8FA1EE180BA06B0A15EB49
:10BBB0004ADCB74BAB93211BB84E2CB226A59F4F46
:10BBC000F8F97DEC378177A7EA009280BD2EB02688
:10BBD00009A5433BF4C27A11093534E62E6B593D71
:10BBE0005A098E73299E63A89E1EBEEB049D417E5A
:10BBF00044C82E9AC474D494CB3247652ABCD07CF6
:10BC0000B02C675DA47A7EF36069DECB07D941F87A
:10BC10009C56E79FD85C13C08D41E8997A5C01C4BB
:10BC2000267ACE25745E8F121D8A8B2DCC81D96227
:10BC3000AB5F0AFC7F6568D09517CCBC76F5938125
:10BC40001887C1B68029618C8E24C6D78A349F6E2E
:10BC500041114EAB8C834943EDBC05CBFB4547827C
:10BC6000F4D997BEEFC7A4F15E0A6F70D01C77EDD0
:10BC700037FAEBAF614E929739217BC24823A3007C
:10BC8000461A4995BC42B8770811C974C23B6EACDC
:10BC9000E533D93BFE34A925066F957CE322912C30
:10BCA000880D395DE78D32984B3018DD262EF592E0
:10BCB0004A6615878B69946A1D9E0B95EA5638F47F
:10BCC0007470D446404D2C30E42D8ECC2C5E35E57E
:10BCD0005B733499CCD4009354A496A095DE5FE3B3
:10BCE00052721D76D4F37D91954F373A7EA5903CE4
:10BCF00072F9F2597C56F51A747FDB1266FCB011AA
:10BD000006D1CBD0425BF13F2E7E5F8F9C944D10CD
:10BD10001B9B74FF3CD30909C668DE3C62797A49F3
:10BD20002E922F1CF1BC158083D2FA3A82B96FB2E1
:10BD300065DA36A58D82BC227A7DB4560308B8D068
:10BD40007397D56D63160CA1E81BCB32869F99794A
:10BD5000339363F8B34FCD74FBA2666345D759C6DE
:10BD60003E0E1E4305194B68D6C2E53FCD340D602B
:10BD70006DFCB19D2D72C27CC469A6486743CC831B
:10BD800047F5F9E691B65AB7E76DB0F42F89011778
:10BD90005CA9353501E916031CC3665D6863773C11
:10BDA000C8EEEDC6804E9A99620E7F626E1DA91B89
:10BDB00000690C12E16CA5ACD66CEC51756A6A1680
:10BDC000F4A01DECA1E710CFB79355F5DC7DFB97F0
:10BDD000FC8F726AFBDF426AE2285F1718062200B6
:10BDE00047B58FA393F8E804EDB60C9FFC1DDD80EA
:10BDF0007B2CA022FA9CD9B27ED783802334933F38
:10BE0000683E8741992B56BC5AFC776C75D47547B0
:10BE100090BDEEC9F367C6C77321AF2829CBB5E142
:10BE2000DC82D81CAFE6705BCF4A033A008D4959DB
:10BE30006F868D770C2AD5F17F1EB36F4E838BEE04
:10BE4000FF0CD38DE3F95F3BE00CC97667C6BB6599
:10BE5000A6EADEB8D8E90512DFA5285022683B6FB4
:10BE6000F97CACD3D41C124F02854594E4D450D055
:10BE70002EB5175888392146B3ECADDB110B52743F
:10BE80004831832B0CEB26B743115B6CD376FBCE8A
:10BE9000142143E836B6CC41DAA6D2BEE759ED55B7
:10BEA000522322678AE93C8DE59AF4D5AFB18EEF33
:10BEB000772FA91DE36661B42AF20B6C04D5958334
:10BEC0009D4AB12574DC92AF49CA9A2766DC84AEDC
:10BED0008B15FD30C5C03C5CF8C578506724C2297D
:10BEE000FEC97DA27F60A288E1CDFF24F908EA4E59
:10BEF0000AD17380DDD36CE33A67B39485B1B2F6AF
:10BF00001A1A1BA1B484AAD03967E1580F91493994
:10BF1000D4373D692160668867D0ACA37EB58B5F5E
:10BF2000AA02013756A445563A02655CEE5FDD95DC
:10BF3000CCB636337AFB218D1D3C35C3CC3A55F84F
:10BF400090CD5601009BFABF784DF97AF029644EE6
:10BF50001ECFCF9724B8A000ACC6DD300F14B87246
:10BF600069BDDCF04DD2399D55186DC98F8BC9C69E
:10BF700085B173B3925FE9017F71C6FA5A83755C2C
:10BF80006C8FC5CB4F7A3F832247BD22DEBB1E0597
:10BF9000B84E5F6743A27026CBC8A832C03C117A66
:10BFA000BE8DA9DFA43D09CAEC80C1F7B260BC9D7B
:10BFB00003450E3253156F6102BC9E6427F29981CE
:10BFC0004D930D873C2EB75DA709DEE50112D01514
:10BFD00081C8865753612AF0C5C9A5EDE19FD844B1
:10BFE0002A9852D6E543AA5BFDA9025F7D3369D446
:10BFF00024EC2A8725DB138853E20E4747903666E8
:10C0000034715E9AC175D9E9A72E5AF1EB9F91431D
:10C01000B0EC19541B49A2B7B40D9BC1766EAAD2DD
:10C02000A68889B51C397E608444A5D755D97CBEC5
:10C03000EF10B6CA122FB6B090D3387C4853DA92BC
:10C04000CE957A729C1DC5C2BFD896C313C85D45F4
:10C05000D11B03BB88F377B5E0FAD255AD69D02385
:10C06000E8D7C1FE59E048FF5347FCE85841FDC0FE
:10C070007B3D5B3EAD9AD142F47DAAE9854E8A5B59
:10C08000B97B1155B03C41049134551CB7C0F11433
:10C090003B6596DF9AE6626645BE3066E26F0DDA72
:10C0A000867F24416C2AFBF7867869D1D817D7EAB6
:10C0B000FE4C3A0FB674752AC8AA2D8540B5B20158
:10C0C000EE20CD5B4204519F59E71BB8C3A54646FD
:10C0D00008AD9B5BBE649C68B0542D111B1B2AF0FD
:10C0E0001F0F577EF197770DF538865F77B01C9D4F
:10C0F000B471C82308DF3932C8D0BF7B7AA89D4706
:10C1000099FCA235CE2B40354EC182C6E1434DA6E7
:10C110001C284C55E494C81A417D64CC1FD0652777
:10C120005F046A948845F26CD41598621CB0B425FB
:10C130000E33582DE1330F25B8BF5992D08165F7E2
:10C1400059F83589D48AF676C767164A40FDE3BCAC
:10C150008E514B83A12FDBA22BE9FFD8BC03897042
:10C160005F65ACE83AF9B4C53B9F668727F89B4703
:10C170006B0004175EDB0EF7E0D1495157A8AC12F3
:10C180001E2CFA042547E6F91D3E5CC26DC2C58F20
:10C19000CE23798BB4752BFC429C4440900F9505BF
:10C1A00031BCAC647F7B09BBD23057CB8E7934C8AD
:10C1B0005E7FA141A08F1BAAD5098F8C25F1E7DCFA
:10C1C000889A7BCA5DAF5E43E6C02888002792DC70
:10C1D000B1028100FCC6B7C77CD28BE89FFFED6936
:10C1E0007CF8F09A73427806D88CFD3BA7CE4A7E45
:10C1F000DC36FFC04579DFD748A26A3DE23492447D
:10C200009220C7AF6200AC3761489A80D84ACBE928
:10C210007DA4F00D000AFE10014251FEB615948374
:10C22000C8972029B1D4E243609C8FDF7D754E5DB5
:10C23000839E9212535DE6F61E12558C60993CEF78
:10C240008AC4CEF78913FFFA1531BEE6D879C9B38F
:10C2500050C8EAA4991E3658A6696A531F43DFB92D
:10C26000163AE59E7F014F975D40604156AA12B88D
:10C270002636CE3D4AD9E8B9403369B7938B8F5FF4
:10C28000E280BFD37F37E8380D800D43A888194C72
:10C290007215F2126AAD7879985FCFA745E4371529
:10C2A000E734F1CAF74D84F6F961C2E811C7260CEC
:10C2B00099E95D13E8949ED4B2462959A8AA69ABBE
:10C2C00033AA1AC359009C46425E964F346163E11B
:10C2D00051BBC1A5B5150C4652B436D2EE17716EDE
:10C2E0007DDAB73A2FDC59D117512E9AA9EFFB3ED0
:10C2F000975D6610AFD228A19451A1E8E52E24DF06
:10C3000033E0D85DACFC6844B688FD9F88FCBD5E18
:10C31000524DEEE2DC75945C7884D36D3ECE1AE526
:10C32000B8815F5FB6A92FBA9B09A697D068B8D429
:10C33000E75EC1F493B6C8CBF2F393645499442EEC
:10C340004D4F96D56C3B9949E1164F96404B48D2DC
:10C35000C29EA29688EBACC8C38CF7532D3198359A
:10C36000602259FD39C7ECBF2F708F13F1A9FDC3AF
:10C37000267459FBA4A9BB4849C4B0235910627E56
:10C3800058E78A60D9DCA6A2F798C66D5789BE66C1
:10C39000694ED1FD1B220B807D1048B27E945973EB
:10C3A000733A3773341CCCEFD58ED78EB06F552EC1
:10C3B0000BE5D78FB75F14E5750B547F834F8DE680
:10C3C0004B80CC745B94831472B36FD6F74D1234E8
:10C3D000BFD272A7838A1A433C03C68E43FB9FDBFE
:10C3E000D985059C9BE821AE8236F8D066FA9E4B33
:10C3F000C02B4B774D1EA3092CE2EB934536EAD1B7
:10C40000552C727427891C519447B0B6A048AF339D
:10C410002DA78EB30C4FCF9E893605BFFD10F3625A
:10C420000952774767F74CE45EE7FCC6477A40E578
:10C43000708320BECB2DDB11AAF28CECC42E9A7433
:10C440003B31ADBE96977DB124E3E5EC6E80E913F8
:10C4500057C5CEE50A5162E162657B72A53A700F5D
:10C46000CDBDCEDCE785E454F2E7D691569B3CD2B5
:10C4700045301A96B43091F322A8B96BF327CF3D1B
:10C4800022433F2283D3CE1F1A0B796B2AE84F40F9
:10C490001527315414703B1A851041B2E762EF55ED
:10C4A000C23A5C878A0A9C8B3CC537D0FFBFAEB2CC
:10C4B0005677603FBE5288B64DFAE48F304C7BF819
:10C4C000D53A13B1BC2D0DAE90DFE07DF53D1FBF19
:10C4D000D29078EDD01C640AA545EA7B720F5B937D
:10C4E00082B70A5D21F4F71C8F915CB2FBBC16D0B9
:10C4F000029F122B5CAF220B74253A1F5E9BDBBEA2
:10C50000DCE97B3027ADEF7B15BECC79B91F0D2E52
:10C5100011A97F210EDDA57030ACAB94021E020C78
:10C520005C88FEA859D2C75D43BDBF11F431A8E6AF
:10C530008B424EF55109E451AB62F2F4A21103D7DC
:10C54000EEFE8D9E701DFC16DE9CE8EFE58EF98CEC
:10C55000A18019F909746A9FF539A0049DB586DC9C
:10C56000950BAA54616F09309BABC9C4F2844BE3AD
:10C570001CDF6322D35705E0F14BC22145FABF040B
:10C5800028D9ABB9948DC1D3BB52A385E562C6BE91
:10C590002FCEB36EB9404EB8BA174CA8FED882BCA5
:10C5A000E68FE82A8B2D9AD58BA95A642BF24B7013
:10C5B0002F7CAF859F9118285A7934A94528DAB481
:10C5C0001CE3F00DADD4DB9B062EBEE283D6A75C48
:10C5D0004C009B5EF32041926A78C7E74A2F2FB543
:10C5E000079D86AF0EDC25B0A69EEB56FA852D5D25
:10C5F00053CCA45D35C33D6BE62D682D1A0A524518
:10C60000C1E6FB90D70829E97D05DAAB2C98319675
:10C61000D9D27C730749D2147782C7FB49F3B85249
:10C6200059A28E93C997F2A43792002F50A354DEDB
:10C630003D6B6035A639912B9C03EF530E4848B5EE
:10C64000840D4DE2FCF0D1FA659A8937DFB8001508
:10C65000EDFAECEC016A32542A664F04B143A5604E
:10C66000C34ED62ACFCB51E5F82B4B500D9B10D1A2
:10C67000FF504C022F8357F50B683FAF23D6A3041E
:10C6800069DD15EAE8B112A53E14FFA3F48D8969AE
:10C690006B4D97BF43505F539978B4265887BD13AD
:10C6A0009ABC9AF70D0B11DD80CAD06506679FA270
:10C6B000A261EEC6A682E71157649A85D86B4089BD
:10C6C00022E87A7D23CA0E2BA65198EA51950A5387
:10C6D0002C0C9EF4F45E4176E2CD9A581D400D94E8
:10C6E000900A08D8222384F1BD28EA9B100B7357C7
:10C6F000FDE84879D9CE0B0101357460D6570A564A
:10C700009D660D3802362EE338B6A8F617A4948637
:10C71000DA65B97F3493861EF618A1176548173B72
:10C720002CA3B25B89ACB7D6D25BD340004E83104A
:10C73000BA8FD53139C6D236655535C1521308AED8
:10C74000130C0D0E202234631BAD7DD708323CAA9A
:10C750007D80E91D4E2743FD2BA541296383FCD530
:10C76000504E0FC2BC5BF3853146E2A94DC93EFF76
:10C7700023CCDEC25FD280504423F19A055C8294C0
:10C78000E4065BD838A4149E7FCEC260C3FB77DE7C
:10C7900005013ABDCC006C30432C919EAB9C96AA0F
:10C7A00005CE957CE748043B6913E185E433816459
:10C7B000F2AD7BC29B7F19A14CBB908955C0A64CA2
:10C7C0002312FDB441B06FB8E2B3C631DD35A5CA5E
:10C7D0008444D32A407785C5562EBE4457EBAF8A92
:10C7E000DF78B48232C13E39DBB4D455565265DEAF
:10C7F0003C97FDB3BA65FB7453D0B388E32294A48D
:10C80000CD6254F0F8CA6AE24EBC889168831DA2DA
:10C81000CADB515F5F78D8E8E8160975211C903AA9
:10C820009F271E968B45908FC2315499D67B043238
:10C8300046BA84D50E2C69787DA217678F289C167E
:10C8400083E2EF06B517D74D4163B739F4834D1F27
:10C850007EF22B2850BC1849906F007D1E69899C80
:10C860001CD0E2DE92590FAE67E2696D17B18514F4
:10C87000480BF1063DA53388FFF7EBD20D23E8E224
:10C8800039C23803077E6A90C37AE2BE3C62BEAC0E
:10C8900017C64AB7F56D918D1F43F2FEF04E7E2FFD
:10C8A000B9BB4047C89FF70AEA19B9BA488105E9F8
:10C8B0004F00D4723063E97324B39870E9EEDE015F
:10C8C000734939E922A61B98970A3F5CCDAEFAC797
:10C8D000F5455CCA26125690B6E64F6D6C96B93196
:10C8E000617B1FB0A3949F8BAA021218CCB84A791F
:10C8F0008E15F575007A87196BB761F556622C6055
:10C90000DF2C96BC89BA0B9D149F2F02A580206254
:10C91000BFB506FCF4930BDFE561E6495EAF8A0222
:10C92000ABD4E9CC40F0ECAEBDDEA1631B7E1F456D
:10C9300024F3364343DF9F3FE15436EF3DF7B683A0
:10C94000A82629943001C64C816D8353B38AED5DCE
:10C95000089E6AAC45980444155B0877BD5863B6D9
:10C960000ADF41B530AEB3D8D43DE9D139587DC7DF
:10C97000EBD81674BA94988BBED97F0D7AD4E4B1F3
:10C98000607CD8E1D6417F6C039FEEAF66CA4E56FD
:10C990008BCD8F0A6AC1069D23B036D6622773FEFF
:10C9A0003B5AB3DD7ABE09017A390E4B7801401744
:10C9B0007E026C410934D9EE62789B5E9D360EFE94
:10C9C000ECD80C46F147F670ED5737E162AFD0A9CD
:10C9D0001B11628A7EFFED47F0EE11D697AC37E26D
:10C9E00000F510372F23B1AA953A3708299210A9DC
:10C9F0002363EDA004C091958A19DC70B2ABD88492
:10CA0000BD4B684D7A00E32C9E84FB801799613200
:10CA1000D6BE1D6774FE36D4E13B87660CCB065E3E
:10CA2000A704E4A28AEEB427E52CD5219BF0E18F80
:10CA30003E90E57A2AF281DC0429483D058DA5FA6D
:10CA4000AF5C9660CBAFE0C7D527AFD54D2BFB4C85
:10CA5000EFAA02F24AD881B91462E68A5A8A2C8176
:10CA6000B357B5EDF97856C92A4A3EA91537EB5B9D
:10CA7000D613AD7E218D2105687642A927692B88C2
:10CA8000C12A4A40F2C297B7C9E8DB5EAB0DB5597F
:10CA90004FF4E0CAD522376DA3A7173F7B6AE81E83
:10CAA000CAA8FC9C4F37C89CDF9AD357630F3D63DD
:10CAB000639914D23A8AEDA53B58D5E8C4D063D126
:10CAC000CFF154F0DE2BAE6FCA9CF04AE7830256DA
:10CAD00087596C6A9197D24319C6C51D3A886C254F
:10CAE0007C1FA8AE33ED5EF053E4181CA227F81D9E
:10CAF0008A7E637AB96D8B92A167C692F0F9C343BF
:10CB0000FC1E534F8A7DA8AAA7CEB34347782D8633
:10CB1000A00A9134D9150AF17B5CB88C505B6EA2E7
:10CB2000C71823088C5118A11D0BF211AA75D84AF9
:10CB30006919CA8DB00A37A63619B697E4D2F6112C
:10CB400044C49B8E9CC9A16264BB4D93D536DCFC6A
:10CB5000C247B563DFE05CEB4154F8AC1E429D6018
:10CB600019232BA0A75A2BC07ED64D3E34B097AECA
:10CB70006ADD833F5E996FA3007500929C1FC6E536
:10CB8000A6DBB64C0571144DA05BDDD3EA37F3018B
:10CB9000834129D097C32665C431509C8245C3394F
:10CBA00005BB310EA591443346B4D8136282FFC74A
:10CBB00014944103900A9E9BBA66E25D65310A486F
:10CBC000E13C928E35F30E2D56FD6FA01421DA3F15
:10CBD0001BA4666C5338B2530211D9F074E8C98BA8
:10CBE000B7844A847C8A7C6F97BE66F747194B28C6
:10CBF000D046535A853353D016C6FD8EEC598188E2
:10CC0000B95BB857248CB71F7FA98754554CB447DC
:10CC10001FA0BB79B374EED507DEC60409D6DF4B7F
:10CC200097E1DED62CF5F23CB0B0FE65162B2A99C2
:10CC300029E614E19CE0B25455AE0454C73A0D7C89
:10CC4000073B19AFD582B7A3ED15D15CC05DB51B0D
:10CC5000490E900DE1410104EE3BCED0B61E35E009
:10CC60007574119739FAFB0097C9F487FAAE9C9254
:10CC700081309C6A6CA19E50D54812CEC6F9EEDD7B
:10CC800036053E34EDB21320327B6BAB7361E0C7E7
:10CC90002E62BF42B0DCBA9C0F6B907668C655DC42
:10CCA000E6A4619CB0C720C3456E27E6EBD275466B
:10CCB0009A8ACF973EF5222AC70923E1C58979616F
:10CCC000CF91C988A3E79C3E146B198A08B529AC9B
:10CCD0006EA604B0F6394F7DEEA1E03E3EA254317F
:10CCE000D89E6B28914C9AE87C90BA0E4D8684773A
:10CCF0002985836CD340F40F5393FA406123801548
:10CD00009575A63DE78AB433AC26E1DE41AB2EC46F
:10CD1000781F0ABD156B76F11600C82902E255018D
:10CD20004AE8BA72AE435987922F09CAE8592716C2
:10CD3000C27BFD9AA1D7455FF795ABA8E4D24A170D
:10CD40000C20D7B2CC3D68CCD8F93074FC7C757F10
:10CD50008713F5FC0B9F30F23ED570701551C399C7
:10CD6000A7801C7C0ABEA8C47FDEA7601E6554E2B3
:10CD70003404A33C867FBAFDD3DEF460929D6A9FA3
:10CD8000731505C18BAFDF33B647DECFDA684108D4
:10CD9000EEAB2418EA83C9188266B88D3EADE2B1C5
:10CDA000DB9F6928DE11FC6208278943A1466B7E60
:10CDB000CCE01C8D29C437C58DEA33E9CEF75A0380
:10CDC000086BE0E81F09652D9571117C2F6C8A6155
:10CDD0008243FD870316678D9FAA671A23D7ED8CC0
:10CDE000325B4368F9552D615DE4BA1FF62877364A
:10CDF000B4E6033A4E2CE4C07C93F50761EE247E42
:10CE0000C11F3B9343D8594D72679ED0B3CCA39BAF
:10CE1000397888D945B9C7CE48AAB971F0465EB20B
:10CE2000406EF8AD1648CB7AEA3673CC9CC74761A2
:10CE30001D3C417679575F994069DC314A1E64C8D0
:10CE400030C5256F8E706EE7353BDFDE9545C9EF47
:10CE5000DF89F7AB202D89A7EBB79CE553FFDF11E6
:10CE60007A7ACD5CDC532CAA5D9720BAFC378A2BEA
:10CE7000D427E488A9B92D32CC9626830E0E83667A
:10CE80008A2A53691C2A818FEC41680123199DE687
:10CE9000634840761C782BB2240B4FC244E8BACAD0
:10CEA0009E680ABEE90ED80A4503AF542E720C27BD
:10CEB0001C7E326C299BEF2318F44138947AB48F8E
:10CEC00089277998E795E7B3CA2F954FECDA369919
:10CED000A52D79B563A75C39995AD981BEB0C8B27E
:10CEE0001ADB041267CFCBECF7E4CAFDCC79C1881A
:10CEF000EC9DCE008104F3F5259C8AF3536EBCA80B
:10CF0000A38C0AEC1DA0F3181686B9E6E9FBD1A2A2
:10CF1000FBC736C9723B1670BDD3E98BC7210AE83F
:10CF20004889923DD9425868A8BB95C25B0D94E3ED
:10CF3000CF7C05BA9BEEDB339166305583FD3F5DB8
:10CF400090193218A474ED97DA143D09070B0947BC
:10CF500059EBB6CD2FE685B2751516A31715B71C7C
:10CF6000C441F935DCA129BEF824730E62BA1A92C5
:10CF7000405789026CC40C1DC55ACDC8EFC3EA3AAC
:10CF8000838EC96D38A8DB947AB3522D593800AC22
:10CF90006ED340875A7CA6210039CAE9BA4AA7D87D
:10CFA00018B08168E0903733FCC7CAC5EA85FFAF87
:10CFB000CD0A5116759C711DA68EEFE7F12B042842
:10CFC00081DB67F264F0CEE523EDC4B959A0B389E3
:10CFD000CA18F536EED7ADAAA14406EBF8DB730A02
:10CFE0002686F053C0297A585A6824887E863C6F7A
:10CFF0009A085543F818AEBA3C44CCB71154DED663
:10D00000B0969EAF3575BD635FEBBF598DCE1A1AD2
:10D01000CCC2D02BB93FB69A2975C917D9D99CE192
:10D02000A183C58F1D1CBF8B7BF180C028F61A938E
:10D03000E53CB378D5E5538479E52C6F6B9AC4361B
:10D04000F3C9C84F95449D7E1BD93715607EC1E951
:10D050009E21BFAF1597544F0EFA6E81AC72B3D8B4
:10D06000ED81CCA59F06E98417A42774F89C4FEEA8
:10D070006D09B5AD971DE6F6FF42ED753AD64B8BBF
:10D080007D3C261ADCBDBB5E48E564D84E68AE8D9B
:10D0900098025371C016466CEB7A96DEF8ABF783B4
:10D0A0005CECB22858D90C50929728ABEFBF71892D
:10D0B00093C6454BD24508F2573425EA31464DC256
:10D0C00011E73FA7AE86E871C425AD21F4B3504DFA
:10D0D000E5271A8140DC9FEC3E117DB55C544C0C79
:10D0E00060E93AA462CE66A8DCCACC47A6C1C4F502
:10D0F000E8C94989878B7C704ADB8B04EE3BE69F4D
:10D10000B8AE088AB7782F851355040B4FEA713AE9
:10D110003E7870E902676A8A2CC558827339192BE8
:10D12000281731795507F9A6208A4467F7922CEA27
:10D130000113D08D6ABDEB15DFD41EDE5E154C9851
:10D140007C2E2A3E41C2FEAC11D6D205952E2EEC85
:10D15000B0C808FEFC2DDBE499B41FC9573BDB8344
:10D16000654DA944B5D809024626F537376844E726
:10D17000D8177551C8C5AC15AB606A7A01990CFD1A
:10D18000B12AD8A828888E8C9A60FF3319852A9BEB
:10D19000400EEBB626D52AB7F76D5590E82A478B97
:10D1A000D0AAB077C48678045B59CFDFBD3C604B12
:10D1B0002BE241CEBBB3BD1AF96E63389C7247892E
:10D1C0006C1A68B73448128CE71C6D95D241C9912E
:10D1D000BBBF6A885FEE3D98E1AD39DA1A7ECAB608
:10D1E000F21D9C2D7F0815A5DDE46D10BA3116CD1A
:10D1F000C4B7B4FAD61F895425153C596AFEF89570
:10D20000DE59E655717461F2CE76F1220A550913A2
:10D21000DB0EAEA5A6F734F29A26A64DFB6421825A
:10D220005FBFF52E73E68DE947A79EC88B31100DC1
:10D230000DA4888A89018E078D9AD1D5751D98D93C
:10D24000AE8723C27A514CFA106E13BE1D95E1DAF7
:10D250008ABFE2FB8733B32821B778B720431AA5EA
:10D26000A257321E259C8F08A4EDB587D8B1883807
:10D27000563EC9198734C11EEA8F230F3D1D633EF8
:10D2800073156DEE877DE658B0F334B2E76B13EAA1
:10D29000B8725C792E809ED7668DFCFFEAC25BFD7A
:10D2A000A22FB024A616B188C19476979DF43E8F24
:10D2B0009E2884144AF605535D62C7B832DB26E522
:10D2C00089AAF66A39352296D35F358C138032BA33
:10D2D000B7527CD0C8B6AC9793F0CFC42A9009B8A7
:10D2E00077E7247FBA343666A28965E7A5A0F858A7
:10D2F000989CE0F85376F7831BDFD368302B49CF37
:10D30000202B5D8B47D82B3F0E084CEA37DCD18FA2
:10D3100021209BA111BC113103B0DFEF9A6B3E8538
:10D32000DD7723AC9EA39D7ADB4DDA736D9C3A8E3C
:10D3300069528B85A1C8C372A38A02D97FFC51BCF4
:10D3400065D4D11CD519E4D403E9A92C34B51F49FF
:10D350007E88D06548F9A8755FED57573FFD10C628
:10D3600002312091D4D0796C3A27C134AD46D17EB8
:10D370005A7C7D7D739D5815EFC3FC39D18AB9E481
:10D38000D8F66492AB47117D75D9BE27BBAF42EB8F
:10D3900091F1916C48A69111BDA755D57F56AB6E02
:10D3A0006F0B7F2CD2603E662902021B32F73D5480
:10D3B000E1288DA72C8A6F23E7E7072B56ADDA13F8
:10D3C0007AF142232C6AF7A16DCC46B09A20984797
:10D3D0008229C1D63435D261CFEDCF233589D2AC85
:10D3E000CA11FB44263B179F8E699A942A19382F3D
:10D3F00007176C802D99C58CAE1AC1F6F53F4428ED
:10D40000CEA5CD72F471C46962DD3C60F63FBE6AA0
:10D41000ADBBC9C7418BB26FD4EF6B75436CC844C9
:10D42000509E39115E27C53CD0586FDCED3FA0AE51
:10D4300097574F70BAACCEE71EA8D9566C5BF0E98F
:10D4400056871997FDABBE5026C782772BE6080E8C
:10D450002186C03D1F3A7ED118AC292DF711D5D6B3
:10D46000A052E713CD556CAB4C0453C02D5E8AF52A
:10D47000B0A7E766ABD46DBDC8514A7E692C5A4F40
:10D480008F333D631F0874D6D00090B3C55C13542E
:10D49000306D256BB688FA86193C45EF979CE73AC4
:10D4A000774A2C8D4EFC63CD6FC08F3E256D743155
:10D4B0008E2DC005E27E99F28738B4CB2BE6FF06AD
:10D4C00094726DAF9BFECFF743BD7C643A30044944
:10D4D000E5F290772F365C0B28F79E131B27212649
:10D4E00021E27D37917F3785635696DFE65A234FD9
:10D4F000980FAD434267762E1B437A4CBA62BFE465
:10D5000040CCA09BE2E848743040FC97A6266B8490
:10D51000299E6A6D5A337C6C0601BF38AF3EE50424
:10D5200097515DCA70923E3A6BED6F71308A062753
:10D5300075087D7272D073386583457258670B0128
:10D540001E5693F4268079953035C90646F8B6CB39
:10D55000B193FB5F1E1587B900A2278579544B361E
:10D56000109854F598622998EBB68231749040F87F
:10D570007EFC8ED616350E186D504A2DFE2CDCEF33
:10D580006B22594DFED257620FEB79EE0DCC947D94
:10D59000D7AC9166CA9A6D6DA2B7E6282DF79AECC2
:10D5A0007B7824CF7316D5536A2A77C78CB78868DF
:10D5B000FBE423056D60EE4BC3D70696885BEB7CDE
:10D5C000F56B6E1CF04F9F7DB5D1579639EC7A3DC7
:10D5D0002C083BF973ECF855A13B86AB7CD88954F9
:10D5E000F315904C612FD3D530E64714A04CCBF403
:10D5F000F95853BB7687897A6BE50FC4B325502E53
:10D60000E06208E3FA4E495E17CF4440E2E70303C5
:10D610002EBE757A6F6EB65938C3D2D5DECE97D28C
:10D620009DC529C8F3BD5C29FBB0CF530CF6DBFFC9
:10D6300042993AC71E8CAAE1BDC739D0DDF5E6E2B2
:10D6400095A16D71CF37E91354BC08FE217D94E894
:10D65000F2611426509CFB0137AAB092A3D6349DE8
:10D660003B1EBD792BE34C8455992F0FBA86CF5BB7
:10D67000B6977C31A91660CBC2CAEA1738E77C9509
:10D6800094D85193CE8D60C220C26B5C9BEBD6C503
:10D6900049C85E0D5A094F39EEADDAF04BCD088B13
:10D6A000C9C5E928A93301BED21322ADF2225EE931
:10D6B000D7EE740838D587EF40FBF9D3C0FCEF6D87
:10D6C000371CCEC743F8506A742F4067889B723C62
:10D6D000ABDF7498A3C781BD0FB708485935D36E27
:10D6E000F708523F5496F7B0E8528915AE695E14B8
:10D6F000E0237A83D2890743008B9FAC7BC7949445
:10D700000E935C90DFB64BBECEB121BFF40F272C39
:10D710006FE95C0E75D2463AA2BF5BB4EFBF51040D
:10D72000858A86B39186D91E8C41A3A5605431B0F9
:10D73000089DC04C3FC38AE998910CE15452F4D73C
:10D74000FB1800630E9358BE231E394116A562666E
:10D750009103AC1A0D87567D5566DBD332096747B6
:10D76000DA63492A25027B527FA28BDAA6851CE068
:10D77000A32D36C33454ED09584F6B148D86030C1A
:10D780002296F01047E66CC315189064C9361298BB
:10D790005874234A8488E78C35CA24FCED89636F6A
:10D7A000E387641DE97B0B72BA7AB2A01DAA4C60B4
:10D7B0003AB866C695D39E3AC554F6FE6D643EF6F9
:10D7C0004AB230D88497761AAEBC6277A01EEAA21D
:10D7D000CF96A11D4E4509405D04E1C96468D28819
:10D7E0005B27DBC8D6EE30CD0263A5326CF585A28F
:10D7F000C13382F8EEB99BEFC080B46FC298041DAC
:10D80000782FCFD3CA5B39FCA3B02C1D1813AAC341
:10D81000CC29E1B75DA3A18E820B75E9FBBFEF17A1
:10D82000A5FD143345C1EBA3A25F1EA538CFE6AB1F
:10D83000D1B4A65D2D548663C4E172ACC49298192C
:10D840009484F813C0ABE89BAF5C90149E923FE7C2
:10D85000F4A83B0DEE3BDB5EA390DE49E2ECA8A012
:10D860000FDC3277374B8F263BDF6FDED81A730F12
:10D8700082638B92B79EB0AA0CA1FC93A7D6A88F07
:10D880008EF497AE08E5A9D8DE222DEE0788BE7487
:10D89000D1063560AECF3B364AB0B5550E50A7081D
:10D8A0002F60AAFF7C39DA94659349594E6D1FBCED
:10D8B000035C94021BC95476AA50A1DBCEBA031EA6
:10D8C000A3628E2BE658625D7D47FE975A2DCB737F
:10D8D0007DF23F2B47C4812FFE725D23A1FD1E28E0
:10D8E000A5DE80E6742EEB6E10EFEF9A75615E9107
:10D8F0006A945D5928503DD83168669ECE40DC4917
:10D900003C838320FC7540F27E995E8D8CE35B61E5
:10D91000BB17D9825633C3D33AE9E809DA6C36FB30
:10D92000ACC18B41F8F39624D20BA6B3E6D8E5E65A
:10D930009F700271195612804256908338E5E1DEDD
:10D9400097DB36D866EEC7F01203C79C35C5B19495
:10D950006797ADBD7ACDA20CECBEE0556CC222102B
:10D96000BFD6CB4C3614251C0CA5D5F99DBA072C77
:10D9700066CB94400E6A043CE89DC824638DCB4579
:10D980002095EADB0A49DB7A3060241AB2822F4103
:10D99000485C2262B98C5FAA70C960F01385578B0E
:10D9A00021D6F66C676EF6162203F86E4FF1F71E5D
:10D9B000593619D4762E5817B1F31E4C209DE055D8
:10D9C00095DA0521F58BCC70D55C87692A344FB583
:10D9D0004FCBA8F3DD2CEC3042596FE00F9A085D75
:10D9E000DD25EB12B2769558A2492840C9D9F96DC8
:10D9F00029816A050D01185A0C3B9B513DFF39BF27
:10DA00009D0B9E3A3058BEAF75BD004726B0B20E92
:10DA10002137E3FB1D817F946A53338D2C7114549D
:10DA2000361E5269EDECE65EBCF391B88E75D4CD2E
:10DA3000672E9A4247F8A24FB061ED60B1673E137E
:10DA400048429C9373A206C8127C0158B4A4BD91AD
:10DA5000AD9108D331B64D2DCFBFC6DAA7BAF5C701
:10DA60005E8B3B3AFDDD4366B40977DCD0EDB73F12
:10DA70009471EC080FE00BA928775D01490BBBAD51
:10DA80002F745173AE033B7A411312F49DB45C4E74
:10DA900033EDFCF425D47B1E0DBD9A0D580FD99B98
:10DAA0008AE37371239E63A3B9B95A05F038131240
:10DAB000FD1FACC2BAAA237F3F76740C89FCC72E27
:10DAC0001AB747BC8430045ACE15B21855A28DF24D
:10DAD0002279F39ECADE2632D6BCD56D11296E9D01
:10DAE00056BFBE578A7EB3EC3511EE8EE534768490
:10DAF000ACFE1B442B60D9201B35058480DEF74427
:10DB0000F2F4D35AB12185AC1A782C948369BD966E
:10DB1000E66122FA65F6D8143C60C62760ED4FFB3B
:10DB20004676789284684D4BBF58E4C9A0AD9522E3
:10DB3000D1C954B15F0F5B7EDCBA56FC554CF2592B
:10DB400082379302F1CB92A41923E2B5828385CD6B
:10DB5000B973644F82B2DA3EA84094C501DAAA9F35
:10DB60007C3C6F494036CD0E04AFB79004774F1C14
:10DB7000DA5103A0DE9D0B5B1410C0ED193B414E42
:10DB8000AF75AFE127E625E0BD33FB95E0142466D1
:10DB9000E6432FA9674CA7D576845CDB2E438E41E4
:10DBA000F71F0F088E71F3AC7A29D763F3BD401AC3
:10DBB000CBB58FE6A455387A87CA458D87B0C15B4F
:10DBC0000D8191E7DAE0AF28D0D7B5F2EBBE01586E
:10DBD000F1C58A0F9FC8740BD76639E3348CE7749C
:10DBE000CADD6F938F6BB151B569266AAAA9E69E0B
:10DBF000625DF0F02507FFAC2A659F927D119220AF
:10DC0000F33CFD72EDE5D6E0F7E69DE298E7912C56
:10DC100046641BE54B111EBE96CB6ECC9DAE6F5B72
:10DC2000596492C3378D47C2BC61F2B1F73994C7CA
:10DC3000E2F5C5D763C09BFFDA778F597E4AFA2A8F
:10DC400019D7799D593FA5D408CB94C3FF44CCA4E0
:10DC50007E61C5F81A1AB674B3C1667945A529293B
:10DC60009D622F2BC9B607EC9F814B6AC3E10F461B
:10DC700069C46080EA0AF8A72B9D478B4E35A942FC
:10DC8000E1E591778608B990665C4E8234E3F48CC6
:10DC90001ADD04E1E4122B1C074AD9F648CBD71849
:10DCA00086DFAFD750DD784BF564B7E1B937D4BF25
:10DCB000ECF2D17881BEFA1CD5DD25D941A92CE240
:10DCC000517ED24828E0F8FC478053691A693F44E6
:10DCD0008DCEA9F1B801D59982B53227D38E12BC69
:10DCE00096D48E49F2B09C428AC25D003B237005F7
:10DCF00019BCD8EDC5119A51D9717DC05496F9213E
:10DD00005BB19F580995A5E968A6DDD5C315EA9BC7
:10DD1000C18ACAA4B1108F910F8EF2A257970F82B9
:10DD2000ADFD43EDF116FD7F308DBEE7711FFB3F6A
:10DD3000E02B8E7034CFBEE8017530975E39B2DECD
:10DD40000A93E9575BA790A7C15F3A3A50958E3F77
:10DD500071AB1BF4A5A886AC726A6A5A0A8840DACD
:10DD6000C696F2A94484FB3878D7046D22977DA02B
:10DD7000D22207E90B587FE0240472A438837EBFC7
:10DD80007E951D9ED13A1371CF9ADEF3E416DECB59
:10DD90000D63DF17FCD60537A11D6D604A409A73ED
:10DDA000F7135CE47FDD0AB348954C645F2C49AB04
:10DDB000E20D8AAF96A42C55178162197B6CE8613D
:10DDC0006D849FDDF2D67CC7820A28E76FFF9657E5
:10DDD00056739FEACEB48C521EE2E18C2E245F9ED5
:10DDE00005AD61E55E2994D86816FF952729F17C79
:10DDF000B05F0C4801F4E51F0190664721109D3A81
:10DE000082DF54ACE826CB2E78C75A484764F2A587
:10DE10007F49FF86C34EA443966B4DD80864CD83DB
:10DE2000470F44610C58A6612A3B50798697EC2F26
:10DE3000D31A9140888FE0E7285C25103831401FC5
:10DE4000E7C0D2781F25BD9C92015D92D2ADF157FB
:10DE5000BE93A785E94D6BBEF05BA9A1937D5D34B0
:10DE60002F0544E9D9DFB134CE53B635498DCEB84C
:10DE7000E518F66F5FB6A74B86D69936C4E705F16D
:10DE80008C44268EFE7FC5A85ADAF82162B7C514E5
:10DE90003472606C3FA244EE4BE2DED35C4138F555
:10DEA00045FE9E6E79FDB51DF26FF17C7D9C42CEE4
:10DEB000C6579308D2D57EAAA49388B5702DBB5AB5
:10DEC00062C2A0C85DD063D5411B87F316A6168B2E
:10DED00013E8725E3123D3E70473A1AF295A0AF025
:10DEE000F4A500BE1E5C3865A50F8087828126439D
:10DEF000F2D019630B7C2692C9AB860F2F8349AAF7
:10DF00004103D8EC2BA0B2EAF8FC00A37404AE2FB6
:10DF1000389121758DC2DDF2A586235E9A3E126F7F
:10DF200071525802D27FB12D8730BDF9770C426D06
:10DF30008A71382626D32C6F519EE197D3442D4CFD
:10DF4000B249F7C8252E14E0789F99771A4FD2CAA4
:10DF5000F786A5545F5E27533ABC89053CF181469C
:10DF6000676637CBB60C43D8C1CE2B52F5942972D5
:10DF70000A6BA7CD867DE29235B5A6367D02B4DC6C
:10DF8000C569F5BD560C2286DFD3A8C803BB715501
:10DF9000C0DEC8B4E96650C155B6E5BEBE191687E5
:10DFA000693CBF4846BEC2A2222C50035C0207B0A7
:10DFB00054AC3F1E5DCEA00187F7C47C669B8AED02
:10DFC000A68B4B6D9BD47E43287038BB26A807F1E7
:10DFD000CAC587301816D852E3C75B831760236918
:10DFE000C463E8343606BECD87AB7A6844147EE954
:10DFF0008D3CC5145E8D7A5596AF1015A52076D34D
:10E000008D10352548229945E050FA1353F55FEEFF
:10E01000B5A645859D936AD0F9ED84AF1E9119236D
:10E0200049FBC7238DDDD12888A74EA7F4BEB533A1
:10E03000FAFCD0BB4041D41D267C32A1360CFDE356
:10E04000C027026AAD90B0767C821C30F7FA03C715
:10E050006AC4BA350D9569C5CFFAF2F50EE69BB0E4
:10E060000167C55C05B40DF3EB9AB058EF2D630E54
:10E07000268C7960E3437CE1F7B1E871735649DFA0
:10E08000BC0464AA69A0063D0561AC19F935564B7C
:10E090003D6E9BB47A71A9DB5DF41C1FE847CB0889
:10E0A0002C1D3AD1C67D53D036FE4BDEFE3D0DA36E
:10E0B000AFC5E6C26EE3A7B86C84D430FBD1EABE2C
:10E0C000169C2F7EF38BAEE0DC7C33DC6344F107DF
:10E0D00016A43106993D91BDBDD8DD9D869BFDD32B
:10E0E0003206CB8563EBDD3C36B784874AECEC9790
:10E0F000EA24D346E5EFADBC27317334B56840322E
:10E100001F5C2C675348960D8B215DC9253A6A40E8
:10E1100095757BDC022F38167DC924FDD10B092DA6
:10E12000BD15816FD968A7411246A2C724E5909B0F
:10E130000F323E9A4D460877D10812A485708CEFB5
:10E14000822265C1E9D23ADBAC6E3FA9524DF7435A
:10E15000A5DEF3BEA3F79C2A1FEAAB18A80182DE56
:10E160009C493CDCA241FE487C79B602372124FC64
:10E1700037E9B053BA5A05473E3025818CB93E0085
:10E180002898F37FE4351082D7724FE67B4AC76345
:10E190008FE172FA492363A06F9E327B079399F354
:10E1A000359773F6936A50F2FC81646EE6E1C8D944
:10E1B00063AB3A6289C3BDD1DD31F5FDD6BB198AA7
:10E1C00059D2D8C5D5F5DA25FE1D07BC2D74D784E4
:10E1D00012ACA9320A60C7A57DAF885ECE2E524828
:10E1E000CE5F53F46148BA1EA448D76AE3E795931B
:10E1F000BF38E06D4CFB6DA75D294C67B163DCFD5A
:10E20000905A4EB56F5D0BDA83AA30B5E0CF76BA7F
:10E210006BD79AD983668A898B9D13A056D10961E1
:10E22000388AF9F4C807E35823889EDCD238533C77
:10E23000C3BCA2FBCA48087704932EE28A769336C1
:10E240004EEB188848BD7ED0CE131682D7E6AF00BD
:10E25000A79D1DE886CCB2FC8C8B22CA1B3573FEB1
:10E2600032BCF8682EDD7181FC82C4A85015B06202
:10E2700086CEA139938377B4CE12083BAB90143489
:10E280007673250AA0F76B2738B7D8F1A038EF6866
:10E290006E0D9DAA8EB662EE54AB41385A992F1876
:10E2A0003BA74018D77B3033A2DCDDB63E74E4E3F5
:10E2B000CFBD329D79573481318E0D99F3EA2531E6
:10E2C0009673B2C4301EE314E1018FA4E65FB4FB81
:10E2D000F279E9E10D54AED7F4E7A178B3834B416D
:10E2E000BEF064EDC6CF0535993F36D09212432477
:10E2F000FE428AB1943BF9641C51F977ADE5129F57
:10E30000ED5E2D673B8B985A9E998132E77DA13255
:10E31000897051338F70D86ECF1EC8C07E05BCBACD
:10E32000BEB609F2C34F665BB70399EFEA167034C5
:10E33000D17655D801681D4F8477AA0FD2FBC6B39A
:10E34000B375E4994C57A559AC81864E2535E77ACB
:10E35000FD0A1DFB03F2938323E1D848DF19E7CFC1
:10E360006D059FD234B4855CB45D1703422A5469AD
:10E37000DFE2C40FC34E31FD05E4EBE5F56663FA59
:10E3800017A5A20A7CB871BEF487BF133CB175DB38
:10E39000F6E7F50A671013EF147167C9B929E76446
:10E3A000A70D18C07DEC2486EF031223889681E622
:10E3B0006BE787EB017294EEC80D04AC927E8897F0
:10E3C000FD74C022DCD524145A1CE580C6F338F84D
:10E3D00024CCC4E73F3F529AEC27E35CE1046CCFC6
:10E3E000C819ACF6BDD337CF9C4B4B88242A72ACEE
:10E3F0004EBC80D03EA378951864F287FB449B19ED
:10E400004E3D3B08F388E6FB8FF301F2BB5C7624BC
:10E41000EBC722617D0059547A2F99C6FE857AD8C0
:10E420008F2A2571369AD32075C7A423E816D9F60A
:10E43000DC50EAA386A4CBEA7DB27D3A786205E59A
:10E44000F83FC9B7EC42A5F27CF725CAB7CE90E7F2
:10E45000EA2EB7106695AD5F67D8FBA21C286BA9A2
:10E460005CC59332EE692A8BD18A492D13C04CB218
:10E4700040D1D82B5233AB0F8D0969493ED2581E7B
:10E48000C0F9E4486AF1E2D602F17198CF9B577760
:10E49000801E0F0C8B947283FDA4430A2722DB8F0E
:10E4A000313DD6B729482036770F02447B28666F66
:10E4B0003E43B5BE4AA78E847622090002EF7EE86D
:10E4C000BB3EFEAEC6832EA281AB98A1C6E279BC4C
:10E4D00001C9A0829E95BA0583CCD8EC8693E7C784
:10E4E000C93409E91D953BDD1125AB3B5C8C28B592
:10E4F000CDD9C8EE2A665CEF6E490C3CC3BEC51888
:10E50000DA8A63315FA8734DFBD99F5ADE073CAEB0
:10E51000E4797253F57527EC35CD5E800675916D03
:10E52000EBB353601AFCD2A7997CACF9691829396E
:10E53000C4F41FE764CF799FFCF886C042A15A5A01
:10E54000B99D53216F654BE94C14F9576A24F88E35
:10E5500036C553038A341B87A48CF83FA89E041C3D
:10E56000179ABACA07365414F623EC125F2D0E6AB6
:10E5700007793768F69F279504E05B0CE0E8D8EF51
:10E58000EF35CEC1125704763DC9660DD5E2F45F72
:10E5900083A5D41C40D76961AB40071C3E9396927B
:10E5A000FB72355DB1B93CB660CB3D6B650F75C292
:10E5B0001AAC755AFA0124EC15617308997EA946C4
:10E5C0000E3D4FB0090EC29CF7E7C8577C30301B98
:10E5D0003AE72797B976F1F8A4624087ED02F1FC9B
:10E5E0004BB3F9F3B53FC768DB5129D816A2763A89
:10E5F00030C413EC1A64C3B703CF33373E50C93B62
:10E60000AE2FA9CAECADF6287749B098B595644C01
:10E610007433FA95681E04DF7B3D4D76BB5EEBCF0D
:10E6200008C462BED023CCBD8A241E343724B1FB7B
:10E63000711E88B7F8548B316BAD349995AE9FF449
:10E64000CF36FF81B2BF4E1640F7C8FFF6C82E572F
:10E65000B35ECA2B3FEA229501771F80F0FD2D3D66
:10E66000E5D87BCB3B6A0A265EE33AB805C820D7DB
:10E670009418CEDB90736D11AB8D014BA7450D4205
:10E680000CB095ACB05D12584281ECE9A494D6BCB4
:10E69000BAE107DAFF95A63C95E7B3471C577263CA
:10E6A0003D7293C57D6FED1C5393612544DCB430FE
:10E6B000B8179BFC513D7C5C39F2B403454F8595FE
:10E6C000914D42F9FD9FE1C68FC3E0AD6C5AC1DAAE
:10E6D0004187267C5D4C2E218F8050697DF4F7A008
:10E6E000A5B7663F68F8294C0FF98913769FF8DBC8
:10E6F000E25D1FE61E41779EA95447EF36DB58A91D
:10E7000028F2AFFE36DE370431F5C9228B3AF46EBB
:10E71000F5F070378C46C4F28727447237314FC208
:10E72000B8156BDD56219E7E38BAABBCB3B4210858
:10E7300095D6DCA6BB5DFB8CC8F4155AAA7197541C
:10E740000114BE476309F34CF5A92A9D3A5F5E5F49
:10E750002640212001E8596D55B54210E7197BE9A3
:10E76000C0C40D7738A77B84EC9E762BF9C273ADBD
:10E770000882E46353C37DFFAD4201DB3268E4935A
:10E780007E3653BD91567299CB63E17B979E16EF0F
:10E790005ED4A3837967FD5391E9E590CCF7E866F1
:10E7A00020E4A40C4A4181D383168A297E55C1F006
:10E7B000D44832DF2F6B9592A0ABC95AC38AC2707E
:10E7C0000AFC425B044B26C81C6B3CBC58A64F2C71
:10E7D0005C634E5E4A4CAC67A16AED779A1629EAF3
:10E7E000D266FCEADD8D26BF907A680EB271AC6B02
:10E7F0009CBB77A8AF57F04DEC2A9CB2ADE3965383
:10E80000C539FFA885A0FECD5827580E3388397525
:10E81000C8BE8DDD0E1E18D09EEF8962AED1656335
:10E820005CC204E066495104F356C6D022BC1D10F8
:10E830002AF4D97A2E8C128B3989A4A706C8A9A8E4
:10E840001AC000253565F970315467A2AFC0DD4F9D
:10E8500015531F9C16F1FE8BED94718BCD261897E6
:10E86000CF27046B7D9B36A4A3F23AA67546B22A45
:10E87000B6967B1F78353DFD0F297835FBEC499E18
:10E8800030848037A6BFBB77A64A804AB8B33A76B1
:10E89000E66FB77A3461ADC4304185A968B065458B
:10E8A000E9CA3C4B13144E12754E8C9416B63721A0
:10E8B000DF78963AA1548DF73485085A2509E54644
:10E8C0003C627ED65AE380AB87E40906295CCDDE44
:10E8D0002EA31A658405BC53F8960C27D42B53A39A
:10E8E000D3B3DBE5C00D779BEF2F080DBB1499DE8A
:10E8F000BDCBB6278B000345ED74A62FB6B21CC462
:10E900000242314984523BBA94E697C77ACCE04D33
:10E91000D5EDC15DD4EB55A887A82F6AA158719198
:10E92000C129D1675729D28143C03A881A0E5D0D9B
:10E930009BE77F354B2CC205582D971C1BAC3F3CE9
:10E9400025BDC037B8744B81F06D5831E3E93EA75F
:10E950008C8191FB3E07CAB7FD9893700BC5FACF27
:10E9600004E6D6F3AB43C7CA815F5055359882C9D8
:10E97000AA3B755CAF3494216C75BFDE1402E626A9
:10E98000D0D0E3820287724945073D6B82F2836DE6
:10E990002D79AD684BE92049BE921FE052549C7C12
:10E9A0007E59D201FAFD0569C3BDB60B5BB655525F
:10E9B00053B731027C76A71E38BAC24CDEF84E5DE2
:10E9C0002BE3C0A2A3FF215BA1D52F3C057C3F9781
:10E9D0004A16EE8CC80A24A9F2FF14FCC17A4BD562
:10E9E0005322FDEC32091191A979C4D9036E8B9A97
:10E9F00014C092486157C1BDD1F1A75F1ED95A9D7D
:10EA00004227F38B201BEAD10F543763274210397A
:10EA1000B02B7F6FE7F37D2F340AFA8F966A7996D1
:10EA20007C5D98FD23EBC916E73BEB0970EF926B19
:10EA3000681B8162964B627B8BFBA45DE6EC4226F1
:10EA40005AD7A909B2240C59D1226BA0F07DC27704
:10EA5000375CE20923DFF5593987786B27CBEFC4A0
:10EA6000DF93FD2FFBB984EC450E4BEB25CDDCAFDE
:10EA7000499BE51EAB72496FCD8CB84BBE5839002F
:10EA80008CE34AA55B6DCFB06C997407A44BF4ED91
:10EA9000DD478E1A10D49148FE205EAE8B6072CD99
:10EAA0005F142CBDA82C53B272DC9D9A1EFB6879B2
:10EAB00027CA28C78705DBE71238BE237B6E796239
:10EAC000AAB9C5B0609E747F5BA893181437E30B96
:10EAD00002D11C1FC9FF2F89BA85B366F20E7730A9
:10EAE00014DD00DCE0FBF26F347ACB09D2F325951C
:10EAF000017D6D90C2EA34AD0BEB6ED927F0FD7548
:10EB00009F5164581CAB8525561AB810F472AF5348
:10EB10006DD820DFC874D156CDE77563BE184E4E50
:10EB2000B760709EB500F940093F4D4E86B8B021E0
:10EB30006B812885081DC003FAE22ACD5F40A67BC1
:10EB400089FF07924C38A7DEF89CCC592EB9C4D661
:10EB50002C43D302D051AFC72A31A28A9D36E65A40
:10EB6000B15FB48510EAFB0B8ADC60623982C18533
:10EB70003D74B438C5DD842632E006E2E565B7278A
:10EB8000FF659393643AC010E8FF43804E6D2A10EE
:10EB9000BF3BEE50B7C40EE12EF7D97828920AE9B0
:10EBA000C91417539968501FD83F6D24AB6501F005
:10EBB00011A599104082DE85F9885A45BA97454ECD
:10EBC000E993BCE6FF5381F7877A3DFD672A22333C
:10EBD0002B8E22E756374C8880D9005E9489271BFC
:10EBE000A62E215AD25711B20496492926F3FFE2E4
:10EBF00089924D7B877072C92F6D4EF8A4A4154C75
:10EC0000A5230DB7E4146E6729205CF069CE3C891A
:10EC100055C3D64BC4C8F8EE7E45DA264E7BDF538B
:10EC2000F0C42B193E72CBBE6E85D2AD8EAA752B69
:10EC3000F95534627B3243225BCE7A338A236E6786
:10EC40004D045465E005C0A11BBCC56752E97F2394
:10EC50005A91867176DEF0644DD3254424CCE11AB6
:10EC60009D82D63C15993CC9559C45EC31805B8C06
:10EC7000DCB07E1601DCA21ED235048B12F92DB554
:10EC8000988ABE7BFD5BD0B991363B9FF5ACA188DD
:10EC9000A836872DAD27FA71BCE56242FFF00FB1AF
:10ECA00066CB529D38BBAC98C2EC302BB7F5648470
:10ECB0005C3378592CBC9E1EACEAB4BB619E1891A3
:10ECC000B8C06499DB6DBDBECD6ECBDDD57F16912E
:10ECD000DAB95A92D6B6679512868F8CCFA88C7106
:10ECE000D6B23BA526B02DB0C484DD87F4B81FD8BA
:10ECF0002859D3587E19D1B55595B019A105333788
:10ED0000C7CBAA447E499A1B92C2E3D0E717C9BB7E
:10ED1000123BFBF797618B9BA0F3B3366922A38765
:10ED200066053E1B1B269254185C8ED3E58538770A
:10ED30004EB3F8FFC8443A408F44650040582FD581
:10ED40002A8535EB0D7491AE24F7264BAB6A003360
:10ED5000BD159B0FEE540C33430CA48D37CF4205E9
:10ED6000BACE50865DEC3DAD9F02B8AE522D6B53CE
:10ED70001496A8AD5434B51DF4275DFB8D1C5F5E61
:10ED800086FBB43C30366482507E36ABB1BAB5AF48
:10ED9000F06F803D97795C22E7762771F4BCBB3E2B
:10EDA000F847A734823B9F2851AFA88C6F39AAF24D
:10EDB000BA137F64A810B165412CE5039CFE23982B
:10EDC00058EAFAF2DE090ADCB605A261C0CB408B34
:10EDD0004B619F2F15605B690D71519CDB2E22E901
:10EDE000C2FAFAC4F71DD33713DC90A922FD9E3274
:10EDF000C8316424740365251FA94A9CFB0D42EDAC
:10EE0000EF6C5AC7A045104FC8FF6FD8DF734F7F14
:10EE1000B4E0584373DED7612B64F2A38E2A9AD2F2
:10EE200079D9ED9C3DAAC22CBF93FF7F785DEBCBD7
:10EE300021CF7244079049AB0D559B79F2161941C9
:10EE4000A3DE3CF6784B154772436B9A46BEC93930
:10EE500065ABE76FA7DA23EEED6D51B44C2803CB19
:10EE6000DF270B378C1464AAAA81B7C2488339AD57
:10EE7000F2ABBAB8026242D607A2F2B99AF0E7CD75
:10EE80000C12D29F8DEA42E9A4CDDA3AF9304F2E26
:10EE900024242824B3985BB44DA2049252C99C0345
:10EEA000A0D8707482D4B093C4C1A846672F6F11E4
:10EEB0004D5BFEA704158463DDAEB83731992E8E05
:10EEC000E2E0A5F1D6C53636E0052744B1DBC73010
:10EED000E8DB8B45CA865D7D11AD4915D8D7224741
:10EEE000CA3F692B99709B1B436746D007DE50359C
:10EEF000F961D4F181B9FF4505621E783C53CFC951
:10EF0000DEC7693824C410E055A9213C4770E607E4
:10EF100054C54FB60F463D9728610679EA969CA0E6
:10EF2000EBF0524AD9AEF6337DFB49660D9B79561C
:10EF300005F7857BC4E1094E0573FA04ECFF56938F
:10EF4000C1646F6B70B79B61DDDE7CDD1332003D09
:10EF500072E6A411927C67EB6F44CE5FB3CB8E98C0
:10EF60004C13D004C13547FAC6440402FF13A8D598
:10EF7000C8CDFF3E2531DA16594D552E24F820868E
:10EF80006E6077FB65C20C16B9664F881D953A8096
:10EF9000A375D95BC3971328780F1697636BCBD8EB
:10EFA000CAD164588DB78DA9BA19BAD17517763DF3
:10EFB0002AC02CB7716C48F8C581CF628A19F1FF5D
:10EFC000D42F20E4A18558B5F1CE7FF6F7B9F08FA4
:10EFD0005017CFEF1BA946FAC9268B01CCD00A2EB9
:10EFE0008A986398CD8F1DC6E2BEB99A0A49EA692C
:10EFF0003EF72C4E443755661E68460109939EF62F
:10F00000C80E0A6F76639E640FC246AD03AA98824B
:10F01000958F92165F75C726FF177890D178E3A277
:10F020002CF6C94F6914DF03C26EF653D49D915F6D
:10F0300096A41A080B2B92278C78B640B8AEAA95E6
:10F04000515B77D7D8B78061D54C8C8EAC9CFA8C4D
:10F05000C267FC1E73BDF01BF2041E0741BD74772E
:10F06000D9EC607F8BFC14AA4E4657836CF3835D0A
:10F0700043B9D5C428A8CD30F8A2DF51E4C8708DBB
:10F08000F08D672294470BEBEB81F1C6EB007B2BF5
:10F09000510EF0D755DC54F4DD218A8F24F47771BA
:10F0A00005200C60B9BB511A2CE21A95569F854178
:10F0B000B77F10ABB1958C6CA58E207251932F4504
:10F0C000FF755D8D2D97495D9E74012C1A0E3FCF03
:10F0D000EDE176928ED54DDDDB7A242C4A62E62A6C
:10F0E0006F4F6269C921EC50BF83D6FE0710D9EA81
:10F0F0001C6D626933FD1A720398C3C4B24AD262AE
:10F100004D47F2D8D60DE94D59DF916E7D45AD776B
:10F11000D9FA9600B903C7AEB48B0319F87F8921D9
:10F120000175F272C8C41EB45E16CA35D56E96D18A
:10F130005A79D21CD45006175FE0874FDE46DE4D69
:10F14000442DCF1AF49DBA1683F3A0291DD426901E
:10F150007CFD0899BFA36B0E97D3B77F36338F1909
:10F1600009F723C2790DEF994AC6995657C5070A80
:10F17000416A51C02B083487E70FA631345CCD7249
:10F180004C00A20A2337F3048BBC86D671C481E8F5
:10F190006F1D4A3617D830EB2DC8B36D50B575F1D9
:10F1A000B8BC9155F99B63F2C53372D106CBB83721
:10F1B00065C1F2DE6DFBF4573C6D2E7231CDC4504B
:10F1C000E8666A0B8963CABB539B0214787384E2B6
:10F1D000B5FCFAA3B8006321444DD9CFF04084BBFD
:10F1E0004AEC0B350E2C0E41873353FFC432A27903
:10F1F0000550CA45EE150BD1F5F48322866186AF22
:10F200008A7F80309582FFE1541BAEA56212BED387
:10F21000FE5C17C8F9959122C2FD28CC3AD7E1DCF3
:10F22000E025CEE5B07804557648E6A7FCFA869846
:10F23000AB2ED4D41FFB51E8A8C4BFAE08D37CA426
:10F240007BA34C74FF9B6D22F3993E5AAF797737BD
:10F2500080614D44C0D030201DA8AA35A1350BB225
:10F26000E22DA375D22BC72FA84687F851A428F604
:10F2700035FC3B5C4067A37F815C4C061CB6D7D74E
:10F28000BAB3DE6AD9A5C8855CC5FCF1BDA44677D2
:10F290008920F9219B431AFB991618F4973DD04712
:10F2A000C35F3A79E2B23E5971FB680A96E43E27A1
:10F2B000D778D221184DFB11C5E10DD59B650D699D
:10F2C00088561ACC7F82FB1203C968734676E7A082
:10F2D000A2DFC14051DF9D3BA95EFE1FFD5960E3E7
:10F2E0006C39AB94BC085C5DC05752CE6F48A634F5
:10F2F000BDFC725CAC891AAF66532CD760C05467F2
:10F30000F6804C18ADFACA0EF35F96DE34509F2B90
:10F31000BE154B468196F66FE1F07C9528994F54C7
:10F32000F42932A0E9DDF5E9BE7169D8E102EAE429
:10F33000EE17739D0D512B24F78351D26C2F212E84
:10F340001EFDA67E16329CAC0FEE56DDF30ECC17DA
:10F350008D9D53F04EC995DC971E659821C4A23D42
:10F360008F57DF1CC374F5B4FD0CF60D438D4D9320
:10F37000EA42D380E66361BB8E7AC9520B351FCB5C
:10F38000947FA30EAFCE637B7F5F820F7E7D1CC315
:10F3900023A223DA2E55B2F964FFBB3B84817A5B4A
:10F3A0008DAF68B915F28C3F8E102C4E5375F64117
:10F3B000293A5FD5B5487F20D1357094E77AD54793
:04F3C0006DB0A4DAAE
:00000001FF
