:02000002E0001C
:10800000502BF4009ED9F500A659DD0010EC2C0091
:108010007C183100F2613700162FDA004A3CD0009C
:1080200041B56F00A161B8001E084F0074198C00A3
:108030003FACD700932FC00043AB180078C6650053
:1080400036411900C2C1A700B21BB700392AE600A9
:108050002AABAF00D709F400C719690077581000A0
:10806000F271600030BBCB00285D9200AD886D00DE
:1080700003A5D10052151A00EA81FD0015530D0029
:10808000A22DAE00B42AF60051D894002FBF0E00E6
:10809000BAE4B300FFFA2B002D45B10058EF780089
:1080A000DF9FBF008A18130018A0FC00FABDF8007B
:1080B000E9CD3D0099C3A5004345AC002BFF0A0064
:1080C000ECC29300C99E94002DADDC001B535B00F5
:1080D000AE03CE0025B6C7004BBD2700DBCD7E002A
:1080E000D211CC00AB0C4C006CAE2D00715A41008B
:1080F0008EC610007F943D00D62D600009A075004B
:1081000056712C005BD451006FE9BD0086427D00A2
:108110007BBE8700D34C63004CDF9B00C99A0600EE
:10812000FBB7F000AFE01300346395008E574C00AE
:108130003EF620005ACD1700E64C7A00D17A58005E
:108140000CB3CE00FFBED0000315E9000C979400DD
:10815000AABD7100F3B7A40096C9D90008E85B0076
:108160009ECB590066FDED00F9CB0A004C823B0026
:1081700037B7CD00D734B300F8CE0B0002D30900D7
:108180003CAA3B008567E900A533D1000FC06F0012
:1081900061084400A1D79600D7B39700DE1B6800A2
:1081A00094B9AC00CBB28300346E0300DF3E930081
:1081B000F69A4300E4CE450096AEC300F5819900DF
:1081C000C2CB9C0096F64800DEF6FC00CE37FC00E1
:1081D0004CC7AA0033499D0003D3FD0043A9BA0050
:1081E000334B98007FB25000F4007D00F6C085004C
:1081F000A96F9500E69A60001F1E930062686A00EE
:10820000E147F800ABBB41009D69AD004F16260069
:1082100014D3450042FC730091756800E2083800F1
:108220008491190094AC540015C2D800A2D40A005D
:108230006710F4007B3D96004A0F34000AF63100C7
:10824000C0E07200DAE47E00F1F40D00840F2E002D
:108250008E059C0015CDB300C31666003E0F2700A7
:108260007CC94600EF85F3001625FD00A66F2D00A2
:10827000E7465B00A56DB4003619FD00CB4EA000AB
:1082800007A97400ABAE08005220BE00CFC00300A7
:10829000636C1200A5DC9900E1782400EDB16D005B
:1082A0009F85D4002D53AD007F415600304EF50020
:1082B00010B6390099FFF500AC65DC005552B800E6
:1082C000B09B38003BB0640002FCEC00652B000062
:1082D000F1D85100CCC7F50013F1D7003E27CC00F0
:1082E00017B535007345410085445B003F9D940000
:1082F000900871004C569C0053B52F001643420065
:108300001D978100972C3A0098C5BA0045F93E00A8
:1083100073ACD60090F84000721AAC00A79A9C008B
:10832000412E99003B2BF800717ADA00EE103100F3
:10833000E0B30400E90E5D00F7F62500579A060049
:10834000FF483B00BA1B4000322E1400D0BD2F0066
:108350001E503200F3F147009CAA2000D0D9BC0087
:108360009A6B1500835C1200012B79004161CB00F0
:1083700082FAC1001F6F8E00D044EE000B45F3005F
:10838000DD97680052B40600A18E9A0083C4B20043
:1083900042C605002D634A009A972300F305DF00CB
:1083A0002C60C600E30D710027381300617F1800B0
:1083B00081CA32004B6FAB005F307100E8B64300FA
:1083C00021741000749E94009C451C008FA25300E1
:1083D00026463400368AF90000860900E750DC00A2
:1083E00092711200C22E8A0020F76C0078263800A5
:1083F00059F04A005D42E8006962F400516DC8001E
:108400000100010046577200304001008A5DE7001C
:10841000E42A0A6724ED07B308D872423EE64BA56A
:108420009493C60F98D0A369462B9D5ED556ABA4F6
:10843000E34331B65F8E6188EBAB50D64467E5B35A
:108440006B713D56920CCDD80ED2EF889B7AB4FB5F
:10845000A7A7A14D7DB47C506456014C902A4A8256
:1084600024F4B93E31CE1211B86345C2DEADB21567
:1084700063F5BE82E4C04CA869DBC477B2685CD403
:108480006FA3F0181564657A75E073BA6EF40E3D4B
:1084900080C117BCBBACC91445C80579FC1C87F862
:1084A000AE412A990A68CBEEF5E7E7FF25EC11A566
:1084B000D634182F8B85D008F970DB0113E413A98B
:1084C0005A4C97FF9B24FFDE676F2DE67EEFE9A8ED
:1084D00042EDF48B34B70B57070F6EBD1EDD4877A6
:1084E000AFA66D89EE299EBEB287D96F0ABD567EB2
:1084F000A0B6C5A05DB8B2294BA0C86D4B3C1D5AB3
:10850000C33CCF4FF47322B21F2654813D64888F41
:10851000952F16FEC4720A4B73DF38585FF38EF145
:10852000BF22E334562C6CEB6E46CE26AF79EBCFF0
:1085300007DEE3EADD9504215F5C89F10FCF6EB9B8
:1085400031097CAEBA6ABD6697098712D4506D773F
:108550004B750E1A330AFB40688DAEC81095BAE809
:10856000B1982B78D13917FD63EE80EAE82EA36F1E
:10857000874F031A002B0F6D46E257E617DCE84BD6
:10858000BB74A22BDABE902E2DEE60D30B5827972A
:10859000892F66E2713FC586DE473DF55D0FA55325
:1085A00093D5CD289A3B0C5347F2BAD956BDA8D1E2
:1085B00046971AF2EC841476DDCAAC9F43AC04698A
:1085C000CB16EEB6CDE1F6D769E92FE2B05F2F4EBC
:1085D0005A442A09B7C1C1DB188EA1252EE2545393
:1085E0002A4844DD861CF9AF7836A7C95AAE155320
:1085F00026CC72440730BA3147E7C50991ACD18027
:10860000D41209C777F276F97B21E1D26AAD650E03
:10861000CF28CC6000BA3BA07855D55AFD35E84844
:10862000F724E1C6CA6E72CD0D662B4BEC0BFD3CF8
:10863000ECBAFEB6CA211995B3E9D485E9EF2083D7
:10864000B74D8E40FABA19C892FC74975EC8668618
:108650001A5E10168DCE2FA8459EC368C96533419A
:108660002250EF056D079B1D8DA90877661C17B07A
:108670007208B590AE00626D2870B187C7185EE8C9
:1086800089A2D06AA3CCCBBAE1E7522DF0B9C127B9
:10869000B7EDE7A9B5F3E59A000BA3B8BB558BC3BB
:1086A00044CF1C6FEAE73F441153A412F9C04DAC0C
:1086B00032E35A2058C7E67C7C2E37DB9D21E473D9
:1086C000B9144668D36E903D8AFC8F9CFACE0D0F8C
:1086D000AA5A033391D6E7FBE1C6FA032CE34B35E4
:1086E000219503218E527052C770880AB55E846A44
:1086F000B8639D2CDC9219AED1DF350059CE320B18
:10870000EE3D4D114E7CF2E4D531004951A93A6C51
:108710007F6B4A84A5830131143DC06D6CA7E8745A
:108720005C4A6FE08552B91A8A0D13FA2CB2D771E0
:10873000372FD3386F0B9A2DCF73D02B7CD7156C76
:10874000693E776359466D1AA0F3AE798A5DE78278
:1087500015D711A2AC8A44003FD693C81A60AC9CCE
:10876000DDD7D89D547766FD4274ED24D3C4F0EF75
:10877000B8D4AE727C937B657C5560E33EFFCC65DC
:10878000230FE46310BEE2FCA8DDDF827E9A3495FD
:108790004EBFAA10CC8643DF8617ACC0A270184A21
:1087A000515015FB51D959C294D18D02BB87FC0899
:1087B000DD07A4BFFF501A5AFA4872DB4DEF4F1A7B
:1087C000D8BED26EDA58E4051BE38268052E4B4210
:1087D000F6C83C0ECB181A22C56ED42F2DB1A98D28
:1087E000C7D39711F62409DBA1E38EE4483ADC5F96
:1087F000D642C45113C2E8D232788FAC6FCC5AF350
:108800002C867BEEA42C32020FD4226586E296459C
:10881000D4852546B88A680C096E2FD4766689BD42
:10882000D9C641288302AC9272547739E5390CA439
:10883000D714899C7F45F40BBD603358925DE813D3
:108840009BC861680D5EFDC62C9917ED71ADD468AB
:108850003F2D8650778A74265A180A603EBA63DC28
:108860008D1E83324E4C9B438D7E25F6B806E0AAC2
:1088700097BD2327C8F9EB87D3212BB2A9853C4E9E
:10888000D9E06CC070B8833A5A7AEB4BFAEFF1F644
:108890004284E68F5D87C08480680C6C7974D60A48
:1088A000B11EE6D5C52838453149AD9716901BD382
:1088B0007D319627208E939BC4276C123F4EC01BA0
:1088C0002F408DFCD98BD4B1161FA7B5244243EE9F
:1088D000604E8ED8A8F3D6571D3A1225B89F4DDAB0
:1088E000A376080222D2E9BBB1E599FD6A852D9CE9
:1088F000BDD124DD0644B904329101B4250106BC82
:10890000EBC94A8BC35551F7367784838FB3CA7C42
:1089100065112ABFEE5D791A0A1169EB975B667AD9
:1089200093139170337CD49E3581AB284D21B38550
:10893000F79EA0F69B15861A8AAC8A1E1ED7DA9D72
:10894000261D0F9E9DF861EC4C0CA4696E88375E65
:1089500047EEB7D63421BE521D3FB874D78772CACE
:108960004E6223F147AB088B6DFCE29783BDBA1BC7
:10897000105E150F319FB820E7A28B273AF4554AB5
:10898000B6F7A6F5BDAB59D5DA89F2BA2E6ED65B2D
:1089900027B4F10113E4508094F1897599EE3730D2
:1089A00060BA5C28D2BABA515BA6F474286F8FA063
:1089B0009A42854BD1CDFAF2DB919171A233CE0A66
:1089C0001A2D41518C4713E131BD9B0E2F6F5B93E4
:1089D000534774E7D842E85CCDAB43EDF98D407264
:1089E00012441A34BF0D615381BCD9816481A6CC75
:1089F000D1C779F8707629A95504F6536528F21E77
:108A0000A134A6BD5E51C4DABD255D5127AC324C00
:108A100089E3278580B7B262BA333E031037CB991A
:108A2000117697A703F1F2053A19CC62C973A678BB
:108A30001F5EF6B373BAE81505C38D09E665E0CE8F
:108A40008287053A2A7E2905FC519B6C823209E90E
:108A50004A0FD20300658B8356092BB338C2CBDB98
:108A60003FD073821703ED323B58A357060267E6E7
:108A7000F03C88C827A4ECB1703E06C65444F532D9
:108A80005FFD1E5E5DC63E6AC8B7B0E88A27320B3E
:108A9000983F037F507C3B7423814E99EB6CEA44F2
:108AA00069166B4F00FAD19C1CB9ED2B3F3DFA962D
:108AB000297893D6396C59AB753D5B37975BF59C3C
:108AC000228775CD73C5E1EC16ACA4FA2598CC903D
:108AD0009D68D61CAC4CE3362F69479B7AC8797BDE
:108AE0009415947E5D327C83EB2508D0D3EB2BA2CA
:108AF000F73CAF64D5A06B328C6D2EC0BE4FC8C999
:108B000055A9B280E8171A191B701AAFA1DCBC77FF
:108B1000F743EE772F56E46595423252EA2C5F7C9C
:108B2000EDB40D6E4C0D81DE0D97C3A0FC434DD30B
:108B30007D7A14D25FC4FBEC94FE0788713FEC870A
:108B4000BEF7EFD316451DDF008820A964D8F9A32E
:108B5000D116B6E287B2AF32F2059A63CABC757E0F
:108B6000DD8A40EEFFC93D410673C3DB24DB66F4BA
:108B70001A33C1FED4B5CAD35A79C5981D8008C42A
:108B8000CF1AA8A19858E7E4443238ED2DC4CEB2EC
:108B9000F134A1AF52F30C74A3D626BB06DC6305F7
:108BA00008F7ADD1A340F535EB56AECCF73035C460
:108BB000D495604149E7E61DC87045BFB038E3076A
:108BC000E4FF55BCF411DA1C05DFA06E6B8B60D896
:108BD000FC86ED19BE16183B77E6CEB4C318F1D16A
:108BE000C2DD3C79528F5282897C61686D5D20AF15
:108BF000B4FEEBBC9A89B01A5FFE649254D1383B44
:108C00001A13439E838211923F5B83646495AECFB7
:108C10000C63E50BDA0E50F4116FDC4FB58A2BB5FF
:108C20002F84417E519638831DB9CA2CA0BC138A6B
:108C3000E5F01490F736C90F3A7C76A37F03ED2E4A
:108C40003F932D9148301E3A9E3AFE5736FC6114F0
:108C500044776ECA34A70325DEA9B6F0E1C76C726B
:108C6000D18106216FF484B662A71C076C9472CC84
:108C70000D25031E9593F1E744093CAEE250D59DC6
:108C800017B5FFDBFB32B021A79AAE04F029AEB2D4
:108C9000386BCCB4B897D0D88BF630167026ABA909
:108CA0008234BCF082C16BDAA96C16E7E45813C9B0
:108CB000A626220EE3C146F74B01D36B79D25008AA
:108CC0000D2B47AAAA18FCABC5DCD4EF2B3D326DA7
:108CD000B580BF8A540ED1E0DF764640BEE98A5E99
:108CE00077CA06010D31DF400C93BEEF40FEF275EE
:108CF000D92B21572C9652D815498DBDB11F4798B5
:108D0000F1808B8BAC0228F10162855D1251FB452D
:108D1000DD195A2D5BF4DCF7B864FE0760EF03132E
:108D20004F516C048455A188A7DB688B52DDF0EDB0
:108D30008BCF18071E03096020D405949EFF847111
:108D40008ACEA3E1EA9794D03D2342AAAF8554404E
:108D5000CAFF8A8AB9519CA0C7BC9FB03EFCF4EA06
:108D6000EF63C2F89A30B964EFE5E70B444334A6E9
:108D70002085A8DBB77D9E6A0370A27C3DDB9B4308
:108D8000DBD78E7F67E5DF0B9CC0D644B994B25B1E
:108D900062AF8A50F625B267B31E7E7F9EB6BFE7EC
:108DA0005B773948D55B0687EB4778C920B9C92D71
:108DB0009AE6839AD8512F855A20248129145BB7CB
:108DC00051E7D73995F06A0DC0774F11B12278ABD2
:108DD000342BAC29FB4AEEFA1B9A2C5743155952F7
:108DE0008E3F870F1FBFA0DFF8FBA893CF0399A189
:108DF000DC5E615BDF44D4A8F6ACF4A76C807F77BF
:108E0000B8CFC3540973D372D63C3F0FB25B9DC138
:108E1000791EDE69D7A3C84A11F0728B3624986C8C
:108E2000925E1FCB304D10292BA11258B4150E9C09
:108E3000535E760C7272338562F85B5477199157E2
:108E400066BFDCDA63FF5579B924F2E581BFEAD861
:108E5000BFE996F6FF62B70433B8B7FA16379290B7
:108E6000350C46F2EB71BC476FB819A4C28EAA90BC
:108E7000241788492B44B7990A35E9D401E5ABEFAB
:108E8000B18F565654D230E5A5CE3204D6A821541F
:108E90004A04FD7C1E59C17094B336DCDC0A564787
:108EA000C4933B0B1E9263121217A6D784C67C2074
:108EB0002118B21EC8895A109762E22C3282EF88BC
:108EC0007821A65DE1D30643C25D15D36976E07CC7
:108ED000122577BB1D6D0EB5BB40BDB1E6DDF9288F
:108EE00071537C1A49FE260C5F802678E44426C91B
:108EF000563B71C19A18641FF8397E6E13A775D05E
:108F0000360C833C666B24ED95B5F532F22E97A6B0
:108F10005ED1EFC47490F4F3680C68E007E919E5DA
:108F20007ED69F59816E368C35DB2937C522265F68
:108F300061B6E9726DB99C87C95A1C160063A1AC71
:108F4000A9C6AD0B3B70C14617AF00F1E688869706
:108F50002E05E517ECE10367BD54EE509EB9CE2D0A
:108F6000962D4AF3BB0DF118D49199DCF0C19EBA4D
:108F7000C84699C84E52BF18955EDB127396C1C59C
:108F8000C6A2A70B50F0A1C44C8698C8639964E8A8
:108F90000C2F27E44352BD0B3D4F7D3C19D18E5918
:108FA000A199DC4749B43DAE2ABFF32B2304995065
:108FB000A73212B37CF814068B2EE56E221A5837AE
:108FC000BE43C991375AE6A5571A90F4AF54956E2F
:108FD0000D25296CA279AF04ACB6816949D8A1B638
:108FE0006BD02499B3555DDB73325B6F6C17B6BCE5
:108FF00075697269F522C661363CFE294E40947847
:1090000048573D1F6B56338B1C4EBEBB6F1D26CC85
:10901000942F404D13550CD4E33EB2B9D110378490
:109020006C790A917B19A4B0AE5229A279F9377AEA
:1090300013CB4513D5F1DAAFDF3148CA8CB1E8DB89
:10904000AA690C6843889AABA16FF75587C34C1681
:1090500029EA9FD6BDF148E97D00531136AA6A047A
:10906000C35A76E14FF0431434F5900AF0D3D3732A
:10907000FFBA1AC5DA3D6B999D2F6BF7E1BE8317D6
:109080001A807514BF1C30FBE620A9AC52F11FB347
:10909000AB5C7B289E05D83199F40023F6E517993F
:1090A00078C0751846305A348A625E44B082C51E54
:1090B000FA06EC50227608D8821696489DF2C537FB
:1090C000587ECB5F094FEBD29A0D355BEFC70EE2AE
:1090D00004F4BC476B68C1915B9EB3E36E27264ADC
:1090E000CF3F12C6DCCD0471C22408E22B3B5D9356
:1090F000A0244E1D83F2D8B5321B5D820C97C87D2B
:10910000FA39048CA1C6A360496F763CAB4F4D6C15
:10911000FB46CBA62AACB51B4C792BB03B6A60351D
:10912000E69FD4999E9BAA198A329E5B157BE2B872
:109130005CD5054F7484D4D0A084F7BA3B6EDEB8FA
:10914000E9DCF147C2F01CE0CF9844BD0092063242
:10915000157969C8A48F707C50A4E9D899C5049981
:109160001A6D43FDB88998DA2A715CA8CDA209F47A
:109170003F11D35C31335C36D4B69E989666BAB054
:10918000A7142835D06E56A05230E555C5D00691AB
:10919000F474A93050A8698AD1E84D95CA1734FEF5
:1091A000B2782DC77C063588DF53EC93A4A424E75E
:1091B0007B99E0E39EAFADC6F0B3027A09FB427B38
:1091C0009397376A50A368231008CA7D8844D598BE
:1091D0009E118EAE981FD49F3CBB6CAFE40E949F43
:1091E000D4846669FA20720A763E4BA1C730AF8AF2
:1091F00077D8D313ACB7462712B9C5321CC8851D22
:10920000C18887FA1574841F4AFCAC7B313747113B
:10921000B46FF46F1C6BD66C5D4BF4F57BB50B999A
:109220009F3698A428E2C8DBE0E4A8EA53C71F846D
:1092300059194846F2B260FAB5D1C445BAF4538F11
:10924000A0D18D6EFD9FBC47768ECBD5096B32CFFA
:10925000FAD387DE8BF709C9A754313EEF2F1401EB
:10926000A5516269F8060B872BA42BDEE832053B7B
:1092700071ECB9FC86DC4CF996ED4911AF7071E7E1
:109280009AC25EB2A0E5AC9E40E5B561E78F02C927
:10929000FE97B8DC283AD0740FD23B9811750BB307
:1092A0008DC9D0567125FD4DF71A76E29AD135CC8D
:1092B00030F7F30650A8B3BBCCEB5E0874E82987FF
:1092C0009B273B168AFA26A4DD57919CD05AA4F618
:1092D0006350B565B4D81B29AFF3E39B9FA9F8335E
:1092E000563D782230D82BAA44EABE84F2174E8429
:1092F000FD7E844D3640EE66045B0218E62AF408D3
:10930000EB9EF1797735724B02AB758B388752D46F
:10931000F5A281C15DEC36DCC24C360453848B343B
:109320006858A569BCC875ACDD18058D0F2850B408
:109330004FE115CD60EF891E1E9463D2360A7DE0A1
:109340008193EFDA5677AD87E2FD6B4F55A66F7AC2
:1093500020BAA098E00E8A3FF2BDB123E035429BCF
:1093600058C920433FA2730FEAD50ED7EC0D368DB6
:109370009D5D7C24E7EC3A7A3FF6BF98D4141B1A23
:10938000D9EDC1BDC43D155E5A153E831331E720AA
:1093900074F05396615E2C1625697846CA645E6047
:1093A0004B71C9C31A0544DCDA006E4ECD9FE93813
:1093B0008963764DA45A65E16879BDA73AEB3663B7
:1093C000AC2AEBFF649C98377D6E5E230005037A20
:1093D0004EEDB85C6227678F92BD519070559C54DA
:1093E0009A75E7F991945EE832B12FC0348235D393
:1093F0003C5463063FC4ED0F2EAE42F4EAE97E858D
:109400003D90D15B87CE51EDABFAD78BE42064E081
:109410001B7E32ACDF9E046B4C833A922BBE12DA79
:10942000515A074B50F846486BA1E7BFFA6730F234
:1094300007614FB66E1F56C6C439BED3131C1D2F0D
:10944000C9C361A2F44CF1E341A2275CF53E913D12
:109450009C79E91D7F2FDBC43FF0D84FAF0D60270B
:109460006715B6C118CBF808E33BBB9D0ED7057650
:1094700024FF1BA131C1411C888CE582F20B4E28D0
:10948000D80A4C7C72F26D73E3E046DA648BA3F386
:10949000B20F783D717603013EB638CA1E400D907A
:1094A000367A0BB2B2A15649B25C1A7D36FDD4DCD5
:1094B0000DD14EDAA1E86086F35C622223D44BBA68
:1094C0003263BD5B65BB782F8B3BB31DD082813689
:1094D0001D7425005D7541A7F988FFF125DC5F0D3E
:1094E0001F143F3903152E78321FD56A3E342E776C
:1094F00086EB33A32192B44A1BA6ED746995161D21
:109500004C02C9B9E7C35589E79EC0BF9458227A77
:10951000383C427541307A7C6CFC3E10EE54AE31E2
:1095200030E9A2901FE239ED64F67C60B5BCC2A7B9
:1095300072807454FB9A0CD7DCF9F96C3E50E092BF
:109540001D7AB26F27B0049893624F5B31332D7F41
:109550000681AA5E5C9A8B784291BDD9183DB3ED25
:10956000BE7EA1ED489E598007E777437888FE09C3
:10957000E4614322237F8198AC5220A467699569F6
:1095800060A8A8A6A8920461C61C543B598CD17847
:1095900054F54E789D4F5BA08B271FD05FC80E44BB
:1095A000789CEEA3D66E5C1E148873CF011C2E32FD
:1095B0002D3DB2054DD2CA4A91F51F99FF192B31A5
:1095C0004548F973A338109A61CE431C0BB47B1243
:1095D0000DE051281EE0453CA00308A6F896D1F600
:1095E000F72FAE6B3FF45AE8DA4A2EE34678314F54
:1095F00079F3E8F445356B4AB317B95EB7D3B07960
:1096000085CDC7CDA94B78D712C4AD801E2595E86E
:10961000B08D398A7787BEE83E8D340F9F52FE0D9C
:10962000B77DCF66CCED778133E5681E45BA92727F
:1096300068987347B069A6A77A92EEAF6D8DEB6C10
:10964000E3A0EC2A477FCAA767C4767F7AB962385D
:10965000F31135B602E330BDF638FA5ED3785B3DE0
:10966000AA60A1F7D4334A0194A1755B35CAA51845
:10967000CDF66EFCA43C8C18F7AF86C0E5DC5569CE
:10968000BD17EAA8FF274A4AA80D49305C0CEB71C8
:10969000176BA985CC053098BF4A2A60EA2C551C67
:1096A000FDC4195C62009A3C654907FADEA1FE130D
:1096B000A4236B8D9D6874F5CBDAF7B79682FCC155
:1096C000698CA3C9D47C9B6BD7D3B12F898335C355
:1096D0002FB8AD65EE3E40A7EF86C00E570D6BA0CC
:1096E000BCA933F091CD0D1A8D3436F8475DBB0E11
:1096F000C9C6E5BA15DC250CC4B39C7AC5900B40ED
:1097000039A13B438D75D59AA8B5889D9532F3480C
:109710008E294CA162073BB330C04B626EC32ADD79
:10972000CBB9EAC7E640019F39F368D96B2932C14A
:10973000F3F96CB1CC6DB019B3BC65CCC95A6E717C
:109740009E00BF04B23547D918E67C77319C6E3C49
:1097500071DA303C7753ECA7F2608199FB15A413C2
:10976000AB3A8CCD3019DF66FA874D70231A2FC0C3
:109770007ECF3997EDF0769BFEEEB00FCAC921B1CE
:10978000FE2976148517F73D2578FD143B57DFD861
:10979000434D47689546106B28D0CC2A7ABDFD39D9
:1097A0000BB0376C66ABE0C8F5E6D2EC894482C3F7
:1097B000707278A04F39014A1EAEA685B813902C5E
:1097C0007CFA94F6C60633173802372FA54443CAED
:1097D000F77A02FFC8D596638EF1840A4B0E469B3A
:1097E000DD62D26941C35B37485DF4B602F581A9F9
:1097F000DEF1444DA88E4440879DCAFF5C78655BCE
:109800009E83BE5B5E6D03183D689340841457F6DB
:10981000FACA0E93C5ADA283AB93D1FCA346D23056
:1098200021E8D02200B0B0199393B614A53786AEC4
:1098300021BABA6DF13BC7B2CC564B70416C49743A
:10984000C25E08B82A4FDE01534F55ADBC0E95DEFF
:10985000B7A2A3385777931B4462681C41C06DF8C8
:1098600080F58261DC8390F2B4CD0834E82FB6E154
:1098700093CA7E2A5AF4876533F40FB862883A9007
:109880004C024E41D968F9BF825EF0D48C63E0C5CA
:1098900087987E8A37DAC4F8D2F4C307A915919A5B
:1098A000C2485ABCBE3031E9CDDBD5FEB6425002CB
:1098B000C9641F1890FDB8219A058B193BABEEBB0C
:1098C000D6FC40B7FDB3FC5A6EDD0F46C8DBC13B8A
:1098D0004A30A77431BD3E22A6DF63AFC6F87A8353
:1098E0006B01FA422504B9919A71800F23D393C07A
:1098F0003FC51936F3FC26BB4C60283026D0CE720B
:1099000066F6682A6ABEB30D07BE87441132357CFD
:10991000F0D54BAA2DE0E448170D7002785D394C64
:109920005BB53A07B55ED21F83EF692F9CD91BF256
:10993000A042C8F6F72ABB654BAE9589A225E6A1E1
:1099400017C49F3A1DB0BFC2147988606956AED75C
:109950005401A3A6ED54A134022646C8B47DB45FD9
:1099600048D3A2F2976EF4E00445154EA07D43AAB9
:1099700015C1ACD372AA13D7C01F469DE9BC1B9E6C
:10998000C63F8EA6F00AB661C8E6AA9E662DBB78D1
:109990000CD98F3E77CAC9341EC1EF775C9F988A75
:1099A000CDB232C6DA9BA6C9D0EFF7B73FE6EC706E
:1099B000BA69A5939C97148AE1404989CF5F8500D5
:1099C00058DE8666B19F181D7D551EC35251D8CBF7
:1099D000CA241A9503D5CE667C78E761BCFEB3161F
:1099E0006BE4C9CA9B67380CBB6362BF552AE02D84
:1099F0004181C72D7627D3427C50A5838753784F6A
:109A00002A07C742C1FE222BE73660D20A628220B3
:109A1000EB24BA1FFE0B1768C4B03134DDD0EA6BFB
:109A200037F60E806CE9B5F3289F2AD6B7F3339B3F
:109A30005C7091CA4DA49B45534F3DDF95AC5BD103
:109A400074D6AF87170F0DA9475ED00EA7B81C516B
:109A50000450CAF10B1FF8FA3C6E6A16BE5176B973
:109A60003E5FE23862AC4892C1D13F21CEEA356216
:109A700034443C5FB94E79610036BEDAF18A483E23
:109A8000EBE7D1CBF4C91FF9CE436BFEC54CF47B99
:109A9000A77913451A4F9084E60B296E1199785FC8
:109AA00094919FF51A2987729F72A74C22A3CDC566
:109AB000B4369609ADACD9A517AC64811612B5ECD5
:109AC0001D8DAE6E52E2CD3104DF2B010CA49B9CA8
:109AD000045F93D00917C5E915491BD49563195D37
:109AE000E6686DB311E4FB4CA4260E045EC5C021EC
:109AF0003C6B937E6F32677822129787F760354F01
:109B00001A78E24802F55EF6672488E762C478E1D5
:109B1000BE00BABE46AF52F121A4B158199F11053B
:109B2000A176A9138A3E773572EFFBC33E576FF2D9
:109B30006B5F3E41CD82D52077EB5A9025FAD9CB89
:109B400004D8491F62C8278D6B60AF05E9EB094156
:109B50006B195F1B3537B507A4DFA1E64C7416837C
:109B600015B748C02FBF3D4CEA79A481DE6EDBA754
:109B7000CC2681900C4BD36D5CCCCBF6163E5406B4
:109B80001AFE5A151286EB2E4516FFCD3EB9DE7D24
:109B9000E1FDD4904D31F63BF2D59D766C0950F93C
:109BA0007D26001E08B9DB2C665A1CD3C6621382C0
:109BB0004AD1EE7768711AD6181410E82F1BDA5BB9
:109BC000FCAE2777014309DEEA4EBCB43B6C2AEBBE
:109BD00076B580B59C3FE0AEBA1D5F06E6C1C8EB26
:109BE0004EAEF08FA6B488266F5AE5BEC8210F4F3F
:109BF00059D8A632133B151D917D36DF22BB106B61
:109C00001F830E00F14AE826E8CB4F42BA804995FF
:109C10009B98ED8922928F785A8A125A5C3B7B4539
:109C2000147ABEA89EEC86FD0359D02C01199A7CAB
:109C3000BC5F05782AAD46972328B6CFCF545D2D5B
:109C4000C0E069E2EB0AAA633E742606FC18762699
:109C50002BF3A226F0D494BCBE49C5661B62B4C6E1
:109C600023F10DF9A11F2DB1C42CBD3B66046F9EDD
:109C700011E8EE858219B05DD5FCC5FA9E76DE99B5
:109C800013815975474A9E384F2F3852F0CC609B4C
:109C9000AE8BF34F879CDB127EE4B4F5446412B5BF
:109CA000C6BC37A7FA37BCA71043BBD715F21B9425
:109CB0007B6A35AF3FFC1D44D2A863D011E0B2D01F
:109CC000F90AB5F74C12E8988CB397A2C4D33F2E8B
:109CD000C72991703058365A9E097E6FF907B86FC0
:109CE000DED4A99289E8E202ADE78C396BDF74819A
:109CF000B16C9DBFE01DDDDAB9E8965E5830712D7C
:109D0000921CDA0FB2DF9FC674394A0171E6857181
:109D1000151B1659C1BFE6B8129C788966160375E3
:109D200078F08CB4EC6A96A8CE8774F81DFF5A5A66
:109D30003CA79735C96F5B49D58F0D3130E351682A
:109D4000299D2283990F841084408C5620CF978DB3
:109D500049F3817611481D5F4CFDC70B4FDF7DF342
:109D60006794491B0E773684C2F209DCB9512C2D59
:109D7000C45CDDF8164AE979078F775D451523CF76
:109D80008E227CFD2E93B00E36C3A1B1B21DAC580D
:109D900056BBDDFFB42DB57AEE2F3C96058C3CA763
:109DA0007AFA78F849A6DAB7CA2807208BF54EE97F
:109DB0007E2C02C8FB9C68BAED2F74235F906D6BFC
:109DC00059503DE709075A2E9B4E8A46668F76D436
:109DD000D8643BBBC9E3AB1D05BA330BD86192977E
:109DE000E8B4EBB8D1F272EBC6E9CF3A437DA849AB
:109DF00051555D62F4FA87702460B0990D55243B8B
:109E000084163BDE8B95D813BACD864F0A06B3660F
:109E100021675D1DD3202EE7422418665671E9AAFA
:109E2000773C1D59B986FE3FEBC0093A7D28693160
:109E300079A3A29C4DAE91EEA199C9BD9D6A1CA1CA
:109E400077790FCAFF08F4CE7BAD1340EBA9054B21
:109E50000AF3075F82CEE31F6DE4EC171E7664629F
:109E60002F5A5B3889EAB4096A3BCB00F79AB518D8
:109E70003B1EBD2CD6138ACF8ABA5926E481B4CAB8
:109E8000E780DC09D42D1AECA2C9741F97B1220413
:109E9000E6D6CBA68D6450A7CD6C7606718FCFEF3A
:109EA0007DF8ED06EE37AE934AD86447D030CC1239
:109EB0002ACD960CF56339AF096B92851C0566298E
:109EC000AFAD8C683EDF82D502B20576FB01BA4E9B
:109ED000255055DD4C7302428D072014B6B7214B37
:109EE00021538D6D7839B6FC120E32E7BDACE23DE0
:109EF00022916184A0C0AF2CD72696DA718B3D01E8
:109F00009964B05E441791E6DFE08976B8E444E7EF
:109F1000E4EEEE92120FDF1C6EF6D4312FDCA54C6E
:109F200093AA02E333A24FE7FF00AEA47DEC9F5259
:109F3000DCBF3C6EEFB62421ECE8CAED5509236F77
:109F4000C083A8C2887A8A1776115AC74458B07B52
:109F5000142B37B8F947C0C0363CDD913B83C64768
:109F6000EB077CE0E4E5C6E3D828BD0BE1D217019E
:109F7000B3CF67735E00E3364C8275091F792433D3
:109F80000DD9CE1C781647FD3A0A8E7D61745E3677
:109F90004B71E78DE8DABC511EB91B870D7E51115C
:109FA000D31133579C4CDB4EA487B4987E5E21D0EE
:109FB00036891664273CCFA847DD7AE075FF28ACC8
:109FC000DE82794391D677FA4DD57D7093044CD5D6
:109FD0006DED7878ECC3F71E05BD134DDF14EEDF91
:109FE000144C74F03E75BE79BBDDDBAFC77B4F759B
:109FF000CAD2F1E61E7870C3BD815A7DC501992D84
:10A000001578231AE4A7BEE5398230C2F1395EE73C
:10A0100091270B3F7B365BF2D1FB095E4823BC26C0
:10A02000450C0E8CDA9E98AE14E4B12133DA4FCD94
:10A03000995681A2FA6CFC337D5B6BD618E4B85B51
:10A04000984046F8846D2D9216C605955CA3C4040D
:10A050004A4248CC42290670A88E7DFB472A8DC211
:10A06000F092E3E73EB6CB7766FB3D3BF28888D8BB
:10A07000BF8DFBC0BE0E51B485DED3AA9ECAC127D8
:10A080003AF96F1AEBCB589FEA5D49B4B251F1CC63
:10A0900033CE63A298CB92C898ABA019D9ABF14448
:10A0A000F6FAF5349D9FC44FCE603AD173192DC096
:10A0B0004D1640E89B683BE80A410C296A7AB04D8E
:10A0C00096A1CF860FBD722C439E9119FCC4871FA9
:10A0D000C53E93A730811A1F87D6850C90B83D7B6B
:10A0E000F34B5E8EE84F4B3994A98070ECB5A16AB2
:10A0F000DD73FC986939E8EFB0600BA95EE2047685
:10A10000C50FAA6C65174595960CA377DA0C38A194
:10A110005CB4DD24A545B96D6C69EC24FC6B286B3F
:10A12000E854FB765FA43D79FE24BC2A504BB6214F
:10A13000B558627994103E717ED01F32DDE442A69C
:10A14000028577E8E8F9075FFA02E37E7C091D2CB7
:10A15000D3A271B105E436FB1B0554028F987C8EA7
:10A16000CDF13D1AFF74D61918A30F1ECDB1D9C871
:10A17000A295B36AD4C00034DC4B780C1E812EEF5C
:10A18000FF39C6ABA261ED7486078E1848C94965D0
:10A19000FB8008A11DE9272D3C370DC8AC1F5B755E
:10A1A000CEE2896229E6FE14CB1ABAD725A7F69724
:10A1B000B9D403F1D9053F760491265E9C9E609C3C
:10A1C00078AAB3A95FA56477953BFF104559A00411
:10A1D00025CBF86C584B29B23E89E596D982E138F7
:10A1E0004346135D855048FC8AA847E5F599DD9103
:10A1F0008196EB00A25AB19AA402B6AB12DE86C0D9
:10A20000DDEA35C2F8042B8FE0C047C39E5EE14D06
:10A2100046588886FB9D179E4EDB770FAA79C39020
:10A22000845A9B63B11B923B4BCBB7C228FD8F4432
:10A23000AD0F469AC00A176D991CB2AA72DC4B6A20
:10A2400073E34CA8C8C14F844BC03B0A1686AA587A
:10A25000EE4701B6192A56423E6A2971318483219C
:10A26000002D4804AFAD07E655D228DFA4570BBC3C
:10A27000EE4357C1454F641FC35E4E1BB91990583A
:10A28000DDD7B75DF5C3AEAABB9A29E662724D3A37
:10A290008D611C9D7098E48980FA759EA95038C222
:10A2A0000F70C7DA3C4499436C5BD2324D3FAA84AD
:10A2B000287D982967D67863CBDD45CBBAACE75AC1
:10A2C00071931BDCB5979F0F06167B3011D9537C19
:10A2D0004AE69192F9202789B4C3B7D2FE32B10879
:10A2E000E0B0BBB3D37FC834E20D4CC6E70A8BB9EC
:10A2F000F45ADF13E23F80BBAB1756BCA31233B84E
:10A3000030D25B9FAC428CE01F4B9149D078EDE19D
:10A3100009B54EFB93FA1279281D375A87FE924FE2
:10A3200006F922536AB72F4DEB73AD56CA9F2D55D0
:10A3300097B5B804A985C9CE00A5B5B7BF382433F1
:10A3400051EF2FC2EBEDB9FCB8C114B5C44E6FE8A4
:10A350000EBDC7D7133802FCA37B28EF9C795F4C56
:10A36000882893684A3F16608E456F658BA00B90D6
:10A37000203943EC1BCEEBD7D7B1E316062D2A04C8
:10A38000DBD5C119794EC22E95CFB26AED77310473
:10A3900018F473202E62DEB317E3976692C0FF2392
:10A3A000F9FB75F998385A0007543466A3386BD214
:10A3B000A746D6DEB0B27C4DBFF304F9DDA867C274
:10A3C000FA2CC5FB7DEB1CE9E3ECA620CF16EC9D37
:10A3D0003C2CED4F5CFEFB243B078DB025E7188F2E
:10A3E000B36F6A7C5CA0F44F21EE87169E58C88636
:10A3F000A445AC89DF5747B20F56B091DC6925B14F
:10A40000879F09AD5491DAE63F9A0ABBEBF527A383
:10A410000B54B15DE72485D2DFAD1D7338B58A5189
:10A4200027A4560AC5899F4C1509249F82AC9D1A02
:10A4300069EAB77F447F0A32B0679DD0AF07709258
:10A4400034759CE3A2A809EF51EB0BD011CE982AEA
:10A4500063B42138E03AC73321A50158D579615B4F
:10A46000A3298A8D037120BBE4DA29EC16E8A01A2F
:10A47000C4BFF3EB834BE385C9FE193E7B92AB2F40
:10A4800098249F1D94B05B7457B971F2B2B6A8CBF3
:10A49000722BD14908808BE5C3FA60567708A186F4
:10A4A000CB4CD0854B74F5D5865E1EC3019FA17E33
:10A4B000DA411680CAE77BC5E126CA5FDC72E24A50
:10A4C000E0BC245D2BBA57672ADCD474F4AD77E97D
:10A4D000162F38E52A3B2D3CAF1B782845C9921C26
:10A4E00066394C4213D1225AF572A634C8B9585A6B
:10A4F000F75404401FBE7006C614EB23DDFAE613C2
:10A50000C4BE663ABE534F8795E201198C4AE76193
:10A510003C06E5B15A7E205770E82C073AD93DB386
:10A520001F4538BC6292D8EDE30F239A8507A77ABE
:10A53000FCF11680BFDCFED07E3FB63E358A235349
:10A54000A35B7AA47197D9C6A777E4E15CB29E6F4A
:10A55000EB5C073287DB73CD9B1E0007E0D256D839
:10A560005E6B4B31FA65C4FF3418854CA1D3699BEF
:10A5700088C5B15DA95041181FEBB7E8DB74AB7C0F
:10A580009E052796D31B736B4673E44ED3A84DB438
:10A59000FB6179F61A7DA12F7E8D346F1628EE129D
:10A5A0003E5EB6628B79EDBE62423BEF177B45663D
:10A5B000D2603FD2E4FE10B9A831A103CF21D28DE1
:10A5C000ACD576EEC9A223B750C389CD4B72648A4D
:10A5D000FBA11821CF648376A303932C4BE2D239DD
:10A5E000877C21049DB0CF98CFD246F19F7D96F90C
:10A5F0002D1C8DB385F7F753ABA12536697A999752
:10A600009E88EBCFE3C9FEB1FC4C0F9C8C03E12983
:10A61000CC5754618AA7421B2535AAAD95C8594627
:10A62000157F1439922D65D8DA35549A40D43DEB14
:10A6300019EFD3BFD7720AF03D21918DC97DF4A9DE
:10A640006DD61F157ACE0BCD61A12419CF27A1BAE3
:10A65000ACBA240CAD6381F9C3C38E4FCA6A97E1CB
:10A66000037B4AFD6A25FD65EE6843C97365A84B07
:10A67000915F28BC65B2DE1BDD845EA7C79127AE63
:10A6800045C7FBAEC47B7AC04E2E3CBEA8C2A59A7D
:10A6900058CEB637B5260E2C302D2FB64FFE4C8532
:10A6A000607DC1F977E9778A79BEC73D6E290FAE23
:10A6B000BBF33BB6482F1905751AD7316D31D2045B
:10A6C000247D67E88ED3918A3DB58CD86D006625D0
:10A6D0008EB98AC11E7454E3B4924ADB7810D890C4
:10A6E000E6E1D7593B6D91C32EFD149E870B0D5AA1
:10A6F000E8F30B7323CE54FC956C26476671FB8DF3
:10A70000FBC54E8A1748B38DEDCFF98F2D47D78CF7
:10A710006C133F1F716D7D1E25B766E0CA4C9F9874
:10A720002D8180B63C922F9035AE5914E9841E0ECF
:10A73000A3DBFB9BBD4E680E0111B19E2A37EEBF15
:10A74000FFA9C2322D039D8E1EBA0DFE9FA39A85CE
:10A7500033D348772ABB2968E710E30382A8180C93
:10A76000226A09DF7EEF3601E66392798BC2CCFB69
:10A77000A1C48F6EAC2F8244C855C3ABD11B98D0F7
:10A7800057CA10F386279954888EC1BF060B7603EB
:10A790008F556E45C35B570D2164A6B140EFE64669
:10A7A000DED81CBA64AA7FF87F6DA611340AA264B1
:10A7B0001C2089F961019710C894EA2C367BC47576
:10A7C0006DE12D218F6F9E12067349A6B049F0F8F6
:10A7D0007C37AAA6793727F22E1AE6D3BD7282807B
:10A7E000FEA4E15C4CE78727BB543A538C360B60E0
:10A7F0001F538B15DFA536B70DC35366A8315D55C2
:10A80000A40BB7D1232131E240A2F1A2713528F582
:10A81000A2B95BDE333E3109BAB6DDF03338092820
:10A820002BE61855CD4F5D55AE4C5FB7429F31CCEE
:10A83000E1096E45ECB588EF1ADAFA8BCE39DE45C0
:10A8400019FB715825DC65C9A97274B6DB52BFE6E5
:10A8500027AF59F4B5FFC155CA592978D6F26BDF35
:10A860003766603C952409AA1F15D7F77EDC6AC8B5
:10A87000467BFE2B157CF37FCF3D135D28F7FE5AF8
:10A880008A154340AFDB5770C4394069789BA75B9A
:10A89000D7D8B57589AEFE6134E6BD475E7C458488
:10A8A000F5F958D0BD4F88DA71A51A1774EA41A698
:10A8B000125D7E78CB9080719E6608B08589244BAE
:10A8C0009588BF3A86FD4A7DA13A393622E08C222E
:10A8D000D65E2731F18C71EB6C8B2DD6D9C72DD973
:10A8E000B4ADC96E575F96798B2DF680ED43DF1EB0
:10A8F000F4E6A93C5275C129DF4F8BDFF59B8487B5
:10A90000DCA2701E88FB373E7E716CC4ED018F8D1A
:10A91000299FDAED760F4FB0D895F61F22F43DC788
:10A9200066E7E951328C0764B2407E351095765364
:10A93000749F0AA80F28FC9F76249EB9A9492A4231
:10A9400027DAAF8B4E9D988F76E48F3B4E9F0F4B4F
:10A950002899EBFE5484D9DAD68DA5CF94CFE20A9C
:10A96000434144E85210BFB431B4E0FD3379059C53
:10A97000DE7CCAEDF1A45373715F214249FB172AB3
:10A98000FE3C0495D7A3E75EB39F8D89AA7ABC9756
:10A99000F9DD21F5B0899F5AFBD599B1A31BD4618C
:10A9A0001FB68B6A52108F63D4AFBAD4C173E32839
:10A9B000F497225F1D8D5A16760FC328AAF109015C
:10A9C000522755C0A1075D6CEFC0E55299C2CADDA0
:10A9D000716FB1BB217FDDEA80A93F21ADABC751CB
:10A9E000C71555A0B0854163E7D3EBB9BE4758FE04
:10A9F000D0E91F6F9C0630FAFB50B44220137BD481
:10AA0000EE2F628716661816549505D14477915734
:10AA1000904C68159CDB456E7851397B733055D569
:10AA2000AACEB3701115A0858AD7426E09C54141DF
:10AA3000B509076C99C0DF91F4FEBD39F8759137FF
:10AA4000D581DF8507BD256618876415D0703E87E0
:10AA5000BA5D50D3DB05C23B66A8B0EE0C92AA7378
:10AA600038ED27E5D23B9F66C3C990CB0FB9C873B9
:10AA7000FE0FE5446BD2CBD14C412038EC2195D56B
:10AA800085400DF99FFDE9BC8C38D8E5848778E0D6
:10AA90003BED4200151EF39E6F853631D840921370
:10AAA00005873B83B337A9D2D86BF04A18CAAD48A3
:10AAB000FF1020F39132A36503A5D6AEE27F140305
:10AAC0004670F58E5F11F7AADE3AADC9752D067294
:10AAD000147F5C9C9D7C2D2747479E8D7933DE1427
:10AAE000E50716F660FAA7CF88503B09B13D698AA1
:10AAF00087D6EE683C5A4A5ED890DF34A244FD5FA8
:10AB0000F8E83E23E7C4E1286485FE676DF22E660F
:10AB1000ED8E7652FADC10C277B2BD6685B323980B
:10AB2000DD5BD78410D954ED0979FB772C3C119A61
:10AB300005EEBEDD5E36B4CB14916E35B30D163026
:10AB400046028B1500DC554EE481653FEE1F6931EE
:10AB5000DC9010A39141106D349C433F641001CCF4
:10AB6000A42A2D283F0E5F90DA167334C5CCF42644
:10AB7000CEE73E665CB46D1C3C156F7A4347335E8E
:10AB80002B2F90E48A0638D482378B05B8FB2E240D
:10AB9000524A140898C94563F9675C4F6F1F16C67F
:10ABA000358EF52DB6DA2476B9F96A36BB7931637C
:10ABB000C52BEF2454D964A24F34F0D8813CBA3766
:10ABC00052F89A132AC7FF1ACC0E7403732BD26A59
:10ABD000F34B9B6FB2DC48F7B40D9D76FC7A2A44A8
:10ABE000DDB189E8581050E305FA0923A6CB9FE7A9
:10ABF0004202BDB3021D7C6B579E2333419369CA49
:10AC00006C89F98627DA61C405313657275A9FF5D2
:10AC100037FBFA4B7DF4CE91B130BA70DFA48534A6
:10AC2000B3435450B3DD18A65F787FCD9B207FB22D
:10AC3000AAF616B19FE8072D1AD68FA370F4718378
:10AC4000900A7D5BDA6FF1427D7E0D13224B4E97A9
:10AC5000CF988784B658306BA18C713686C9D9FDE0
:10AC600043683AD31891FF41C75FF7A15A42CC70AD
:10AC7000ED096B1EB26C0ACB3359F1E5C4E2824692
:10AC80002A303F7E5FD43C8180D41C918D199EDB9D
:10AC9000B2D2C60E0B0EF9C68A7C27E31D59AB4112
:10ACA00052D62518D03077EDB10A2580D93D0DC296
:10ACB0007FF3EDE197CBEDF1B7A7D2AE1CB61E1234
:10ACC00018964B0522AAE4BEA661A6A130C9BA9186
:10ACD0008CC9BB3516BC5C6596099E2B393C6AFC59
:10ACE0009F92185555C0F16DAE648F77116410F0C6
:10ACF000D3100837AF061F13091488EAB7CBBB87F8
:10AD000038DB91A2F12660A23072F22CA99DAB6DC6
:10AD10003A3D3AC603B153B663CBDA57832404F7FE
:10AD20003D522B3ABECCC987967D0C7C001FA46196
:10AD300047A37245B4199D4A4A6E1FB9BB2B787957
:10AD4000D6FE094C8B4C1C94B992EA69BDF481C7BC
:10AD5000F2EA7E19558E60FAD5C53958C3FCA36452
:10AD6000D1754B9D79407AB0394E26A8773D94EC49
:10AD70008EFB0F41A61D642EF5D1CA1C212F022E79
:10AD8000E1D18E7CA73FEC1470C895F8F94C3A08D5
:10AD90000DCF5B74D45A093A6C83D4EA915748BEFC
:10ADA000217423078059A08D4E635B32AF64AED20D
:10ADB000905ACDCA8B9AA4E7E0B620F382155D19AC
:10ADC000C958FB56A696CDD0B140246CC10B13B91F
:10ADD0001D578AEE3FE77B351AC68B5A55EFCD2CAF
:10ADE0007351D1BF3EA360552C9824408B55FFE092
:10ADF000C4FBD2C6AD158FC4BFA8E007BAC0199670
:10AE000022BFE48DE2BBF749F7127F9A36FFFE16A8
:10AE10005DFB7B9FF80879153FF79AD06B018F8017
:10AE2000EA66730D3EC20D856588BF3F9F696C253C
:10AE300062B8D94D262A173D389ABC04B692C43F51
:10AE4000F4D22BAB947BC6D00E025E74FBEB96F76C
:10AE500074829E6CB333BA4C051CD3B5FB76C270BA
:10AE60005703E17AD91A8D9E4F91F756A5E55F04F5
:10AE70008445441FC0684B6FDCB431DA73B133874B
:10AE8000806C2F99EC7029407FB9212BBD9C5E2BE3
:10AE9000FB889A4190A32DD93D35803D8BD1C0319F
:10AEA000C51B4F5C7660B989F00161A552D4084B8F
:10AEB000BD8BE7AC51455B46DE027054A0539CA0AD
:10AEC0001FE3D67D23387FFA74B7D77ED6555FFD52
:10AED000094EBDF68D7C8F9F055E121882171BF000
:10AEE000EE18665453C026A04A51BFFC0E2DA05A3E
:10AEF00053BC4B8C2B93DE8711374EF898FF0C9484
:10AF00009EEB25613BAB70DB86B14C3C7F62B4436A
:10AF10006B921D49944C857CABBD6F76D1A076FBBE
:10AF2000EDFFE82D6C05F908FEA93EA71693F31F67
:10AF3000357E60DE2669C40E4D7D2733F67CC13B2D
:10AF40008C01061E919E462DF8E9562568037DA1C9
:10AF5000FE91926C7B0D12F57DEDA801280CEC8E14
:10AF60005AD11790150F6A40BAFA44B7004FE3C997
:10AF7000DAF076BC5AD2A46BB99E172FB2AEFF3B63
:10AF80000E564193C05BE52FAC1929F3B2D6D27EA1
:10AF90009CA7633409F2F2F979A08E371767AD7276
:10AFA0009752DB40812391901CA9AC44AB66257C71
:10AFB000E75AF0FA6C7CDCC559EF419064D759042C
:10AFC000712306BDDA4041A88EEA7FDA514BFB407F
:10AFD00058282B376B2FF461854AF65E6F66C1C027
:10AFE000EBB4E38C17D7785FFD31AE47A81382D45A
:10AFF00042744755949B3E0DE12465F1F0430A727B
:10B000007780CFD61D568846A6F24FA9E2C496A5F2
:10B01000F01AB1B33EABE2D36183793A5936591A8B
:10B02000A7C9512AE461048A29D0FCE2A7B326C843
:10B030003079812C4958958420530E16DF660EA670
:10B04000397CC92069C58963B08E2B0963B3CC03F1
:10B05000B5B4AF6D3982F2F13E07256E6021E72C61
:10B06000BA6269D6006AD67382A76E7C8CA36F37EA
:10B0700097D132193B5551A205E35AECF0884105AE
:10B0800016356691F3844603F72EFAEF0816A4DA14
:10B09000442E568B6AA9703BC8760D17D45777B6E5
:10B0A000ABC7D2261A731B8C26EBC885B056B09658
:10B0B00007F4CC8168324F55706CE8C0CBE4E944AA
:10B0C0008250F7F1D97EC75210E45E23243820DB8A
:10B0D000906C8F38CAA2CE66E0C512DD4C451A1FAF
:10B0E000833C7C05A73C0ECB00F4A9D042BD50F0B8
:10B0F00077CDF24EF63FB35EADB7B30DCF3E26D05F
:10B1000078E656873B64421CBD0763E943FF65341C
:10B110007D42A1E62F4B4C485B75C6D5C50FA4C137
:10B12000E0697B070BEACA6FF7FB335C54A89224F3
:10B13000F7B45F9F43D97B8002D0D47DA7BDEE24B6
:10B14000BE2C4B7467783C2166DFB8D40B9125CEBA
:10B150001A47310BA639850785B0F9216E7D1E008F
:10B16000EEEDB2D223ECB01D0A10558EF80F8B868F
:10B1700019B84295C10B171B2798392AD1052AE81F
:10B18000A33DA0F0E8419406BAEBC26200E6ED12DE
:10B190005CD2F66BF868DAF0E923A8768158A93416
:10B1A000B608090FED7FFF843E58BED79112DDE24D
:10B1B000E38FEA04538D14256B6573BC0C810C304E
:10B1C00029B7C3CFB7986F3C762FA7DF8E8CB58E8B
:10B1D0007CDE03AFCEC33E11E79F55133C11038EB7
:10B1E0003ADE1A4953AF7B7F69119A7B4325D376A8
:10B1F000F5A29DB8B1A8CF461F4697272AFAD6993F
:10B20000A4F740B8C8B7F5C6E364E4773FA7FD0AE2
:10B21000F80424A29BF501813C0188E4C80DE47B7D
:10B220008ECA02367EB5D8FE166F0ECBC033A0A7ED
:10B23000792EE8FC1073803B133657537C58D56148
:10B24000F32155162DD276DEB1CC33CCF26F2BE93B
:10B25000E982605150EF48876D4D8E7243D4140AD5
:10B26000CA589071A8A12E283714F59717B468CC46
:10B270009C72BA690B8CF3DF9038C5CA0C9CAD394F
:10B28000CDBA23986909F390104E27ED8E7719B443
:10B290004C2924E0165F1C013856D2C70860C23F13
:10B2A0002B37665C2F643D68DC8B54ED7A60A6EE2C
:10B2B000B762E6A4CAA58E7A8CDA58503798148EF5
:10B2C0000BCFB26AD6F29F8479142D54981B703636
:10B2D000B518EB9423A38F2708A89F4A0141F77D57
:10B2E00062472E28B831150A50A0DCA8349A3CC415
:10B2F000EB95EE86FDF1C46FE6E8E139AFC371B1BD
:10B30000E25AC969988417F6DF3EE1C062DBCD2AB4
:10B31000746B5EDF5656BBF460D0285AC7971A7D0F
:10B32000732FC4852B66469CBA25B84406FA173A93
:10B33000BCF48973C7D81C21DC173A74CF1A9CF56A
:10B340000C4E7561C2FC2F65C9AC62CB59E9363031
:10B350009AE68459746F17223B6941FC58CAC4E7C6
:10B36000225B1E4D15C37312A8C6C8A6E5B603C559
:10B37000BF288287794AC757CC6522F8D8A94229C5
:10B38000EB7EA16502BFFFDAEA96967B4CFC406338
:10B39000E45F3514512F7695862B9DFC027E27277E
:10B3A000EC54BC4FA3699AF8F191943F1E00BA6324
:10B3B0001E9B1754D66C396816736677F4B27A5CA4
:10B3C000B73CA957D4B197B047B63217205794D499
:10B3D00005D0CAA6FEEACA53B31A233B47DA64B7BC
:10B3E0009992E92D771E5EA866A7C5655724BBA86C
:10B3F000B19DE1C41B17F1EDB599E35B0C112C4B2A
:10B400002443C32C3B455BCBC7D6CF6E9B502D242A
:10B41000C561AA58D8F77741D5A47325F3C3184D51
:10B42000839DBE91477125A2948CDD0F4D169DBC66
:10B430006FBD8233409E276B9F84A1C97C5213321B
:10B4400019A131B649665C79FD9F8DF5BB0AE37C95
:10B4500004023C379B0C86DD22B27BA12C5A2CAE19
:10B46000FD096A2CCFA093E642590CF32C33FBBCA8
:10B4700069B0530B64A4EBB9EF9E8B988C9B7FA8AB
:10B480009C57B552806185179437D9719C389FD0ED
:10B490007A06538690D04330F18B1E1B916EF0C01C
:10B4A00044C9E40F8104E07DA27D2990BB2045CDF5
:10B4B000423D8B83C311AEFE019693FCA2D82DC4EE
:10B4C00056E6287E07015CC75C641A60AD40E04E1A
:10B4D0009D9BB376DA4AB0764E4D92648015966B9A
:10B4E000D1111D9B7FCB2F1F53BB99F4D0DA49BBE1
:10B4F000DDB05F8DA906216EAAAB558B9B1C25CFB5
:10B50000389F4AD98468E9DEE4EBFC59BB1A99E418
:10B51000A275F3B39E80C1B9ABFDBB30BF2F8D4088
:10B520009A800745040673EBC500C3EC25AE0D4AAF
:10B53000077130B4BAD5B7D038C586A070FA608527
:10B540009421CAC45FB00385DD24BE6DE8F061A11B
:10B55000B04348A9B398FEECA13C7CD7A0D0CB8DDA
:10B560002BE998697D46CF3F1C13F61A5754F7B95B
:10B57000063E1739AA59B3DB27996E02FDA3785FFF
:10B580004B5D6F8BEF18431F1FB6C65C25D87FD667
:10B590007B146E05ADAEF4C1C3751B5507629733BE
:10B5A0004AF42215D4C3E05C49D8DF2908D7AF1884
:10B5B0007709A66E7DA3BB7E353D6A40406E770756
:10B5C00017388D829EAFE82B8E057178BE34249893
:10B5D000717CE4C53F740EF741C666108C02A64923
:10B5E000F6E2A80D54AEAE180AB4C370163EC624D7
:10B5F000725A462350A055C69053106F92B727CB6E
:10B60000F04E96E0F94AD3900E9C09902D6F7E2D56
:10B610007883E915AA777337D3A7C9E3ED43ED62C1
:10B620008A3C619C6B5391E2A7B46DC0B0BE3BF8FD
:10B630002B4A60AF8E618255C1978BFF5B162B1D25
:10B640001437F53E50BB79C7BA29A0B1C4197A5155
:10B6500046E752FC3EF0B566155CE9C4BA4B75FE90
:10B66000C0DDF893ACB4DB3873CBC115FE6F264157
:10B67000B99C6061643713CC36B237D74D51617DC8
:10B680002B263AEB4EE884E0055C1A9140B3B4A453
:10B6900029E67020FB1D456605B2D584786F8BD7EF
:10B6A0006BAAA7CDA9669DE6240090BAC16E6EDA9A
:10B6B000363B2E4D1B411F2F10E55204441F9CD0DA
:10B6C000B957781CF9A5B7C25B4A7BA4F4F65002BF
:10B6D00034660270D7265BD7E84E21E588F52D0F3A
:10B6E000CB07CC702CBA7359287821A084E6AC9B88
:10B6F000D9D0A95E0C4004815D72D3E05D96F11D46
:10B70000FEDB69482BB9324632A2F9746B3534A896
:10B71000064A6112560CA33E71F4DBE81C048F5BF1
:10B7200076915F9C3FED171BEFEB8260998C0B4984
:10B73000EB8523C523DEDB6B5730CAAE56962F8EC2
:10B74000076E3C94A36FDFBEFAA465D0F6541C0FBD
:10B750008CFCC921008932B2271F647DA83A656636
:10B7600096F53538EC4381CD17432D57DBD9027B55
:10B770003893552D899372EDD285758DDC65B0288F
:10B78000CD0BD273DE9B71195C833ACAB9267BC498
:10B79000E3B2442400E5080474ABD2A12FA3058EC4
:10B7A00015D180B1DEED5DB3336148CB73E25073E8
:10B7B000756D6D2C60E287761D6CEE59412515A5DF
:10B7C0006782182AD3F68D951A63C25B2D3D257FBB
:10B7D0007864605D7D9CFD0EA85E71A6DD33EBBFD5
:10B7E0004D14F5634951023057026754F38E6AEFE6
:10B7F00080BB224E0F27933C81F6891AB6D9208E42
:10B80000D10B890490560B36DF4F66BEB01EF8434D
:10B810005B610DF12167E6440594AB9CFDD3EA9B87
:10B82000E70C16917CA11274BF3C35CD4A2FEA4F2C
:10B8300029CE331602A7525533EDAC5BA8F1FB8D30
:10B84000E1C17656763267E3B53FD801058A8DFEB1
:10B85000585E5312372D943F78DD3CFD8FF7DDE7BE
:10B860007463482DA912CB4E8B50C4858ABDAD356B
:10B870007EDA921E0F7C1FE297D7A287A03AA8A17A
:10B880002498C1C08546C3B560FF1F39BABE29DB05
:10B89000BC78D1AA2844509AB279B7241D2CB7BAE3
:10B8A000B2497443BAE89755ECDF50001A7A8B31ED
:10B8B00090DD3D5623A4CF828EB8D1955E0CA9C4ED
:10B8C00019D9A406F512706B35A13295BCCB6CB0BA
:10B8D0004749B977D1D855EFF44FD8A54A4AB2F3C2
:10B8E000C084B3EDE4AA6A6718445160599FFFFA17
:10B8F000AFD26E6413899F5D72962C6044E7261C5C
:10B900005ECBE7C75B9D6DCFE3B0AC6E62D91DF730
:10B9100009887E20B0A471F4D4CF97D72AF517D325
:10B92000ABA9ABEFF1071FD302191F5474C8CA614A
:10B9300012C875146869581BF17EC578FF0DEA3985
:10B9400025DF2A6347126164EA704193BD3D868911
:10B95000EBD7FC4CA8AE0A9D316779C8C81A318272
:10B9600087D9C9D79C53BD585F70CB7F9C0DD70A30
:10B970004915AA67C15528D2983DF31FA8C46C6F1A
:10B98000EC19633486A0F24F72BDF3C4D557CDD6FF
:10B99000FBA3CC983F617451F9DC9D3AAB3709E1C8
:10B9A000B499BCD4AD2DF1682192C7B806977BDF5E
:10B9B000E9E233F2ED1B4B562F3870B3540E72F29E
:10B9C0006F9DFCBCFD83272D277DFE73F7FEF237AC
:10B9D000C8554E4849669263C886EA7139E85BE209
:10B9E000746F0FAF1FFD9AA8FDCA68CA8B4C90AA4E
:10B9F0002258ECC9A7ECA70A710CAF1039A677A79B
:10BA00003D10C8FD2EACD6B1D83AB71263413EAD59
:10BA100058C615CDD3EE0AB33F1764437735ECD93A
:10BA20008B7E5E14E41D27756065B7044B3EAE0F38
:10BA3000557FEADEA04D6AEDF0128F5D2AC8E16005
:10BA400046CBDAD4DE2140D62D8A86BEE3A8E9773C
:10BA50008E5FA90D1C0E1E8C1BA5CAD8CC8A87022E
:10BA6000875B32F36347CD1E4CA4B05EB3979ED282
:10BA70007438606A42776065121EC85E7B5B9666AA
:10BA80005BF2411951C17D0B5494A8DFD8001174A9
:10BA90001C58B1ECE8F44FE2BDE206118C6695C18A
:10BAA000FA0A66E040699690A3CF16F6CFD6213801
:10BAB0008D22CC1A95FB4F53707A236D10593B7A27
:10BAC0000E7B7B9B7EC4472469F136C4DCF5ADA4B4
:10BAD000DDECB24A6B9C71B3B44D0C30054585FE6C
:10BAE000FEF48189821540883B71AEC02AA316D42A
:10BAF000F05A9D90302E4F95E115D4441047865250
:10BB00008F11CB334CE8146D523F6892E56AFEFE0C
:10BB1000D4E82B02C6DC3DD5480C66989FCC7881D2
:10BB20008224452E91A60F7C66A049CC99E313D0C0
:10BB3000E56623C5322D504810B5299190207938FB
:10BB40002EA8838442C75A5A636F923B3455EEA99C
:10BB50006172B8E7C7211FD736736351B1BC25F0B6
:10BB60000C314B9F18DB4DEB1867566B4BEE6C8618
:10BB70000A90473A589490E34B4F3F65BA861610A7
:10BB8000A3560469F2972663B50BA0A7FF0940CE20
:10BB9000C75BE19E5F5AA7311AC48A2D54605BC708
:10BBA0006F57D9AA45D0FCB8F0D65BF76813A4B09C
:10BBB0000322752AE3DA71E8820015E2158C43C688
:10BBC000EDCBF02AFE051941E51DC94A5DBECD0C3D
:10BBD00068970A37C2C288AFFEB6A3EDD76D15626B
:10BBE000BE657AAA46116C8CB504E510A6AAE604D7
:10BBF00096E343F16E7CFCA25CCB231436F25369CE
:10BC00007AEEEA9EFCE1888AF21C9FFEB3430A03A7
:10BC10005A521BC92525AB7451138F608A931B227E
:10BC2000436B475FA048DAA964C63AC7627866DC0E
:10BC3000CE324FDCB987E3B967D5FD623D6A959D89
:10BC4000897A2FF14E052CE8F745876F305CF13E7D
:10BC50006F8DDA4BE69E2AEA0598FF352108EBCE78
:10BC60009B95E27C850368AA8B1AF9ECC1079B05BA
:10BC7000E9C5F11A627740FB49830020FD61B6EB0C
:10BC8000A877EDB9D525D67776600076DE69ABDD8D
:10BC90001CAA2965632DB9DE0403DFE82AA2893BCB
:10BCA0005D2D2F5EC36D4F6A4DE589DCD00D7A3A6C
:10BCB000A6F67EC72CA4DBD4AF30CC8C650D866A8B
:10BCC000B27561071E91A37DAE42E9725E6807916D
:10BCD0001944FC1EE3A404C8B56099600C3601E861
:10BCE000694FFD73F78FF403CA4993EB039590C036
:10BCF0006843EBA0A8E866CE5AFE873D7459A5A814
:10BD00002F19123791F54B96305C27EB15F3A73AB4
:10BD1000BBD18F719858F77CF8CD62D6599D07D169
:10BD20000E406DF736E66C1C1EFB93FA7CDA979199
:10BD30000E1AC27EDA0039917F559BF89DB933CB3C
:10BD4000B1947A26A4B2816B44604309F9115591EC
:10BD500056ECBF3E57FB615C33336B4618AC00CBEF
:10BD60003254E2ED1A2481E4844C06E0C08661B2CC
:10BD7000D6BCDC65DAC08C30F7745CD0BCB2360D52
:10BD8000B53A883CEE84AAB2CD680634D6D246A233
:10BD9000E6D7D674ADE687EF551B5B9F1ABDC50B82
:10BDA0001C29F8AB925938DAC3F74AC0F32E93E551
:10BDB000D2EBF095318582D2000D72689C9B53BE08
:10BDC000F453D479E7BEF35838B25373666CF28EED
:10BDD000CD8164A1EAE0C80F96AAB60786D048A133
:10BDE0000C830270030BFDB64D28025C5A1D992F7F
:10BDF000C6A9E2D5E2D32538194EBB899E07E5A234
:10BE0000992572707D6E6F27E1A4A4B87A023C6B0D
:10BE1000200D09AD47FB713FAD7658CEB5380FAE5A
:10BE2000B46F65178BA04DF073716904D3507482A1
:10BE300079D5334C440FA6F21A647AB18F80DCB006
:10BE4000591C4DAC12B3F379CEA7C5C4BFECD9844D
:10BE500013EE6F077AC96117A31A55459B4FA8FDCA
:10BE60001B5317C265D1271CAC2FE0A3AAEB3225C8
:10BE700003AFA783ADD2E79FA62BA11DE571B00A42
:10BE8000908E4611E1CA87BDE15122B6BE8C252BAA
:10BE90004E62B4F25309DB61049448815AAA0C7BC8
:10BEA000331F4A7D8C1BC3548C6C3BD442EB2BDB81
:10BEB0001BF0F8ADD2CC8EB4F30F2594C7EF3697B4
:10BEC000A8915D4ECCB61CB43FC4AC5B387480996D
:10BED0002DA7101DCD9620DAF96F12D9AB798EF40B
:10BEE0009DFD1B30E155DAB73C52D092B16B1ED3A9
:10BEF00080976FF1DD0BD04CFF715CCA6E2A9A2FD0
:10BF0000CC6874C04E8C023D0DBA58CBA1FD736451
:10BF1000A8AB7969B70FF39D3F6689A3179A53B809
:10BF2000BF5B309C5D04272189A7648D0FF84FDA31
:10BF30002B3A9C5EEE2DCF124AAB2B6895C4598CE0
:10BF400060F3BCCE308DD5DA86D521731A50C0DFB0
:10BF5000DC8ADB1705DCAD7796DF0698F39EDC4EB6
:10BF60005C2F8E4FE7E49C2C5EE0164D9C3A66C831
:10BF7000783DC68E5CBA61EEC84B92FE16C073F770
:10BF800005438F3EE8BCC54D5F224989484D177374
:10BF90002A08F385A8BA4516CA39A1D6A878F01898
:10BFA000AF48424F70AF06EA6C5B1914C091247F12
:10BFB00092DCEAB400779252035CE227FA85514999
:10BFC000709C5E507D16E03776FFE4324B2573D7C8
:10BFD000EF5C162C432C6412F7DEFA82296880236A
:10BFE000F1EC9C6FC153B9E7B80390977ED00CDA9F
:10BFF0000AADFE1B5DA2731F18A5EEA29F1BF9855B
:10C0000075F25384FAB0F2B0033387E721871E45F7
:10C010007DB7C98BCB48467FC271608EDEE5BE0A14
:10C020002C65C0101DAD4903ACD2C416A3BF043C9F
:10C03000AB3679C4A60C8F5F485FEE660EAFE4A303
:10C04000BD73947755F140E0546DDE33D218B8A13A
:10C050004F2D30DFD10CB453B6C0E869066F88901D
:10C0600032F4171BA4FBC035ADDD808E82D2F2CF37
:10C07000E88801EF1C0F7027636112308A4DAB44D2
:10C080007A7F7E7B7739601A2D0AFBAC6808E4BCA6
:10C09000235D8BF14319B5203940450FC9915751A4
:10C0A000FA3573CC03B1C8CDC51759436D80717B88
:10C0B000ABFA3ABDD78316988F8E9D54516BFEAA6A
:10C0C000C45399ADA277EA1FBC7B1BDBB34AE038AF
:10C0D000E236229F85044D86BDBF512A08D12B80B0
:10C0E000F0AA3337A76ADF8B01800A5CDBB2543ACF
:10C0F0005F76733CFB05C1BE9B137DCE77877ED7F1
:10C10000DA9113415089C94ECC90D80891D80619BC
:10C11000EB0BCCA4AA9A0F41A8016B33EB354AB8BC
:10C1200090C14653125E2EE4E9AB43B3C1BF154341
:10C130007B433D71ADC45311AAABCAAA21CD6C0C8F
:10C140006148F32694B2B13D7C6BAECE9C2B46F594
:10C15000A5E65FDF2065543959FC0BC23ECE6B80EB
:10C16000912561AA56A391DB7498E55AB201ABBA46
:10C170005BC2891CCCA93C42D63188BD6D9C619EB6
:10C18000E2331CAD1791383580B8906BB7151101AB
:10C19000BBFC0F95B96B34E48A40257E9D296374FE
:10C1A00012115394DB68338AC6B730BF55DDA10046
:10C1B000F3D6B47CAAA2328020EC8871D60BCE12C2
:10C1C000FB528674D3A02D6C25B5193B2337FCC8D0
:10C1D0006855733EC024E5A042A9FB5503EFFF025A
:10C1E00049BB50ED15F83B1881241AE2B78327B7F5
:10C1F00010295EBBB9C85F487553AC51115B690C1F
:10C200004F73898ACCBB7A850BAB395A6EFF34B138
:10C21000CA157786E33267AA081C680613615123A2
:10C2200010CD34528F5DF9403178EDDBA02E71A531
:10C23000B35E3E07573DC3249327D52A11B4B97581
:10C240002AD61CD24B08D456E5866594F0D8A7258B
:10C2500003D1C34B4BB8AE0EC74C76F17FCE627B99
:10C2600042505A94F9B12DE922BFC7A5222E9076EB
:10C270003F81E3E6FBD7C25D4D7E3A9749E2738D7D
:10C28000F6270AA488FD8DD13810969C0D91E7E41D
:10C29000AC4CA83E129DD792B9FD934048DD553F66
:10C2A000F394411BDC384AB97F2E79B81686EA89A7
:10C2B000F4CF17294747EE2A261B75CB331D13D41D
:10C2C0006067B3750DA9E39E9CCA129F14F31959B8
:10C2D000B9E91A50E996ED293FAA0E78852934ABC1
:10C2E0007732025A3D6FD60ED9D4E31B11BB95F4B9
:10C2F00084AD28A186C3F10A80D6890856973A7A78
:10C30000C02C8137877176F83CEF451E09F4D0E5E3
:10C31000B55BA27618C5C365333D02EF854ABDEE15
:10C320007FA85CF07C200A3F752BE7CECF55600CD0
:10C330000078C713D77D021E13DE645100E6B9F9F9
:10C34000AA23E7956E12551250D9982AB0CF50F60D
:10C35000ED029B5D41DF7B40B209B6573F7ECAE9E3
:10C36000D9F70783A225A131B17B7D1680840B21EB
:10C37000EF002E0C77D525642D7832A0E58842B0E9
:10C38000EBF191980B7D8E93A4F7629FDEC3AC8690
:10C3900002C4F14D25A0C6257434C3EEF5B2E29F68
:10C3A0004A0B27247D25954AFABB8C63B1E1A11F76
:10C3B00075119CEC4956E132171132CBD913A0E923
:10C3C0008A7E3EFDA64FBF4381609C5B6A2FBB59AE
:10C3D000A52853283818FF4672ABECE3EEA58CBBBA
:10C3E0004B3D8AD439D00A6D1463A15D054E9E6021
:10C3F000BB06E694E56802ED03705095FBA684A3A6
:10C40000901434FA407FD6C12905CDA1A3B137FFDE
:10C410004742EAEB899417C62E716A2742EEE286FC
:10C420008232997EDE19C742D1B9B7D7C8CA867E93
:10C430002C4AC3785683C9D35AB4C734AC819B1FE6
:10C4400046246AC714D0DF4A45E3252EE51D4C89F2
:10C45000E85FE19A011A638F02EA5158757A0E9EDD
:10C46000BA620AAA4BED760D1DFCE646D2D8D31867
:10C4700045389AF0131BBF2146F0D986B9BBD2309C
:10C48000F067B34884A42C1F218121BCE7539BFA99
:10C4900021769E669C0DD19300118CDCA066B91CA0
:10C4A000DB72FDA04A7E95F7C382D69ACAC8829DE8
:10C4B00050E2083A004F268FABDC9731C5688ACF2F
:10C4C000457B8D0D0878BF8F9B04A65C8F35D99670
:10C4D00046539E7A5CE4F094955BEDEFABA60F7546
:10C4E0008DCFD052968C5236299A63D0FE8A120D87
:10C4F0000444542329BC02C7FAB44A53A535C2BA2E
:10C500001336AF2DE518A9A3A2599A107D754CAF2B
:10C51000DBDB253F47971D33DF84A2B27A4F6A5495
:10C52000168D204B059466DBB4E6D7EEFE361193EC
:10C53000138F3E6AD5483163F6A9F9379E4605AD9B
:10C54000829FE79543000653BE0C9B85C00D538F19
:10C550009D488E107AED8A232C84ADC59B3FCFCEAB
:10C560000CF676D4D14A3FBAD25C1BB0A6A1F80132
:10C57000F7012D56187432EB96EDBF92D31BD3B64C
:10C58000D739C5DACBAC5D8693D594FFB3B58FCBE5
:10C59000821BCF58A2193A08A86E6F4CC8CA76F50C
:10C5A000675BF96E05D8473A6686DD2C208052CC51
:10C5B000A2B31A858CB6F5CFBF015465907AB3C982
:10C5C0007E318277731D5209CA770B79D21A4CE5F6
:10C5D0000DD5BC8214056AB01185D971BCB84D2047
:10C5E0007DDDBD42DCA4983C584B2B4739E293B328
:10C5F0002B222C562B81D104E2C7228B589D74EA42
:10C600007E26F0552E8A627BE8F807635676929074
:10C6100061E90C6974AAA2088FA283B7ED00142AFD
:10C620004E2E951A51211B2966E2CDF9C20715EC51
:10C6300058FF2B42E68221CE49B43CF5DCB59593F8
:10C64000D9B9715527A0A189FB1C55644660B4FB7C
:10C6500052D498D9422606326CCB9C7E482F5D007E
:10C660006BD0AC5EAF83A004F04B86E327F7AE82BD
:10C67000BE87AFE2B3A91E54E8D1656D9E93E41F57
:10C68000306E8FFDB61C423A75A060F203F4D3C839
:10C690008FC37D7AF7F0B104A12B4501FC24F2870A
:10C6A000830496D4B9B4F0337E0BD7C3D32E7BEA80
:10C6B000EB28898DCBA86A23A4F15CF870EA991065
:10C6C00008D76C88A14D96456A4166F5C82E63402F
:10C6D0006DBE5275836E294B1AE57B0106D8A8D131
:10C6E000E5C5A6222B522A97A9ADB08F0AA8AA1396
:10C6F0001CC97086643B0B881E5AA5BA1D43F9F10C
:10C70000CCC1F4547CFF59514CE0FACEA540EE8CDC
:10C7100033CC66CF3A82DEC3B5FCC0996C0553C2F8
:10C7200065E59F8BA1511BA613AF4E82E4ABEF1BB7
:10C73000A0B6B18862B6E8D3FB625FA93A1BFFEBF3
:10C74000D3900604F89949EBCF31ED78B1F9491E41
:10C750008D3FC3DC3215AF5F6E662515D9D3A416A5
:10C76000A27A9A7166732F16308CBEAD07160988AF
:10C770000CC92DA82A58BCE2167A12D9720AA76DE4
:10C78000C4D71899AEEDD4AA2496393B1B5BD36667
:10C79000A9CBD279FB85633F378EB72AFB61721B29
:10C7A000B2EEB01D0E94E19B4AE3A4A9984F334C1E
:10C7B0002FFA562F7FDDA893935110644BA5A2FC4E
:10C7C000B8250947EB8CBDF8F32697FD0CB2CD35A3
:10C7D000F34A6D0F48A4F167965AA05459758030FA
:10C7E000FB74749549F7180A81C35802174F0EFB62
:10C7F000293BAB531A99D7AF0C3B4D374B6A8BB1E2
:10C80000F661EDAD86DC17E096834F9BD9E9F561C3
:10C8100088A9F4F1C2E57AF69117FDA387BD77C028
:10C820009F1C0AC3B466CE4DEC7C9A0360B8999BFA
:10C830008F41577C9F58707293DC2092EF8CA40339
:10C8400008BAB8A12876BD1163464F3B9E79F08E99
:10C850008D55FEF88B5048DC53BCBC1A2024771150
:10C860003C38CF1667CAA391B65D4AAE3CA96A911F
:10C87000C0AB537DB69E1D261D5A943576F86F24A5
:10C8800032C56070E7568BDB6B17C6CEAA9F754B1F
:10C89000DF8BF8B2A7E7B758EDA94BAF720733E8C3
:10C8A0008DD0FA88928685CBA09F43B4B365DD7B9B
:10C8B00060BA07616309DFA306D92A8265BCFF95C8
:10C8C0005F51F0489E322D0A10FEA7BC30339CB356
:10C8D0003D07CF8E89219984DC7E32B4B453E67A49
:10C8E000FA5E1A82C2473787915618CDAEA7C88D17
:10C8F000B6A21DF3F6AAF0287939E8A9F9F44C6E2E
:10C90000B06F5D64DA4E62E343513DF93282F66BFB
:10C91000C4ACC201D8E00B65930B511ECC9984CAFC
:10C920002308B4C44FE401BCEC49050917B647C855
:10C93000AA230677416C083910A63E9B5D33712B04
:10C94000E29E5A636EF5F4951BFFE2791F11287A77
:10C95000FF8ADF423CB426895DEA6351799E2BF958
:10C960009A761E324288781BA9FB93399ABE13909F
:10C97000EB2A942F01F413CB96FE6D4758879F2422
:10C98000A2372840AA93DB14D2B7C3E7DB342B0EBF
:10C9900084B710F940A6F95466FAF0DB161455C7AF
:10C9A00073A46497E247B9D011C39BE68BB50344E7
:10C9B000B24CA195F7F391289D86349E93B4A61F9F
:10C9C000DE5426C130581466533EB29C75D281F4B1
:10C9D000A063D4CAC069080CEE49505421A3C036E4
:10C9E0002A118DD66EB861B45AE2672CD8AAC51B3D
:10C9F0005E5C0BF4262165553D8D1413FB431F022D
:10CA00000E632D1BD316E8A4F34771095590861BBE
:10CA10008776B7BF3D67245EF2F21097CE0EFB8B90
:10CA20001B581DB17915C9EBFFDA4FB5AAD2CF0F4C
:10CA3000F7246584899E3FF677D9F1F866BFC5571C
:10CA4000048EB15B59AE78E9CED190610A611AF9D2
:10CA5000FCCF291ACCA99A2E53823701E72884E506
:10CA6000AB3FA463615FDEE8C99FAA794E9DD0A366
:10CA70000F292A20B1580A1DD1A259675CE44468E5
:10CA80003C4EA8DB7370EE4532E715E348B6B1A221
:10CA9000C163B11C495305E7C3A35A8FDEB4DEE17D
:10CAA000D8D6D18B4951FE229039BBD9B8940E8784
:10CAB000C213582300E56E3D752CDF2A18519945A5
:10CAC0007882E036937D7C2ECBC0B0EF3E56A097A7
:10CAD000D7FBA445108CD920CCD402DD9D77F1D3AF
:10CAE0007B9DC24C1EF2B73E9551CE8A3E4C0EDC69
:10CAF000942E8A4B19D2F1035C6F408CBDFC73807D
:10CB00009990DFBA6135007947BF3584E1AB2E6F6C
:10CB100023C5650C0AABDB9E1ECFEA55BB0FDDC0FB
:10CB20000350E0C569371558D7075AE62890C80260
:10CB30009DAC5738F3EE2D2E899ED306D469B8EA02
:10CB400063DDB4307089F4333B54E5C72565CD15FA
:10CB5000F2440716B93F29AB6339EC57C7FDA3C6AA
:10CB6000D6B321158642C5F0AC8C9F32A60E4A7210
:10CB700029E8ED7EF90CDFD329DB69B0262B3BD009
:10CB8000ABFC107598D56CDA7C97ECE0BEE746708C
:10CB90009014997D28BD3DE97C4E9BB88C34C2270A
:10CBA000DCF368409F06F435CF3017BA0A64E943D6
:10CBB00094C638A1340EABAE7A6C6C4234D618B73A
:10CBC000C16434A73B2FC3F9C11EC1F63327E8B5B2
:10CBD000548702CC53B78F95D872D22D4791F4A7C2
:10CBE000850F1A95ED655D5666DDBDF75C77438E62
:10CBF0007CE402980BA987CA6EFA3A54F574F44C97
:10CC00003168AAD00B98EAA4F182792433AAB282BF
:10CC100024FD767D61AFDAE6E5D5DAB46EF5B6329D
:10CC2000AF37B83F5189275EB4529F61DB1A8ABD86
:10CC30002A042B9414BC79307038C794CA17F9C3EE
:10CC4000592A2C018B58C2B8F5C9129955078DEB9A
:10CC5000F3EA80C5BD88F1FB4615FA0F61B45A7D31
:10CC6000812BA5DDB81BF1EABD72916994F3A95738
:10CC70007235D4593145E0C77D44B4F80144974E2C
:10CC800056C19CB3E04A5BD808CA02CEDC53508937
:10CC9000C5F43C034D0F1C793FAAB7C82B55F321AF
:10CCA00094B529B7537380C9197B95EF50162300AB
:10CCB0005073CB0E8F7B24946EFA91996FAFC94E4F
:10CCC00005A74DC4A7303932CA0A011FAF1B566BE6
:10CCD000B26FFE0390FDEF5DDEB9E7968C2BD8C7EF
:10CCE000691482B9076E1EFC2218609C3551F881C8
:10CCF0005E91BCD381CAC3386163406F080BF88E64
:10CD00001C41E3A0A1E57A71E1CBB5FEAEBE0B9D5F
:10CD10009D2F41D523C7605BA4AE6DB8FD447D1245
:10CD2000318A93D4D872E455A9808DF89A7C0F305B
:10CD3000A21F33C5EB6428C458E344D24B4A121CEB
:10CD40007B6FB84A51DC7FC0C103BBABACBE667918
:10CD500080C3CE34384F2D359E9B1072085CE5762B
:10CD6000CCDA9305ECC36252609512E24A2C5E81E4
:10CD700089D11FF85789AC38D9DAE6BB3DD6E78AA6
:10CD8000356572818300F9832F065CDEE386211905
:10CD90007C2F6F1422592A03697F0E67179E17A0F4
:10CDA000DD86CE9F133A2ABA107E6EE122647301AB
:10CDB000BE85FD607FA482C3E3E228FA331B3ED820
:10CDC00014816428FC2C304A21AB7C6D102C4AC69F
:10CDD000BE131A995D9BE80FAE8AE45AEBB4E11ECC
:10CDE0005ED8CEF6390DE03ABDC38FA93944EE5A6C
:10CDF000976FE67DC82D6245E46EED68FFDCC93BA8
:10CE0000900C9F6F486DFEA90D89208904E86D4341
:10CE100057D4EB37F05867AD87BD9554E161BDC974
:10CE200070965EE97ED9E3A3DC91AAFB9FEAB9F094
:10CE3000A5B3F7AC7760933F08609D35D1FE9C8A1F
:10CE4000B4B20F0D8D0F1D230D1093BEF77B0B8910
:10CE5000C250D4A0DC9F2B873A4C8304632A54A988
:10CE6000BB1EF522D22C6B6E9A95FDA1C765AB74E3
:10CE700075FBC2C4CAA0DE60A275D97276799067CC
:10CE8000A83611170653B5D1E213C90EC2EC3A4CBD
:10CE9000F027B3E5EDC4FFE813193B194D90852B3E
:10CEA0007417044F270DB49FC97548347F97232307
:10CEB000352BB3CA5883BEECE2E0FAB004B324D7F2
:10CEC0008EF406E0365BBEE7DD41626061F24E90B3
:10CED0006C4D0F9CBA7A01245E932508EC66AB3A40
:10CEE0008C1C738B0BF5CA171B62598E4B7D1A5D18
:10CEF00025FBF8D1F4E6B0C83E55F45656898606AF
:10CF00000F7C85DFE4EA0AA347A54202B8643AF938
:10CF10002A1C2868A68069E5002011F4CE10008044
:10CF2000DE115A6A7712317AB885DA16D98A914AAF
:10CF3000018ABAF1C704310A2FF3A4F3BD1A8E0A8D
:10CF4000FA985998138DED6083261E6D8EB0DB4BD9
:10CF500051C5CD4BC1BE6018ABE2F1D99AE788F953
:10CF6000033580F8B2D8D5B958F83184494DFC471B
:10CF700048939EABDC4AB45D2F480E6BFB6EE276A5
:10CF8000C3A3C5A30587F359358CF0CDC613CC6672
:10CF90004133B4B850F58C90E6E6C44032E21C5FF1
:10CFA000972A58AB51D2B742A448EAD03366F02250
:10CFB00043E6C515A5441D55EF97113D3A0EF333D1
:10CFC0003851716B92C1FCECDB18FD96BC40D85116
:10CFD0006A793BAE01BE6CE669ACB1B065A68B3038
:10CFE000EA87B5A97A6A27FDC799374B613234655C
:10CFF0000D35444AD292C65BBDB256F47BE7551F4D
:10D000002C48F2E9971972EE70CC0E0B3DE756D919
:10D01000E8349FF06C713F46F500C92271049647D1
:10D02000998A047E5993B6A5D7B56A17803D8122A7
:10D0300050445AEA5497C6D0CB8B9849C38961555E
:10D04000E936C169526466DDAB680FAF529207C71B
:10D05000E1D599242FAF3093809F7B55AB3E96CB83
:10D06000EF615B7B607387D61B6C62356C97F13028
:10D07000424487DBA46DB6F084E6E73B9329003990
:10D0800028785D9FF963314A39436135AC56FF001A
:10D090002DF51D6D136C18EFE7AFB9DC9176ECF54B
:10D0A000B30FA32A46EDBB67A85099C6F62F7BFBAA
:10D0B000C205113DB7AE2EC7FA8CF133BD09F6EDAE
:10D0C000340B61263781F3C0766BCD3BF11EAF3850
:10D0D000D4015FF4633A32FA89FDB740CE2B445550
:10D0E0003FFDE0DC359CAF778C0F0FD430A4737418
:10D0F000601B49CE0FAFA51EB5D903205674C86179
:10D10000D574F5E483AE80FE8808F568E55D2BCB29
:10D11000BEE4615307C58894B9584C44F50C9E266B
:10D12000C9F0BA7FAF56B59308DD0FC49D932D5952
:10D1300034BA1CF118FFBD58E320403DAF15B11AB9
:10D14000FCC949A633FA975A3355F3E94A5D0020E2
:10D1500063DF4488080B4855CDD5D500BE125A244C
:10D160007BCD4DDDBFE35E6249359557217A337A39
:10D17000E64012EDABE7C9289083A76B7C2B5513D3
:10D18000E859B0AE70EE264BF50B02A5742F52B7DE
:10D1900046C1F1A6B075D629DA145236436C04E8BC
:10D1A000449304EF0CA072B91DADC075EBDD1FD622
:10D1B00045F7ABF6EAA9E355BC9DC9F6A9D45335AA
:10D1C000F5336B66C06880CE51B9482D3F60A15DD4
:10D1D00073B5E02E70619C3F1C6E39E5DB2018C9E9
:10D1E000F9030F408F7F1A34C3ECE4F2A663B79DB6
:10D1F000CD7C41A80BCC9562994AC54D033EFB19E5
:10D20000199ACF594022A1606352E51691BF9EB88A
:10D2100049773ECEF89D260B1433F2E04BF4CA1F3B
:10D2200024964FA5B980A677E5D4E2D792582B2152
:10D230002E3BAA9E557948540AFEF40D6E6FE920E4
:10D2400048229AD8A0FB57E09CA65F52CFD467B380
:10D250001195FE334C781812787F04DDD0E56670A6
:10D260006479B300C47147AB84CE047F13F717F819
:10D27000F4A102731CA4F4A20DA85A2D087035A6BF
:10D28000330AA28F129C5E52AA7C039FE395857598
:10D29000E499FC9CF0B3E9315B25E83A523705F19B
:10D2A00072155199D7611235A880E56555F75F3140
:10D2B000F8295095D1715B9EC6C3DD3EF60446A1A8
:10D2C0007194091DF40D4D5092CE760116DF9A70BF
:10D2D0003327B60B98C3D7DC7A215C9BA40A6B4436
:10D2E00005CF73F6C77134E7272FB97FA32938AB71
:10D2F000C70C0FC80ADFD64F7125855688F24C3906
:10D3000031C38228FE1023F1EEBEDD0F19D4A266D0
:10D310006B7ABF7F1AF526DFC64005279004B9FB5C
:10D320009CBEB86F08FB955BEE06278BF850094A48
:10D330005B85A2EA7A63E5569345512FF47B55AE9F
:10D34000CE6422ECFAE1E7DE945346077E421B18D6
:10D3500072A84C58433B8C35707067086F662DDBA4
:10D36000A6FB714BEEED77AA2DBCD6C0CA60A7B361
:10D370004234AC1DE0810899A6E1619FED74D3476A
:10D380006D0902F9CD738198E002E719C1B74A6FC0
:10D3900000A39B1600CF01CFD8C00B3BAA1D1D5D7B
:10D3A000E832B86CB041ABA0246577DA172CBD0326
:10D3B000AC3A0A6894EA9C9D23EE1CB54C93211567
:10D3C0005E4725D982C69ABB56CF9BB52B553B4BA2
:10D3D000BCA8BBCDAEE56078869D9D55ED35B11CF2
:10D3E0009DAB34C5B3D4DF73D8A1252AEECC06A1FA
:10D3F000DCD75D683128D99045F9D285DA791BE808
:10D40000A363995E5B699005A0203EA51CBDA88F13
:10D41000C91D36973BADDB352F2F168D2577CB9762
:10D42000A96B7B539B6E8B58E5AB4096CBB02F8C92
:10D43000C09D8A7BB5709912012936958E963C4D18
:10D4400099C7D87D1D47F1FCCB623A879D9E02CFDC
:10D4500009A7F21AC71369E2BBDE2442BEC34ACA57
:10D46000C0152AECCD98E737296A91623A551F8694
:10D470002947ACD05CE6691C316DC88391B0E636B3
:10D4800084D1D7781B9E2F19379D9C69CAA6C56683
:10D490000F5AA3D413215F830CF84545872ED72755
:10D4A000828DEDF391ACB4746BB0CB2CAA9EC3C546
:10D4B000A2AB668DA7FFAC9B8052533AD536EF20C6
:10D4C000201412A8451770F09E02AE2000B275FC21
:10D4D00016DEACB1706F89F309E3D5146094DC6992
:10D4E000C569E6A6B4FE8E4E824138E40ACF204BD1
:10D4F000E68755213C729DF513198F3907A07526D3
:10D50000B8EA0B5962A26BD0B8450BC6D5F2C98CEC
:10D51000C742EDEE8015F0408AC02D9309AECA2BAC
:10D52000671B3B14A488D67C7F9D240A61FE808DF6
:10D53000D54463216E46673E2875EECD817B88A673
:10D540002CF807462746C588B08765E80764780D3C
:10D5500075ABC4F407B96787631C40ED8938C9DB34
:10D5600057BF832873C8BC9C9AEBCD0D7529640303
:10D57000BEE345AEBF1F5221B1832E6AABAA9B0FFB
:10D58000994C098F961370863F6F4CCE3B94BA5FCF
:10D590007E33E7BA8710FA9B41D9B6BBE0247B9A69
:10D5A0000930A973AEC06CC0EF8C209D853C3C88CF
:10D5B000FE18CE03A846BAE997CF4AD59F98D0CA9D
:10D5C0000E2E5D06C5C1FAB724ADDFEC5C98F5BE42
:10D5D000A30098F2D10C6B89557F2E81999D85719E
:10D5E00003B4584A393E8FB9FD87200896CDB581DE
:10D5F00047472298CAF0976287785C98B991E4050A
:10D600002D4098FD4CF6311EC434AFC6D36C341790
:10D61000EFB73223219619DC757F445F44C6DEA440
:10D6200087395F4139B1EDD81B69946E5679810B0A
:10D630009DE49C1FE7FDDE56E3CC01350787B73834
:10D6400006270AE51A8E02FD57973AD7A03E078CA7
:10D6500048AFCF3B1D2C18B76E49C7009871A0D9B1
:10D6600074AC13C714ACD2765B8F8B7A70788B90C6
:10D67000E4B0261ECE61384AD830525CA3F1353A68
:10D68000177D3FA6403105D3835AB4D8E4AC6C1C57
:10D6900082EAFF1FBEBEFD3BB327CD1AB135066E31
:10D6A000D2A65A52F35538730F384CE591F02B9AA5
:10D6B00057EA0AB260F2F4EDA854ADD76E9D27D9AF
:10D6C00098F647F63411487C2702923574427D540F
:10D6D000A73675EBD771A3DFDAF61289F7FFE88476
:10D6E000E835A1BDF19927F60CC7FA6599DDA73891
:10D6F000D271462F5340999A50D66664CAD0C61349
:10D700005DFCF246F8D18295899C6889FB88CEB68B
:10D71000074BA247A1D40640A1FAC3448AE675D0BC
:10D72000461063F744A03D44A822369FC314C05757
:10D73000BEA27D98BBB5990FE46EA727CC99ECEB00
:10D74000BAB48301E4AAD4BB859237B55CEA4E69CA
:10D750000A0A7219DBDE00AF7694C250747C6EA7A1
:10D760008829558FDD49F901ACFB320D02A0779273
:10D770003FC7579F0C3E21C792E40B0C91BB51D47D
:10D780000D162039560A8CEC9B7C8B0F12C8A2090F
:10D79000EA4793BE555E347B1687C729671E428CC5
:10D7A0001FF5421C63B007CAFC404F9C68D805288F
:10D7B000B995597A0C5C2345D5C66EB4843783ADD0
:10D7C0002FFB6DB2E570AF3982AF1CC46B991DC5DC
:10D7D000A443D1D1AB9827E2ADDA200580FB51DC20
:10D7E000CE355308A988DCEB0F672FFDEC14616779
:10D7F0008D49CF9DB90B6FF7EC1F33D7ADC8CB93D5
:10D80000560E7C0A9B274FB5B8F82E1644EA5C8466
:10D810001FC3F43194F6EE2A003E1C1B6C84A957FA
:10D82000CCE6E7B72CE2C298376A774F701501E86B
:10D830009FF4778084016003E17856EB113ADF1A98
:10D8400025ED37C871740A064010DC7C7EDC7F71E0
:10D85000F7CAECD9045149F69E76789C884D2C790C
:10D8600076D583F8393E31D5DD78CD6FCB869EA64F
:10D87000B80031ADAB8B569605223700B0C2300EE2
:10D88000F940201BDCECB0E2B6F19308789E1CCC8A
:10D890007BE05EC510159FCD38A70E22ABCA4A208B
:10D8A000A1E30661D8757792C13143C9881C90FC09
:10D8B00041200B23A73DD58D9398E65E3DC2F8012C
:10D8C0003ACF6F960D16B2A5E5154B60CE38C66FF0
:10D8D0005DA2DBC3468DFC952DFB4936DD8C209681
:10D8E000BF7237CCBA21FF1E489EF97B6E6FE619D6
:10D8F0000037C893D9C912F11183E0A79FC9C29814
:10D90000264E5984E9452CFC1BACCEE4A6E31D064B
:10D91000A39A205B228FF6E5D2C84F47D5AA4911BA
:10D9200043B2B1A9986319539CFE4F3D8828239BAD
:10D93000957A8299682CF1017109152EC0B1996B05
:10D94000369D39C00FC2401459D7BDAB108D9DB55F
:10D95000C02A048AF3C0A886FA3AE029962D7751A6
:10D96000CD3D58937227FE1E9742B5438862241C12
:10D970006AB4D1F03A5CFD474714F3677DEC508BF5
:10D9800093F2C35F510648B967630BAA536EB7EBB6
:10D99000C9DD7CA9E52EB5169B9982DBF22F50D606
:10D9A000BDCE300827B0351B1E0356B68A47ED376B
:10D9B000A5C9CA8CF6566E7351F48C76006ADEEFF8
:10D9C0008C2C72025677FA1EC21D6A42DD3ACE11C5
:10D9D00014D5356E2D2AA42D0301EF0444777479F4
:10D9E000F4505A4EA040E0E993458A4228C138D30A
:10D9F00074396DEDBCDE541D575942B8FE07D4B1E1
:10DA000019A83DD23570BF41886F9B596C770F1CA8
:10DA100002D539C5A4F9CBDD7B5BCC6E9949D24FD9
:10DA2000B575BB9F2961C0FC53DAFBD3218BF11E76
:10DA3000D66F72AB463C5550965F4791000F1B2B3B
:10DA40005401D613592EA2B2EFBDF79E9FCB69C1E8
:10DA500079E1D7BE6DE4A24F6E306E254021A6E17C
:10DA600008BA4AE6E508DB5B7E402C2D7B5F2E4042
:10DA70000DE48B3C0AFAF3684E0CA12A5458554A1F
:10DA800034B4A9E69DE8A7A854FBE534C1386FE893
:10DA9000AC41659A9DBF49D2A7E2E461C5C3E012DB
:10DAA0002C54672A38D197A55EFBCA2EB08463D95F
:10DAB00017DC74AD9CE397E214C7DFC3C41A726F1E
:10DAC000429C4A5F3287F41234318E81556DDE03F9
:10DAD000D0FC7805A1B0B9B02B1F4395EF60A1042D
:10DAE000E2D6730CA20C06B334FD408F73907965B7
:10DAF000DA2BDE4EDA15E1366A747B72A6075EB960
:10DB0000C0E9CC92BF66C5B9C902BC4CDE1DED01AF
:10DB1000E18E1DA4257E57656B528CF40BD43E2CF0
:10DB200065C59F796E98EB7150BC2E556DF478CB1E
:10DB300044A016BA6D76FA39C12CF10D7B8D895748
:10DB400050B6DD19C7700B0535BF8DF405986B9C79
:10DB5000B32471C2A82D1832FA232EB0D3A0209B73
:10DB60004F888783349D7DBD24E8D51C834E0EB934
:10DB700001DD48C06A740FF72946DC8485BA5E531C
:10DB8000B8E3461519569D7E3478C608DCB5D20434
:10DB90001FC6D6CF22FC377DA41F522E19B4329354
:10DBA000BFB557D9CB7007C4CE2BAAA7ABEA451790
:10DBB000C9C30C907BCAC342252FAF8B5813E71CF7
:10DBC000DEC4419521CA35DB71862A80DB385AA82C
:10DBD000BA78324E2D361CB71669A05B92C6FA672A
:10DBE00036AF3D72589E5DECB8AD71E08DD7FC8FBD
:10DBF0000E9AF03B18DE8675705CFBC7B60E70DEC1
:10DC0000D33483B28ADAD61C26B2249CA7AF7DDD3A
:10DC10002781BD957E449E1A40FDF70C4B3FE7DE01
:10DC20003DA4B7F74E676D3D362B8CCC0A4DBCC07A
:10DC300070FC4CE376EC6AFEBB44E94563E694E491
:10DC40005513EE93A550CB4BF068EC4CB38291E3A7
:10DC50007E59C5289470CC13A019BFD6EFE256A107
:10DC60007C41A088B956C51D9CE5BC737F4308FA6A
:10DC70004666C396C191BC9FD585E993CC1590FEAD
:10DC800048B5C46FCC354141C07B90AEDA1C2071E1
:10DC90009C82FB3570FAC56B4B584D9A28D40EE325
:10DCA0005E699B833C63CE434F050A41A5D3F6755D
:10DCB0007EB27A16C504103FA3D01CF5837134FEE2
:10DCC0002151F385B8F45DC1C061367705AF3FD30C
:10DCD000DF0D7C16BA6843998BDFFBA2C055211774
:10DCE000F38599E4BD0AB39BAD05FC1E2F30C6C574
:10DCF00085353EDEB4D06246AB78B7E2E78CF2D72A
:10DD00005DDA42942A28E91544BB6A0E47457C89AE
:10DD1000168A0B449061A43A0125463204C465007A
:10DD2000BAB64581102943DF7D6BE3CC8621363FAF
:10DD30009ECF4E66F11864DCEFC15C539A79A797C9
:10DD4000A54BC54DB5031A182F51F4C1F8C3EAD33A
:10DD500018B8038F77F3E96E4618B4A66451CA2148
:10DD600086AFB8C5D425E58C3C958080B62CE732CB
:10DD7000B28FBEF62B9F7F6BEC49E997F01C2AA36C
:10DD800011970C7C2FE16CE2B753F79392D93103D2
:10DD90008F95726581A37FAD716399BEC3FCDD6011
:10DDA00050966C766EA7A8B3358C484C6AF75E74B3
:10DDB000E6B35C8CF0793F8E2DA4EEC47B610A58EB
:10DDC0000325A75FF898D04951EBBA249CAE106E9A
:10DDD0009F37018BD3C15B68B6DC2F32ABC40ACA54
:10DDE00069A5AC2A11863350673D8DFB28A3A7FB9C
:10DDF000B9B37EEF0D3CB7637A8D574620BB123B1B
:10DE0000E8EFF6BD5DB6CEA47E781C0A78A92B3F5C
:10DE1000E56E54931D05EF527C99BDC6D018D3D939
:10DE20007D4B89B128D5C5CECD9A167C813BBAC42D
:10DE3000D714BF2CB1E96E0EE220DF5A47944EF59D
:10DE4000B6BE070691EBFF026EE7E3CAA921DD7AB1
:10DE50003FC5F8BEC2B6FBB2B04F1F2DC1184699E0
:10DE60009078C8C4DAA019E6CBDFB0CAA4A1E01844
:10DE70007A99C8B56886E875DCDEA2B41FE3FC7445
:10DE80006F78C124AE9C756DFE04DFF3C01D5D0389
:10DE900035751C0E66966DE6D19C1649127E800380
:10DEA000ACFB6D7F5B56F600D5CC96DA4FC4DE9B9B
:10DEB000CEADB41912A2A502F87615D8339B6442F0
:10DEC0003A12E71063437FD2B6E66CDBE178847EDA
:10DED0000A0098FC56EE6CD9203E221242F67A4B8C
:10DEE0005BFA2C13C35DBD53B475425034352E1A02
:10DEF000300D9B09BFC5964440D69BEE868BC3FA76
:10DF0000171C219D2170A1DAB3B3A686DF1F18C7A5
:10DF10004C2BF475F4FF0B4461164A57CE852E55F1
:10DF2000D25EBA1E65884FBEF464F3C26BE00F3058
:10DF30004A0CD82E53BA123682807A8E3DE8CD42F2
:10DF400074F9A3664CB2855D3C23AE41302FFEE2EE
:10DF5000F7B61AA48FE60B148C8406B1EF2D6684F5
:10DF6000136028C1DD27B0FDF491373F24BC8BDC62
:10DF700032AB3912BCD613C70EC33E62E95E7BDFFB
:10DF8000372A945B6CD43CCE97F500B2EE317D38E5
:10DF90008D82220AD962BC5971C11E115D0FDEFC4F
:10DFA0007BDEEAB286CA9CDFB7360A5FEF53A57CF8
:10DFB0006FE9BE4F23EF93CE69C23F5FF6ED59C0C4
:10DFC000A1D6BAE33F967B8DD733491AD4964786BC
:10DFD00017D0D46FBDC457B7DC826B53BB82DA4411
:10DFE000C1C7F1C7B2D972BD1CDB14DB5D0A584B47
:10DFF00030664D63532E6EE43FD557BF7CF0E22868
:10E000003976851331F36CE0AAB3F1700CBA33B2F0
:10E010000A33A97415E1D1A536AABF42DDD7D0AF26
:10E02000B0F099128E4855D3C6FD749F852800D252
:10E03000F2D0DB6214B8C5E9F26B9564C14A2B617A
:10E040005235025E438C90CB8089017D5CC7A4343D
:10E050001EC266D373514B96A06323632FF8598772
:10E06000B3DDC868F1036E2DDF6A553E7F82AA4199
:10E070006B87D65357ACD58029BDE39F90883DDB95
:10E0800054583AFCEEDB462A3C02DCB89AFD2F0DD0
:10E0900031AE9C5C911051FD81CAD3573148AAB270
:10E0A00058F053B66A41FD3458834D39C8CA0C84C0
:10E0B00082ADA16B322D8475C8C212D56078A2C220
:10E0C0002D120CDD81F9B4702162C4F35D53E52A91
:10E0D0006F8241993779E5C228863760404C21F834
:10E0E000934CDD6012DF57012E8200A37F6E40CA81
:10E0F00071E0F4B26114FC0A373652803A0E9898F7
:10E1000086C50D681DA8EEC98460B963714FEC74B3
:10E11000F48BF3A566528D48D3881D76E1407219C1
:10E120001D138ABC1786D75065DD13D56742D2D739
:10E13000A7B520CBEA02AE1F817FA14971445806E2
:10E14000FD7121FF3C189557BEC645F16831C1A04D
:10E15000710FD6CCE1A0645BAF8F618B2C14EDB551
:10E160005604D8019EDC75E431DB60274EAB2A28CB
:10E17000FD37C73BCBC25C0AAC52290450C00258E1
:10E18000DE968AB7AB184029E0021C87E454DA0E09
:10E1900017DEF830B6E3AF88EB63AB3050D69BF6B2
:10E1A000AE4737017A0EF569E4B096D22FF80A111E
:10E1B0004DAB9618FBE3E5CDBAE0E40AE59A8B7522
:10E1C0009B7BE7417DEED4BC12064A84510D647FEF
:10E1D000E4BF01119B53B8B981DC9EF6F9CB09FF6E
:10E1E000A783FE5DC149348F3851F31B089C4D3520
:10E1F000905AB731FE187066B657DB985D98E97192
:10E20000D250675E245EE7B5EE2A17FB7752DF8DAA
:10E21000E37452566EB7C974B34EF750425847F084
:10E220009F93CC8F3D52FFB2E660D5E9130C459128
:10E2300042F264CF30AED91ABA270402DB25CAEC09
:10E2400026180947332902C534435D37808C883A44
:10E25000924EC6475AB0101C856140B1C324B130FC
:10E26000C2C8CCFC61054152274E6506227DD9D03B
:10E2700006391647C9E9582068E450CA882E36D5B1
:10E2800016415715188529E6C6438E88AD325015BC
:10E29000B61FD42BAFBCD6AA64B99C9922DA0D0B59
:10E2A0000E0156FAD6CD0E19768B2886445B235A7A
:10E2B00008BCEAE450E06A6BF0423667265AA66A68
:10E2C000EAF76258D1D82A30C48AA28AE402DF3D34
:10E2D000B8FB9CB52871C125B5D4F49ACD757BAC3B
:10E2E000BEA75F1D6987FC632BA267960DED60FEDC
:10E2F000474C44C8106F9C4381AB0584FA86296F54
:10E30000043F6C630EA2ACA2F9404B88F69790B61E
:10E31000D0D59D339A2532D504C1AED77BBB7D784D
:10E32000CF8C5590034743BBFF090C0F5F3DB703EC
:10E330000250DF253AB4FA61CCFCC19C1F18C5CF4E
:10E34000C2794CA3990DC35AA2DC7F54C5D6FAD228
:10E35000A8B15ED44EA580A54E4C0FA3F8EDB655DE
:10E36000CD75F76EEDE2FD7A4AD7B53A119C768409
:10E37000484D9E6826333F2EF191DB568AAB2E2FF7
:10E38000A1CB017CEA02E8E429212EAE0EFBFCC8F9
:10E39000A88D89D07F84AF980FAC22F43A1675B758
:10E3A000F0CC4BFD7473ACEF8017E84B2EFBAD3512
:10E3B000DD8D7C9AE739217E238D3D5BA44BB8929D
:10E3C000539A10AC5007EF283EA16BD2BA346D754A
:10E3D0009A2D33F1BED20173F45511B53553FA437A
:10E3E000C73AD3EBD4B5DD3FB20F995FA4DC8619F1
:10E3F000C959D44CB32EE510FCD2B5D7B06744C18F
:10E4000066B19C95B507F9657A291DF8E898AE05BF
:10E4100050A54C53983185FB9F1AB863459CE7740F
:10E4200031E3FB72E4EEF09291C86E122CB52665D2
:10E43000656AE7D730B3314A0887F0D198A11CEA62
:10E44000D0553D356DCE71AD82C5C22BCD61F895ED
:10E450000664FDE0542638C3ACACFB57A6AE1CA145
:10E460009D5EA08B6F09F221DBA42F7F77AA179204
:10E47000160F914FB6FB1FE08FC68FA06667AADC10
:10E48000C3FA738B236DB2E6D301C02D018A63B149
:10E490000749E434CEC0792CFBD466827639E8C3D0
:10E4A000728E16E363BE547311149243A25E0FC6BC
:10E4B00051853B41A74C9028D77473E5AA172D9836
:10E4C0004547F3B455A0EF145689E2CEDF85D3F368
:10E4D00027B4D72D6B56F51E7B5780377D790BDC23
:10E4E000D9BD5028D5806C394259CCE2B04574CFA3
:10E4F0008B4E83999846CB2CBE2AA9CBA610A36439
:10E5000014CA0DDE6AF11DAE3688955D986F904C89
:10E51000F400B37F5C29C75EA97376B7B67CFEBDF5
:10E520000A8070EF860486506053F5D2E3FE27C25E
:10E530009E5E934344D969F78D3C2F44D9E64D48FC
:10E540002760955AB8E7976B796D841668A7855050
:10E55000A76D38BFBC365668F5D0F2BD9DD52F2EBD
:10E56000EF092FCEBA330C4BF461DE96A868C0BE1B
:10E57000BFFB4065E14C64469968822F13BBDE7097
:10E58000EDFAD054C47EA46BB8B196A60A75B37BDD
:10E59000EAB818FA8F9653E37A08BA71FB5029B992
:10E5A00086CCB912DC3BBB7C6CC594F9A65628D648
:10E5B000B8F6A93C7F6DD9FB411D6217CB34A6AAE2
:10E5C000B608851C13B433DB03C1401D39D17E442A
:10E5D00002A92F3CC6E8EE25CAE93497F25CB44A9A
:10E5E0008AF27456F922F35959734CC8DCB628954F
:10E5F000A68EC2B7BD9AF8C44268E793631AA7EA29
:10E6000028A4DAD5B5FBDC896ECB51A2E1C365DF66
:10E61000B70417A8725B897904427CE6204063B393
:10E620007B59B5B69BEE3E705C5D6C7913AE342FB2
:10E630008B2216EADF9CF6C8B2CA9205E9E1376A76
:10E640001EEDF2BBD16B8ADDCDC971CC6DE85B529A
:10E6500056F0C4332805E94D95994CC3DB75555BDD
:10E6600093999365198A528B27B833F6512DC1A41B
:10E67000179E28C6DCC71EEAA34A9446184E1D976B
:10E68000A43A76F5D71F7AA259FE5B1A0F108201C1
:10E6900052FDAE9232117F591C9AE27DB9135ADEB7
:10E6A000164084A1F6CD0720F594D1CC0C734431EB
:10E6B0007650DC554369998CDED803BDF568159C0E
:10E6C000FA698300EAF421727AB960DCCE9E4513C0
:10E6D00083B4A3D17C83CDB7B1D383BB5704AEB78A
:10E6E000C4A9804C4DA2109ACDD7A6E073BE5EA5FA
:10E6F000432CECA3D62204E6B45FD7B237C37057DD
:10E700000612CD15B7E11BA50DBA55AFE7C2EA0D4C
:10E71000AFAED9DBC0AE120A2247FA4F79724AEB8C
:10E72000897E2F6C0798A580CEC531BBED60AC25E6
:10E73000196B46C0435506D32DDCB678B1DF6EFCAD
:10E740003C408802E2FBDB8CDEC2F3425CEC78BE2C
:10E75000ED4EB81282EA48E0F6941FFAE847868E3A
:10E760000DD67B87BE0711EC92F3B193F6FD649250
:10E770009DF5CA7D34C4A51C0D4EC3835E5FB9D719
:10E780000B627BF6EAA27D9855CC05119253524B51
:10E790000D78FE2A8E9BE2C92282097683C80B2857
:10E7A000891259602C925C576B4ADED4623B202D53
:10E7B000050DB58C1398D402DC1C4BF01DA72B90D3
:10E7C0005834B9879F3C0F4335CF5B28A2E9C2A9D3
:10E7D00028639349E2C52D48C55DAB2DA584B10BD7
:10E7E0004B68B99B62EF925F8BE015B1583E526F58
:10E7F00025607FED442F61773860F805DE2CB6D3B5
:10E80000A06FF5F89EF270ECBCEFC4D61F4929D07A
:10E8100025FA02D934097CC00CCC23AD73666F7F16
:10E820008467A74E668F19DAFD2DE49DFA6B80E0B0
:10E83000B59120761A896E86D5F37AD2FAE3A5527D
:10E8400062A5D58DFA775AE534B2B46DEBB75B8823
:10E8500087A25EFAA5FDF71592AA66DA4BFE6F292C
:10E860002E2017CC8666905409E7262653BF232F07
:10E87000DB9BC85D63BE2D6FABB431639D96DCCF6F
:10E8800053464D61A6EF0ADEC6FDF6DA9B5EC57DF6
:10E890007B27AAC448F7D6D04C254D30CDDAB676C2
:10E8A000F0E8B5316C8D61EF1F085D569C787122E0
:10E8B000A1A95A62602868E6D403A89CB882848122
:10E8C000C6CB59E0F616CA6E4A22755A09BB1C20FF
:10E8D0009083AEBBB4E5BF9C4ED449EF1702B54A56
:10E8E0001A63A98DCE70FC383665EC6DF196FD92F9
:10E8F000CD09CA0032760F6B6D01DA73DEC589323D
:10E90000AE10D5BD2295BCB016B8177030EED373DB
:10E91000FFE12DDDCBE068C295A342E1CED4908A21
:10E9200055BA62A8DFEB0A46949A455051BA914213
:10E9300076C532104F59BC14873B0F4455A37096CF
:10E940003FFD994789D1CDE42C08C386AFF95DDA44
:10E950008D2861340BC3CC8DF75B37946D07F89C21
:10E9600093D7A0FB3E828530685904284E4BED14A6
:10E97000F815D9B29BF27CFC62090E8C7B8791273B
:10E980006093EC5A4A5EDF43424E0D0A55F1D5CFF3
:10E99000AED694C3BF0C54A421DA86924D6D376174
:10E9A000758FDC3A554DD1AAEA05AF7E051BBAFA40
:10E9B0002357D1BF53A441E9FAE1E7B31E933C0AC0
:10E9C000A15C37538CDC2973D79274342B4D90A003
:10E9D00078CD57F2E3D52106B934BF1560F5B7B24B
:10E9E000A29653077D2342A35136B80BCBB5A13F66
:10E9F000B73EBE34A7E451D477FEEE7D0F2E4E8F86
:10EA000076AC6B8CBBE1FF4CFDAEDBBAD16AEF3468
:10EA10008AA5C9B2CA1DC79E5419648BC0EE6A1379
:10EA200048ECCC000264A9B8576D4BF1AC6FE13BE8
:10EA3000003EC599B0422B6C90300837B18D7B2ACF
:10EA4000DCCA0EB23C3E6C438131A3094D81A04625
:10EA500057A5BAC63C0EAF49F4E3945488E011E9D7
:10EA600018FFFC719DCF6B1674A03FF8E91C5B008A
:10EA7000D5EBE80278C325E863F10E3F5A6F765C68
:10EA8000AC0AAD86B9D704CDC24836A3395B04B809
:10EA900084CD887EF3E38EFE55D094EEFFD2617C68
:10EAA00094F19277834C1DEFCE9C5903FE8361E96C
:10EAB000DD251184015A65A787DD2178E68B28774B
:10EAC00098947F521A0A336003E69ADE96866A208B
:10EAD0004CACC88D30A7DB96DF90E9BF8537CD16EB
:10EAE0008E5445F3DD6A219B5AFB359FF23731D1B5
:10EAF000F64C2F23C321B622F80B543837A7BF6C2E
:10EB000005713C1972363600A603BAD9615BB08B29
:10EB1000EA6F9A852DC7E8787F8664F62A184D9F9C
:10EB2000F073EB7BDE6AC4096F5F584FADA8A6B8DF
:10EB30001021EECC4AD783A4E196951DF92D6BAC3C
:10EB400029D928F1FE06AED6E4E3D80411BC69AF9A
:10EB5000AB5F060CD2693328FD9037C1C147B7D8E7
:10EB60003A2BE6161190517D2EA5F216BAD9A59032
:10EB7000CE13C128A74D015A7A1DA562E18693D90B
:10EB8000020A7099A181D261ED837BBA26233848AD
:10EB9000E4A73A0E494501EE142A68D26AE70F2A23
:10EBA00008FF7F5C127A95D1C14CEFAF4087101EF1
:10EBB0001CEC19E7441B1280950D666A6308BE01C0
:10EBC000FF9BCA020D16C395128C6AB9B972EFDBAE
:10EBD000E39B0B0E6538A53E9F8E743659A9E082E3
:10EBE000212449CE9EA0B1C1C2EFE266F36338D1C1
:10EBF000C59B9873FEF4524DAB46AA6C946BB0BEA5
:10EC0000CA6C28450333584E40EEC2455F58E1EACE
:10EC1000A2A61ACA0B7E8E6C3D10C4247C416AD613
:10EC200046A7365E8ED78BF72A197E38411FB96208
:10EC3000BECA0219FB1B2A60AEFD77D1461DD24128
:10EC4000971703B7E5A5E021B67F19A74C8CF1947F
:10EC500060CCB76DC8C97CD3B40CF390C89E81CB8F
:10EC6000FC85D7D7A4CFD4958307423465E903EF59
:10EC7000C755AF768200C8F858BB92693CD1D525FC
:10EC8000426C5F679981104BA11DB1E080B14AFED3
:10EC90001229FDAAE86A37BCFD85912AB8214217DE
:10ECA000571035A33CC5EFDF28248E40A3DDFD2E91
:10ECB000FC5782DB70A184CAC810B4F85E262B58BA
:10ECC000D07199145F0DAC4FB2FC4570BF9AA5414D
:10ECD000C9D2B741D0CE050D52AEE72A16916AF6D9
:10ECE0006DD0BE7916B58A2023B484B06F86B692F3
:10ECF0004581A7A00195DC8B31E6B010224297ED4B
:10ED0000A1BD1F0A6AD6623BF1FF63E6B000EF20A7
:10ED1000337F4F21C52AECEB5E8A7C7EA8EC66DF50
:10ED20007D9C5771FA5C2D29EEAECA03E189E6B6E7
:10ED3000ADE4E141E0E829C02CD8822B1C02D1E0EF
:10ED4000E8AE48DC41B0B4389292BCF1A418D24489
:10ED5000E36361E9427F76743BFF4549DB1909A211
:10ED6000032476D729D17EE75DD4176809176A5244
:10ED7000B5F07FEA2044E7501002F96A2819071419
:10ED80002350998E38C5C2664083D98DC8FF4AE5A5
:10ED9000BC08A06A88115FDAC6D4F4AFA70EFDA63E
:10EDA000780DE264E649BE89B7F9628FD6C6D39C76
:10EDB000906B2456FFCF14437461F3C481F4AA25E9
:10EDC000024EBB66C49FAAEDFED75885C2F0A70EBF
:10EDD000421F01E81A714C462E95EBE34D010418D1
:10EDE000B0FFF7DCBD56B0CDAD9E30DB00547FF6F2
:10EDF0005284E325E9AAC58CB6841DC7C9AA177039
:10EE0000B1D14E31C8334F3BF331834CE588C6ED69
:10EE1000C36D11525E19743B06AE44334C7816CC68
:10EE200087F05E0AA4775929D4929DC3DAA066FEC2
:10EE30002F2EB24185318228D9D55F4682CC8BF105
:10EE40007EEBDBB4055716F525974BE36ECD507E70
:10EE5000D94EA7A88650C944AB5CB32205AC632643
:10EE6000B3F51456127DD542CF182CA6FB70BFCB3C
:10EE70001D12140FE52AEA33CD614A40D952F553E9
:10EE80002DE973CC53AE74C6CC0428D2E67C931F14
:10EE9000D35A44817B1CDE2E050A17D737C49D75D3
:10EEA000CC8BEAA91D3D5CAD93BA7619BD6E23B734
:10EEB000FB6E36EAA2909CE39F0A43DCBDF77AC959
:10EEC0002F1ACB367311957D60E67C4ED5286F7E68
:10EED000519FD0887756FF7DE4F7F2F6446BB57FFB
:10EEE0002E1CF5BB6C1941B334238FDD70617A5948
:10EEF000CBA9F04C49482B9B9129093CB04FD78DA9
:10EF00008E335070512C55824AD2E45B97B1346BEA
:10EF1000D8C482922BE6D4DEB227E4A4C47FE445B1
:10EF2000E175FF1D1B552A9F2C1B2FC75934E9D0B3
:10EF3000C4485A4B9A858FEB4B068EEAA033DE9C71
:10EF4000CE8E18612AE36C3D49E05EB53B58EB6C10
:10EF50000F6544E3CDF2CE70CFC91E02F33A2D31D6
:10EF6000B839943856890B76112749E425EC9FE58A
:10EF7000AFD442D3495DAA20043508EFC04346F41C
:10EF8000F4912D794C4BF2B38B16D3C13197994D37
:10EF90004F85393522CB282FBA1082933D3D2794D7
:10EFA00077FB3A96CF8E9FB2F71ECDE4A0EA77A00A
:10EFB000C831244DC3B888F1A285011F94F236E20E
:10EFC0008AC8177B009B111642986949ADEBFB4339
:10EFD000A257B10630F51A2D74B1151758D4DED3E7
:10EFE0003904448829758564129C3C8172E78ADD66
:10EFF000D74F9E0509956EF6EFC2D185D6C7EF1E95
:10F00000C04E3D02554C294D7B4364D9570FF34008
:10F01000EB60A1042C07360437EA9F6F49AD60E826
:10F02000375EBCE28D6C8E549E8C29D927A226B007
:10F030001B17E51BA3DEC8F527125CF5C423A15DF1
:10F04000CCDE9AB5F09CBA62A345DA1FAEB12E149D
:10F050005066E20F94B1B006FB2C7C6A2406251C96
:10F0600025FEB8E94B2B980A34C72F26C2D354414A
:10F070003612874A59BABAE9ECFAD9E4BB279602A4
:10F0800024CBC6A6621D56DDC18843A5B60DFC4241
:10F09000AEBAE6BFCC8A0C32B2441C847F652758D6
:10F0A0003929EA34651E173BAFE7CADE706D686E1A
:10F0B0005FA2CE1B13D5515AE7CC11C24CE4C4C495
:10F0C000EBE76279ED34DE16056E6DDA81430305F8
:10F0D0005DD7897812A0E24B77CE5D1992EEFDE9FB
:10F0E000887AA7677A8CF37D36F050C71936908EF0
:10F0F000B36C79E2EA324202B89843BAE3D32A10F9
:10F100004FF4B38ECAC61AC6554C81978BE2293B81
:10F1100056251A06F264577F3B0CC7F884F69C8B81
:10F120005B10D1ED4FF0CEB995A43841AA30702CC8
:10F13000A24BDDAF3A1ED210F27B63FB12CAA3DFF3
:10F140006BD4B226B5A6B37428AAB4EBCD9A49A65F
:10F15000C3C9C39F35CD01B7287E35E0CBF448B68F
:10F160007E047C2314424CE62B130788704142D660
:10F17000A988168409C2373C707894F6E3BA8400F3
:10F180008770E51DE1B03244227DD654A0A442D759
:10F19000157B2AFA3824CEBD54535BD6381E8AB963
:10F1A000BE138C13F8670DE3F0724C2910FC2D93FD
:10F1B000F42895D5B512EEF11A740EDAD95F32EE55
:10F1C000E47502759D87275D6ADBB39AEF5ABFD35A
:10F1D000714A2EDA5BA0CDCDCA203E7924F9A24A2D
:10F1E00004F7095E1FBFB79324585091E509AAAAF6
:10F1F000722EE43B485CE4B36225D4308946CE1BD2
:10F20000A89EB50BDD526F8DD6C198406B746338E4
:10F210002FE9CDE04E358D6F7EAB52FC1B2EA577CE
:10F2200021F7C588FBB378B8080FAF70D96F2813E2
:10F23000B7B0D0414E8FBC4EAA5432F651741E72F4
:10F240004147B53DFD848844E4F0F53CE15DECBD0B
:10F2500039BF071F1A1C7855689FFB22E1BF1FDAD0
:10F2600089AFF9A6B16259EECB7DDA6FD58C9C8857
:10F270006319A8EE6638F21C25D86A7EF05C833BE1
:10F280000E534BC1826F33C6D46DF4987514E58963
:10F29000DF7FB7C71D421A69F81DBC6BC94AD23956
:10F2A0009E7FE821509E21D08EB2E141204015E1A1
:10F2B000B95ED2B51BE6816847B817D4B8EC3161A6
:10F2C000AE27F81D75D7C83F9253ECD02898A50AF1
:10F2D000B287888F821E16723A24C3F301DFD88D5D
:10F2E0003B5272DDCB9F94560C6B61F62CA5CBE0A4
:10F2F000F9849C3BE05B0ABC767ADD87DAF068A98A
:10F30000C109E312991C43CD3AE168EEB959E90EFF
:10F31000E5C1B23C6A1A44AB01727CC9799CFFBF5B
:10F320002C54F50E9074777854D9236D231E5E3DCE
:10F33000DB3E6D3A044F535BEE35A5B823BFCF8259
:10F340006EB216FF899C1613F98926EF6CE19B5764
:10F35000D744508A500E389DAC196A0ED22D13A393
:10F36000DEEDB49660FA58FA614EF98E0D227BBE3E
:10F370004D8ECC7A15DC631FF9EC9C62E2EBF2C691
:10F3800098C5B680E0EA278AC36DA171659E2D18E5
:10F3900026460A8E6769FE22CD26051DEB1289C01E
:10F3A00035BE5783EAEBD61C3E5B7B7977DD47762B
:10F3B000F53E512E7742DC25CE317666AE4F6B5549
:10F3C000A8BB36B66929B9EB8884F53316B2257F18
:10F3D00017B9B55E6AA0E7E5D11529BF4E49DDD260
:10F3E000883AB47735FD6C57DD743E6ED879F56A8E
:10F3F00099A2029E9F9A0AD29C2A2FD27DEF793D34
:10F4000040A36AD4092A554ACA69D243A9BCE8DA9A
:10F410003D6134B1FAD986AED591D764F74C57F433
:10F42000E366787E4968012B1048D01C7759434425
:10F4300040064CA4F1163FD53EA4FD625F0DE16885
:10F44000828801096AB419A5F6B6AC18A3003AFE81
:10F45000B9068E452787B7299B937A851A6AE68372
:10F46000A90959C86DB3A7F3B1F4B0E4CC6BF0DAD5
:10F470002ABC854904D9230C1A6ADE045F047A0C7D
:10F48000EEA5363D0B6C08C463A0D2E99CB25D6862
:10F4900045FF122419B4166794679976F17A7AF9C0
:10F4A000ED8AD9AA0B436E580AE88C9CC734FA7EC1
:10F4B000F74FB67B04826DFE919070CBB163D0E4C0
:10F4C000280786468CBDE8F084BE9B3FBD86DF11D1
:10F4D000C35797A56EBE32B8FCC2A12CE063B8C179
:10F4E0006CCC88C7B8AEA2921EE1D420AD6F28BF05
:10F4F000599E4CE4F81F229FEFA766E464422E2831
:10F50000BD21BB40E06A6956FEA9B43E0BF2802BD8
:10F510009EF51722ACC73412E9D2841449CAF87692
:10F520003612C2F6B25E95D00FB74F5F11D0E7D05A
:10F530005747AEDE05F359725D6221EA251EE0BC35
:10F540005BB1603EBEFD3E246E1DAD6A28E957E00A
:10F55000A5AD5887C51471F21176EE667D8467B744
:10F560004ED5B69DEFC16B71E33E4FE7C5D2C7E400
:10F5700053ECBCBEBE5C59CB513EBF4F1F0018427E
:10F58000DAEDE1FC7D29138803311AA9B6AA2ADC39
:10F59000A440B1056E720C40AAE27A66B5C9AAA56C
:10F5A0009759BF50D636BFE7129002932E46945417
:10F5B000CF4E5B1B86FC90A3111E2557E0639BF288
:10F5C000A39FD87B0D1F33F81875FF01A20A7F9700
:10F5D000FA877F00C673326F7008F2897911DEFCFA
:10F5E00014090DF2866521AEB6E46EDED5CA98D058
:10F5F000865480EB81A47EDD3E6371D99DC25A2D75
:10F600008B5232858936BD86DB3A077E766E826FF5
:10F610009A1E043847D788627ECBF2A1EECB7A0CD3
:10F62000F5A60D39E1B335C66EC5A48A6291664967
:10F6300056C2A4C09174B9B6FCE340B0C83433C01C
:10F64000E5C5A14CC86BD4EE9598A4F89269F71261
:10F65000D99F892E06E26763CCB64A59840F1FD71B
:10F66000AF0C0E3AEA7CCBFD712017E50D8B4A3DBD
:10F6700005282355946294552D5F000BDBED56C28F
:10F6800032D492580BCD4CFE953BA50909B44E6877
:10F6900085E808934AFC3C555BEFA379C2CCE5238F
:10F6A000EB401AAEDD77F372138CD87C3CDA5077DE
:10F6B0007467336AA9312B0F77D35026209E02102E
:10F6C000CB123C4D81B6126A89DFA131B8CE31A18F
:10F6D000AEEC33BEE73CBAD8FB648C08292963C77B
:10F6E0006564A6ABC57B7DF6B3359858F511450822
:10F6F000A4980D095A5A3D53CCB0A24DAE8F2E2777
:10F70000725D22FB5D6C5E345CBDC3BA7ECFA3F735
:10F710002D7C2E1017289B287CAC84D073650DC3DC
:10F7200090199B299D9B6AC0B749F6109F21F573DC
:10F730004118213ABB71A08D7A2F7335C13316342D
:10F740002C99B098AF3BFE6DD3297F0155D42C0383
:10F7500034CB84E026E581DBBC9460FD7664A73D74
:10F760001E7DC778DD119A8F242932961DAD6A67F8
:10F7700058AB8799F392A24DF8F60ADE40DCDF23FE
:10F78000CD5365F4EBCF7CE7F3FA7B670B873A0E3A
:10F79000D9BC25008DAEDDC38C5C5AE75391EAAA33
:10F7A000806D0233A650C5BACD40F39306633F1A6D
:10F7B00008727DED89F774C6F33778A52633611595
:10F7C000460CC6E294851FEA06C6C63D85FE7E1F2E
:10F7D0003D535456D2C27B05ACC5BB15308999FF49
:10F7E000EAF34FEAE984E398D2F4F7979EE52BB960
:10F7F00067A229CA1906E71F45B5B2FEA8E23D6611
:10F800002CE63C8942FAD456B4997B57DC39AF8A4E
:10F81000DE26FB477DF816A700C35C8DF80BB91FE9
:10F820003DC9A0C225C70E8BEC6E3790512279637B
:10F83000C5388BBD6A00ED94C4672F777810DEAFB2
:10F84000B12F322CF5DEEE5191CAF045BF967C4CBB
:10F8500057A202833EB2475C33F401867F313A936C
:10F86000130EF95DEEDAF50DD0D6BC56CFDAF4D82A
:10F870002AA420FF4BF3E0AC16DCD56CBCC84914BD
:10F8800092E0426124E14229580B8B82E8E8FF12A2
:10F890007922CCD400DA2B63BD16323BB6369847BA
:10F8A00074145033B3A24438DA0D1BF9DBA6E8D93F
:10F8B000628A8D74C98D09E2CBBB3A581FF6C572B6
:10F8C000F188FFDA9BEE0FBB23D0E326052320D778
:10F8D000B974024E6228E61E9C9C09D7A2EFEFD0B5
:10F8E00086C45EB5CA69019A0462AF9A7119B4D42C
:10F8F0003835C3963B6E2B8936131D95B2159E5332
:10F9000084913E633633E3975F94C9A765CE0F1E9B
:10F910007D2F5D0DA323F598173A50C4B2F84C76AD
:10F92000425AA4402A91B8215F99965371FF43C46B
:10F9300051566954442EC435EAEEB6625C73221BFC
:10F940006DA11DF164F6F6011E016F10C333A54DC4
:10F95000CB89EF728C2F802CCB41B23517E47C34ED
:10F96000EC474324EBF7AFFE695D73BC7F1BEC35BE
:10F9700054C0F270A398ACE317B349906A29B93B1D
:10F98000CA3555075100BFD25DB7D601A6FF0AEEB2
:10F99000AC31F144039AE725B5C17FFC2C2305E87F
:10F9A000159AC3FD19F8B3863C0C6B97FFA98542E5
:10F9B0005CB663231D1F0786902A595609B9CF2EBE
:10F9C00076AF88A44D4F6C6436893D8F1EDC6C4F3A
:10F9D0006920443776F0325BAE3AE63AF829883946
:10F9E0009F8D416F72D75BC2ADF396C1D92DEF7B6E
:10F9F0004CCAF2DA35A447645919D71036309E1034
:10FA0000956D4EDE3A9234624CDBA76FE39E88A67A
:10FA1000BC27F4285552E2A79E5AA960A55F51055C
:10FA2000298E822AF4902B96658370A16DBF0BD727
:10FA30000CBA7FC8048DE6C21BE4E3B0427FDC6DE4
:10FA4000BBB77B81E8CAC50264FC9F0D248E18D128
:10FA50004CB23640F7A8B580434F54DC1264225CA8
:10FA6000E26D92A271B5A2E8E2CA6403411ECD47DD
:10FA7000363519D1DCDFBF5545E4E103AA715E9A42
:10FA80006EF67769FA5D1752AC7DA5F7A6076EF999
:10FA9000E24626ABBA982C5E907D2DADB1A1C792FF
:10FAA000BFA28EC24643661CCA33E44D958564747A
:10FAB000860D9B13C5D931BEBE98DCD5FD42018CA5
:10FAC000D9A1A9807EB8DB89243DB694279461BE74
:10FAD000DD77C1C9DC7484760C5AE70F8AEBC23536
:10FAE000BDA789E9CF3886BDE3809D5B693A58BEE2
:10FAF0007249AC8D7DBF35FB8E9AEEB5C2E077388A
:10FB0000AD807BAC55FC074E75707A6B583F5F52E9
:10FB10005B74CD7A76E867285A39E56C967C68D0B4
:10FB2000CC41DCEFED9E7D4666C1DE7882A925E9F9
:10FB3000004439152A2F485C1D36688BE1B7AEA307
:10FB4000F2AF7D8EC7864DBF9EF0083123B8D356E5
:10FB50002949809BA04D2A5D1369BD0CB3990F61A3
:10FB60009BA6E5B14A8FE4711A8272D5346C7BE2B0
:10FB7000B4348FD3673725CA2EC6F9E5ED9647F41E
:10FB8000A8C4070F60B1C833F8643F4AF6059B6408
:10FB900048EF17FD31CF129C8BCC44107C36F0D24D
:10FBA000545778702F642BF0E15AB48A9914BF0D22
:10FBB000EFFE96C15312A754DB9635B69AB4CC43E8
:10FBC0002E56170D4A1B13D2F5986E06216E342A55
:10FBD0006475FCE464FC307B434A794E00861AD29B
:10FBE00040227703E735B4704385966BD25ECD56DD
:10FBF00062F37BBEEC14748AE584F8602D36A36052
:10FC0000F54EFDCF30CB88E793AA64C57FD47BFE49
:10FC10001FD00D7572AEB5D82ADF6314837BCB0776
:10FC20001628BE671D0E8EAED565A89AA2418F70AC
:10FC300062F71F32915B74C9027476EDE363D43DC1
:10FC400013CFCCD4153128CCBAE2B63B613FC61CE9
:10FC5000ED24126EDA27F893489A9A6AE6661B1D1D
:10FC600047E092CF55E65F8A9256D2E7C67B9B0269
:10FC70006DD7DC8A4B8DCE29925CB97679F6EDC9C9
:10FC8000125F6BC550B3835206A2B0D395234DBC0F
:10FC9000CD8EABF699B6BCB22099783EBDB5B9957C
:10FCA0000C3F78EE98E1E7E64434114822C70B8117
:10FCB0005E4598F2C6196949F14DDF0C45E7125AC5
:10FCC000FB9F2888D390250A197BA059371EA2577D
:10FCD000F59B36248145C7720C069F0CD58D0340D9
:10FCE00072AAE0B9D7F311FACEFCC1C0975CD8B7BD
:10FCF000ED49649A51B84744929B95043B54E545BD
:10FD00005FECD5C4C09765CA534A421E35C275D54B
:10FD1000552AB87617BB569113231F6A723610A85E
:10FD2000530768851EE42615A5C017952C46D925CE
:10FD30008F1BA3B32FA3747FDF3BF3274F7F8A83EF
:10FD400045648FFECABA76E4E3E530B2340B7B80BB
:10FD500015E81CE452A53F33E247B27D60EEF5F7AB
:10FD6000B31244F3B69D5EA68F34434330763BDA3C
:10FD7000A58F527907B81D6404DD9F28F3DD8B1B26
:10FD8000A89D45A36178F021DF1E44F3A96FA72445
:10FD90000821D125E7B6E9DEE83EEB4214DF8BBA55
:10FDA0003541A6DA9FED0E7E3CD197A89B3D54903D
:10FDB0002738DD16AF8DCE011973BC155107ED0044
:10FDC000080DC6F02AF910365F59F8731A3B29F569
:10FDD0007735225C33D10A68BBE0A2B63E40DC4BEB
:10FDE000425D51A40D590ED369A1D48CB2FF516F5D
:10FDF000B8FDDCC738BE9131668B92EA719CD6CDD6
:10FE0000C7CF15322A042251C105CC6AF6BB9073C4
:10FE100079595EBF612CE9DCF2B78105FF0D2B2615
:10FE2000FF4B6C1C6743D767F50ACDBD43A50D207A
:10FE3000D0FEFDB7B122E3FF53BD8493B08C4AFEE0
:10FE40005C4DF889DFE8A81FA11B1065934B8C3728
:10FE500041A1D171F28FA866B35A60B6DF630BA3DC
:10FE6000102730FB86788D98F50CFEA8B1D1DAA06A
:10FE7000F92B609A9BA884E18AF1B74BD10F4AD144
:10FE8000EB59A2FE12918321AE036C3B7E126DFFF3
:10FE90004BB22083FFDEBAB243FD57BE17FF3C4A88
:10FEA00043CC74FCEB25B6DC7DB4F40359E4356532
:10FEB000E69FB3EAFF36AEEF9F53EF3E260C430FAB
:10FEC0007BEB98242A11FA1DA28D43F26901B53EFD
:10FED000225E90F100B7968CE5EC30FAB87C002AEF
:10FEE000389A5956F29710ABE2813CA490019721C1
:10FEF0006114FBC618FBAE464C0A84FAC88D9E49B5
:10FF00007F5280DE1678381573A674E17D5317038F
:10FF1000CC0EAABE9BE0D9262576CBE510CECD240B
:10FF20004064E0230EE173EED3DA239A5A7E9743BE
:10FF3000CF1D3A4D14864513A2AC464121DC1B9AD5
:10FF4000C0592CC9B1EAA628E5BFA42359B5472852
:10FF5000F562FBFE5841A36C637132791C6081B37A
:10FF60005CC084E604A7D3B74929632625A664C3E9
:10FF7000A1292A45068B364C12E5E6BFF6E4544823
:10FF8000CFA63AE8056F971154DB6A60B3A9CB4559
:10FF90003FFB15F54E8032A0C83988F115C8D6FB55
:10FFA000AEF80171897EBF4EDE1DEB658DBC9413EA
:10FFB0000477D53A8C560004065C2460E54B7F013B
:10FFC000B92A62C665D9B9BD2B1196E174E960D72B
:10FFD0009D5BB970F21930629F3AF150FDF5A55A58
:10FFE000B10FCAA1A20B13D8CFD55E1619DD189E8A
:10FFF000899B79D60C42B52306FA27513054785A9A
:02000002F0000C
:10000000E52AF1609D9D0D1418491E85F010992771
:100010009B5CA7D4C39ED9CA1FFFE1E4799E0C5410
:100020009007C19F8EF4A8135ADA5080EC429E6666
:10003000452489913AAA316C525945DEA6CA79689D
:10004000E80F6C08A30FB859552FCB7838381C82AD
:10005000CDA26BAECBFA631836DB79FC7EF4522965
:100060008B83EE0F3A281E7722C3CD63CB6DF70842
:10007000BE6FBFAD9CCC01B564F998DC9F1E98DEC5
:100080003BAE202C4FF70467A42C44F014ABE6667B
:10009000FBB6A9D9CD2DB2CBD42E1C124E454D0C9A
:1000A000E8A4A45606E2A6D1A5A78DC04FE59D8A77
:1000B000682EE9D49157D3CF66E22A0DC184F505A5
:1000C00003E014D3D7D3D784F15D3E27BF3B4A6DFD
:1000D000C752DD0109B61A9C8C0CD58C02F725920B
:1000E0006A4A16A1F92998078DBDD5B2CAFA108FB0
:1000F0004E763CB1D5EF9775C397A2339C83281BEE
:1001000047A537A17AB9328E7AF0E3C49C314643D1
:10011000593614DCC6EF925EDE4BF47974FC6CD574
:10012000CC4CF5C558A8B424B4DC1E2D91C54CE0C8
:1001300038461A2181F349A95C163A0AEDE0D04904
:10014000C9CDF8A9613703D84A9EE0CED13D4C0E07
:100150004D717D18195611514DA9B7FE568222A72F
:10016000E99F1294FD803094D57413A3E1F12854D3
:10017000DAC0EE90DF725A447881642B39CE1B5876
:10018000E16AB2F7059B7CE811304C86ACA68A0A7E
:10019000428FCFF5CFC78BA615F8B925D6D191F1EF
:1001A0008A66805D5859FCFCA1860CAF7171BA86D5
:1001B0006A02D2ECF9B2FA3F7C25DFE269E15B9298
:1001C0000E5A5869446B561889340898859FBDF4B7
:1001D00095F9D52A9C528D7F84BDC676659FF3AE76
:1001E000806AF4D65AF35E48967DAD72351B85F26F
:1001F00011C7994AAB7F9E65D413241D9B38C64E08
:10020000B427BDD13F425469F9BB42F22596632B16
:10021000BD206A6EF673C0E3FFFB3919320F094344
:10022000F028B6E94FF94FF835D92D00427A966398
:100230002C747AD772649F108E2B9984544FB7E434
:100240001F7F035D653368E784F6BD26054E74574E
:10025000DF3A471B96E9AD823904EFEC487F6C41E9
:1002600001F3759B6672DAECEA57A89C5A7A3984D6
:1002700008C8429889C4CF42AD6FC1A80FF1B64FEC
:10028000A976523F553011F8053D4CCC7CC209C1CE
:1002900079771F2FDAAA74E3A8353A96F3AF12865E
:1002A000CC36E6F4BB5BA9DF270A90BCAB9781692B
:1002B000C63897A27B2B7C2410A60B34ED45E06A50
:1002C000D3D566C9745E3ED339AD125CD9D1CBC9E2
:1002D000B5656021DC8043A77B3D1515CCB702379F
:1002E000BE81E150A52E16EE170BC9364BCBC1C10E
:1002F0002FFEC161732A34E904C87C9F18E4E044EE
:10030000D56F3AC759A82164A40FAE36B07C13A9A3
:10031000387091DDC187D7E479D7B301E988F065FA
:10032000B702F8E5E053980C76E3AADE2EBF22016F
:10033000B06D6C03AB1D444A696A081134360E5027
:100340000AC228BC6EBF360E9254F6B82D41D5575E
:10035000D798EACD536A7EFB0B092065F5F2289BFE
:10036000ECFBBCB9D88EADB9B22C07893CCFCE8D91
:100370009A2E43F3418BDDAC2CACD1902DC75A445F
:10038000F85CE8BD37EC0AE7587EA8B52581C1E5E1
:1003900097AA1796750481A2FA719183001C1A3DE1
:1003A0001CD40E6E679BFA573710809E24F2DAAE8B
:1003B0002BDBFC73669FACC8293856369763C45C48
:1003C00066B055A21584BB5CC2CB6172924E5ABC1A
:1003D0002A0B7F54BC9DBA918687D04BB98A700C8A
:1003E0006A90AF296E980D318950F3285312140189
:1003F000619569D197E1CDB0C48D4A6667FFB5AD0F
:10040000CB3C805E14B69553CACEDFD3AA5B210DD8
:10041000BFBF8EE30453A780BFF0180067B479C64E
:100420006E66704BE1947333E11875D423CC62CFC0
:1004300079C9C2DBF0CE4CDB0478027FBB11FDA290
:1004400061E212E7A284560206C759D6BD6143A3F2
:1004500006AA5C0CB14BCC98249BA208D731628CC5
:10046000E1216FFDC597F529419CB7A7311ED8D36F
:100470007F4329996DB6CDD4ED0B515A132893DEE5
:10048000EECA7AE975B935BF3B8DAB42AE0A8D51E4
:1004900061248A69F30BEC37E20029284E04F99DA8
:1004A00013F5F73B177DA42B46558508BC936C4C80
:1004B000CDD1C7EA807D80002D2C971C2329923155
:1004C0003F46F7474908B426D57ED355EB9631CD44
:1004D0004DFABC1D6A64661A9418BAF81F8AD7FFD1
:1004E0005504C8CE788FDA10A53D8B393C49C9A494
:1004F0003AF35CF500CABE6C9626D99D4351F10BC8
:1005000045770B960C09795F983791C6776DB046A1
:10051000CC991833F7C28EF8B892C77C12DC061457
:10052000007ED0574FDB4C33EC0061C887D1421BB3
:1005300051014ACA125349C429508A1D3C2E3B120C
:10054000E02CB239A956D19E83DEE527654C15BE55
:10055000E9D68A751278B60744BDF8BBFB79261533
:100560002FC897F2EC59F50E9624229192F2F0A73B
:1005700033F6A1EBBC530025B67C26810ED6C412FF
:1005800091B23719B6797B93B3C2EDF2C29A66790C
:1005900071614D77508D2CDDFD759D4CFE3E68EEF2
:1005A000992D9F0FAE4D99FB2C3E3F820019C256EC
:1005B000334BA388829E672A47AAF4D722692CB2BC
:1005C0004463F0FC4E91CCACD268CD693E8C8E5425
:1005D00005E927BCAF8FEAA8423EC2D54B193B893B
:1005E00014434DFC3880BC4C12FBAA621D41727E44
:1005F000E26378417DD831815D5DDAED7936919F96
:10060000F0833FC69292CAD555DA95CA4400A6BB7C
:100610000293900E8C1EE60D5545970BFE39DDEECC
:100620002FFCDE397B8118FC07A8090CBA4285F340
:100630003773AFB42E68FD28ADE564EA2C81B62C83
:10064000CA4DED3C6C72E78C439B6635D16B621DE5
:1006500061AE2604704F3B18F92D69D174D0414327
:10066000EEFEC5DFFED44CC0FEB4A5D000DEDE1326
:1006700067BDF908FF7C28C6F9657C76785CB4B75D
:10068000C2E14A464914A83915BA2AB8D8361E42DA
:100690009341E073C43E8C70965895384CD2F00D5F
:1006A000657B9A337B34B153F95842EC9E93F189C0
:1006B0003F8EC4CB6FD381C068EC99809C827098C8
:1006C0004E387095CF7B09501B57EAA7544EE19DD9
:1006D000DD88C61ACADFCD2D150AC099E8B8C3E374
:1006E000BF3EC9E9BB1D1C810DDD19B4858DF8CA5B
:1006F0009B277C99AC86192DC43D05DDB37BF5A6FF
:100700009A38D2A63ACB2705D690463222AF60F26D
:100710006BFBD9B7FAB96DA2889A4DBFF4F40F00FC
:100720002F95015368B64F59C8655DA80015F97B30
:10073000EE7EED87A66729C86365578EB0F9B0E4F1
:100740000E83983F4042FC908649F130687EA5A117
:10075000D436DB25B2E81A71B670220C9FCC36BFB6
:100760008723249C138F3AEFC52DD85DA9E6B4CE1C
:1007700042F85B15932DC33237B8121B212615287A
:10078000D8EFA7D00B9F1CCF9E4C8E130322D02BEB
:1007900012BAC7E366E189B184D04222778D1EC2C6
:1007A000BDE9D72A1486742ACCC0A4C09E28F9DDDE
:1007B00096BCF8937EB261A0225D2E2490F7658EE0
:1007C0001F8BA3B9BEFBEFB89F551343EC597C2197
:1007D00032BBFD617E4BC867AF23870A52EC33E919
:1007E0003DA9D68675513E4F72D49E660AC936F928
:1007F000E31D34420C66D0AEBC1DBB1A8438229C6B
:1008000011C3330B433D25A31BDE9F05211F7BE056
:10081000859C8527919463588775014B92495F08A1
:100820007F8EFDA62C6AEA1C9E7E097B66674D00C2
:100830000A8D0A5445A805126A85E48B8B849E2B89
:100840007A210646ED781E3BEB7D5CA1E7356A2EEA
:1008500070E6D93E8ABC2E0911F050F11CE2EECAB6
:10086000124387F04F5154CB82F54820852A8B04E0
:100870002280DFBCBCDA375EEDC2D39FC579394A2E
:10088000E23A270E8E07D55A33E49BED5D0DEC99C5
:10089000F09E4B3EF4164492CFE577D992DB50930D
:1008A000DF658BE8D5BC1BF7FA8FF84A0936BE2402
:1008B000F14E70BB909C2B88240C885E6CA0FCA42D
:1008C000E378A95B7BCF66DA4638E1B361E16AC2BF
:1008D00060F9C77933FA524C06D73985CEE3E2B2D4
:1008E000319547B6BF9AD354657EA4F89F1479DF3B
:1008F000A522E0B8607A9C0D7F4993D3524132C85B
:10090000EE08D3FFAC79E6B1F5256E5AF6F9FDECA9
:100910001C67799DD124679027323C265FBA720705
:100920005983290B04C673AF8C1C18779D41614C09
:100930009298C9FED9CAEDACBA085DE51D03B47C36
:100940006AEECB5B0BEDD18864D3AF0F3CE94976FF
:100950004C83F1BF44FD68BEA4BB0B3404AE4B6AAC
:100960000E6B07BD36177DC45F64005CB11F7F113D
:100970003ED796C16A2B832E51F75F1E51953835AD
:100980005256E579653DB0351BA09BBD65F447F82F
:10099000C8E2FE24B1C21BD95330949A3A4C3610A7
:1009A00029DD410A4D931F023926C61CE515F2398F
:1009B0003F0356D766BCE623AD40B1DC6A76B6721B
:1009C000549D520A0F5418E5B5E726D754663C0FDC
:1009D00026C34C763D1E53DA0B97485ECE7A42957D
:1009E0004FAD921CD93998707972F1A0440CFF84F4
:1009F000DBD91A3CF6F5F97D7AA89B87850C3585FD
:100A0000B7B0BF65B9559CF5F63C2901301C5817A5
:100A100017F39B6AA4A46C0BBFE6B05F96BAE1D251
:100A2000942555A6C2CE6F43295BE5575CF15EB8AD
:100A300094C1E5043B9080F405027D57A8DDD65BA8
:100A4000F45ECCEDA83B45232483FE4D36C0810CDB
:100A500008638BA6525A17E8D35AE281C3A376BB28
:100A6000B237922BD5804594167D3CA85856CAD6ED
:100A7000854EF0FADBF5D979C384279ED6203B8CCE
:100A800021B022F3E4479862AF56F7E89FD83EEBD7
:100A900001F2CADB7F3DA0DFBF88C716D04BF1EE65
:100AA000272C21EC5E25849B59EF193B49BCE2625F
:100AB000620B8CCEF011261AABE6943A108B5827B5
:100AC000566795F42A241AD9DCEE9251BDBA782AD9
:100AD000A0DC8C44DFADB159E0FBE89B89DA3B3404
:100AE00033506415A3706EF734313DBBE7F4DDB0CD
:100AF000B3BCF746340B43AB502988280E5A221357
:100B00006645512FA100E2347E43F0A98CF9B875F7
:100B1000EEF4A8C763740BBEDB16BD007CF8A0C062
:100B200008E58EEABDF2B74AF663571237731CF533
:100B30004EBFD5C98136B4BDEB6997C8EBE0E66519
:100B4000674DD803D6FAA780600DC6C3D7C3C516B4
:100B5000577FA88E5B983F71488FFE28BDD376D310
:100B6000B17347D2F28414C229BA441F382FF0421D
:100B7000DFF2309EA3ADD95A57058E149203AA30E6
:100B800079FDA92D9E5D25E19AB6A0C32C7996BC6E
:100B900088B8E85E260E49DE6AF706A689AAE5BE91
:100BA00043CDFC85DFFA2C1B8B118388BC2490F786
:100BB0000F07058D5ACF27E6DA68276E87D9675B5E
:100BC000438B58662E7E8D54E7CD0456FFEF5E179B
:100BD00079F60056A120B01730B108F7C2E9547079
:100BE0003FB925F4A86C8D33B5656C7A8D9C2631A0
:100BF000A10FF0995F214C08B861BBDCE577F23EAC
:100C0000EE7C1C33359BB23214CF35E8F0A6CBE92D
:100C100030E769F2D4E6F19D303BFAEA5F88327141
:100C2000CDF3DA96DB0333C273277651FFD3E604A4
:100C3000CCD357AAFA87BD3C4399BA9B771020635F
:100C400071EA65EE73F0DE3755E9BB78A40FB0E9C1
:100C5000EC52C8274F7AF3A90193C093F1CE57C73E
:100C60009A46CD74000A6147956AF1E4E9A75C18D9
:100C700005A103F9EF9D2D09A3C1C74B0C932A2AA7
:100C800088DBE497F4D013A5ED101C40A66DF1614C
:100C90007E4FF4B251E44076442F4D0E90520344FF
:100CA000CE5887A633171EFBBC7C4D21D25DA00514
:100CB000477D71B646574C1F9E2A41D399A052D109
:100CC000B278D6C5AF7D88BE488873BC08CBF25ECB
:100CD000B7C60B3BBBAC14F677D357509772CC60BA
:100CE000852944B2E6A4279A202116AD5E4B3474C0
:100CF00065BD9900D8235793E910448261179C1E63
:100D00001803542961A943476C28C7038206432569
:100D100011BA56F97F1F5FB18676A69D6649B9055F
:100D200017105A93485596E630417DC62167F50164
:100D3000F99577AF99DB935F3344E975B26198E534
:100D40002CAC9D1D229D52E8E2F612FDD773D2CA4B
:100D5000495829A1F69276E09995B696FE1E4AF971
:100D6000D9847BC32F2146283B4B7336909F9BFB36
:100D700074FDCE6DBFC0C1D4F21F22B560CB11028D
:100D80008B8C8D9CF030F58F3F4082CB1349DFCEAA
:100D9000825801ED793F07080741E6BD055A9EC814
:100DA0007CE4C2CB1D8EAB3A4EEE0E8CBC4241AA07
:100DB0005F5D08CF03DC50AF611F03842743737965
:100DC000A339251ACDAA85C2ABB32391FF011F0712
:100DD00051A8FB03A0418696CF6E69E4B1FF482B72
:100DE000EEFFD33C772A6ECC9C4E5F94B36E1FAC63
:100DF000432BB830A260D85EA5D0268A79BA359345
:100E0000B416B29B489707A199421FE09C2BC904D6
:100E10002ABA93CA37202A5686D39B8EECAE556FDA
:100E2000F491A6ADC338B1C89230F78BCEE3710F01
:100E3000BC74DA065A78B055EA261CF207770A77AE
:100E40005138136D3A495DE3E45B292BBE4DB16720
:100E5000A8FEA1C782C214F5DCDC57590283F5EE67
:100E6000B0E311C39E3659994841862C1B65197908
:100E700033287FA3BB7A06C98D26A2224E9FC73591
:100E8000B894125EB20FEE4C405EAACF9DCBA1FB90
:100E9000F172A667280ECF2CDC33E90300AAAB5908
:100EA000EE561F2840A09809B567AAC6E02223ACD9
:100EB0001B483DAD40D63FDADD7D6BA170DA4AB606
:100EC000722535828E9E1781E5AD01FA3317B2C5C2
:100ED0007D655A51B68DB19A2FDF9A8B756AC70B13
:100EE0000212ECD4C50AE91CA1D755EEA5A45EFEFA
:100EF000ECD0AA5917B8F323E2BEA66495BB566E90
:100F0000C93359477AD33810B2A92672146D8E7B33
:100F10003EFC9EF8561FFBB620153AB193BCD9692A
:100F20008DBCF7CB11D5F26EC889FD25C59F227DFA
:100F3000BA98AA20C708793EB005F36FEB3F7B99BA
:100F400072DEA420B44242A4BC86719C60AB6B7775
:100F50002E3C15A352113F173289F805605DC9E395
:100F600061D57288CC62C1F594299DA58F24E6CE07
:100F70007B767FE62FE955C2719AE261E52CE88322
:100F800083A7D5DE5D5EF35DB494152A149D5FFAE8
:100F9000044D310BB2DF3F6DB821A56AE9C6862644
:100FA0005D53996DF0EA5AE013C93633191E417545
:100FB000DB4E042563BA2C883752196844335BEB47
:100FC000BBDAAEB05B45F3F463912E224E0245943A
:100FD000DDA9444379463722FB333D6981DE2B0E80
:100FE00084B58083A742ED505BF44853C1AC50A058
:100FF000E5CDB13901DEF15CAEC1E7662DEA90A71F
:101000007B4316F8D75EA9FF554B82FE77B39D143C
:1010100053894D9088A54350EA746D6660558F11D1
:10102000F4134C7C028F1EBCF4351B6B44781BFE02
:101030000BD14872FDE3D358EBCED5DC78A2414505
:101040006DFBF89F557BC73CF042FA2158A41B2B3F
:101050000D3C311BF3DA40D37649EC0CF9A8C526D8
:101060009049AD73021C8B8CA1FF8189CF44167E01
:1010700068D265745613B85ECB6295B6A93B16D19B
:101080001063D9C1102320D3A88FBAA9CA30352242
:101090008FD0B75172132317A851CF67B29B5D133E
:1010A00029815F1AACF265A8824DA9AB4530EA32BE
:1010B000818CC92B278EE4E01D281B220F9CEA712E
:1010C000947C4B1364DCB20E311140CDA42A5F6BCB
:1010D0003155E1B32D9D43F1CB83A7C2EEBB1DB9C2
:1010E00058CF7342DBED0C7E826E1FA4AB39160322
:1010F00095EF2EE4A7419A9C78811EE8C629C8671F
:10110000DB2F068713EAF92BB183979FD3CECD252A
:10111000C8D3E0D0CAFF0BDD4C432E3FA769F9D9F5
:10112000DEFD2C9582A3F444F72B45082E759A5BBF
:1011300048A359C85EFC624B5A15F414590D1A3C69
:101140008C22EC3318A492DC114AA1842748EC07C6
:101150000CD6C215BA1EE2159FB4EFBAD0F485B50D
:10116000A8682E92346EE55DEF596A333F4B18E163
:101170004A598775983410D14897A980EE936DEF3E
:10118000AE12E6FC4DF0E71FF95F9890DFBB2A171F
:1011900022982539892D3CD7A546C8EDEB1B008840
:1011A0007E8D30DFDF2978912F6812C3BDF54AAC00
:1011B0003174C9AB801660E6D95214266E2050FCFB
:1011C00030EF46F879FAC88CBCA6A38AC96CA894FB
:1011D0008780793805B284B69CE5DC986023A33D0E
:1011E0008C276384DD804E2568987853DA296B7AE2
:1011F000371C77A4D72E3A37A29C603148D4B3EB82
:10120000277172E427FBFD6ECF0CFA2D4395EAFCA3
:10121000A8F4DF8B636245E5240D6A095FC8E59891
:10122000DCE2349A8445DEFD59471A948693491FBF
:101230002DE5A874DD39C116695B5B16E3EABF23AF
:10124000376D044428E0CC1C81F94D21A9344418A1
:101250003588B4DCEE4AC9CB63F3939DE8018AEF8D
:10126000273ADDB25521FE22A6B72E3337279EBD81
:1012700088FCA7A8FDB4FE942C9795E05D577C0EE2
:10128000420C665FCF079E452CFC974ED7190D394F
:101290006F299F1D07B0E49F562B0D871B1CBC6D4B
:1012A000675E400F370488CE679F09C6978A6046FD
:1012B00047A61E142A98D9462216BCA51AEA519BA5
:1012C000A175710471348080D165F8C95E1CC5FCBC
:1012D000F29B11F1BF7E9C10EE015FE864AC79E0F7
:1012E0002588F5C6EBDD3222A7FCF6B833914E2BEC
:1012F000419AEB3D47AAAC8A2E048F3131B7E08288
:1013000097779F5A5DE9A4C554EF1208B538944FFA
:1013100092622238BC1059D3B27E9DA494824312AB
:10132000D33B6C29CA45ED84B0B61DCA7D2B84CC55
:101330000DBABC4008CFA28399AF99431A9C86A7E7
:10134000352EAD08E4DE586E828E489E2DCFD90230
:1013500093745ADE36DDDC9331323165E8C54A2BB1
:10136000B814B59D2E4EE1C3CE5AF714FD8588976B
:10137000E734B079A877F200DA05C35092CA42DDAB
:10138000CC8058748F681556342C519375625F1752
:1013900003B6A05781578C112D3683486E0F2E1F30
:1013A000924C6CB5E758863093216FD327CF227BC0
:1013B000D7497547DE2843EDDCCA10E211730122DC
:1013C000074890E862FC76D7D1B35063D48DC0FF54
:1013D000D2406FD3F68B1D04EFA127CA740F71445E
:1013E000100663F51E2175D959D2BF65C4DABC2F2A
:1013F000FFA6A9C74D6DE7027B3A7FCEB6DF159BEE
:10140000512D20E4699E44F33A59F3CDF7DA6FF099
:10141000A002E0285A6A3B536EC4A970B330165438
:1014200004D4A2ED8AB13D48115FBAC5E4D45C4E44
:1014300014277812F7999E4FAC0BD27E5911EAE12E
:101440004D866136827F2AD880547AA57301E03CAC
:10145000D3B6A21884069575DE362B43248BFF4F36
:101460005E53D928E4EE391B6BC7556A10AE307550
:10147000343DB1EFCFF01C909B34979EFB1A323075
:101480009F19B7FAE8EF6749EF56ADF0247B8CFC63
:101490000B71F12714CF76E9EB1E48C4370C16AF59
:1014A00055B91416010BBE66594D4C12A4D82B4BDE
:1014B00010385F6DA1FDECF92624297865C1818F74
:1014C000B56DE95D7EDC32E597C70166188C180AB8
:1014D0002D4A1F26C2AB30A289DC547605300FFF9F
:1014E000BDF02E9E573CEB7E8B2138D064FF72FA04
:1014F0000E28587C2A7904D99DA41589181809BE8C
:1015000072740AA1E2433267E5BF3261304A4CF49B
:101510003765334856FD587B01665946073458BF36
:10152000170973F03F08DD922E7B15E8371950A993
:101530006C7DF60030F5B067404D89A2EDB0E65EF7
:10154000E835563A83BC6880B354E9CAE3BF9A6F62
:101550001CC97077431BCC23A5646D96A73C71CC46
:1015600071B0601DA1E8A87B2560DD4964D0DE6F05
:10157000971DD2A6EA7709C7640F6425FCD1120033
:101580007FDD2009078836CE41A501C6732B6BC2CB
:10159000AF4357A573AD32398737A8885B3AC99CEA
:1015A00020193D6831A534512BF02D95FFEE2BAE5F
:1015B000EB8665BE34600D166292D0B5680DE9A168
:1015C000273715BE03B73B04D0BE610E55805C3B88
:1015D0001F5C5D0E7F32A456E145D762447ED14543
:1015E000C6E834D638FBDADF340945F6E4F23BC707
:1015F0006F4F5E7D2E8F17842FDB69566CF48E57EC
:10160000DF8EEFAA4CD7FDEAB6DF4EFB703431BC5B
:10161000B22E790D2F5639051EC8781BB283C1D45E
:1016200069CFB972766E642D1F4B68227E4981E0C6
:101630000E9D81D4ABA29950B08C8948CB69CFF173
:10164000C60A39454052B4078A769572329E02889E
:10165000FBF6D1A9254DAF1F959B13FA8D406A0D5E
:1016600052771FADBC422772DCF02ADA1E53132BCF
:10167000BBE443C97379DE01849EE90B92965E2B2D
:101680004CFAF8A4F8AE4CA99ED148AF38062DB755
:1016900053B5FE50AC26F95253C0E4C61F2D7D1B36
:1016A000DAAC9FD92D5F6914D80AB23E52FCDCFF38
:1016B0008C2C35995C95688A2414885D3100373309
:1016C0009F0C27406CE8BAC1A79A324AD31F3BAEA1
:1016D00014FD8B4C464914A085A2F8D3EF3A864CF2
:1016E0002F0D6C8E7F361C52C09B0193F25A937E55
:1016F000C09E84F046AC1EFFC7F9E0CFC20A20208E
:10170000EA2401BF7B84E81C5EABFAC35474EB335C
:10171000933707FF79614D53DB2EEA5D06B81F0949
:1017200063F75156F187C21321BD006C70CA5793FD
:10173000A535B8CBA05B5E2EE04019416CD1F624F4
:101740005B96AE731DD42C875A50E23314FBFC0C0D
:1017500062A8B15FCFF24E6CCE24D8A92730BE3C30
:101760004067AB2C62287DAC7334EBAE851C6712EE
:10177000F86975BF48F162568773F33E6A58545250
:101780007C51B5F4D06028DE250D953867DEE783FF
:101790006E9F9DFF2EB980BCAFFA7BDD5827A69FB8
:1017A00029F5A130CE9ABADD469E04E0AFB8AEBDB1
:1017B00078FC85914E5DE1D803143D2117C577165D
:1017C000162AEF799C0DFD554C7855AEE76D92E7E2
:1017D000B82832BDC87CA469C01E7903268C3A356E
:1017E0007610A381C578D6F034F8BAE39262FF1E72
:1017F000E69614EC18C5EFE3B2B4AC6A44BED4DF8D
:101800006439EC43979898566F6CC0B6F3A3F347CE
:10181000F8CA659FBFCBB03AE1A20130F0A9105CD5
:10182000E9A64A342CD1FC093BED7233B7802C0079
:1018300053FF2D23C1D6FF95085F819558677A7AAB
:10184000399B0B2CA6E40B213E183905FE6AB37EAA
:101850000FF9C0F3DA7E9F4510ECED653BF1C94707
:10186000F9694F26E20F27D4EBBCB5DF49F3511DD0
:10187000CF5516E127CE0621957B460301DB1B746D
:101880006A79A924E4EEB8363314C8BE014FBDFD11
:10189000510288E6C4CDEECB364F98F82D28E3F4FC
:1018A0003DF3CC8E4D276A77E41061F59D51E5E557
:1018B000ED753D660444A238D68EE2AEA9EB573FE3
:1018C0000065F6751980D57A8D1A09120AC00A15B5
:1018D000209961777D290C54B58AA177E07AF5A823
:1018E000CF8AFEAF53F5E0FAD7AA158B003B6A808A
:1018F0006BF2875D78B3BD87B1FF6E22244A0991F0
:101900000A7AD27E9950175DA31BF62A879974260E
:101910003025286742F20363B4E9E39A9A0D9AA04E
:1019200006171102DE3AF24D277C1E17CE7AB7D287
:10193000EFCBF74B300EC9BE32C5F66A408B993FEC
:1019400075CE48477E21C18DE8EE807DE64D45E3AA
:101950006561DE7E7D2E2E83231C30141E991F951B
:101960004C53DC9E04EC47E34798BF605AC5E286BF
:10197000BDA297C08E9655751A16F44ED152FD052C
:101980005CFBA254B8CCE8F2349D26631F89414B1E
:10199000483C5FAD815CCC733C543BE3B3D079B63B
:1019A00050DB0E974786629DC98D85690395166F3A
:1019B000D195F0B8D92B5A7C9F45DB8A078CC84F4C
:1019C0008B263E7554BB4921B492614A458C6B18F5
:1019D00074B935C54CFF08D1D38236BC6F1086D19F
:1019E000C112873F54CC29DECC47612D67BCEE572E
:1019F0007C829FD6A0764BE2E354AE0062003E2389
:101A00003710A7779F88648B301BF46D139B3C1AAB
:101A10005017E41D891E8186CE14771A9A2422D687
:101A20005CFA94D6F5455EDE509BB07BE454C9A8C1
:101A3000F9762516D5873396A79A15E4BAA671715B
:101A40003CDD6270B13B724B1A5EE2F80A5877F8DF
:101A50004030182483F867623ED4B325BC4BC3D60C
:101A60004910C5DFDA22CD365FE31F2A2DF5737DDD
:101A700032FCF9013865B0DD81D0D29D2E4DB776AC
:101A8000C6A9CDBBBB504EA819EADC748448439369
:101A90009E0FBE5C8BF894DEE4B4B7366911A249A0
:101AA000802A7DD7018A414259315019ED724A434B
:101AB000C0A2A0703452070197375A9775A558668F
:101AC0005EAB5E7B0684A589DA28F53BBE2F82C615
:101AD0000A0AEB48F369D98FE4A84B3B1CF129CEE5
:101AE00082F4D84FBD0D386A5620298B3174EE55DB
:101AF000EF08C168B84CC908785ABB92C5410E3688
:101B000079222C32E8EB71CBCFB7552E24F3D7F0E6
:101B1000FC676F9A3FED741420485632726295B894
:101B2000539AC10AB69AFA6E7F5FD9B2F1440F4058
:101B30003E38FB66853A9B48080FCCCE9470937D67
:101B4000963C73BB85231BC0748E9CA65A84F6EF0B
:101B500048DFC582B4A2DA6134444E2B902B3D930A
:101B60007AF40FA3CFA07FD3E714096870384E082A
:101B7000F89B3B032A17284FEEF3243BE62409C8C1
:101B8000D16A5A2E9CE4042F4C9765676B9D5D19B2
:101B9000E8064CC4CF08B005EE62F4A40768D0FD97
:101BA000E7AFDD76CDE0CD7F4C860EAE9A1B3C993B
:101BB000E46C268670BE34131C38C02128051F0D26
:101BC00023FAB6F82D7351F7655B33CBD61E0A5D49
:101BD00052EECB762F47615B67FBCE0A9A5B54E2ED
:101BE0008642E3ED447C70B5307AB715FF9A9DB21A
:101BF0001AEABD990AE42FF09B07D57EBBF1A4CF6A
:101C0000601AECAC08D3491B136B2C19FD5CA6E8D9
:101C1000D47226FB575C1724DE3B7115BDA4DA1C79
:101C200051815610B402D343F7FE738520EA55FE66
:101C3000CEC1C8E2EF02DD155EA659D9A18F4A6A6E
:101C40005183BB6DAB730DCC63B34C50C21BFFC251
:101C5000BA381F1B22C5A02312473DE2E46E89DF7C
:101C60004CD94E5E0EA31B3A9685EFBEB4606EEB68
:101C7000CE603DAFBBFE3D72CC18AB3904596E242B
:101C8000090272DDB4972CFC978A70F0FEAFC14454
:101C9000AD079E2F06E7A06D28973C420937F870E4
:101CA000A2E99FDB05215B6320AB6450D6D9632C8E
:101CB0001A0EE66EF6DAC38F21F1D7025A93774CEB
:101CC000F1122999B5488C7B4AFE52E7C920B7B575
:101CD0005626737937756E7F1A2E532DD761DA62C7
:101CE0000E2C14F1F049DA842B7A1ACD111B0F5EF9
:101CF00092971C4780B6E36204733129230600EBF8
:101D0000BACA67C31015BFF71023ADF4F7964EFF9C
:101D10000F35EF127D3A3D7BBF0DFE624A31C56C37
:101D2000D7EC9D201940B6D0C4C8AE4DDBADA4DBC6
:101D3000F52A7FBE848DA8B3794CFCC57511D15EA0
:101D4000EDC13C069519ABB71336A4DD1A9B0350C1
:101D500043A342DD378802B80662B356C73781769F
:101D60002A62994BBC9ACE553F918531A5A6585011
:101D7000398869B4888F7510E1FADBBD63722DD99B
:101D800006685BB316ABFA3CFA02178DF408370C01
:101D90001A74C6573D6DC9DBCDDDAC36D45F17185C
:101DA00001A939D91D8B60A42F5BC0D3B00FC4F239
:101DB00073A096BF4F344C31B4BE3CDCC26E0E2EC5
:101DC0003A95816D9C2A8059BA166305A85E521A0D
:101DD000EE08C6334F2D29FAEF165671F6A118C832
:101DE00014ACD4C10CB397A5E2B2C1001551FB32BB
:101DF0005B704858A418A3D1950482D5F7EDDFF89D
:101E0000BB4AF142AD7E401D882C5C4300A4BF79E3
:101E1000244838BD346C275A0B7DB2E294B8F86779
:101E2000BBB20AC19AEFBAFB9B05501CE196C102F6
:101E3000808BA184C9E2399B9F45A4B73BB49E49DE
:101E4000A5C046D92BAD8451CFE88FEDBFC56B3807
:101E50004FFC153F22771B06897EB0D32A70B40F42
:101E600062A3E3B8BDAB4132878DC707E339B9F24E
:101E70001775E0199767A83ECEADEE78E66F506013
:101E8000F3884E9B2FEFFDED686C7B2DD6594B20D0
:101E9000A9ED2422D5C18AF122D53FA5F99BC7EB34
:101EA0004A1C7044883406B9C0F7B2CCD92D7326C9
:101EB000CCADD01E381FC14994C6CD63E1A819D856
:101EC000D1E41CB737E097BC4673D183A20FD0E2B0
:101ED000C929A825ED462E5A73AA459B1295CFB75E
:101EE000F6EC8CC845B272EC184C24F00E1073D28C
:101EF00080179EEF0D2D914EE23BABE497F220024E
:101F0000760207CE8AE2A1452A1FCC6BA35A41CBA9
:101F1000025F282D20C2943B397BB920121A30B0C1
:101F2000AA8DEC7AAD8CFB6A1D6EEF58957DA607E5
:101F30003618C553AE76075FF85345AFC2C25D1E73
:101F4000AC577A06F38CE856672560D5FE9E75A4DB
:101F500045DFF40251042CCFF36E1A0C05A62F7541
:101F600045F80E47431D6050A10E07F345BF2B599E
:101F7000BBD96E8A0162C5654D2C4FB8AC6F99FB19
:101F8000C82767E25D1B365581E2DC86336E9431EB
:101F90001108C7C37FACCCE9C961821D415543D943
:101FA00058A3EE37B75215263249BD94D4D981A231
:101FB0008D113A619E205DA208DEB49137B8C5A6A6
:101FC00079FB2E0D7332AA3E28C51E14B5DE6C882F
:101FD0007A59B120C5670B1E0528942971AF0F856A
:101FE0008A551A0E154D42087E5E6AB8A5CDBF3CD3
:101FF000E5168C0AF90AEF166980EFFA354948F9B7
:102000005BB7A354EF0ADDC7CDB3189DD5D6A1F7B2
:10201000CBFC6B0267412E154FDE68647B9E191264
:1020200040EC86DCE785C01907FF82EAD2CFC9E31E
:10203000677D33051AEB71ABFC81035DE2475F29D5
:102040003CD7657838CD1DA235197E60AD021915D3
:1020500044CEA088533848B989766D531F42709D8D
:102060007EEEBE77F8B06101CEDE20D5D9A792EF23
:10207000077A85958F9F89C079F1AEE53FCBDB95D7
:102080009CEC2CE3FC14FC5CFDB96631E89CB7FCCD
:102090004C0F88B233810E2A75059B1A6723DBBC6F
:1020A0000DDC23FA3ADC0CB05C581FBBC75CD1FED8
:1020B000CB17F556306DCEE08167D74035B5C12AD4
:1020C0009367ABC6E867020426BC565D65EC3C62CC
:1020D000439DA0B3A4BE923D682D9D4992CA81D470
:1020E000373BA6764E6BD07D618D8E9889C1DD5FC2
:1020F000E3992EB2C6DDF17B37AAF06C5F74DCFA8F
:102100002275098A07D275B807B13C9C0F7F99A444
:1021100077EC80B7B6D099367AB616BEB559F12DA0
:10212000B346435A4A6A205B7070CEDAAFA8BBC888
:102130001FAE1EE1984BB3FBB8B515D3554CC08DFF
:10214000D8D55F754886B8BFE601854B4A30E95B54
:10215000AD63E2E4A343CD6C9A0DC1E9EDB63D3B1E
:10216000F8CFA3EFA63F443C9D5A08A184ED91E32C
:10217000047471161187031E1CB9F764B13014A3DF
:10218000F9A67B0CA23C4EF111BC87E956283CA66F
:10219000C659322DAD834ED8947BEABB487F1022BE
:1021A00067F7EF9F8268E76F9C9CB205B69AD21FD3
:1021B000FAF8B88605A351A36DDB9E687E34BE7124
:1021C000ABCF333556F1A454160E8A00181E3AD1FF
:1021D000BC13CEE32B931A263F6981237F405B9D7E
:1021E00036B75DA75221F3A92A665F46EBC722F7EF
:1021F000C10F90F46657F4CC671537BBFF48011147
:1022000053AB928608724525EDC17BCF44AB0027C6
:1022100054A33D1C62AA364C984AD28F1D1AA319AA
:10222000AC63C43F329C505B39F66984E251F3D011
:102230000C349696D363C69E12CFFCAC091C547E18
:102240007862E367B37E271C5556A7017B351725B7
:10225000960787ED034FB39B1F092A18A83F05383F
:10226000349D63FC7202B0FDBAB8F910A5D821E51F
:102270008F9FD38180029CE97EA2064DAED7CB8B87
:1022800028D6EF1576688FE10814569F9C74A0EC51
:10229000387A8C5B51A9F3D01B03A67EA14ECFD315
:1022A000BF60BA98C061D38DE5B374D4289828EF85
:1022B0000EEC4A2B167F1CF325594808BB48CBC6A9
:1022C00082D0D7AE711B9C241510E273FA29C0A9E5
:1022D000A1C3B0AD8A2F8255951C72B712B1F20618
:1022E000B0E96C64A7A57BD834DD91C61598C0C74A
:1022F000DD38EE96D72ECB1CCC36A0E72372A8F59E
:10230000F4A18B97266251CBCE82BC1221BAC96050
:10231000BC728C55A36F44345F38CA96AE58F57EB4
:1023200026A8C070F378452D83670C3CECB53DAF13
:102330009BFA692655E57D309102F9D51B4AB8050F
:1023400061F86CAD4EB9E8338FCDC0D4309282F7CE
:1023500057FF3EBABF0B57B196B8B6AA9A25DA51C5
:102360001D372E88D68EB046D628ED1F1847E94D6A
:10237000BD3FD8A62E5C3E5DA0821A9B6B04C8BAF6
:10238000B8977610F872901784D1E6F07968134EFA
:102390007E3C911582ABFC85C9F0FB24F3BB7FE04A
:1023A000FF1860D2A33C417F28248F76B21AFF59D0
:1023B000C5A5A265EAB61225D3422DB64504166519
:1023C000BC9B98637FABD387C5460A2B2CE1C53CE9
:1023D000619F277E5B3050BF5601D5EC5C8E1C8818
:1023E000C2652EAF990DDFF1E301845A7C03C2016F
:1023F000A9EE817FA4CCEA989F0652DD1CF4DC870D
:10240000F1726AA90CEFC1B326D7DB3F6D964EC7B8
:1024100020C88605EF0E066AD67FEB8E3148FA3A61
:102420009AA06FADB251AE77983FD077FDD6095CD8
:102430006069F7FB4E0799E4E17418D22EE9A818F9
:10244000A71A132722C79E9EE5A316C8674F9DECC7
:10245000BF759A451A29E13FAE95A1E2EC2D40A245
:102460005D67E19B76AD0D6A91E7BB767544D6DF7B
:10247000434298A1232F1AA1D1069AC6471B8F76F3
:1024800091B8657E55A4225338205C42715C4E049D
:10249000A86551E6174BA566CA68F84FA7EB3CEA5A
:1024A000D31F58170C87DD74AD8B707DDF56BE458A
:1024B000EFF9CA1314376CFF6D6FE209B3DB8E239B
:1024C000A58511694AE7315B51129749B928BC5774
:1024D00048D015882AB0E5A72EC953CA6B0D5629D6
:1024E0001FD0FD21BF3672E3C773294D7BCDA2C734
:1024F00059964A3C84B9ACB2CC31659A473E957A3C
:10250000B8713922600619C30190F1A1C4E2A22377
:10251000E5824B7A8BA86557BEC1FA9B6DC732A383
:1025200063BC4741F51B416BB65BE126977F39D30E
:102530001EBC44A09576881532761FE183A77840AB
:1025400046A564C3D1DAC276F788E84DC1C5FA69F9
:10255000B140AF6DB0110C2BB39747BB6578B85B3A
:10256000945B478B956DF9BF524B1247ADC276BC59
:102570000B8DF0789691EA567DCFC23B135B7CFEC3
:102580005E29BBE548966DCFC2FD816D301C91344C
:102590006938125051A29A135B07278BD0CD784629
:1025A000D8A9ED9671B90256DAC94193C063BADE73
:1025B000818956DF3359D75AC6641BC7FB9B82D229
:1025C000DEF1E79D014CE23DE0223CA3D10C7859BD
:1025D000A390A3063F4DE1AECDE5C62F1A074B04ED
:1025E000CDB36EFE15E5348271DBE1C86512BC6CBB
:1025F000E09861C0FAB5BB4DB09E5C519082600C12
:10260000A017277C15BFA2CEED3DAED7126327E001
:10261000A2CB98BA736E20E3A22E87B2342E4F0C51
:10262000A136EA543887824B9CFA004B48F963582C
:10263000F3985D90FAFC8CC97502991692D3C7582D
:102640006308B2FCFC02AC232A2D4EA9F92266C015
:102650008C60969BF60B149B50A2E7DF3931F3D5C3
:102660004DEB8A3018057FB2ED0F9ECABA31E49265
:102670004FC6FA66D3966877DD743B5F1DF9AE9658
:10268000C7F8DCB7517156E3220925B727DDFAFDFB
:102690004A1A89506082D6ADC41652DA5F0D451CC5
:1026A000C77F714125750CC7E871394CEE7BB22BA1
:1026B00014C7F9F10AC8686CF9640214D1EC17E286
:1026C000C0206635893A737A2E513E9DBB13BE29D0
:1026D0006882612637715FE0AB2B28E31B64E3FD62
:1026E0001204BD2CD49D01F76EDF4840E9D3FDBD37
:1026F0005FC2317429EA2F2E0ECC859BBAC3722893
:10270000F0EE8D65D71E1E38BFAF86763851960C19
:10271000C7DEB53C057C1036ABFD8BAB8409AC9EA7
:10272000678A8F6F87E1735C014F9888FFDA954A5B
:10273000845E149F7A500043AD545DFBEF3E5B48CE
:10274000EF912C68EC4DC63BFF49F2DC04133E6E62
:10275000B42247E7555BED45BD1B9EBFA33DAFAD22
:10276000BABFEB146D8AA043D2A647D3CC013E0D6D
:10277000F9F5BF39BCC344395672C2FB15BFA25923
:102780005B296F9FDD8F5A724D6796CCE5E6F51396
:10279000108BD4593A53858F679443B3D06A23AAD8
:1027A000CDE5547826926C99E44AB717860207194A
:1027B000C6E5726A5409FD93F2FC398CD23B86ABB4
:1027C0001EBABCFA2413AFF9C466F65E7313C27D59
:1027D000A2DA9B59C5D7983F62763DA61993B1639B
:1027E000B668240CC9C5F3AA48345BE986995872C7
:1027F000A66E99A4BA3C71B3192E1B2B94C2CDA01E
:102800006472BFF1A9B87BF1B4360E16589D267BD1
:10281000E693D3C6D08C87E6EA46B79CDC9D7FBAA8
:1028200018CAF873A3B0D90F493728F49FF8CEA17E
:102830004B928BB4B6672A4DF3EC846A49B91941BF
:10284000D8884D7B890B5547A7D7E1D228DB06C135
:10285000939D3AFF5AE129D3F9122887C9D9050275
:10286000FFBCDE42845AD2F9919CCBF24E57A88825
:1028700086BF508EFE11D12D8163A79AB66CE13FC1
:10288000437D4D4428D0D226AFA86D62DD4406B406
:102890000F69D77DBCABB728D2AB4240E0D6E22A65
:1028A000FD8D196F4669838915B3F7AB7180BFFE43
:1028B0007F5C56989570F82F87C9BCF0113C8C0C42
:1028C000AC575A32BA14BAD8F09504B2D337103C88
:1028D0006EE176DB267E69FE54FC050B5337E094EF
:1028E0004CCEFADE621FCEDA231F4255EE8FECEC9F
:1028F0002F3B2AC45C41520B5932230F288713BD4A
:102900007B1D3F20BFB4A1B92CA673FD13BB1A7960
:10291000415391DF042FAFEEF2B0813D1371CD0E24
:10292000E26C639A73DA63F81956D70597D831FBCE
:10293000703A5DB81D08C396E9FC75F29D33C7195E
:10294000AAF0664B4E22E7F2153DF130191B18D65E
:10295000072905F6B09AF680F95E1A8F72F9CFB49E
:10296000C274257F8EFF3A4A29BEAC0A3409F1575A
:10297000EB198570CD003FB1C0CB6A5274758DC222
:1029800000FD5EB676B9DA96488750DC337AAC3112
:10299000E9A86D99EB17ED6BACDA3E1DC069BF89F4
:1029A0007A58C7462AEA44091062495D062FAC3CB2
:1029B0005A5FD794B72ED26A02934C878CE045D2E7
:1029C000A0FE1B9CC0154ECF1697EECBC5126F0113
:1029D000560CB823289D3D61361459D794F347CF40
:1029E0007887BCF15D30CE0A7D3538BD7917BE479A
:1029F0006FA4E6F85CB4C3F5C01C5E87778F045EF5
:102A0000AFC31BEBFC13C79D9A6B5E40CD56448E43
:102A1000B6CF09DB01B3F18BBE0DD09A03E70814E2
:102A2000B9AA51DC023F56933BCA57FBC7156B6CE2
:102A300050CB8B4FDA9084C9242D97EEC22A7C2D7F
:102A40009FAA19088854447F6E121B007AD62B2641
:102A5000E11B9D139C3536413842CD57B494909B71
:102A600080A8F4C2E17F6B7DA8D765C78DACC62274
:102A70000F5E9323C8BAAFE72069A5C311C1E181F6
:102A8000578F3AE77D280B55E8B876D44F159B4A07
:102A90008C3ADBB9E95AD62CD55EBFD4EB858D8D47
:102AA000AA31E650010EEC061735D285C094000A13
:102AB000A2B4894EDA7A25ACD4A2D63B8BFF812D05
:102AC0005B46E35EFF0295741D936E045CDB7C67DE
:102AD00073CAB7E31268713120076362D2E2B4C0EF
:102AE000277DBBD4D91CD1640A448F5BABD98FA49A
:102AF0009EB52DE75FB022F5EBCF20BC6A2D35B334
:102B0000A858F5C4AA387806940A88143CB08EDF19
:102B1000081B9B6026BA8409F0F7626AD74C742CB4
:102B2000E8F0973661A00C65CAE8385E921AD48640
:102B3000B289B0BF79CF7E37370414C41F0660FD59
:102B4000EFC961F85DBDD9FD9EBF626A8B9AC56D04
:102B50007B941E80EAC241C198304B96E9C0A6D64C
:102B60006F6914CC608672DC733C3F2B008A34049E
:102B7000565BA7D38A86F4CA47ADAC8828B6D27212
:102B80008D61BF04C0E9409C6DF6FA32F3D707E8C7
:102B90003DBCE7A7C0F92E45737FD7E6AD94C0A32F
:102BA000F684215EA6CDD126219DF2CC0D5A9161ED
:102BB0005794B623B4BEF91485F5333367CB682434
:102BC0004764E0EE1156C820A03683670C77673D56
:102BD000E9D2FB2B5580961C3070B2683A9CF7A264
:102BE000CF2CB265FB361BE71096BD7DCE59AEC823
:102BF0005A8E3E6A54D3FF93456E5D5C9217B56E54
:102C0000EFE88BFAFD9237855E33F4982BEDCD33E8
:102C1000E19022984BD6A4ACA12C0EEFAB7F888715
:102C20007B8D983172C65C5AFAF2D55A2C6F240407
:102C300017D66AED9BB183D5BE8EB5BF8F20D57AEE
:102C4000F86CE7CEA6329A0A041651E0A821CF20EC
:102C500004094F443B525CEDB774B5625EBEB2ED01
:102C60005553BC943FAB7C08C939EB7956C4956881
:102C7000D61AA9EACB4F57BC5386545375A5A9C998
:102C8000511EBED522DBCF1A9542317F0B20B6DC18
:102C900074D2B10793F156B7522BCE2A1EB36C21D2
:102CA0007590E7AA91E4B678F20351A51BD26E8C19
:102CB000314E086297EE990B371A8BF528114F2E7B
:102CC000D2769FDAEA8BA97331E7DA1ABDBD92A5F5
:102CD000621D74D27621AB9FBE5FB0F3A8344A7EEA
:102CE0004051BA621383D328E4442ADF7F9D1EB18A
:102CF0006AEBFCC34EED771ABCFCBD02812BF98A4E
:102D0000755B8B1EE458DC2BA6BD751919B67DFBCF
:102D10004FD3132F8D4FE4E78AB4FABF4F7DF931BB
:102D2000146C9E75BA7F1A1F871254B2BE7A6799C7
:102D300078EA31CC0E350E237B023ED41151F5C812
:102D40005D37417997AFD9099DCEA4A5DEFC102A45
:102D50007597766FF5E3FB0DC44FCE8385CF5A5838
:102D6000FCFE48BB81CFEE6E80FBDDC12FE5B918BC
:102D70005AF341CA3787CCC0FBFC3F81AB2B72D4DE
:102D80004146F66F31A2AD1D20CCBC48FAF3DA887B
:102D900013064F00EA1B7EC23F99F498EE9877C461
:102DA000BE78F3DE53638CDC2D94999222D587AAEA
:102DB000477C00DCFD192E054140C13EDCD9F32ED5
:102DC000050FAEB4A4130D3E4AB6AEDA43A897E79A
:102DD00022C33AB7E3C14682F72FB92E087BB8D099
:102DE00079FF4CC1571570D6665399B4834C7B1745
:102DF00046FC8492638FF119B034654AA0BC4E152D
:102E0000048DF892F6B0BA609979B6610D83E1BE8F
:102E1000C135A33C4FE53FB027BF0AF6199585EFB2
:102E2000830209810C63E7C4EC2B5C1415E2D05AD1
:102E3000283B831485FA47DFADEA032722B1F54C1E
:102E40002CD8C3E9B4368C345149FE98AB7A2A2A7F
:102E50009F313969FC49F59C3591F8EE486FB4B55E
:102E6000F8F22FDBCF19F89A86CFA0615C00ED0F46
:102E7000CEA454D31928E0E401225314DB233BAE43
:102E8000B2DD8BC1F98C7B32786D722D6FFC85B60B
:102E90009804B51531DF31C0A3F2339F203F783B52
:102EA00063E84B808A7F6BA8ECB81586FA395ABA6A
:102EB000DA25BB410A9510ED1D01EC14BABB609EEA
:102EC00051C0C80076D98922A20535C4A08A8ABE1D
:102ED000C06997DD13B5DD6B955492EE412CC9E6C0
:102EE000E13F4F5D3B1F52292F32F40959505DC914
:102EF00019C8FC9C09468397B2730C5277D2CBCA8F
:102F0000442146CCCA357B06DB510F432594B77F5D
:102F100090D05DECF7B34A206C10A04CA53C428FDA
:102F20009B7F547E005850A0F4319395018829D698
:102F3000A8DA54D94C581EC939FAAE79FF2F7F2F21
:102F400089F38D0FF3F5DC2AB4F53229D570DA0D4B
:102F50008F71DD60FCF399E52B3BEE22A6D7533F42
:102F6000901055480F6035D6298AEEDFD003BC6B30
:102F70001746DC1F2BFF32EECD9CC61A4E74B131C2
:102F8000D74709FA0635A267C8BB91864A15D2BF52
:102F90004B5C9D9355F258128F49C07D5CF2B1B8DD
:102FA0005FD42AFC89E61AA6CB5E28169BB2878ED0
:102FB000706E49D0E161E480C035FA56F97C33CCBB
:102FC000AA006B15FA4ECB99C3331E46F984953887
:102FD0007435C71BCCBB972AA4386CB2EC4F7297E0
:102FE0007D0085B0553CBE77A55BB63797D1648E22
:102FF00071DCDB34D0CB6E5674A57444347E0F9CE8
:1030000007F34A3A502480650B4C37A2BB671288FD
:103010006AA0D181B7F5757DECD1CD237C49C3ABD6
:10302000F5950908D51ED59A435C9A00A4ED18655C
:10303000112114967F174428CB82FD342353F7F2D5
:1030400037F33CD26A11FF61759D94778FDD4C9FF9
:10305000F7A224492049A695B5EE7CA18BA030FCAF
:103060003F23FB10813E6E0EEBDBE7468207AB563B
:10307000B861B012B64A758491BF2EE3D8B9B06674
:10308000E435B3C65021D1FE6B9E30B0AC0E11BA00
:10309000E55CE143A0A348196D115A850781993C6D
:1030A00091443DB190D3C0D15C8861DBC9B611B108
:1030B000A0BCDFAA5944BA0F222C371819C416DA5B
:1030C000F31C36F6FA898DB49AF37ED0AACA83F03F
:1030D0003CE301762BB127B6E7B7A260236BB905B5
:1030E0002A7919B118BF66DD8A578D8F189F187617
:1030F00015142AC02D3FB943C2399B0E5DE109D496
:103100006F6F0AE1C62304517C29CD8D8A56223681
:10311000173C9EC9AB97CC3E95EA9BB0C223910762
:1031200073013FCCF3E19E83FC0E82C46B79EC6F9C
:1031300098E5C6FC3A6444ED9DCA004FBA786254E3
:103140006CEDEA8EADC3FD3B7742945ADDEE30BFA5
:10315000E5C40D607B3462A0F4F0D0B2CD40169A85
:10316000F8D2A95111E380F19BD6779969F6857859
:10317000AC4D191D6001B71E034E9200F350ACE92F
:1031800011143E2A673114EFCF6AAC3CB55E3709A3
:1031900079913F6035983D6BAE1E3E1F262ED68D31
:1031A000ED07E9D932DF354B93B915DA3998DC21CF
:1031B0007922ED8B3FCAA68C3695F783F912F50E6E
:1031C00054944FE99056AC09BF4B9552FDE670867A
:1031D0005EB12422493E5E2EF9E538DF98889B03D4
:1031E000DA502DB82324DF3ED8D20BD6A67F0C436D
:1031F000A887046A178E81FC2AE6497D8ED4B77CA5
:1032000092B1C3E9B0900F6AEA91E02725EE811FE1
:10321000CD7DC2AD591165194D87D7E5F14090813B
:10322000FD1C4047CFAE4A47FFCB6BBE719BD03DE4
:1032300035B724374515383E5EC070D37CE850332F
:103240008F55C79FB2E7737BF137B20DC5F3736734
:10325000B867871B99877C1D4FB62562B612F89117
:103260002D40C6AB097C8F0F1282B0D82966A3E728
:103270006EFD252C95A176524C6698E5971D7B3CFA
:103280008F0A3FB4FF9AD76C53CD0690D2BBAF6084
:1032900096867331AEE4648AE52C25E78F2514DA2F
:1032A00008767274840A8B0B80562B4A66E9EF7E8F
:1032B000BF4286B4564D0A7D32B1431DA27A201515
:1032C00089A26DB0B2200458709BD23A3D6AAF9388
:1032D000247BCFCDF1601959D8C24CA112ECD3D8C0
:1032E000E8E1DA1E6FBD690E811F562659E2FF9E86
:1032F0009C3CDE7A936452EF3675A7C9FD4347F5CF
:10330000D4E3C8DA626DA4C7F25B7E80AAF6C5E09A
:10331000408A455F526AC8BFED6DA7A66AEA32D7F8
:1033200008F5A808DA7BDB9DC27C866ED5F3A6E89B
:103330007D938D3A582D182A7773F22124FDAC85A0
:10334000352D3D7DF8D78FBA0D5981C0623763F3B3
:10335000FBB7B3B33A61F01FF7D4D00F489FBC8BD3
:10336000EA03E7A733EB188ABE7AD4B385AA8B4069
:1033700072331F2FB300E0073ADC079782C287A39E
:103380005F39C0544A4644A6AAF915940875CAD4B0
:103390002AE691DBBF16AC72CE53B6DDE22B4C8D24
:1033A0006449E3E051D2519E482E57CFEB48BF7F8E
:1033B00083D0BE5883EDA8CF44A75C50603152F84B
:1033C000C07A81F38C418919FC194473CADB50F22D
:1033D0003C47AAA41F51E66CB767073DB2A3A9F00A
:1033E000DAC3F1EBC56ED897C9C70AACD14EAAD5DE
:1033F000C96E3E45BDEA8519362BD64AF69BD72CB9
:10340000320B94B7AEEAAD9F81AD4C148359EBCE2D
:103410000029452A07425F7C981DCCA424B0DBA973
:10342000B3E05E6ACAE37EDC4A14DD1542D6887DCD
:10343000E735043391E74C658984BB4635F80035A0
:10344000116D6F22F100F4D1F49C8556D0052F82C6
:10345000B4733F4C9D397E2096742ACCE07ECCBF5D
:10346000489287D19A534DC883F9413ADC1D4F49A0
:1034700076A1ECA144D74228FC122A5498A840C057
:103480001B5AE08D8B13C093F14C1492363AC9D07D
:103490004CFD69A808EA3CC1EA9756DFC4746D5533
:1034A000AA8605A31AA08B62EFBE69DFBBBD858D1E
:1034B000A058EF76E803CBBD2852121924E465A882
:1034C0002580DA429A3B15E2885D39D82587D46297
:1034D000CF23939B629B5CC29C332985A5302D7FB3
:1034E000C0C1BCAB4AAB5DF380AABFE985FDCD0D81
:1034F0009C3EAE55D628B3F7251EBA8609117E0B21
:10350000DF910292C8F28B2BE4F8674041D301D8D7
:10351000A7DB0726694EDB87F314E2FF6AE30AD2D2
:10352000CC6C8093950147EF782F1A75D3A7849CB4
:10353000E4444D125D1AF23DBD6E18204839A41BBB
:10354000A234D3AFBD6C4C5830CBFEF662E3A0651D
:10355000EE6A3A0D521466BD06F8B9D6115BCC93EB
:1035600085CE88B1478BDFDE7D9CD747053ECFD621
:103570007C289944E7AD8F4AA2D1889D68ED5747D2
:10358000EA0E5373F35D7AED61C74636A7A9BFA46F
:103590000F2BE94142237F697A5BB8470EBA306A44
:1035A00053F4C1B23D66F48ACC9394C00662794468
:1035B000D18558B4F521EBBA783781917C726F4B85
:1035C0002C19F6C10A5BCFDAC3DF74F4BEA676CB42
:1035D000FDD5CA2224ED1E6F55326E9F15340DD9CC
:1035E000D8CB0F73E7858FE0EC4DAA9AEDEE47A19B
:1035F0005159FE6BDCBF11760AA9C30D33E132834A
:103600006F60D93663A8ABD913E99B22443F91B8C8
:103610004C5CD1D1F6AEB8D2923D42C1693B313B50
:10362000685C7E25A90F69321DC6989A830168558A
:103630008B3999026F3081D24F455DA0C79A1B44E8
:1036400010777E63E393354DFE7737A240A5734D27
:1036500036501A3AACC7B707EA257826D8C609907B
:10366000D52BC169DCC5F31029968AD68E6C5971A9
:103670008DCD72F0D9ACDDF0CF1C1958712C5ED80D
:1036800095CD9CCF468BB9A5AFA8638BFBD59299FE
:10369000D7516BA344DB48B6AEB1DF3444982B69F5
:1036A000525C7ABDF0DD6EF55F4693CD1CC8A2F585
:1036B000B06534DE699996EC707A456A140C86BE62
:1036C000ACA1756C0816B9C0DA20B0232117109987
:1036D000E46A6A2723FAF2CD510C1281B7C829EAAD
:1036E000A2965BC2F90B14012D1258B97D36A610B3
:1036F0007EE5FCEF0609BAC74A50D6BEBDADC40A86
:10370000EED680417DC3FB7CF31641A4CFC33F1F9F
:103710008267A90FFB99000C9454812E76B4F8852A
:103720009EAA18AA84297074B41D0EDC578AA8BEFC
:1037300021193F92C406A0566208258C7EA120E67E
:10374000AF6EF54BCB981AD6CAB245C735A3CCC8D5
:103750005B3BC866ED81601BB9071C0261BE701E31
:10376000BD910901E19C131D8A79D7975692FC0DF2
:10377000A0714BAF3724A4E96EF0D66C1CFF496EE4
:10378000A2A3D88643B6469FA98B3823C195F04A99
:10379000817DF9A47350E4C8D66D617D919ECD6E94
:1037A000B8B7D6A0DAECABC0A6611B1546BC5EED7F
:1037B00074F45143EF85BD2C797702FCBB7A055F29
:1037C0002923672C294BABF779712750808E7B9B7F
:1037D000BF7E784E96E3BD978D20EAD27FA34FAF90
:1037E0006EA9AB4ABF448D0452C5A5987D3BC91F45
:1037F0005AE4B4212805F0E4F9246C534904D5F0C7
:10380000411AA6D81139D5077C188DD45F6BB8AC96
:1038100041220FCBF106B224E46FBDBABEBBF684E1
:10382000FF63985388E3760F7AEFEACE94108863AB
:10383000106354C23A946A40032799E128CEA15CF0
:10384000935E5DBD0E9CD0C890D0623DBE3361DDFD
:10385000399879375A7E4212E38735FFB07BE93CCD
:10386000A8DA63904A31D6D10CBB986900A9601AD6
:10387000F553421A2D444A3554CA608392E3B73453
:10388000F192D9F5E110B115C1C4CE47E708BC806B
:103890007E949CCA0031C327B1762B720A1734C0BC
:1038A00007405D0BF50F5D860B02BF0F00636102E1
:1038B000CBB3E8AD91BBE0D4491B7D0A97251481B9
:1038C000746D53F06E9FB8EF956AF59D6BB6086105
:1038D0009621F3575493B56CE4AF33C751A874A441
:1038E000EC448BC13CCFB647080F11FD99FB9940C2
:1038F000BE4519B1E624A35804A9905C712B59E088
:103900000EB7AB74EBC0427B54273E098C23CA141C
:103910005DE8EE6F3AA9EE22C0A273C15819FCC847
:103920004D6617D1CE5866707738B188A17D2717BC
:1039300027588EE5733916DD452F86993FA5314D01
:10394000AD7B7C1EE9A7D8377AAD806271CE7A5400
:103950002B5AD2F9CA42E729F60DEEBB2113E6CC69
:103960003FBBF3C07255C9CB34BCF9C60583C490C4
:1039700081BE2DAC5D7D6EB77A100AAA2336C102D6
:10398000EE3EC2AA412FEFF4722447E8B3DB1F4595
:103990009EA58309E349ECEC7EFD890F883C9EF1EE
:1039A00049778BB75AC1A730B87DBC78D564ECCCC9
:1039B00099612384D57DC76726E3457020C1EEDC7D
:1039C000A214CB2D344B285FB3056FCAE2CA3CD991
:1039D0000E3EDEB7A95EEBC31F3082787C3E70B02E
:1039E0008231AE2E0A2DBDBD8BE6B952F9BEF2B2C0
:1039F0001DDB71C68CC5A082F03FF7D593B21127AD
:103A0000489E62156D572E2C3A0548272B432DEE04
:103A1000DB28F9BB2EA4B662072124D9866996FD5E
:103A20002395F6884E00128FA853774D476D3FD7E8
:103A3000B9A39C125FE379E534129FA516D05C31DF
:103A4000F12AF7F5F7E47C7040F1CC96AA5977E7B4
:103A5000F89D767EB6E291A515EAEF8CD379E11B4D
:103A60002070EC0AC1D67A854B4FDB87BDF82FCF8B
:103A7000971BBA492E57151DF85C1CE9E9854C1AAD
:103A80002D32B0F52518128BA61C930C943A84663F
:103A90002BB4ACE2B2FCA32FB7F4AD12A3C9E75527
:103AA000D502AB90BBA231A4D71C97CB23A098E042
:103AB0009CE75FDFE38504AB46D7C84A26F07E71FA
:103AC0007D7E085834734098E0B6B68250A4440016
:103AD000A9CF8E4824B3ECC2B6E17008ECFE8D95F8
:103AE0005FBD4A69DA6048607EF06A2932D3B4A4C7
:103AF0005AEA8ECA9F41C8923F592477A182D9E8D9
:103B000011576362A0B39C83AA03A8C1D4E067885D
:103B100004597E0A5646202B0F17D3C5FEED6DF3D0
:103B20002CDC16A53A23095AA284F204FFA8AE1A87
:103B3000A0679C845E12B16ADF311B664FEAD178C0
:103B400017061FDE28290A0367B49FBEB4B96A4767
:103B50002982BE7601CCD6B755701512387347F15D
:103B6000DE2BD256457CAF33CA2365B2E486E19F93
:103B7000CB694E72911558338DFAF089403529FD85
:103B8000F50748788663E1106986C472EA71ACB4BF
:103B90004E2AD2CCC7E38A39D98AE24CC9EA344EDC
:103BA000526F3D27BF4B5D65368322436DC9D057A9
:103BB000495B8284859A3B97E3994D530DA05EB192
:103BC000F51A563DACA79DF111676BEDE1D57ED797
:103BD0008DD9CA7714E9783DE6F43995133BFBE8B3
:103BE000C06D21C8BCB5C87D9A4C57504C325BD3D0
:103BF00037CC93770DA2B755A4EEE4849CCCE01BA0
:103C00000AA39C78BBE3445173131C0C80A8DEC745
:103C1000247354BB169D7369C55D367AFCCD43F1A0
:103C2000D3CFB5E62A886839C04D300C9C538F77C6
:103C3000A96766C890266ADA6FDB14BC617F38F921
:103C400093DCCF717304B6F4786CEBEE5642A9E1C5
:103C50006C7240D322DF21528294528EEBE619001F
:103C6000BEAB2983E4C22749979234CB04852F1930
:103C700021EE88E9BC28965C74F8ADD50040C61CDE
:103C8000BE12B03ABB432FD2EE866942B55E8FEDCD
:103C9000ECF52B2A45B4683CB7B056392DCA6A49B1
:103CA000477F86AE629D0A29DE0AC899988FEF3752
:103CB0001146A325AE841CED1E3808DC91D97D4841
:103CC000C7CD66DCFE26CA4BD0C14EC72A6167BD90
:103CD000E552443837AD7A1BCF373DAA8E214F23AA
:103CE000296E8EA8192C1A078896F453682F0E0E89
:103CF0002798C6AC95465DF6E8A61B023026FC2741
:103D00002163DC9E5E051DAE148FD07DA94E42D18D
:103D100092E4C91D5325C492A40D06FA2D378625B9
:103D20000A6E1ABA419A7A1E4325DED0A9229C0750
:103D3000183787431ED925280063789F408A2FE8CB
:103D4000C598D4C3C662D3766FF9AA181C5354DF42
:103D5000FFF056E8703B246724DEDA36B646C146EB
:103D6000BB5509E6992507555FA39FDBBBDD2FA84F
:103D700067B702B36B39571FDA2B48902C805EBFB0
:103D800036D21E5A96185112BB634CDD100D1CF62C
:103D90003F8C735E6A60DAADC8C6BE1BAFB51993BF
:103DA00093DA797ED575CB1658A67FBA5320F7B92A
:103DB000C19A980CC471144BD0201AF84D39B455DF
:103DC0004F3DF1F1A830D1416538CA5248087072B0
:103DD00064F4BCF6618B02A52AFB33DF852D1E91AE
:103DE0002FD5BE29C4CED091E8140B1361B95B8ED8
:103DF0008A0CF1D26823EEB4433F684C79D074C288
:103E00001130E15A2D7FDCAF6129C5E0EA4CF91F82
:103E1000F541A0274217EA1662D7823FD9980E09CA
:103E2000C540B7D9C270572602F3BA2E256E77B9AE
:103E3000B919944A8C6CF9D0D8A576FB1C74DD8C2A
:103E400042C08556F936D290F7D337C318FA920597
:103E5000D2ADB113E318FB4312226E5E28415477B2
:103E6000C7F413E92EE06150E63CF8501F7E25228E
:103E70002A9F09D741BC2607F2FAA65078214C4068
:103E8000AED9A40E7BC372B2A94276997617AFC59C
:103E9000FB2A40D0EEF1065DD04C2AA37F2DDCEB4F
:103EA0006705C986EC97FFDDE2BE1722065233682C
:103EB000B11BC6639B188BC83D3D60476BC447DD93
:103EC000E6489AE94B5F804F16804E94214665BBC9
:103ED0003AB45B138D8FA0E4B517343FE8660171E7
:103EE000DBC20D5885B909387EB86E3095C76E743F
:103EF000C8F76C5EFE5EE657831402F2FBE9F0CF72
:103F00003D013B8AE18574EC3A723EF750610B8FBC
:103F10008BD33CF1BBFE7F923E21329A5468D09302
:103F2000B4AB969DE873BA172CD2A515173CF83B95
:103F300060659C22967A11C07BA87082E44F20FEB7
:103F4000905628A665552BFCBD0A2625D16909CCBB
:103F5000488BF126E5A7FA8AB2D3392FB8464B1819
:103F6000308DA6F918B511489332F69190EDE54FD2
:103F70001A827A679C6F728E81A6C2E06DF7D38E2B
:103F80000438A76B9E8103E845DD40BA6F310175A7
:103F900045FAE503AD961150D038497CA68902C395
:103FA0009BA9BD1635C7FAB8EB3FBF17BBD63E601D
:103FB0008C1318956845E4EC575DE026B299FD082E
:103FC0000CB58FA127E50C2AA0FE9F5524B7A3D0DE
:103FD000C82C3C511EA4FE668ED66B71C139088474
:103FE00004E9BB1B7A80C1829C9222EFDD6EDEFE6B
:103FF000B8186900AFA33E8D34592EAAB82528F60B
:10400000EDDA34AD207274E5B4F29A463363AB1C3A
:104010008FA6DC345691B80B1EC6A14D73FF83AB3F
:1040200063F3C0993F6961B22D46D385E92AB3375E
:104030003D2F7582EB7EA0A4E6D0D175DA55A4AAF7
:10404000620270C505E3B5022E0FF7A08B8022092E
:1040500040EF1FDFF34F870A97416E9C14838577EB
:1040600016889B3F84A93AC71DD8BF52699724A1DF
:104070006AA7DEC3B9DED7FAA94ADF392B638042CB
:10408000EAE3E1CA8CC61A00723C7440C2AB4F9F8F
:104090003E189D90F258E9C102491CB08AFC4FE3DA
:1040A000A498CA158E27CE363C5CB28FEEBE123471
:1040B000BFFAF234A00CC6D4A9E98141AB664F2CFB
:1040C000008721728146AE6813F996FD38B6025911
:1040D000DE307202FE1CC83739C3E22DBD6BC22A26
:1040E000A0A1F8E7066C72838C8026F2231DA07EC7
:1040F000AB4A4CBC49F5E64A1B14A2CF4491994DFA
:10410000503EEB9EF6601523605FCD4432358BEF59
:10411000B95932D95B4390AADAD15FACBAFC42FFFD
:104120002CAE15F67BF9AED99F0A1058E9DCCD9874
:104130006EE9328D20DDCD6480F5495BB6BD5D1C36
:10414000C3A4F1E6BD6AABFD564663A0C5D0A43E4C
:104150006B98FA0A1F90A7BA4CFE7665EFDBD1D6B2
:104160002809AFD5C5BED2F820AFEE091FC3AE2CCB
:1041700004984DB1112EC97C245133804CEECA01F4
:10418000DDEE96EE02C8BA89D7AC180654FDB72901
:10419000C35FBBFDF3F6343B7CB133EA62130D0D14
:1041A000162B876F6A4DD5CF08E7E143E2EA19186D
:1041B000914387F8EA3EABCAAD4239CC76A35ED3D1
:1041C0009E743065DB4D259C0B5F33E1610382A556
:1041D000B3F2886EF1E180ABF40704D6411D8EDFA7
:1041E000602A00629F28BE11F8920E4D3C5E067454
:1041F000777347D0C50A46766F2FC39287B74FD6DD
:10420000ABFF26403241F558662F7FEE3F88C00550
:104210005A01AA8B82C09142FB19C2F58BB9B9DD54
:10422000D3F3A417FFF8A91EFA399214142EA2DFB3
:104230006C3A2EA741D486894186F7A5EDFB3D193E
:10424000BEC1C73B1DD258017F2659F136A0D0DE32
:104250005DF2FAAD948C48134717660A6F6A8BC0FB
:104260007F8C02E2B59259989816B946E8C46E510F
:1042700030098DBB8C07CBF7C3BFF093CFBB107158
:1042800069A9D358751AEE3C3D5BCF96E866801F4E
:10429000F631D08CC14AB8D454EF72F7E21985AB2D
:1042A000ED1ECE3D9E81AEAB5F21A2EA12FF281625
:1042B00073A04565C25D257CE0A60509AD33FA868D
:1042C000E5EAE6F6DC9C074B7E1911195511FD193C
:1042D000CCC0078AECFF8DD89DED01E4A27FE8C039
:1042E000B70D2793B59D9BA8630384053E3B42BF52
:1042F000880CD6D7F1B977B691880E98F1D0C39FC4
:10430000FB95D10CCBFF5578ABD414D6E860F2DF27
:10431000BECC0F50E7FBFB218D20AE3464BB29A837
:10432000A8F13D64C7BEC7C67E93738F34B7F78BC1
:104330004C9FF6B6C381E8392FB1FF4F3EBB2F0526
:10434000FDCD62EE920E499D302E0F6729D14B0BA9
:104350007DEE9DCE0FC537A770373E3B5BC9B6D902
:10436000FD6AE6A763A3799DAF40A175B1406703DD
:104370001889E34DE4AB9425D263A0392F612FCF88
:10438000A0ED0D8F7B4D14A266788AE278C3A5B4A8
:10439000CAEA1DE7BA34F7FDF116DA0E189FC332E8
:1043A0007EB98F975B2503794DEB8AEAC9D27AC033
:1043B00070710C2D849B4F018FBCE8FD754B335FF2
:1043C0004FA4FB53419877BF33B9AA481FAD7E78FD
:1043D000FEEFDE3BBD85CEE2F5FF8C84C5A4FC0379
:1043E000A2EC99A10F4E827E58A93FDB8B4DC8628B
:1043F00009DDC9B4F58AFA6BE730A92736819AB18D
:1044000022DFBB3A7DEAA7616DAB16BB2838649208
:10441000853580D2B27C411448863D68CB45F4FE98
:10442000141771FBF617F581C49979BFB1244E3189
:104430008EFAB95CB3FC970A24CC107D9A28669E4C
:104440000399DE644775BFC4DCBA65DC739BAD7E3F
:10445000E4879453ADAEA7D515B5798716A84BB5AB
:1044600067A091F0C3C5BCB1CBE72796EB587FC7D7
:104470007527632A006D7E7350B85A4FBFCF96AC34
:104480003F4897EB5AD5ACF03DB5F53A5E4747BE8D
:1044900060DC6A2601733E5A866257FA62DA112797
:1044A000F7D3BBC60A002D3DC625D871D70B900E99
:1044B000BEF8B0B2A6CB4EBC7E25A4ED2022D59985
:1044C000793F4C93CB1C83CC6E1C3610D483D3D253
:1044D0003FEA639D72FF85032533422983F7AD9F31
:1044E00092B9E8EA893400D5C20451D1F0B3C2AA26
:1044F000B85FB229D5FF370D2C5CB85486B8474B4E
:104500001D2358D6946E54B2B9F7C8F5404984A516
:10451000DC41DBE034646EDC0560289234258203E4
:10452000616FB74572390374304ABB088C2BC6BE25
:10453000C080A20AC3D7D3A6A7E69E740D30CAE3F3
:104540004F7C1EEBBF99EFF1D430F588FB767507F1
:10455000D399BFCA377A0A724C7BBD6BF536B4DD8E
:10456000DFCD71F5E618A1839295CABCC435ADF6CE
:10457000FAD714C696BBE13BE25EFCC48F2D289EA1
:10458000E481207501C99E471C033364D4422C4446
:104590002B555ECBD097CC8EEC350A2A78F89DF15E
:1045A000FBE35F2F9E72AE94F13E248655885BC874
:1045B000DC367BCAD8893E5D1C09BDD2AC8C7D86B9
:1045C0008E78A2F5298128514D803C978607984521
:1045D000CD5EE9EE3213F3076CC9812C7F26719909
:1045E0002C4C659C5FBF43FF65D22AC49841C3D55C
:1045F000B53A170AE49D6C2A6C5C04723CA7F4631C
:10460000846D9ECCA6CCAF0D400465163743F3876E
:104610009DAE043B33F3A50F28F5F21557407BA060
:104620008C6EE81302CD561829626549F5EF229287
:10463000EFBCD9ECBD10102361491A0309CFEF1B61
:104640006C33977F53BEDB284E83A4062E0D965401
:104650006A0BE8B115B48878A9B9A8B59C805F7BCE
:10466000D3FA377008EBCA14D4783E4253ACAB4847
:10467000BE0D16272C7D63B8C7A3BE7DD572A2439D
:10468000563F8D99B1B8861FC9CE366F24C4CEB1BE
:104690000FEB136BB610EBED91C1D9F812A32A9B67
:1046A00017D06C9B68ECE0ADF6DA296D4CFF08542E
:1046B000C7BAB31A5D309FE0486EEEF240502063F7
:1046C00062FA16E19F443D2F0E257C209D2AE66963
:1046D000351EAC278868BF8940CC3C7243E6A614DF
:1046E000A857DDC6A6DBA35DFE632C55F58DA41F80
:1046F000626A2EF7A2AEACC21510407347FD454763
:10470000F74ECF7AFA27A12834C4A600AF31C909E1
:104710005A5DC10EB8E32BBC903F20679EF19DEB24
:1047200004AB9350F8C812C76943064A4791FDE1AC
:1047300084A94A6EA17F69160EB667546B025D6E3E
:104740002BDA26B5965F24A17DB403372FAF2668F8
:104750006D327B3322030C9E77997B767BDA45D8CA
:104760002852E169463F2D2316CAF8C45AA8938BF4
:10477000B839E4703E7BD9422C0178DDC342D36B5B
:10478000A39CDA13BDDD4D1BE58969045E01CBB145
:10479000DB606FA66E3CE13196F32DE39C628A9F4D
:1047A0005E3C986B99500066924F448E09D0B37569
:1047B000BC0C176C0AE5AEA7837AA6DCB4B9F6E3A5
:1047C00007EF6D2499EB35895810525525611E4A23
:1047D000ED95C4FC95A6361A54C3BA16A279861173
:1047E00035FF215999081DC5E3FC9C35B099071D7B
:1047F0006A9FCF69D35B0B24803F86A8D76C0F3E9E
:10480000E2561FAE8A508AE7029EAA86F826F04733
:104810001F0B866239AFE916C4084469C0FEAA2995
:104820001AA29D933243F83035C91877B48E63B11C
:104830003A9BBCF246F3A9F93FAA8A871D445C64FF
:104840009764A1C19A86A44D5598DCCDF3BC968798
:10485000BB1EDEAEB2E6072C49A51047D6FE106798
:10486000FA71CD03DDF7CDBBE82B4F5349CCE07394
:1048700044AA570C507BF072EAB451ACE4AEB5795F
:1048800096FDBC90C10F1DDF8BDB19E27652CD1770
:104890001A2597E0864DB7AD6CB8B117DD28A0B3E7
:1048A000B935E226C5F03E7D1D545B273430D36315
:1048B0004CFD30D687638F27CE5B0CFD474AFA94B8
:1048C0008547F2B8863634C2E8D93A690D7E930B33
:1048D0004FAECB8C099BDC8909E6E6E37DBBA63DA8
:1048E000F07DAAE4D0F437821253C4A048C2FE344B
:1048F00088A6F52ED740619610C0480F2A6E88967C
:104900008AAE57B26F6F1072EC186328328666A4B5
:10491000EF8E243729BC7A117A34C25C3DB9135624
:1049200095660B8A71CA46FB4227C4422F2314188E
:10493000D39424FA8EB4F1FCC0A0AF37720CC26DD0
:104940003D2EC5D67E7BF29C65D8A99CC4E313811D
:104950008E886718BA66F94CD164D8D6A2D743B40A
:10496000161F6034D98F4181E61005D1D3EE06645D
:10497000946A9BD3B81BFB1031620864F958406BF2
:1049800012E15904F03C9229765F5E829DD8C7639C
:10499000973A7C54988A93C60B4729C8A309D12D0E
:1049A000762DB0DC6E31FEC7B4E7CB6D87F8695465
:1049B0007504C159CEA1986EEEA8F271485E4E39C9
:1049C000D7D5853F983BA15BA33588CA94B3827342
:1049D00042F4F38DE6165FA902DE812593CA39C140
:1049E000404EC36EBA94EF61F3E29E634A78C61AF2
:1049F00057C36A6AB2BF606A075FA0AEC909E4C85C
:104A00003A7182194AAC6B4944FED31F819931FF38
:104A1000766B28CAA0457A3E6E6402AD816B0A4E61
:104A2000569B9270345481A67F85599C8ED3443E08
:104A30006D007D77D703D4B1224EF4FBCD9356138E
:104A40006DBF948B9150B7090E9185D14E3805C733
:104A500008E7E78DB3B48E1A5A500B343C89A5A9E8
:104A6000D9E301FCEF46A8901246D390448C52073C
:104A7000DC733CB0245F7120907DFF6863D95A18C5
:104A8000A4EA1CF323E3E81D6860F96AEEB51E8D05
:104A9000DDB5CDA201B589DF763AADD3E08876A544
:104AA0005FB78CD0B2B1E22E065322F6FC2DCA526B
:104AB00058FBBA4642AF5CC3CDDAF890E4A4800D4F
:104AC00086A2027ABC25FBD53DE5C3C165161A8ACC
:104AD0003DA759659D79F73EBE53DB20CE769DC438
:104AE0004714652936CFD1EE85BCCE6344529B82F4
:104AF000056D16CB13833B6E88DBF8D301D5506B65
:104B0000D25B3EA9D7ECADA5CE17E67412FE902677
:104B10001300802D6B958594337E95A4138EF57BC1
:104B2000FAE70667DC6B9EBEFFF05D737E0E5433C2
:104B3000356FAE8225C8B99ABF66A3C3BC85256808
:104B40001B6B7C6A2DCBEDF8C1F3E852CBFCC54F53
:104B5000D8489D9C1F9B571182173781E5EFD8BE1F
:104B60008A45F24F2C37C4B796853C2CECA0330E07
:104B700062FD1570C8F3916320AEE04B6BDD137ED0
:104B8000EEB24BD7F11C4C386D3A35574BABA0DA2F
:104B90008095D5EEE385379138D3A480B631A753FD
:104BA00078CED632B3835CD832C0233D1D686D66A3
:104BB000BF2EC25D660D3B09D1F812CB521E4A567C
:104BC0008054C861882CA709A589B60C4D82BE44C3
:104BD0008E6E4994A9E65E379BF606B6ADFCF66B81
:104BE000765583E04B406B1047AB681EEA8D8CC056
:104BF000110E3932FE3C36DA5961493D04A11010DC
:104C0000D88C8487A774B2C524F8FE84CCE156946E
:104C100042009BB083E5A7C6480A4F99D75E087B40
:104C2000D529C37C21B7A4E0BBC65C28E5A86CDA13
:104C3000AA68903F14C9E5E8F9C2862C43DC8ADDF6
:104C4000575A7C029DF469E255F8C6E0E0FD263B28
:104C50000D6BA2121B6C0988DC3F433B30155AA92F
:104C6000960C8513BF287B61AD98E1B743B9CE0E92
:104C7000F6766C1BB988A15464BD54888711DF3D5A
:104C8000101514B9D62767A5E336C11500271ECA2B
:104C900094D6997F8E52613F60C356AA307C6BE0F8
:104CA00049D6B4AB6FB96959BC6EE9F3E14440D65B
:104CB0004F58841E0B6AE4495803F4FBC1F58B4638
:104CC000C7679A99E2DBBE0926EA8B4E254A13E3B1
:104CD0006ECA0CA3F1B2CC289479811784FBD1DE83
:104CE000F0F2D998227D9EBB6A8F1E5B8BF5E43172
:104CF0005CBF09CCC4FFC97470E7945589370A3585
:104D000079F2E436495CF250764AB8C2207A165FEE
:104D100045A9B85A91C100D7F164008FEDA7D450CE
:104D2000A34BEBA29A7561BF36BFA412B1066FA068
:104D30003B0190AE5EE6770AC71546AF0B3B3AF5EE
:104D4000FC923237D41243B850A25B9FAB0479F780
:104D500014CFD38A70EED6129C36502038D202B6C9
:104D6000F64D3495EDE48239AEB2707413B821DC9F
:104D70006AB642133A544BCFD041F6B042F640B235
:104D8000A6929FD58A6A7BC5895F4BE2277C9E5A93
:104D900045A7FA626F7A9B666DC244AABAA428BC82
:104DA000BF227E577994FC89B70017988AC197274C
:104DB00002F3CF50F422B94E732B3CD89B73DE1311
:104DC000D04E5BB01E239F7BEF298B686D99DE2050
:104DD0009EE2387EDAB62B8AAA0AF95B5BB05E8A5D
:104DE00093A11579F4D83F03F20E75FE9FCD3337AA
:104DF0000289ABDFA592F81548ED5CD108FD522D74
:104E0000362CEAE448CAD2DD9ECED2893058ACD5E1
:104E100057ED206C91B18115E73214BA2EFEEE8564
:104E2000869E38273FE99FBCE0A2F31E295AE6E29E
:104E3000558D95261A1FF6A662D4845CA116477D6F
:104E40008A0F7687FD13CCACE9069AF3498A3B0AB0
:104E5000A881A52059993FCA6034D59552CDBA3D55
:104E60007AB67CBACE4D0FFEE6CA1F008AAEC27873
:104E7000CAE6C6BED9B6E9C48E6D64DBC386C06F10
:104E8000855A35DAF7F3CB2A7354816E895E8063D5
:104E90002B5FCFA642F43DD7A5A672C5105E9FF842
:104EA000C3C331D0A3E69AF34A88BA58D9C4D9B15A
:104EB000652869147FDB179F8B7E60CC23FE991CCD
:104EC0006B79C2C11D45D6B261F74B063D858D1980
:104ED0000E77735EBA51001B6D3E7896F3F5204E47
:104EE000121424B192644D0BDDD092621E76EFFD58
:104EF00084052A5711D4DDBC84BE2E7CDC4EC60648
:104F00001F7A5722231E6134AC9AA1647407E83ECD
:104F1000BACCC42D3C3682C73921583DE2C71F6B3D
:104F2000CFC60C08835BB26C7C7F00442A8AF6CF24
:104F300043E90CB423F37AC937882008E4E6353412
:104F40009DBF0E27620A1A3B44F9DDDBAB46B72949
:104F5000897E9A0E0BD2E239B9439557AE33AF60D2
:104F60008FF8BE3FECD5363FA2DC915CD00279B31E
:104F700016E15366A3127ECE9714716DBC2DB8A8AE
:104F8000CD84C471E6B0EF827D74D510642A9F741D
:104F9000A8F89756122AB72FB9FC5B776C7355AEF9
:104FA000832E4C2892B3F91FDBAC5A1B2100AD189D
:104FB000C35BB2A0220FDDFF70A914384B538519D3
:104FC000A39DAD6B0A2A7D654B5932614B12B3210B
:104FD00033B7AE916F3B3C476AE14A543F36D988BC
:104FE000D14AEA827DCED8CB717837BE48C7EEBCB5
:104FF000239D34F57A10EF53F8B29ABF52F9BB0DE6
:10500000C80AA796829B061EF1ABA3B4199B97FA18
:105010005738A63AD20BEF63945E578852224B0E54
:1050200007A5B51F50DB4301EBF877F4DD94DC38BE
:105030007EECCC4B2E2FEE50B9D8D7C5C2B250D390
:105040001E66AEABE15493ACD25B340FD3F8E2DE14
:105050003AA130BCEDC5D5A640D22E4557E35598B0
:10506000B75F8EBFC2A649BED2684D6E43FCE83220
:1050700046C084E572937784DFF0E9CB9FAB07EA03
:105080009D8A03823E82FE43ACD88DE22AE334A59A
:105090006DD970E10DF76A2CB917560FEF52F4A0D5
:1050A00056BCAB9632E9E031A5CF205A6C83DCA523
:1050B00045A0E1B8B423C93F05AB7D1584A42E8972
:1050C000FA3AAA690A4E248370C0D6300AE7F12D55
:1050D000F55A1060DE49855FAD76B13B446FF5FD52
:1050E0005F59D6C0E05BF67568B9213BDF97DFF406
:1050F0003D04EBFE0A9D16297AA552D55FA638D746
:1051000039FC1804281BCA7C6B95C012111490033B
:105110009CBBE00C36783FAEC09E0B58A95E01EDFB
:10512000304C7353F4438312D0F3FCF5CBB7B2BDCC
:1051300040EF7E09A69DAE8F7952F992EAAC94D1E8
:10514000843E4E6800D46A67A3AB5647A54C19014C
:105150001ED5F840A4AC8A8FCD9525F9D64F13DF24
:105160000CA16339FA447B4F09E5F3DA64CEB3202E
:10517000E08F82F8363DFF97B68491F7C5DF45256D
:10518000612D1BEDCA6B8108B6C2B2E9027C323FC9
:105190008BB6260740EFF569A5728CE3235523678C
:1051A00058A5B29B086284175CD051EC20DEDE0269
:1051B000A3EDAB338C0AD5FCCAA6D9CEB29640700B
:1051C00087C29392E3C77A35D64910760032EA2C2B
:1051D0009826AC70DE8B636BB6EA9075D34FD96CB2
:1051E000B1BECFF6A7EE5FE8975DAED4A0B6936EE2
:1051F00046896692FEEBF4181D53EBEF31A7177C3E
:10520000082E4554FC3081AF745D4B79A017154CC6
:105210008308B4CBDAB2460966E2B5FB34C2B169A1
:1052200037C250CE53B905BBFD6E10150C1EDD6A9A
:1052300042C23015BF4E625952B6F3557300B427BF
:1052400087855AD82FC6F5864C8D36B221DC61D0C1
:10525000D8A4D5D20C58826182C50665FD777C6ED4
:10526000A240CCB2F74E625EACDA140DBCBF6B123A
:10527000A9457981C18EF643FC5039F3403067610E
:105280006BD00A8ABFCD4415FF9ABE907D9AC1C0EB
:105290008D288C732F7353FB6D124E50577C3F1526
:1052A000931521569650A8835520DED34F1C687E57
:1052B00036AD70A412DB38AF77FE2143F243F2FA29
:1052C0009E27B0948A8192232A5108DFBADCF054D9
:1052D0003ACA0C80866B0F2B38B6F0F08E0AAF38C6
:1052E0003D864BAED043E318C481A395CC53C41E76
:1052F000632BCEB4A8F8D3ABF136E08F68A326B801
:10530000A61289223E669B3D229491EC548D3BDC93
:105310003000451F460DA82EB0D3CC5DA20F888467
:10532000DDB835E34C7E4D90B82E1E84DA05682436
:105330005E5894ABE810745D1FB68C1AE1DFF4314F
:105340007480DB20BFE82DB2E10DDB386AD0F40CAD
:105350009082071AFE2F351A024285D5517E32F807
:10536000A62B7B7A10E32FD049A544216C37C012BD
:10537000F3D31EDB517385693F1A4ACF8EF1E3D117
:1053800067D09F801D4BC6EC47321EDF5FCD735D3B
:105390007DCDA10407F59F4D6E43407C619B69ABB9
:1053A000553255A2D70348A8570A8739FD5C00BA81
:1053B00054377CE359C2A3E090B8278FCBBDA141FD
:1053C00029274BCF2F64FA95525F07A496CD3BC196
:1053D0000E01E828ED7B1F6A31905F7399D401AB11
:1053E000E08CBF9171B755CE3ADAEFB293CF8227F6
:1053F000C95B1F59B60765D32DF7EC285096A63E1A
:1054000034386FED6762AD5C3F8D9C71E0FB4D5DA4
:105410000CA9E202F569DEFA5ACFB55790EF9F94D6
:1054200031AECB6DB09951C6574AE8E04C24D9341F
:105430006DCA49DE25C1B79DAB757484DC402C9FD5
:10544000B72D9B4A5D71F6262A8B9E1B312970125F
:105450006896D24CE92313814F9E047FA09A0EC414
:10546000B4EC864A1F92A23D109FE18BB48F86F266
:10547000B02DE97AE9F358D940A69F7175CBD06277
:10548000636C95825BEBB6FCFF277FB018419E26CC
:10549000D83600E6C626A7BFD09CC8FB091BE3A5EB
:1054A00062A4CC27B4D8A308256997FBDF0765E978
:1054B000685C98132D35B9A7ECEBB9DF777140B76D
:1054C000699AB66AE1828B2EF384518123C1B6C6F4
:1054D0003BCEA0A82F0E1019CD16EED5BBC0E58F80
:1054E000B181943B9D5608E852F7C7B3D0F41AA691
:1054F00060F95E9BD81D222F46772CFF83A29EE584
:10550000FAEBCEC79C5876FA68625642E7A49B979E
:10551000A92EE16A113A5DBDED924F820F0CE7F6BC
:10552000C3ADB8BD51987C32A016FBB3EDE46496D0
:1055300007259BEF781F27B2C508CAFE9D7D67012E
:10554000F747CAB7C8A3955C53703188883B669704
:1055500017155B9A64AB2241CF83E9773105235558
:10556000E2B63BE876BECBAC104217603E531275F4
:10557000DDCF039514AB7876A488F53BDC6CDDC9F0
:105580009E9F84612F0422D2A5E83D7D22F34AD755
:10559000EECE12915358587C51B50918790E2A64F1
:1055A0008ECBC5F4EFFF7D3B848CBA5828929E9336
:1055B0007DB1B9757E7778D23C25DFACA785AD3A51
:1055C000D6FC5C112EC0AFED860AEE4225DB7909D0
:1055D000F7987BC62605782D27F5A58288F6C94A57
:1055E0009A0C9ABCF5329E665D56609CEFEB3A3F92
:1055F00073B537C1AD07DAE2EDA9707622D0CD3EA2
:105600001C4266EC6373BEC4C1519992E34156E1FA
:105610006C979C21243D2E3B1528B253594EC767E9
:105620005DE7504958F18B2F92AFAEC2AC1DB36706
:10563000624DABE03AE80EB412611C926477668268
:10564000E8F41D0F81132060AA5331B185567B8188
:1056500003C87EAFEAE472980C08C146BA88CCE46D
:10566000CAD3A2F51AAF7C488D8634024800253E85
:10567000779297FA0CA960B562B7911372B1B19C99
:1056800046C4A422EE70CC3C0F6E5AE0F793A28180
:10569000E238EBC046207658083B34224A0C157994
:1056A000126FBAAD1EC07B4542CC58D419A907D0A1
:1056B000E975648668C1AAFA7B12107C031C27CDA9
:1056C0008A69077F8AFFC6C66AAB7EE7B3843098D3
:1056D0000E79ECECB8839A6CF1312A712BCDCE6A3D
:1056E000C63B588D98FF0F9ACF074610EBF30A0A76
:1056F0004E33D96B367A71BF9DBE1595B27A9F8FA6
:10570000C053CC7AC97873765C77BB05A1511386F8
:10571000F4EBF85BFA4890F3782CB3695C7CE5F421
:10572000DE1CC2C60651ECB7BD979825988F91A78D
:10573000C277FB53CDCD4242C468ADD13D4F88DD29
:10574000F6489FD97DE838FE451761405073CFD3A6
:105750000101079BAA301C3ED4DC1DC1AD4B55CCCA
:10576000108832B0BFA00CE863B4FCD97CAD5C7D7E
:1057700079E50FFC07B1518C8FE15FABC69C2C0C17
:10578000DC01ADA95D6C5B743D8CFD4B3737BB080C
:105790006F3D7DF74053FEE500DB0F427F5D67699B
:1057A00027E9BD4605FF6DBA2A087B08A0DA16BABC
:1057B000897D6030E690A00733DF594BB580681BC8
:1057C000811142F818036FEBA8365D1843471B940C
:1057D0000EA32877AEA812F90CAB63E5A54FDA1F2C
:1057E000DCDBE1892A0D2F4079D4D6811F53DD1EE1
:1057F0002E10962B9D73D17842B00E7EE1A6E3F673
:105800009F745FC9AD7CEAE414B9E2A153F6FCAA27
:105810001E86D8856DFCA0088B7936A4A603AB4CF8
:10582000056E97AA606787780B137B4C176AA4FEF6
:1058300009503BBE633743243B2E2D0B56C6DC2A52
:10584000BCD2E5FE4155CCDC8C6C985773E498755E
:10585000878AB7649BB5A5F720EFA973B6B9A07383
:10586000412761CCCCA0549C1BBC488CFD6DE7BE8D
:10587000B23EEBC2A826441B11D80753A34634FA04
:1058800066D50C68D947EBADABF093F85EE06631B6
:105890007159BE37F224F37BCD50EDB425365964EF
:1058A0001D7B902F02E7608C90168127292D719423
:1058B0008FAA583B49267C723C70F9FA0E68D211C7
:1058C000D481A6FCFD1C058E54B7AC1948E32C28E6
:1058D000F99EEBF5B4EDAF59604E01BB51ADC2B4CA
:1058E000782FFEC954BAC7EDE42C545519942C5B9B
:1058F00051A5667B470DD3A120391FF281E803052E
:105900008CDA1B286AF422000C53E459C115F0907C
:10591000E945874ADEC7EBA30F9AD0D442248820FA
:1059200082056262811801BAB7E1DC1CC9F7F8454B
:10593000381768F2ABE19D5628B1C4FB540588C501
:105940008C5DB96BD9D4FBBB7D7192F2ACC57BDAAF
:10595000422CD2C2D6FFB58DFAA59C8B3292F3D3DE
:10596000791DC322CC243C10887AA5B6B9085453BB
:105970006B4D2254A29ED7C9C38DA2132850315912
:1059800048FB1866B2373F2D9470BA936FDF241A24
:10599000C0A6ADE28AE5E3D0FD09FE3C4AF91FF05E
:1059A000DE747004DE2DF77481F7B824F0E8BBA72D
:1059B000108B41DE6790F567AACC6A8F7CE455AA0C
:1059C00021817E1E2EABCB377F02BBE46C995F6DCD
:1059D000B9E3C6998FFB5A166736742BDC8B0446E5
:1059E000E19B40650EE87272217FB3641A2A81DD63
:1059F00009E75A74A47D251A448D537F1BB95F3F74
:105A00009D81AE14589F26F557A013BD121FC75590
:105A1000DF41F59A0EBA8DFE7B5FE388A98FA4FC67
:105A2000C037E1730A0AF2D4948FE9C891EB6DD1C3
:105A30003326E2B23179AE3F84F694BD45DC4F881F
:105A4000C70A1EDF24CE2DB70CB8E27A40538EA9C8
:105A500030C911DC2266F85C7D7FC12E737DCEC219
:105A60003AE5C569EE1AF815C558A70C03BE3AD831
:105A7000BF99BE37BA30204EF1E6180BD07564627C
:105A800050B10BA957124ABC47093C07D1C0D51FDA
:105A9000F2C0E0D71791CF268B5D39DFA64A03B15C
:105AA000652D603F65DC5FF0F64841F1200CDF2991
:105AB000CC79B60B6B154EE86A20FF18155CE0B583
:105AC000B2B00812A5FC22E8A1BEBDBC4075976526
:105AD0003D6ACE851BF34FED658C2A2F217AFD811F
:105AE00071B18AF9D2A9167A18D597084CD0EEC8A8
:105AF00002F6D7853E7DF12C8203E6387BA99177AB
:105B000099520A60695723E47E9C9E74FE4C7F384C
:105B100017B4C41EF26933D25BAEB35B249073CF6B
:105B20007B6815E52EFB945A564824D409A10B70C6
:105B30005163A1561CD31AD3FC7AF88CD8C920B96A
:105B40005CBBDFA78A30DF981A00166D76BF4FAABC
:105B5000E0150B0AB9BF34B9B5A93988A3A8EB83FE
:105B60004A4552A0F01478D20A0AC97CC6898A75BF
:105B700047F9F226D6FA5DA2F47EFF485B4B020499
:105B8000C5D3559831BD2D3B43AA024D3A7189E9E1
:105B90000891B5B98054A9BE2BBC5730DF23D9BBBF
:105BA0001802D971A2900348F0780E23C911B28867
:105BB0002226045A105444414C5FE2DDD2CEB8BFD5
:105BC0006A26A58D9C2E7728DE25F145D58F47E9DD
:105BD0000F310064D8A79C5E8E4B3CA728361BD99A
:105BE0001C69247CE2A7BC92599FDC86936873D31E
:105BF0003BA17E2B11A1FEA5AEFD7D981B1843F79E
:105C0000558B0473FBD731BB8F67F21E9058030E80
:105C100061314DB9823BB57B5188E94BED2A4FABE1
:105C200094DEFBACADF006D35AC60A3C9DD6CA5FE3
:105C3000AC5557C396F120D0E99FC3A5695E07D93B
:105C4000FC1CC935293802971CBC42855D539A8ECD
:105C500095B183BA7545D2E842039C5F7437120947
:105C6000F754E011DDF1EFF93AFDFBD6DE3E978CFB
:105C7000E07EBE1E247700DED46A8A841C74D106BE
:105C8000AC80565904D24324512E278ACAF632D208
:105C90009F41F3A266F5632BFD8B0869541F73CFF8
:105CA0005C3C40A4CB68B1E7957B7448E10B382598
:105CB0001D993E4711ED258E443DDC4405EB600EF9
:105CC0000606A0FD77718B979E9E578B1B3DDBC50B
:105CD000DE65FEEC2767CC98B2C5D2F06A380AE9D7
:105CE000F175E054A38BE0BEC3BB43AA86F86DB345
:105CF0009A25DC34945DA49D7007807A8DBF2A15A7
:105D000044E5DE700485C989F10C4AD0209CC28F1D
:105D10005963242949F2DCF550EE1572F714BB766D
:105D20004EC22D43DE85836886FF46E1FDD843647D
:105D30003F894BE75E35B2E9AA9393A7C804971051
:105D400039496BBFE08C2080AE542F248A533363D3
:105D50001FDFC78D9892562678DB7289BE3EBAF156
:105D60006DFE197693BF8DD16EC7B47F44889AC0FB
:105D7000D153161CC10DAD06640EE47F4BBAB05C66
:105D80001E181590AC0227EC1E8988A0231A1FF557
:105D90008FC88431F5464799554D820ECEB22813EF
:105DA0004CB966531C5FF88227AA72C498312A61E5
:105DB0001D37F4C1F7AC02D85C1573CFD52FB09D59
:105DC0008C6CEA0BC6C5EFD9F6AF35369A9B37A077
:105DD0009B3A08FF33CE653D55935F103CC929B807
:105DE00040D18FB0B71DC2B2425D6BEC7F76549844
:105DF000541090678045A2B0414F06C9AE0BB8F071
:105E0000C36D15781DCD17E6292AF86C42B3F6C488
:105E1000A868089EAEDD08858C10ADD8DBF1E133B3
:105E2000DB163B91C256D40520DD9A6FFDE436B6F1
:105E30009476DB903DB1DF0B1084FA20C102C3F9E8
:105E400034300B72FA68DBC2B5841899A110FD25B5
:105E5000DF7FB5CC02B96D402C96A869D575A2F349
:105E60002BB9DA5127E26F3D0F39C759B2A0557CE3
:105E7000905F0901E6E586778C23CFCD848A788808
:105E8000C4FCF15710952C3824F58D64D19DE3F0B6
:105E90005942C80ED36DE0B551B8677E1401E92EA2
:105EA0007160C5036F62AAA835E6BF399F2AC1F5A4
:105EB0006CED052FA968AD9588FB2EA74CAFFF5957
:105EC00043B9DC9FDECB8FB0E06160B3E07D93C36C
:105ED0009DC1C00F8C40840258EE4B946D3A005E19
:105EE000D972F97EC90C2E1154857C7AD7AC6F0D0E
:105EF00094612961C24B641A583441DD6B248A973E
:105F0000A6A4A1F9432494852D0B61F53B02276CCF
:105F100008918FF8E4B2F373CF84E41EEC5B31DFB9
:105F2000421714777DF2E6CCA0C1C4504DA9943C31
:105F300091845657EF1A31DFBD335294CB89E76510
:105F4000E382A8995F4586B958ACAC2D935843AC11
:105F5000AF6A47CE6E7165D019351875CD47B0B9A7
:105F60004CE121CF2C0AD50499040FE1278B91C96C
:105F7000A7B94075104E7D11FB5F8AE52D37AF46FE
:105F800054F2AEE5C60F15203B2D2D4006E6A6AF18
:105F900088C801B36058072AC68285F40F1F4936A6
:105FA000B497D45EB43A4AC3CFB8327A1059F147A5
:105FB00019F3E20D10BCF7C28FB67D101696964D00
:105FC000F19A6369D2AD439ED7F721BF08A8432F4A
:105FD00048F20BBCCA5F0A267F26A3030D88D10DA9
:105FE0003DE65A66787D0B0F2D86891B0AD58A936C
:105FF00025D04143E87BA14267BE666AB787C67772
:10600000060AD41B7F32400E219FE40AA8ECADDDC6
:1060100017E028B3714EBD7C23DA44CC8709E8D65B
:106020006318CAD417F1AED4819256CE4A04EFF168
:10603000506F7C1D42B2D0E841001146DF24D71DCD
:1060400071DCF61F6F580729BF2FDFA63F37E78C9B
:10605000914A3E8D3817345D1583578683AFA97DED
:10606000FAF8B434FDA0953ADD645AF13B2A5AE9B6
:10607000A6D7184A37FA9EDE822C9D5A4798E7E346
:1060800078EEB14B1AB2A69360A01BB1BF9DD3723C
:106090000FA1BB625CF06B3CE25B105A97EFBEC98C
:1060A000CA9768EDCE8279EAA511BB65C98E5C4CB2
:1060B00039C320D705B660643EA410BC4EBD7E1B1C
:1060C000ADD4D112E2A237B693DB2E370B1838D3FA
:1060D00053F73FC53F58086699BECB8875C202FF8B
:1060E000DAE57CBCDBF99275DDB9482027C7284288
:1060F0009678B50464ADDBD80CC682CCF311F5E715
:106100007C13DD655DCB61B6864AC87DE53E70B81F
:10611000E9153661E6AC2AB101CF8C4660AAF88554
:10612000F784DA534FF3B4E58E0A314807CDF51CF6
:1061300012F69C4BA8C774AA7A7D79D481038F8DFF
:106140002A8598C55FDA9451F5C7A29AF27CA10618
:1061500055F5B40BCAD22BF5CFCFFADB04C43E7190
:1061600002535DED5FEF1A7EA26AD01DD63A55FD4F
:106170007D7BE69D343DB72C84B1CC30E5A171F533
:1061800011AAA026DD311157DD34FEE65F08A07CA0
:106190009488A327A89A6929B7C67E0ADFCD407ED6
:1061A0004FB49AB9287682DA85C73957745EF1A759
:1061B0000573D03D7596D55F3576BA3582684EFD4C
:1061C000E4B53AC8E9C579FF42BE1D4ED16B25A49E
:1061D000F66612FE86ABF72F24C763979D245A9F5D
:1061E000A64F7FA9C176746AE3ECF38D22F54702CE
:1061F000C4E084114556C4390F5CAB454C97B2FEE0
:1062000038FB79B319B06BA031B24FA3B665A3A820
:1062100057DD9416D46D714EA810266F6AAF2AFA16
:106220004C410EF7AB2346F139E608BD4490398363
:106230000C9E7959437D39663FF60312FB44329A2E
:1062400003549F4EDC2CBD5B0E97C5A9A99C5EC66E
:106250003ECE93942EC5F4DBD8DEDDE4072742FA68
:10626000A9397FA5636FC10DDD028A118DAED4AD52
:106270004CAB4DD00DD083E43A5358DEF80493254F
:106280003F9D47C8D18B2F34E0C18CB80884D334EC
:10629000B4C5C1719AC9483070DB02999826E40CE4
:1062A000902F59589BF5B6A3FB4A4C31D32238FAAC
:1062B000C8EEBCAA0463ED024127748216F882403E
:1062C0001FCD500126E65504A41D144490D2BC1FD6
:1062D000EC4C1C372E2F3673CE8A30B8DE18F4F50E
:1062E00072DB64BD64B1C688862DDBAD237A20E7FE
:1062F0008728FFDE51B40C10CDFBC3030D2762319C
:10630000EB80664BE104340C655C901A09EF2BB707
:1063100069EFD9FAA58B5E95580DA2115CFA055864
:106320000C8FEABA9F1D6CAC53DE70B6DDCC5B37C8
:106330000D13256B3D34C26BFB5172BE828918610F
:10634000F905CE796FB9F4071A049F004124DF8064
:106350000BA430500EB38DC9107C1A4CCC602F4961
:10636000E32D1811A5F65D29CE5AB2F41A3C9354C8
:10637000761D23A2AD6A7D29EB563A637D02D48057
:10638000C86B19F9CF9204007D7439A2C385AD564C
:10639000221D7E6A4309210B6A824A2E670BD05B5D
:1063A0003E8F1A598AC9130782157BF5B719CBF5A9
:1063B000C249F8CC92B25198387213F0A04BE5E87C
:1063C0006C1CA32E4A14337E43B819397404A9FEF9
:1063D000B44DAB8E642C511E43DF30F238F1FBC15B
:1063E0001789FAB0893EA58B5F1644C806E58C5420
:1063F000C7ED053D2D2F24D81401CCFA5485D0D2F9
:106400006D4BB87188DFE87A0DCAF617C11ACD6DE9
:1064100044A7C95DFF10E6897446C8BB16AFB24BEE
:106420000BEABDEADAADB728295E51CFA1F173B806
:1064300007C0FC111C36E24F6FD0D2261237838A78
:10644000AFEAC17D933C89B6BCD3B37171A756B492
:10645000D2B09B4EBB2753A122DECA03EA7E723321
:106460002EEC396FB726B4DCEFF95B4A08322DAD5C
:106470001991BF5DB9662563612FDD8F50E065829C
:10648000DCA0F66E523E6719DACEB96B1327806333
:1064900054976190E320475BD3BC5186D990DEAF1F
:1064A000534BCC556ECC1E554C2670BC141054C3A7
:1064B000136A446D42CED809BA23CF03E7E00DC377
:1064C0000D0D99E4400A72CE5010A16D58E5AB6BEA
:1064D0005CFD4FC6B2305D117A59BE86A2CDD19017
:1064E00018F55911A06FF2A27B47B514E473AFCE33
:1064F00012F8BA45450D498584EF9641DC5D6C96EE
:10650000866620639F290A1012452A86B258CE2239
:10651000D94947442F9F3C4129F1BAF0F29070C00D
:1065200070EA210FBF86F316E1BCD519012F1BD5E8
:106530002DF2505A0B04E97EF01D0C06721BF8F781
:10654000F0C514412A7FBCE7596AC147D32251855F
:10655000FDC6ED715B4BDEAC22F5E5CDACC35D90C5
:10656000D7657973812181B432E91C374BA66496D3
:10657000836FC18AF75CF9D1FFECB2013BF8F9CF28
:1065800096768A41B02C44ED8B4DDF5B120C7B403C
:106590009A8EF130CD9F0A496D22801E20B1F419E8
:1065A000812871297EEF75B3C569D1922947B80357
:1065B000177EE2FDA3DC451AC5D71672EB04F6364A
:1065C0004CBB5EF9EB3A9E81C4FDF0B46F371747C0
:1065D0006A62DA13699E76C87998A39FAF9982DDC3
:1065E0001D6D19D407CE6A13C9C070B56FDFD37C97
:1065F000E8A79E1597F373CBEEF1D27901F1765EA1
:1066000086EDFB282FAB11786C558979DA4921DFAB
:106610004FECEDC55B9666EC7502182253ED20F742
:1066200034A6D0B009F02EC55322C1A3BADD1AC5D5
:10663000707C74362560AB8F6D260957E14092342B
:10664000DD074398FC8DE712123C4B4E24848541B4
:106650004A22AB237A65A28722B0B469D7451C3E93
:106660000F152D3749C5866B284BCD4F5C64729949
:1066700066C14BE6D9359C00BEA8ACEB751C28F46E
:106680008B7B8EE10B964E87101343A8CEDCAEF6C3
:106690002FF860206DD5C6085B89D307080E2462E9
:1066A000FDE78C283BF70A88932709CA9C979F57D8
:1066B0001DD69303F82DCC5E353FE5F10F4CD17517
:1066C00043DF895DA39EEB576E1EC198C59B37467D
:1066D000C7300CDFD15D31A9388A98C5D8CF95C3B2
:1066E000B6A1B33A414702EEE9A676207E7705408F
:1066F000B9F8326A6955F3735BD507C8ED29FCC256
:10670000D7D117B18BBB4F9CBD399922ACCBE47D5F
:106710005183EA7979215DE8CB5E1C2A560645F55E
:1067200026BD750B2EAA41158654C2E7318B55261E
:10673000F7D87A159C15C81165313E905F704E06EA
:10674000CF45EB3427CD3193E97C4461D8958CFA61
:106750005B2307ABEA642903F683DFB3DA4F93B018
:10676000932ECB0912CF109DF05F3EBF738C2C9AF5
:10677000571029AB3B591F1FB03653CA8F89CC3AEB
:10678000A9F63E8C54C0861CB08D2F0362F9BF86DB
:10679000AB956BC6EDAF3F546ECF8B08BC388FA85E
:1067A0008BE79E2082CAB50E5C3C12FA6ABEDF9867
:1067B0005AAF69EB7B6C42EFFC85386DD0C0E03B93
:1067C000261A169E119EC2A1FF044DA11F0F27F984
:1067D0009DA35A5F159BA8A405B26D220831D5C5AB
:1067E0005245A3D2C7EA8C4D77E207AA7D58B24D35
:1067F0000160AB530756A5F93A4704728895E6291C
:10680000F7634B21DD2E5BF2D0664B55FEAD680180
:106810005A1BEAF43F00B3FA14A2A7BF981796D503
:106820007558A20363BEDF3BEB15ECDD2B73C1B6DD
:10683000DC56D747A948FC305B350601E5A1508EF0
:106840001BAFF8D89112959CF50FF47FEC9F848FC5
:10685000582AB857D551D1373CE3D7D301A1ABA8BB
:106860006FA5723009AFA900CB7E7FA129C2FCE9D8
:10687000CF7E93BDEFA3A664D70163038DC28F566D
:10688000C5E2E64763484572FDF01136DDE7A350E7
:106890003339A19FCE72036C5C38B75B34C9837205
:1068A000FB244413EE0049CE5DE1ACF1F8E6A81EEE
:1068B0005AFBDB6690B8EB5EE1E05A9704ACBCD7BC
:1068C000DCD4B1C0805C7799C3FA11E651878FDEC2
:1068D0005AC9C356EDD45E7343FA51CEA42602744E
:1068E000030159199401DEBEA22A2933FA1CC5F20C
:1068F0001CD48290DBBB13C95FE17EA40E1B872EE4
:10690000369AED7A7E849D44BB441BE6E05B98108A
:1069100025751EFCBEBBB0476D1AABF16242D9892A
:10692000CF6338CA1673DD3A31E1ED2641FEF0D669
:106930009C56F48B423FC5FC68AAB4400D44B18517
:10694000B49BFCE1184AFDDFBEBAC2E640866DC5C5
:106950000105000ACF2D097F569CEFEB8B608DEB74
:10696000AE9C2D5FF4ADCEB00D530E90AFFCE3DCCA
:106970008B600DBFBC33CDE83D0C297C34D6FA28A2
:10698000BDE59F0860B35CDFC8CEE36426252286A0
:10699000EF3721278E051C13BB850ED83A69FB679C
:1069A0006C0A0940644D6E9A5F7C8C4A4E43B18DEF
:1069B000017CC3937DC08A6D53772843BA8C618B69
:1069C000A7371B30654C59A05DF2926AA2A81796B2
:1069D000A727C977AFDBC266F4CA2BE9408DA2BDF9
:1069E000981E1B4C45B06E13642EECA5FA749C6186
:1069F0007B78B429A8DEB181607A00024A6DB18A41
:106A0000957D8D75DC3728E8FC0235AF0E68CE1910
:106A100074E6284637759A7F7F4310A906042D96A1
:106A200016F79DDBE705AEE2E64615E6099F3C0654
:106A30004F32715E64AC839C6ED098B3CF63D091BB
:106A4000C424714748B54ECFDEB27B2BD610CC5351
:106A50004858857D4C79C6CDD9C2ED0DBDC3B491E2
:106A6000935EF3D5D3C90A9AF86E25C47104B1A117
:106A70001B0CFAF1E473B52FC136633DF2531E8847
:106A8000466123B9EBF719555EC395E191A37624CE
:106A9000A8FD816A4A5C258E20DA6901CFDA275782
:106AA000824ED94AA41A0C2CD142D46B70CA3667D4
:106AB000797EB82E925F45A6F613682CE06B486C81
:106AC0006130757AF82A5427C763EB103061C27AB7
:106AD000815DA147C08A3B1CB7179B0768B3664E10
:106AE0000803646A479E82E63A11A58B23D10A7691
:106AF0002207439BEEB91684BAE3C7C214C47EB61C
:106B0000EF2A9725554A262DAF4C84DCC569D30C56
:106B1000FD4EC0231C8CD9FE9F0FD9136FDCF1EE04
:106B200074948122D73A8678E3EB8BDD5F7A15E6A1
:106B30006B7E79855BBCABB6897CCA31F8DF63724A
:106B4000362A0646342FAAF378E25048D9EF0E1DB4
:106B5000C54DAA935B7B4E082B3FF2899766D4788C
:106B6000D4CB88B90E090A456ED802BF9968403463
:106B700026A9C5CBB7B184E728A85172BA1588D128
:106B8000FF6923830D1E5B30D11206599D17AF702C
:106B90004AC34FDF44AD8577DBE4B511D66636E4F2
:106BA000BB2B00BBD8A79DDBBAC16F2702076A4980
:106BB00057A1E54241FFA14A9E2BD6005619021764
:106BC000B1A072B755288AC4878D72C8ACF8C22AA2
:106BD000A1BE8E1A889043D129F4024B87305CD72E
:106BE000637D70F7EDD38B3DFDB91E865982A57E7E
:106BF0000F1EA59C7581413EEBE5C16EDADA653367
:106C00003D7A8BBEC84D92179B8E37FED83F81854B
:106C1000E029CC3571024531C4959F0A76D65101E1
:106C2000FB2591813B7BFC77222F11AEF63966A2C2
:106C300047251A1837B162D5C9ED734547498EB15A
:106C4000915356A64D8094700299EF8CE452DE88E1
:106C500095691EE847A88583AA08ECCFDAEC2E7365
:106C6000FDCB3F76C6346659894030C7ECBE8EBC3A
:106C70002ECFA13433626C7491B610ECAF1C304E41
:106C800029B97B3AD9AE002BAE4386D0579DB78F3A
:106C9000554A41CD04866CAB1B4D81BF4C918DB1E3
:106CA000E8A14CFEECE6EB6ECB4B9CBF978860CF27
:106CB0005D4DCA9B0EC064013C9FA2C117A8D0FCC9
:106CC000C23C340C4534BD1437EF983A0ED0897766
:106CD000A84A18951C87843644F3BDDFC5E836E31F
:106CE0008EB105499EABC9FC15B4BC7D07C59D8B13
:106CF000651DE9B3349A90973CC978118D78030CDF
:106D000004E4084EC82E7ED84A713126A2959CA371
:106D1000E90E3BD82F961F28381ED303571A97B178
:106D2000C1264DFA4E25843A10B5F974164B28BD8C
:106D30004137DB7C361ADD7BD54D99D23C93B04B85
:106D400051914629928CD0B6784DB759B6D1352E8F
:106D5000D7B604CAC068C0C1635E5AF3D1BD81FB17
:106D60005D955C68D3E64403F2D2A1B55E01EDB057
:106D700033A00649894B3D09AF6DDD94E449B769FD
:106D800005795F10CCCF4EB8FABD1B03E529571724
:106D9000A7C3AC93317321753E92615EBF6804F95D
:106DA0008DDF2BA5322B3FF55589E99B699039473B
:106DB0006090231D047C345A6E06E170078CF9AD97
:106DC000B42936E3141278B017FA888FB78AF4081A
:106DD00041DE6518ED0F75D8463952899BE52613BB
:106DE000ADF8DA352FF02FBC46F4D433D79A32679A
:106DF0001DC8E19FAF3E07DD6B03B7909BCB0EAB89
:106E0000B019F7ED56209F47A0978541C7E4BB7F97
:106E10000B7901FB29FF837045E854BF69FD04A489
:106E2000759A4DA87E8385775972CC0ED8F5139F3D
:106E3000CDE5FE1CAD2B1B26E8A08222A931577D93
:106E4000918E5522271DEE7BC805828F06A5BEE0D8
:106E5000C86AE21C66D62EB43D5E0C0698A05A772E
:106E60001A5623DB35B80BB7C26138F5025B75AD36
:106E70006BB7A856049DF354D59706A0A871785512
:106E8000E31A0697BDB8D9506B41AD83D12F0A4F95
:106E9000A564E1814E222FEF53E31595DE1C4933A3
:106EA0003A6C979737A8B39757B8E6D0BD9ED5F000
:106EB00042738AF660A5977B648FDF6D9046A0FFD2
:106EC00010518918226E365A3B24BB5C6DE0669ED9
:106ED000DF594CAFDE894CD923FD3E779898309529
:106EE0006CB560E2B90B3E65F00198D40887B09F9D
:106EF000D2821E71129E6BBE44AFA7D967506EDD61
:106F0000744E344156010B70EBA5DFD47785152FF5
:106F10007FA1021A004ABF4EA51EC0B9103BACAFFC
:106F20006415A6E17D14E3D071E0256F8926C2AA1D
:106F30006AF22F0ADEC9063BDC1849407881E1403D
:106F400069D2418D2B8625E0054B2790419E461D39
:106F50003F9C5D9809E6C69B56294948289CC0A7D6
:106F600046DD3AD419E195851519D3BAD87AE401EA
:106F7000D2A327EC4C9EA2195AABC34D84548BA0CC
:106F80002D55859190B32F0687ACCB7353D609EB63
:106F9000F51B0B5331F3574ADC56A0251F3D4CE43B
:106FA000DF3149E526E873AACC409F7A1CEDA0A901
:106FB000F45FBDD727BFC780107EA0FF08F7484405
:106FC0004253CF6C687984C753187C26C0B110DC5B
:106FD0000827CE80C66D01CA4A953F037680FEE23F
:106FE000A55C8084ACC1748B87D874F126CDC78C26
:106FF0006FAF61EA033D4D0F996DA7562A1069DD09
:10700000D0E09ED8AFEB174271337C68CD7581FB21
:10701000DE51DA5DC003FBB524D5CFD52A2FEDECC8
:10702000AFE1CD151AE91DF430F0451BA7F680112C
:10703000C322777B748C00C61043212B85E88380A4
:10704000D95F871567AB0F0A293FD34541B7E0F5F4
:107050007AE3D0C79BECFC16C827D05170E391EFC0
:1070600054BE29C51DDAFF9D8131D791F49A7B94D6
:10707000A357B3D75E5AF537B1A81E360E01618EFD
:107080007B6B8B8682D09B417A5468A26FE4296E19
:1070900040A1B9F1E6140A6CB4EB9209BAABF5A7BA
:1070A0005469AE5E2B5AA92FFFA04398839B7F792A
:1070B000173445C81B987F600C7D99853CD8DFD676
:1070C00086408B0B04355C099615B58B9AA878D34E
:1070D000E84409F91FBFE10F2BAC4DFD7A17DDF035
:1070E000CF575688B93174AE9E2E5E24BA4E3DB34A
:1070F000365A6887FE56C31277985E92C825963C2A
:1071000082C60A94B8AD60F43DE247599093DFCF50
:1071100069EF7771D9F25C632BBA607AB876781B25
:107120009590BEA48B51081CED0541D74A70391EBD
:10713000C191AAE02CEC5EB8B26E147FDC6B391002
:10714000C6A51CFB2CE54252F45C27336DB5F6C690
:107150009167DCDE3D6096703BBC690815D9330C45
:107160003C64EB10885AC0BC52A1D6D79D0B652158
:10717000B2503228B311A67A47F4B3D3C6415E9019
:1071800001CA3F36FCE388986995EF479FFF5E8B05
:10719000F00F0331F787DC9ACF138C2B0EFA9A3657
:1071A000BDC033400EFCECFC055B13FE5777C27983
:1071B000A62F6B65A64538A5202D2E40806A5C6100
:1071C0006555B51A8919C5B4581CA0665D91E7A329
:1071D000B7E4C55648147F7AD9FB32D8113C356BD9
:1071E00036329034F090724674DB05CCB665D64EDC
:1071F0001E9E32F13F2804EBB23A50A3F431CC5D2D
:10720000D27581816E3802E25C6FDDC4B82D034116
:10721000E7CE04A535C2AE496C83A7158C5D40004E
:107220007D1B9F6FDAEB65CD862C53E5E9BB56627B
:10723000F523500B6E9851F33E23EF7184FD568871
:10724000F521B18C15A28A0C0791A02BABBEDC32C4
:1072500062E5622F4FE7AAC8F404CFDF9C77E6D43B
:1072600040ED996730D3D427687EBD8757074E42DB
:10727000BFEE432269FE03E89C6D0C6F05C11F043D
:10728000A43DAD20ED44CE467777E8B97A8FFC90E7
:10729000947D50370BB6F2D48A4DA97BB325EAD73B
:1072A00096FAF5FA321772056B5BA57DB9D613D63F
:1072B0005078E197C6D5485987B81C8CC2E1B5C44F
:1072C000683B32437AFA6F062E1228D54D650401C9
:1072D0006DE1D7CFC7500C44653F8631A0D62DCB8A
:1072E0003BB579409C4B743211843A7880434EBC54
:1072F000449721762A79D0D30CBDCCD571F153F3C4
:10730000E2EAC142B45308BE3A99F5AE25D7B000BF
:1073100016FD78B404C8FFC4A49CDF5188438E12C4
:1073200079396C330D4032616B0C9D4244AFD942C8
:1073300074E5F80F942054CDBF1A4F5858E28B349F
:10734000602DC77C81F76D217A5C745F8723FF997C
:107350004F992B4266EC1DD9513067FCE563D98A01
:10736000DC1468A08ED89578745D9815D19060C1B2
:10737000CB413BA9B4B6125B380663C46B374803F4
:10738000DBEB0095EAE933B6861B5965AF8B370610
:10739000C56ECAC08533B7D0042AA099D7A91E0DDF
:1073A0004D6CA8EEA35AFFBC7A26CC199C18B243A8
:1073B00056FCA6A8712CC82BBF0089C6B19B361AF3
:1073C000EF61DB3A24AEF17B4C96F974E5F8865C0C
:1073D000B1BC503BCCECCE26A637BA76D183D96966
:1073E000789A81ECB7220D784C9AC67D2DD48AEF1D
:1073F00071367ECF5D1307131B38A1DB169335DF83
:1074000095FD92316BC8EC013177CE078D6FAAC51F
:10741000181C5558278B4064B063F1C86C46D2FCE9
:10742000B3D3945230DA4C689B0B9C93B7547104DD
:10743000464595CD3DF376759C7D76BCC11C992F54
:107440006A29E81DADEDA20F65D8AB0BD427B8E0D3
:10745000A93475A31A30D5E32CAD4B974479A056C7
:10746000EF63560E356A146D64D7EB341584E871FA
:107470006D2E6DAD11601537E5F23C27195F7F0069
:1074800058122EB693DF13E0EA5F21E898C7D13493
:10749000117ABE2226B198EA973C132B69085CFD4D
:1074A0000AD1D042E231D14A818597C1367B6593BA
:1074B000FA1D037A9890F851ABA3224258FADD43A3
:1074C00097C06F0B50040CD47BFE25C92951B979A4
:1074D000DEAA6D4BF72519102D9B314890B070E94D
:1074E000F82AE7869B42B36309076BEE7E39F227E1
:1074F000E342B61DFDE5C0869D5904C68E0AB868F4
:107500007AAD6BF2B72C04F89B612F051F817B6667
:10751000F189FDBE443DF9112BD05C57D5AE2E5CF0
:10752000CD12E7D6EFA3141FA4244C952D596B2937
:10753000624F3AD46110BCF45F1E33288381965C9D
:1075400088938EA41B4A8AA7F31E9C0BA451A338D0
:10755000ABE011C3D9B0A83207191805A0CEBB3CC7
:10756000C60343C0843CB354DA9CCB291F1A8C8FCA
:10757000276B84BFB0E815A78B36AE091A0EC46915
:10758000705B1625CBE4BAD77AFC7A9DC9EB241E32
:10759000ACFC90EC68B306EFED4E38B61645D61A43
:1075A0001127F1BD5C4268DFF2FD2EFB2FBFE9DA47
:1075B000C3D9734102D7D6CA42EBE4E2D7FF566C77
:1075C000788038C188B0257D6B6A210164BADB28D8
:1075D0005DD7D20F7470B665DD518FA3A3AA920553
:1075E00028E688B28B5D68EF3616F7AA7111A25BA8
:1075F000D8D148BA3D7AD6CBF8EE3B383953967895
:10760000162C07B1AE9C69A0DB4261A84A61CDB4DB
:1076100004EF26B46610CCC3ACF3578C7965913275
:10762000934428F64E767BC8B4C7ABC746BE8E4F90
:10763000FE637CEBDFD8F056766392FC629047CE17
:107640002301F688128500EA96B2A4246EC4F42EB3
:107650000949624C9F99B069A6EF3FCD0582AF6E94
:1076600076FB296977767A05340D81E9B26DEEA053
:1076700071576BD0288F46C5BB35BFA4BB3413BC34
:107680000FDDB69A4D60EA93593E2BE156E82A5435
:1076900068705288CA975AEE82947623B8ACDC5848
:1076A00026744E94D22A1F676EE6AC8C4748F99236
:1076B000AEF71B1C574C6219EF190D11AC60C42FAB
:1076C0008D7E2C42F053854C4BE9E51FCEF907A285
:1076D000143286696EAD9B1CF0209D71FD36C9E0A9
:1076E000EA46AEE14653235221AEE6738543C2F724
:1076F00034A27FF495299971CC2359E20DFF5E786D
:10770000F8ADF404CD85C93EC27669DF439F9D2064
:1077100091E8CDC3169A8A6397A1CCCBAC8458A9C3
:107720002A09DC69A48423C8250E35769832DD2227
:10773000F6504DBAEF562A0ACF7869A5030810DB38
:10774000A8075EB6056FB150FC2B660A1C9080AE90
:1077500069029E9E98392B0B0C18EEC4A3C8ADB2DB
:10776000568A3C6136AD466ED24F4006F22247182B
:107770007355F1F581BCC6D7B23A24527B8638F3F3
:1077800034A89AC82631BB4FAF81013B35B0BBFA54
:107790006D150FA66FFA69E8510D91C2B9D30F1993
:1077A000080B4F7881D24EAD93D4463D176AC16B1A
:1077B000245FEEF900C61F153997EBB01779CED0CC
:1077C00009B16B5E789BF177ABCAAD9D8AA11805B4
:1077D0007B66F6A75ED2E0B8A3C705133956F0D88A
:1077E00090458999AE3D7C7506F37B22828C19A465
:1077F0006AE19481F98CB142E1E28D1623FB733882
:10780000C5C7EBBCD358D1D1796E8C8D2CE80FE570
:1078100083F6C00C6328C3C4B06AF5888551AC49AF
:107820007C2459FE724A5618EC0F5E73CFD1A57BAB
:10783000E8D06B66E08B53C184BD7C1947C1A3922D
:107840004373DFE631F90226F7C31F865AF4F4A426
:107850000F3DEF39419F89C76E360F9EEB6B1C4879
:107860005A420194E0DD50395388B3A7D874AB2352
:1078700010A6D1A68902BC92B212BA3B13D547B664
:107880009C2130948B062890E194D883D40416BDB3
:10789000BFB8194A9FDF220A8D44D1BCD36AB8FD14
:1078A000FF089D8F583FEFF6836F52AD87A77BD7B8
:1078B000991C22291AD291029256D2DE1EF57A3AEA
:1078C0007D2E37DCA04582AA9904D4B301107D082F
:1078D0005D28DCDA3E3ADA5C7A3DB38E02D5480F99
:1078E000E255D3EBEFB6993DC9534F8A8CE16B74E7
:1078F000DC8FD930C7B9C2D8B38ABA9A4236F9D325
:10790000F6A77049113FBA170EEC5D6164DCF4CE46
:10791000C3F1786AFDACA79C489F8F09C86527F71B
:10792000D34DE9B340B95F1891FC884C04B8BD74DD
:10793000122C207F1A97F1D4DB7B63285DE1A7DC52
:10794000488C817D0757F0385616EE95BCE79B08AA
:107950003CEB93C936A43E13E91D93049509C2710B
:10796000B2E51502A237AC8E054B8390C9AE5AC45E
:10797000A5EAF2D0A254AF67EB112316FC06B71CA0
:107980006FEF4CD8B6810CE2EE7B198E0419CE371E
:1079900055895CCB22C6CC82B5DAD37BD728B1C35C
:1079A00020659C74ADFD75DC6367289CBE93E3760F
:1079B0002F9C89865FC5B059203B6CB7B6AD0E626F
:1079C00043CE7C4CF1CD6FD403938C8825E2BDAEC1
:1079D000F516C5E887E5723EF7D781D1359BE2EA17
:1079E000C143F0A950C47AB6064EDC8170CD2DBEDD
:1079F0001B444157C3F2DB9003C1551E356FFD8612
:107A00008D120CF990626EA3CC69A77D20EA0D9FC0
:107A100093C935D51A3C129898D46ABB3065A12C0D
:107A200019A2736FA539949B8D46A784D32B6591BA
:107A300028496D8DD8ED1D2CCB0BF596E11AFE8DE6
:107A4000C9216B8F3BA3CDB7120E7DA638640747C3
:107A5000E6F931F77D1922AFFDFBCA8EA34D1ED783
:107A6000E781A90FEC26863810A548A81C2FDDE772
:107A7000A15A6BAF6D08D322A7AD15FFCDF646CA4C
:107A8000B71803ADD1C4635405FA0F4E9E6037A8F2
:107A90000A0275CFF087B6BAE6DC04AE75408346BD
:107AA0007406782A0CFFAAA7444C7AEA01AC4FA1CD
:107AB00092B211E534E48CE60C9115B0C4C971F1B1
:107AC000DEE8EFB7D17FD2832AA8BAC48F9B60E4E7
:107AD000467C8F5AAF1FD5CA7FB1CF94776D80BBDC
:107AE0005081EDAD0E0DF1ECC4ED62BAC0C9AA93A0
:107AF000AA1B64408D716839942FE917C65C16D8AB
:107B00002B8CD9461968C8D05A6A2C6BC7F37715E5
:107B1000DCE5D52A0055AB2157479DDF4BAD9B5780
:107B200071AFC1B887D9310CF08CE17651D4BABBB2
:107B3000221519DDBCB547660F144A450225642D90
:107B40009422154B5B33BF76905B664FB66D18A3DE
:107B500023B38E8ED7B5A94D6F529B0CC9D5F6179E
:107B6000CB7AD2EDBC0A7AC4F2AAAE4EB70C67FE4D
:107B7000DD43736CB9CE26348E2F82FFC28362B888
:107B8000B24064138E2D3CBA57D41AD5571FCE700D
:107B900010FF37A0C6633ACA607999DA94986F45A6
:107BA00026A268858BB22735A1D8B764196C8AD80C
:107BB000606F7E60BB35FFBC6297AA92EFAAF7EEBA
:107BC000DF3F7A0B8D29D3F264542FC9F671038FEE
:107BD0005CCB3932505C70EC9B7CE0179515C70587
:107BE000CEC53BA25B426DC670BF9F05838CBEA80D
:107BF00064B29B153B1F5FDE7CA778B68DBCE48822
:107C000025BDBA9F364960C5D05124BE4854CB1516
:107C10005A9DBBCDB8C3C40871C72CE39A166C47F4
:107C2000286904536B2061AAA8D173A527A6A5C70C
:107C300001EE4F7062560B83832353F4B9D6845FF1
:107C40004910459E9AD983D6182BBCBB3E2B0A5CA3
:107C500077A12457702BDCF2AC2DB70699D4303FB6
:107C600085D3B6DC61211C9FD44761AF9A956D39ED
:107C700044C682BB1A668DC29D37F58AABA8309A7E
:107C8000BA3EE48F260C48BAFEFD989B3323E69556
:107C900030F4A6A769183E43750040E6FF7619DA6E
:107CA000212399E7149873CA6E5EAC0790F0BD95D6
:107CB000F1B52B08AF28E90216ACA3CE71A0117A5A
:107CC000F2A0BC764A7CD93DF1CE7E4443C453DB5E
:107CD0005DBB19B5F3FBA620ECBE1A8B24773D6A79
:107CE000B4B62DA744942170B7E709B2BA087B63F4
:107CF000D4768830F76D765979A1D76A2B64EBF882
:107D00003E1D301C24D42DD3BDC685FF568DE31FE8
:107D10005C5C1B40A3669D89675FF177E13970BEAB
:107D2000F0A92D96CE0CFBFF1DBD637FC67F346688
:107D3000454CC2E22412124316480B94B7D3E2BB5F
:107D4000A68647665E192F9705AA1455ECAF0279EF
:107D5000C468253896815FB65B4315AEEFD9D96507
:107D6000D7EE97BEA94E4DDF95701C1163C044B786
:107D700071DB84C905CDCFD98ACC726970CC2F2A2A
:107D80004A5D47801AB3A3D36BBDD17D1E412FC37B
:107D9000572E0CA105C798818EF3086D33A3E04FD1
:107DA0002A7B4B5CFEB04E618B29AA6F3BA3E54B4F
:107DB0009F788A7AE6A888C2DE4343175E3BF13B90
:107DC0004D0F2352AEEEF3587796CF7DC1899EC4F6
:107DD000494D21F44D5BAC5F5B195B89799851701B
:107DE0009F23278F92147F442B178E7F0E1CC43441
:107DF0000029A15F75928C625DB49701638B389AFC
:107E00003630A4F365CD7C8DDF138E2CE87DB8E78A
:107E100045497EDF326F009A1404B957BE03C27120
:107E2000C09FC82EBA6C9CBEEC16AE4E6806A37DF1
:107E30009C195943F7670E2C48ED67EB3F28B2FFBA
:107E40002FE91CAA9CD58999FD9D87AB8A261F0C1A
:107E50003D44CC126A8680D8655F2A60C042CC6AF5
:107E6000E9FF9827E921C824543723C4DDCE40A078
:107E7000BD5563315A61B6B094966E9369C9104D81
:107E8000A6C59CEC774FDADADFFB03C3C9DEAB5E35
:107E9000D05FA193483D47DD0A86885D2DF49B1E87
:107EA00063F3B36393F68D54326A58A00E984F0C67
:107EB000F8C64BCAD1A1B806811FA91593F88AABA1
:107EC00076C565E546069FEAF61C5D5884590E4D59
:107ED000BE82106CD9A37DE4A6026ACE1BC66A4599
:107EE0003688022EACEE8BF92E58CBD1D8A31919B7
:107EF000145848F734F7CF51BDE75B79A5D0EF7C34
:107F0000FA82366D761328AFAE6ADCF9F827402680
:107F1000C9665E51F27F040D41FEBD32FBF8874316
:107F2000D8C0C188DD4C7E37201D6BBA99B3D90605
:107F300038123F5ADF6BF8DE9155E81DC050061C21
:107F4000F31E8CC00805026B1AFDC07247F3F022C5
:107F50005D45F11408413BB604E180B98BEF176928
:107F60003758F4688D2D0F09ACBF85E003A704AB2B
:107F7000435EFBD834C05018DCE4A76C15E8667586
:107F80002DE04EA4B5541D08F4D36C9B1E35C22CB5
:107F9000C0F33E21B3DD3B500209D7859E6E462BD0
:107FA0008FBB09E29C6A39778A44EE32ECDDBC74FF
:107FB00014D0ED0E4A09D8931F6C94601D09F9B7CF
:107FC00005C75EDA30172E3EB501225262FC852BC2
:107FD0002B126D988215ED8C2868325BF61C73634A
:107FE000D26A9AAED47D1A0112DEDCE1A6CB8547B7
:107FF00083E7ACB03BE9368AB6556377E84FA19981
:10800000F6864C660E65AA08B0F54456A1AA7FA96B
:10801000296EBAE47326C4F9608A1C0E3F4CB90C71
:10802000ED8CE6DA316E43D088E6E1ACB8D6F5CF18
:10803000AAF06119585691CAA3E706DD667022B806
:10804000986EA6C2F2C795D6EE7B1AC42946CE76A4
:10805000568598C907DB869E8D54221B0D79B63252
:1080600016920BCFF8CCE29E3FD18183AC20DC1579
:1080700064FA9D709921C22907A41D7F2B134BDB45
:108080005FF3886AE600A478C71AD255812495A2C6
:10809000E765F409862686FFA5E9633624366A5328
:1080A000300C57BCB7EFE330A8648ACC6F1700AB35
:1080B0008C1531188DEFE67F8874DCADA049FF9EEA
:1080C000F0418799ED8F07A380212CD638F7DCC7C4
:1080D000F713447EC9BF8ECB475703CBCE27A70DDE
:1080E00074ADD196CD52D8B94B193A304D66E0DF18
:1080F00013EDAAA79BC85FDC14FDC7501752FA0AFC
:1081000033F482E3405B1F067E1B1CF5290770FEDB
:10811000D5387952493B109A9A0EE882D6308D466E
:108120008E488F332D7A8ABD12D3D078A0A9C93B4F
:10813000530C096EF1D77F40EACA8908B696952795
:108140005C15DC5D060AF539CA89567F390BFF8755
:108150000A2EAE24C74DF15106431571085EBEC00C
:10816000FAA016D902DF0C9064359E702883EEC207
:1081700008793BD6871BE53887680B401B4C7CEBA6
:1081800048D77F8F3FE621F10506CD2A6D1AAF1C37
:10819000555A5B13A6BBE303C8F231C788D58C4B95
:1081A000E15D3931B05F2C7F4FAF08CA7E6107E2D5
:1081B000FA96DDB9F846315D68BFA788E5395ECC2F
:1081C00040B8AF96D68EB11A14AD7FE580C561AECA
:1081D0000F733A5D6F247F8FBAED0631F93715932F
:1081E000B10FC15F8A3585227164FB09BAAB571D97
:1081F000D25DA6648F22F6FE76F4DD12D5E8B2CF0A
:1082000070A2FDB424AB32AA90E9AE960D100C7B9F
:10821000B8537F4C0CA3C93E9B71EDE10B359D76A5
:108220009657895C1380DF5E3AA564D472FA0DE834
:108230009A643E4721AA57F8A4B547AEA1CBD2868F
:10824000D77F6273BDF89F6AC645499AB8DF32CCC2
:10825000FAC7DD2E0B21A6E6EE380BBAF05A3481B0
:108260001B8842C89C39347D4CE41AD3B022BF1F0E
:1082700093E199BD530135CCC8BD6BED7C76270EDB
:10828000A9036CC8607146736E1710BF7A32136F02
:1082900087CED41B785029FC42FEAF4C950535CBD8
:1082A000CF74A77BF5C090F0A0D172A7E18E96FCA9
:1082B0006DAC134BDB195FB991FFFFF1C225B60F0F
:1082C000CA68E16AF00D3F719A9DAB772D10660D7B
:1082D000A11A26BA87F9685865A36132597D9A7F39
:1082E000EF426BED673D7E6AFACE99DE06B82483D5
:1082F000C8C86C65B6A2D2E071A2B9E57BC071278F
:1083000094BD64C421C86F2E256E0B07762752DCFE
:10831000BE8C49DC9A11D3124586E4DD8643327760
:10832000BD08077C9FE87329729933358AE1EA3AE0
:10833000EB9690C585297B123CA8EDCBC769FC4123
:108340005E8A111043EE36B9B24E7C80161D1CB702
:10835000D5DB0A73E295D50343C0CCD4BE19CA1A43
:10836000D662C2CE3E9F43354ECA0231557C9444FC
:1083700011A3533508F0478DEBEDF0415035A9C5F9
:108380004D5C66833E81A2CA94F6D0B5D6F4530BF9
:108390008DFB7C10EAB43E685C0897D0D714CFA858
:1083A000826133C1BB3B8545913E3366463FD07108
:1083B0001A48F0ACFA2E0DF6D88EB84EB9B91D4257
:1083C0008FDD282B2B75928F7499ADFDE027C93274
:1083D0003E683103A26182C5F84FD72757B21B917F
:1083E00085EAFA1D9AD7E631AE8362F2DE82B15F8A
:1083F000B9B8D21933B33B57BA818F4A1E3FCFF970
:108400007030047124160A24E12A624FB69641D6D0
:108410008D15707F1912136860576C1AA8D8F0D7A1
:10842000C700B8466FAB799F335DC4E58303E411A1
:10843000EE889165B0AB30859819CDD421B06F8DA1
:10844000538DED04B6D1ED85AEFEB6AE514BB38083
:108450003AAB26DBCF5180B80263EE6C77EF21D6C2
:10846000F9AF44880C7C5D78695B38E901DC43E84E
:10847000C80458325CCD73B9550D14F4D5961EE47A
:108480006BF9FF24DF6DC02F9D144E8E40C528511F
:10849000BDFF16E7321F8E1DC11D6E6A8BE8539D0E
:1084A0000DDC86286F56F72F41D17F4EBDDA5ADB9F
:1084B000C6ECE7682A8A75BAD42D75BD57C5E9613F
:1084C00021F1D458A590683BEF9259B7D6B405393D
:1084D0007CCA736CBD94939E32C7E7CA1CA1644AE0
:1084E00043B98CEE02E98F94F070841377A793FD63
:1084F0002B70013B66048D1EA62093FF25F781009B
:10850000EAD36FF9E7BE3B97331A370C57B0D3ACB9
:1085100031754922BC1F33370E020DAE8E42111E3B
:10852000316F092BD5BD0A4B343983A038756FBE26
:10853000A4736D630EE58C3BA39127E983F8526524
:1085400010D5EBC74462F606102D4C669912B87D23
:1085500012C0CC622BA8C8F6B470CF4B126FCBB848
:10856000E4E94E0657DE3D0E74D777A74546012352
:10857000A844A9E81D126CB4D8F4DE1BCB789A5736
:108580006357F6CDBDCC2D290B0EABCA9DFE24D86A
:1085900001FE2F020750EEDC3119C729379ACB9C18
:1085A000B8118BA4207CAF6A792F104414056D0795
:1085B00018AE7CF3418B2AD1CD2C840E25D231AD5F
:1085C0004E88478D88D7314191CFA4E37B2B316B07
:1085D00094203C4FF83DCF9C15F3B2E9756996FDA8
:1085E0005C4987AB9480ADA580390235BB51666587
:1085F0002E8DA671E31BD61E6775CEBB57B3C70879
:108600004FA72F476ADD7EAE8C850E31B527A0744B
:1086100095FC4B1B013F16A67B56E93D8B554C1034
:1086200033243A5F4DE90A9BDC257C3B0F167DEA3B
:10863000AEAB6BA6E146B892D5F3D4253A3A0330F7
:1086400088BE24A7C0469A2C990AE43D3813EF450A
:10865000F70E949292F8C0CE76BA65172D1EAA1521
:10866000A4CF13A25678D257DF6C76D3FD27E23A17
:10867000513ADE491FDAD79A8B673A2F3C5E60DDAC
:108680008903945BB5C2EB429424975393A14B8A20
:10869000A36A963FD85B7B9159B4DB6FD7793EAF25
:1086A000BFE11A127083C2EC1D748DEE3EAEAD6E4A
:1086B000D8E6202EB620A131A71B5E669B6A501B10
:1086C0006B5552DCF5846FE8D64A47DD2EDE879184
:1086D000D707D7EEA6092E52FFB40789F1598E3479
:1086E00090D4D15C751A06EFB133F916B721A6DC28
:1086F000DD2196CE1DE36BD3A09800FA59FEA7C5E5
:1087000078C886A93E55098BB3F403CA0F1AFC73C7
:10871000637AA9E0EABB09357ECFA111E1FC62775B
:108720000796846B9404FDB9D2EAE85797CBBD88CD
:10873000B907E2FD153E0415520FEB42759E1DFF71
:108740006075D574B9223F2D36420213D038037BB1
:108750007A1C31DD441406BBE938BE938643396484
:10876000517EB3CDEF551A7EA492D13F8533D22AE4
:1087700022209C930507AD242CF3C23A57A9854EBD
:1087800062548F5FC6F68F838C700ACCB34614AEEA
:108790002A420A8DA0C0B12DB47B8DE9E44F603927
:1087A00017AA059AFFD46A1FFC8C4EDAAB99D05EEB
:1087B0002E9BD6FEEF92A089D53D3607FC20A9CE90
:1087C0004BE9FBBC48A19D875C384F2FF426F7A6E8
:1087D00059BFFC507EBDA8FA1DAF60DD152B4D358D
:1087E00023FA068EDC728B00405FA9888B2C08DD93
:1087F000D2EF343A6F7FF629C574592EDEF319187B
:10880000FE01011E021CC4CE79EEA95E4A49E4AD08
:10881000A76CB33CE8F0D05E5D62F315DD674E2BCC
:108820004DD2FBF81094986AFF5BAB377A192C0392
:10883000819D017D9307C5A95CDF976BA708EEEFCB
:1088400010BFC5CD82D96B67D0E927FC35FE3FE765
:1088500016CFF7146EA770250F05B1C98FD0CAAE19
:1088600052BADEAC9C31E57DAB690898FAC70C9230
:10887000A088C1FD373AB2A7B2A74DB18A90DE31C8
:10888000E08DAF291081A36D49F6829FF842F07404
:108890003F43F3EA0E8F79B7B71EAFA4D99817827A
:1088A0008BA8BC07BAB639993B6A8399B9813FFE58
:1088B000A5378C19370BC5D34FB66C19326735AA5B
:1088C0006F952058DEF4E1B1264FA91A31F1F1A5D8
:1088D00087028B69C1C21FF998505706D2F460C352
:1088E000F4B3364F4BC3BBFF923DE1A656233FD0B6
:1088F000513E3B8ED4E2264DFDE336EB75877AD4AC
:10890000249C6929CED9CEC8FDD2A7008D4098C736
:10891000A931E84FE54096BC6DF6DAE2295A079E88
:10892000162AF13EB9625CC10609FEE7828C9B5EA5
:108930001F78627D431A0F081FB4EC3B04914B165D
:10894000716B95E21BC27C674EB0234EF224ECD5CE
:10895000617097B92FED51E2D7648595FBCF34D183
:10896000D82045B91773DBD28D83681B4C02C0E950
:1089700026472D518C310BC6153DEC7875D8621207
:1089800074AC51D321827652BA96977E0B8AF49CAE
:10899000C6D18EA2E8390BEAA8D231F2AE1AF2C2E1
:1089A000A1E9166F77D810A07F7F3FEC23AD6775E4
:1089B000B9AE209C801CD7B12473B28E892D9A3910
:1089C00041CE90A758F825634E3DCFD11885695305
:1089D000465CBD09F070763CF43E5BF93F13E93725
:1089E00093A42CCC06F953214FE6F9B951BFE44CBE
:1089F0009BEFBE33E48A66465FE9CC7D41227D3C35
:108A000086F39B5C7513CA3D84EBDE554759EBCE6C
:108A10002397253B283BBA44001E8B6F2DD198CD60
:108A20008CAA3C968BEC998C77CBA35EC60E3E4FFE
:108A3000E3C913D40E10AD99F5033CC4C97536587B
:108A4000755B418B2518D9EFE9E2BA8BD6C6BFAB6F
:108A500063824F08136F498E6B457481662F4F32C6
:108A600050406C1C2D476B866BA3449C5062E04ABF
:108A7000450C76F186F968C618CF03C27B14556998
:108A80001E4EB9E6F990495E93ECE6480C6ABAC806
:108A9000008EA555D1A1CDD0EA869D43B90E7CEBC1
:108AA0001F66DBBF013F91CD5DAD4A15677744116D
:108AB000FBDFDA56A22209940F62560923E028D47C
:108AC0008B035514257307987727C7CA435D30BFBA
:108AD000B6916BC8F74134C9F9D3EBAE6B00CBC983
:108AE000A9270D525ED3C71013EB94C9F0541AECAA
:108AF000CDAFE8B1165BFC3D0678C844C65DD0CC6E
:108B000028A8A8C6EB2BE1341E99CCEC32E8D2F8A9
:108B100048E606F7B839529EF320FE5F10776E1DC7
:108B20004BABA0D51DAD35651F6016E1D88114EDA6
:108B3000B933B130B3F7E300B381209BCDF85D1EAC
:108B4000A709161A28D11A3A787B455D2BC4DE5F37
:108B5000C96E29B421EE1C6CAE885470B991DBA9A2
:108B6000C9D11A2D5AE23031DAECA8BFB4E68B2A0B
:108B7000AF72F8FDB1E206B8AA004C7EAB202646E3
:108B80000F7DA10A1EF612CEADEAFCB93E51B72008
:108B9000A06C729DB24828A4213017AFE049F92E8D
:108BA0000C25D513A3E1E69EC42602C265517D586B
:108BB00036B74A409D2B66B089DED2AF6B285DB4D4
:108BC0008F6B2706E36F16D7932D160FA92A10B6C1
:108BD0006D2FFB4A3F8146402561D94AD41BA0CC6A
:108BE000F7F0B9BE2970F3FFDD0B3F744DC55FE7A9
:108BF0003A6124DC5E336F06541B4880A65753103D
:108C0000F679E5B65046370C0B4226B65BCBDA99BF
:108C100044DE40EAA6D4807165ACA70E69F547DD55
:108C2000D75670DC73DED85CC452490FC74071D18F
:108C30003A50CF4DD698393BAB5E0BA61BA2AEC9BE
:108C40009BDEE92F9F9842E0826CEC782A9C1927E2
:108C5000E1235A0D858CC949266DBDBF180787557C
:108C600001B99CBB08C06E46B3DD10FA0F392C8CDD
:108C700070FAFD144B35EA3AEBE2C86ACCFCB72136
:108C80006C9E50EA519985DA7AD0BD908CC0E8D8B4
:108C90006BA8F1A478031A6AB60117105F686E62B8
:108CA00003E2ED9C2F74D2520B94F97CBB86AE9DEF
:108CB0004F85F6B13B335BB8568AECCAC259EC79A2
:108CC0002A78B235953D741F4800E93195D02D06BC
:108CD000C21B2602F91FED2CE117DF9327E468B4CD
:108CE0008CD991C68EFE79F42206E4F958823FAB06
:108CF0006D8862D5A22B168EC351E8E3ED7E95F107
:108D0000430090E7C3EF1C68738A5415A2DD203D31
:108D1000E25556892E43A61A096606C5230FFF2B76
:108D200030E2317B4B60A8C7ACD5749587C7559CA2
:108D3000A4DC0B9760F34E7A0F51C3006F100474DC
:108D4000FD10B75E4F1D96680FDB5826395A1290FA
:108D5000C3836842EF77643B17944E787D79719EA8
:108D6000DD060A7A9B9A13617EC020B906285E024E
:108D70005DA356939FEFEF597064F2CC4AC8FF246D
:108D80007FA8B05B8AA87B9E9F4E1BDD1FD0A40FDF
:108D9000BD467370A5128CD914F374450A77124539
:108DA0005064B19A45AF196FBC2B150B13792BA0EA
:108DB000C8335D7FD1CC3E703FC7296D0AAB7D9033
:108DC000E8A8DBC02A77789230F854E1D1A0D461CA
:108DD0008EBDD475C187AE75DB879E4CF4B15682CB
:108DE000306E290AD23E5EF57586FFE0BD5AB0DDD1
:108DF000242AD3B7F4E127E8F3B02815C67706652F
:108E0000783CB6F2AB5375060227F91D47858D6293
:108E1000B6C4F93AF03ABDC1EE9770D636A843838E
:108E20003A3891B11BE8AD9C3F52B79D0C8BA5A37E
:108E30006BBDB3272FE3A2352FC26D308E126B3579
:108E4000DE8C68863EBCBF6037D2694474B7685612
:108E5000F53A7BFD6CDD6F78353F937593D7B88A13
:108E60006D1B82ABF76529402338F484A2DB815364
:108E7000412216907A3FADCBDE0605C7FC270E7562
:108E8000AF107B23865888CC239F93053CF4F502D2
:108E9000CB58E1C2643A1E17DE1F3D8FD9D1378B04
:108EA00032328FFDECA3A1CFB9161DB9EAD38CAB3A
:108EB000D539B49C64DD4F9CD22679978B21ED2463
:108EC000F83379124487145E26F248DA84ED307064
:108ED00039F478DC5CF16532816C9F641F631E4756
:108EE000B735A305EF7321EC794D75C65C801BD0B7
:108EF0005E27033F8D06BCBB46CF5937B3910F5158
:108F0000062483379B70F8C49D823BBC266A9DB8BB
:108F10004279E1E03F0D16EE665ABAF5F73BABD564
:108F200060CD47D0DC2E6E8FFB0466950432EB6477
:108F30001F03B56B5EDEE616161CB6041B6CB92C5F
:108F400051DE98DB91E06072EF736E1217FCD11D59
:108F5000AE1C533824AED0068BBF02558B87436CB2
:108F60009DFD758A2E8E8EF0A7F56585A25804B6F4
:108F7000AE396E9D2F6037FE192A9AEF09114BF119
:108F8000013454D0335D4EFEECC3D9A005BFF1D0FF
:108F90004F27F430CACC049DFB386B73B005853E77
:108FA000BB23BE701B82F8A51EB5805F5FA34BAAD2
:108FB0000A633B9260B4CD7604D82C6633FA8E38BF
:108FC000F3161E71081C66353ADAAB2CBA9F03A360
:108FD0006752ACE67CF259D716597A44808D71F30A
:108FE000610D5A2787495C2F456EB51A2D13BACDEE
:108FF0003EED629D43CE601C67F81D998542880E48
:10900000341515D52B16E79B5376F66FF858ECCD33
:10901000EB96077025FDF210C6FAAAA9EF010D76AE
:109020001FA9D07F75EC25F8353BDBFA94FF174E6E
:10903000E9EB5F61F960A1DEB4B6156BA95BB8F22C
:10904000ACF3A9C84FAD6261A7BC6FA0AC3AB278CF
:10905000AF92827FDEA68F7443395FB3A8B23A9392
:1090600081DF37818F752110BF684B5998FE8C279F
:1090700021332F452C9FA829BAEF535F2C231A16B2
:109080004428F16A9069C56F247866DADFF02D7F95
:109090000E8EB5E4CEB3DB8E88BD3072E1DC2910D4
:1090A00095BA3945A722E0CD56157A382AE1C10B89
:1090B000602EE7FAFA4D2B9724B6BC88335C97F103
:1090C000E3F548A50FE8515F383B4CA1D3497A0737
:1090D000D2AADF8474773F7F9EF6E1750B6B5174E3
:1090E000A8481E977714BC9A3035897807D252F871
:1090F000E965737E7E6244499FCBDBF4F5DE4C83E9
:10910000B3AEC344B14145EC26F7D344B834AC8385
:109110009AEDEAB0C00BA59CA4BC5D2A8A94BFA4BA
:109120000F252E813A444C94B53553A0354AE45866
:109130002E7C64B8F91FFB967FA776507643DC8BB4
:1091400075BB75861126D1636BC21EA27A66D6AB3B
:109150003D98AB01865D39BDF6275A9721CB1A1E83
:109160004E6AE0A91BEDE33B20E0718F2F57BF2D26
:10917000A6DB413B396038FC3D7D97FADF296C085E
:1091800052FE58DAB936969EBFB89C4F71F24E0027
:109190006B4908B6DF42C851B4C34AFA4E6B992FE7
:1091A00034DF283C3B45BC9E88A9D4D96758F137A9
:1091B000B7018C298A949DC9849847DD294ABF2725
:1091C000E1ECA9B68DA48B2D9B51E5525ABEBBF89C
:1091D000F96239B70CC6CD5465A7284E69247A7850
:1091E000A5CD9A3E0FC7E08BD49F7D2E40CA059235
:1091F0004254D86824E9F15604A6F16ED90EF45C05
:10920000AE9E088253383BDBFB98FE7ED5C0CFCDA7
:10921000D59CCD19CA2C628B19E3E5ED45CFC01959
:10922000AFF2CE29FCF98E9138E897F2A719734274
:10923000BBF19EC55D870A7FC71C428A255EBBC500
:10924000BE8870C5BBF7B2411AD1AEDD49CD8DA73E
:10925000C75AD12A866098B0210E3F33EACF1D90BD
:10926000DA7D5E3AC67E4C720A1775E02902E7CFB6
:1092700071A1BDFCC37A592B58D58B040E55072715
:10928000E7D889598E9B055EC4191875FC4E4CECC5
:10929000C9BA3DDBD4AF1912A3391F91B2BA0CD0B1
:1092A00002E892AEE94C4080C7BC21FF4EC2C086A6
:1092B000B3D452C17389D038A1EEB1D1AC57B81D27
:1092C000805E093681DC8129EFAEDA047C62E7E654
:1092D000D57A7E47546056D20F4FCC698EF759032A
:1092E000842D0C4FE99D2ECFBEF861CC926329FDF1
:1092F0008FA113B4CBF1969309242EB6A74EDDBCF3
:109300004B83B0EDBDB1851C2E2CC188B0169C28B6
:10931000CF50CBCEC85AEB9F7010936BB63B48FE34
:10932000BB30F15A26CF3F8994D3E7E468F9B99A64
:10933000BC77F2243D9FC4AF9FC8DFEF1B77FC0CC6
:109340004B1FE00F9652FB779CACCFAF3219D7265C
:10935000A30003614135F16BD5A8FC2BD120415E00
:10936000278E6C2E043E8D00E370A42B0C90D877D2
:10937000D3F1B438105A42AD1279F5DFF12F5610FF
:10938000B6C97A495D7A71A4ECD4774BFC7C1D5741
:109390006CA6E744D0FFA936074A9EAB2396ED752D
:1093A000A654291199F3BE43BB5D53DEE4298850CE
:1093B000EC2AEABCC848397683906BC9C5F444A648
:1093C0008728D61F653C9B53D8CAAA6E7C84BA2ACC
:1093D00010DE20892BA948DD6515459D20BBCAB745
:1093E000A3FF99DB0FB54BD981545FA63002419B97
:1093F000E366CA5AC243C6B9B1462D8E88EA95E2E1
:10940000CB2CAE61C6F5B9495BE129A74725E273CC
:109410007726A52C45C1BA0CF719D6B8FB524F6E6A
:1094200082369983A65BFBAD6D13DB44F24171C6B6
:109430000C248584F9AC55A9F912206E39B1A51315
:1094400024BC9EAEE2E5B1FEF45905F61FDE56C619
:10945000B2DEF2CFE081F01F7EAAD58B1B194D6BD7
:1094600056BDCB105176FD5EED32FDB0FCCA36F52F
:10947000BCC2FF9271C8BEEE26CA284D7F25F2B34A
:10948000D1AF012941EDE4987866CC48DDC89AEF68
:10949000C2B72C778400B4EB9741373A3A78C62BA1
:1094A00066F19B35832688426E4E81C83B5D7BA763
:1094B0009DE64E16FD1948203B7B20BD6D08979B0D
:1094C00046947F7533C9CE31975F736AF304535D59
:1094D000B65E41AC8BCC973E09E483735014F2A383
:1094E00029D1A46300E03916D5468321240A864495
:1094F0004CA242324FF25567A6D8978FC92FB214AB
:1095000013F38176BA80A887BA58B13B662795389D
:1095100096C18E6B825BFD74D94508183189803FF6
:10952000A3C59E76DE76067FB9B502905952468A6B
:10953000D6A193137E72DA46E2E834B0A8228CAF4B
:10954000B07788486395B4DF5A5319FC3255D1B2CD
:1095500058C1CB8873DD0587876ED14351B6A6BA53
:109560001D90C75F029D8876CA82C73A4FBF3E975B
:1095700026ABE3B7D6CC930FE5043AC131B81AA4B1
:10958000575C81F1CF652E55AFFBBF14040E791BDC
:10959000C996666B9CDF540339C1531734BC89DD0F
:1095A000F43EA9BD7013E94628594CA7A382A2D561
:1095B0005EF141B42BC4DC891D2D2740AECF5F3D49
:1095C000B1D3C1BF53140DA40E24659DDC61FF858A
:1095D0000AEEE4BDF72B1551A470C35158ACF89EA8
:1095E0004831EFAD6C89B4AFD5B7CFF6D3D6FA7B9F
:1095F0004E4D7262760F80D4D076BD9CF30EAA6079
:10960000BA389A687F27F1D7DA5B2191695B4951B3
:1096100089324EAD8FE1848C334BCDE1B75DD2B84A
:10962000874024898617149F9495B4405499BBCAE7
:109630005FFEF3C2BC400C73F348240AACE37257DC
:109640000CE2A4E0BA608CEE5740FE1DC2FBDC3396
:109650004AFFE71BF8DDAA2C997BA51C3D994768BA
:10966000DC57CA7E540F4E5F93564B50B3F5BE9BEA
:10967000C61F9449841487D0D9F06057D51920EFBC
:10968000BDB8CA7FE2F375FBD298805154922F0483
:10969000F1C99DC7AC12C2AB45DB18E1BD7830BA49
:1096A000C53AA26FE34A5A595F11858B0DCD03EF7E
:1096B0001414C09B04EE4C863C81C14B3581414B58
:1096C0002A13653795F206B2D7187AFA03300ECB13
:1096D000E5DB173284518B09A51EC663A98586E593
:1096E000DD2305186392413CD06FE6CF22E63F416F
:1096F00063C8C1A00C259D59DA44ADF4CC1E553485
:109700005101CDCB5C93F463BBBA380FDD6850A236
:109710005F0DB89CD4C0F7B1ADC5BEA535946EBF82
:10972000D79802476BF2B78CC2467A7A6EAFA47CA8
:109730000B5885AFBAC2820476C27A6765F3C54317
:10974000912667A018C4280F57262156808A150134
:109750001C0B498CDD92549CFBD7900E6D29AA47B7
:109760006657BA5F2698B33787B11E23A77D6B056E
:1097700025653849B8156C8CACF002A901C751A712
:10978000CE12432BB296675EB1B8DE48AEDB1DE762
:109790000FB4788D14BCA4CB87E677432260D96DD3
:1097A000ABBE82CE2A895E1ACE7AEB3BBA78EB98B2
:1097B0007A5BCF379FE5FEE27594EAE705370482CE
:1097C000E306D48C71438F432F648C3E0101A30CBC
:1097D000E9CDF76E7DB0004F9E3CFD89B28243A07B
:1097E000DE48A57FA4A902DC1652D85EA6D2D50D0C
:1097F00015E981EFA0D0697D016549B56CB5BB4520
:10980000D752776534CA52494D3A6C0DB289D54763
:10981000339F7714051E7C65BE8150741CC756A209
:1098200021BF4CE7E9383F4D985BA040511133A070
:109830006C438D9498F29295FFFAE8A44E0A9C1F0F
:109840009966A13F13565FFD5CEFC0C3668A54C59D
:109850001DFACA79863ADD05996D6940244AF3F309
:109860008CBC28979B990DEEFD88AEACE3DA467D63
:109870007CEC70DAD4A70436AF6CC9E3F21BE7E5E1
:109880009CB584D02B127CEDDCDEB792280AD66C16
:109890006B1804595927D884263BE0EDD5109796CC
:1098A000C6CC3626D47BDFF0CB700D54A8FCD00399
:1098B0002F520C9D826148D83A7AA1016D9D21E01A
:1098C0008A98D92DC8DF032077500F8A6D357944E7
:1098D000C60F860DE38FD9E52FC3DE3F56B58997B6
:1098E00015F09FE78F48348747A90EB8FFAB3EA617
:1098F000B5C6776A478E2C394BF8A873E08EF73AD5
:109900003ED5B1E310A6461C9330DD9DD5C4E2BA26
:1099100082DB95252A460776B67B8866B37327E7F0
:10992000EC6DFDFC997FBDBDC06FF4D51166B265CD
:109930007312DB9D2F383288DAD30BC2278B2CC9E8
:10994000E799388D446E7217E6D6783C1276DAD7EE
:1099500044BC9D655B2A10187C0EE6FB215A5CF521
:109960001675EEDDDC46CB9F1AF4FB29FD6DF7087A
:10997000F2D31D8EE2FB9DFB2EACDD4EE76D3DC5A7
:10998000DFED494096B49120783794C1861C9B2B1B
:1099900039C3C86C83A825E37ABF556FFCCF5D61DE
:1099A00068CCF6465D1FDAF5DD95054FEA13902386
:1099B000A38A4CB28E11AF857BF49F6DD44BD4C279
:1099C00013FC9A4974FE34017145A8F0E676A1B7FC
:1099D000BB000777A271FBDD2ED840524AB6A261C8
:1099E0003D57298A778B8F21361B44A7F7E846BB62
:1099F000EF7D8111A715DDA1827F0D1005E4DD1734
:109A0000AB805F358929915961C9938DD8367986A4
:109A1000645A8174B8936EFA7539BA4EA54EABF894
:109A2000392523A48CA9FE4A95B0B8F23F04F673F9
:109A30007A0260CF38C0E14339FB368E5528405E4C
:109A4000F5345047C5ECB07D90506BCBD50EBD5E64
:109A5000D0A19429B768EB20BECE8402DAA456CDFB
:109A6000B721C5D297E6068B819EE5366B8BD2EB8C
:109A700076B4528AE07AE2C96696781CC4FC1F5D0F
:109A8000FBA040BC0F2BBBBD99E0011A812873E2FB
:109A900044F129027B476FEA1C300769CB494BF23E
:109AA0003F52E832F01BF053813D79B643B138386C
:109AB000D16EDB74B9BB013A5854DFF1E8AB7E4498
:109AC00013DBFA6366907EC5852479D53AD3B95500
:109AD000F823C70C9B4124FABFAFA9750A467670DC
:109AE000782B480F82E3B918C75A5FDC10F7023CA5
:109AF000FA25CE446915A803BAABC6AB346F3DE96D
:109B0000B53F4D6B3039A0A68720D03B64397D79B5
:109B1000265C66774E73889EA1D69F24364440EC1F
:109B2000360929A6F7C0DE910316174D5BBA2AEC59
:109B30009940E9054075D4B087FB3379CE6F28ACE6
:109B4000A9D98E32C33851D54185428D04B927CC6D
:109B50006D8735E038FAF09AA5949F5D0A44245F3A
:109B60003A42C5FA724A426064FBBD8BE745DBD4DA
:109B7000D28CF6E979A2805158AF727DFA9661EBEA
:109B800048B032AE2C45484E828426C2B9C28218F3
:109B90003860FEC5DCA0D2323D539A570C52BAE170
:109BA000B21C8070425F6FC6E75500D363FCAB25E3
:109BB000096109AA27E3C548D4C6E921719C460674
:109BC0004FFFBEC0D33BFC37DFCD4A58B042CA0A74
:109BD000DE88C9336401EBC0323662D5E1834DE2E1
:109BE0002F020BF5BBAC8B9041EB5203DEAC4D5812
:109BF0007C614F96A8B04719532399D00BB73023F7
:109C000060AE6E55BF87B1A484A000A46041ADF8DA
:109C100027FC589F4414539955D5D170B70DAA67A6
:109C2000853A1F82F196B6676069C9EF510BC55E30
:109C3000740EB95A4CBD0827CA5A7773477EF94645
:109C4000314B17049599BB1425506974E47F2F019B
:109C5000305A9A0BDE48EE60D6D54BE03BFF8E8E35
:109C6000E632DB9D476C3E3E3D5C663DADED9D5E64
:109C7000664EE72E0A82BD1B3D6B31C10EA3F1BEBD
:109C8000A0F560EBE644D62A6094A93F04EC1112DB
:109C900056A034D4BC04452D2E6F21AA3DCC6D5660
:109CA000B3358A95FF4F783D48E26E3B9FAF8C07F6
:109CB0006C41421F3DB613E0A494C65C29B005A0D8
:109CC000342E855BC99D7F0532BDB4C0143B48C9A5
:109CD0009C3B8CCED49219A924874C913094C40813
:109CE000CB451DBDF424046098750400CB8C1DB3D6
:109CF000AE67542665662025D5CB3F14022917D8B8
:109D0000E75EAC7799E2F907454997FB0AD17A09F2
:109D1000E11C36765F927847CB33870AEF760DF5F4
:109D2000507B1B3646167129DF5597B8322971F8DA
:109D30006219F80919FED73AA0C3F834E874E2A111
:109D4000100F389A44E582D1B4731E7D328CAB99E2
:109D500038597D6A954B5E9EEA100B2CCC1EC8AD1F
:109D6000258AD2D9A9534D69F41D8DC4D65831D84E
:109D7000B653E674CA6A56688EE9654C81EB34EBDB
:109D8000129E9E47BF5917AD1934751FEB8BA2BEAB
:109D9000FF747A56587818194EBE10911B591653F5
:109DA00099E1A993D5CBD940FCED118351C8B37E7D
:109DB0006C8D99DDF6A7B2E0A8ADA61443CBDEC149
:109DC000953AD4730494970CE16B62E245BB6DBD88
:109DD0006BA8AB0B5E37A9960245662A1C0FC7D944
:109DE00048CAF2452F1AAFBCD56B9901CAAF145AB5
:109DF000B2A3AAA05BADE6F55A2C8CB772733125DD
:109E000085585102D0DC4C122215D9136652209F7E
:109E1000492CC5DE21B28CC58DDE2175B251FEDA2A
:109E2000200045F937B628B116DDFB6EF46868539B
:109E3000CC1BB28F200A0C89C59457910364129EE3
:109E4000299708ECB88ABC1A4442ECCE7A50BD225D
:109E5000FB1720B234E294199C76EA9B84922B780B
:109E60005E07D864BEA4A23DEBF6D02C31877BE917
:109E700025BC39997C5F52B84A44AB148023252A0B
:109E800062E6900FDD7DB48C3502FA1C504E0E1741
:109E9000BD0464414BF6A9617D303FAB5CF7F580B2
:109EA000C46309F6F60F2732DFA9BF31FEB001C542
:109EB000D1038BA185C6F3ED642CD357D9F80BD30E
:109EC00048B497652F0CF9C31B956D871BD10929E1
:109ED0006E704D6C23F7FC4D6F8238E5DCF11D0B85
:109EE00070C4E0F87343C106B804DCB95868529AEC
:109EF0008CEF5FCE2F1E7D76B503A707F1DA12C275
:109F000056C10C265FBBCBAAF0810CF227EBD41113
:109F1000B692A0F23DD90B18AD98203D918434F152
:109F200068E24E5E00B3DC67A5B8FC8E55E89A0087
:109F300019D65BCA2F9A9F45174934059201D5530C
:109F4000CC7303594612E7C68B6982FFFFE0EDAF81
:109F500075F98AEB61C7D2F274FB8582908DCF8947
:109F6000BE22F2491E5E885CF4D810924B1AD45778
:109F700000D468E4BFDC657ECE3B6AB467C089204C
:109F800080684735964973334478085E304AE5F374
:109F90004B4D1596BCAD7C902E55FB737DCD50403E
:109FA0000158F3CEE280B71BA722BE614A7606A60F
:109FB000D64558CA0EFD3EAC13687A20D5C908A80C
:109FC000D8BEB825F6E5006051C63427B74F53CB4D
:109FD0005D530EA730A7F3DC7EC64C0C6BD4714CDE
:109FE000EE7FFF745F0B6D40FA94AECFF506203C18
:109FF000613A8A06AED36C13E587A49D8ED905031A
:10A000008CE66DFEE691BD2C627A9491C32D01140D
:10A010007BC9AD8726F416586A27622DE9B6BFD7EB
:10A020001805CBA79E36B5E266A58A6B972B24B49C
:10A03000DB8F951AB3B36EC1964347228DB1D7AE6D
:10A040006901E061A5EDFB97AC139CC30A5064273E
:10A05000C92CF8679DDF5D8E1E4C31770E9709D5B0
:10A06000E4E55C93F9E2D21A83E3DCBA82C91C0905
:10A0700095361A51AC5EC1EF8BC557DFDC66D9C887
:10A08000081B188E36416B41DEEC9BD10B4CEA1E4F
:10A0900079C7AF3B1CEBF4E81EBD1E34BF4C45D75F
:10A0A000FBBB3A0CEFEAAADBD3247ECE0346F510C5
:10A0B0007B25E93C2231BF81A3C17BFCD7C7F7E7F1
:10A0C0007791134361559340326565357647E0F4E7
:10A0D000EC041D2A3225438AFE76B50240F4FC15B5
:10A0E00005591441D4E642462FC78746CF433F8CDB
:10A0F000AB2622AD0B05910E0BDC220AD121579D18
:10A100005BDDC802FDA75AEAF8C4F5915E4E423401
:10A1100097D4A48CBEBE46108AD367940A58C9E966
:10A120002A5517B850383F9910FAA605FA8C33DC37
:10A1300025FB174CD2BBC819458DD111364D9D85D5
:10A14000F07714D1AE5ACFBC6A9A5E1D53F5F979F7
:10A15000BC9004AB4FCAE5025C227B775E2088B3DB
:10A160007480D286819E68DA37D3D480D79B989A40
:10A1700016E39D96BFA73395F9C6426CAD5D701688
:10A1800029C2F4B66AEE6BB1D04D05B8FC42AA6D97
:10A19000CC3BDF7F985D96D4398F7310A0F200C25C
:10A1A00057B7D8F2097F98089F0B50FB62AE45065F
:10A1B0004B0A77386DA476247D23CD20FBFEE9F889
:10A1C0002FA1CE04D3D9405CDADA58E0D114AE8E98
:10A1D000EA0BC468D382D08E076CB6A1F8C9052AF1
:10A1E0002793ECBE63A54975E28292CE4375A4AB7A
:10A1F0001E3F39D4ADCA850C17451809216749ADF2
:10A20000DAE60C8CAFE7F02F997045F6C7D085D50C
:10A21000201A2E4D65851A8DA960D8D3A6BFAEC071
:10A22000ABE3A3CE4C147DD44F64AC6B3D8854108B
:10A23000A791C4E0B8C9F4E058D4E3BEA2ECA5AE3F
:10A24000F2173ADDF224A0AC4CEE78689B74BCFEA9
:10A25000956C6E51E035B4961C934F44F73D2567DD
:10A26000A52CA55A12F6D59139CE3BF7E58D72B2E1
:10A270002D0A05934612A9F903B935F29D956DFC97
:10A2800004D30B6177C306EF1A3292FD4B5A2AC0F2
:10A29000BBBFF4D888D17966822DCD5AE6ABAC2805
:10A2A000B7BD5DCB032E7C232772E0B56A4E09470C
:10A2B0003014E008A4679F8AA5F6ABE3940AD7910F
:10A2C00003F095FB66E8094FD6B387316B42746C97
:10A2D000F32D3E9F8490A29838FAF73DFB9FC2145D
:10A2E000FEACB51610EDBDAB52EB9F7446F0F5B168
:10A2F0000CEFB84EF56D7811E7B04E9341ADDBD65B
:10A30000895176E5F9CC67084451DA789F0F316FAF
:10A31000D2A5BFEF4FF0BAEC81BE38884BD6CB390F
:10A32000F9D7F08BAE9CECAB7C1C2530332BF907B6
:10A330006E246E945B1432F7442EC49BC471017A70
:10A340000F8CB6AB24E5A8939417FB7EEAFD71FC55
:10A35000E523E84CBAC5D56ADB48C310953AEA282C
:10A36000A4CFB2889EA6F650466E23FCF04C462041
:10A37000295C5F8D74AA1A0B9A934527DD28DB654B
:10A380002666CEB83A694FE1778A5BF6C14B70B664
:10A39000181FBD2BA647233A9E3DBB2E6A79A7C244
:10A3A000E4FDC3E6EC6DD6A4A5CA3A2030CADF505E
:10A3B00084EDB78211073D57CF18FAC068A86C58D2
:10A3C000C45DF4438632D2A8997F071CCECC01F736
:10A3D000333F7B47598898EF3A994F3065E8A2DBC5
:10A3E000B69A7191B96E39A481A3E4239608AA079D
:10A3F0000C911EDA2F58627CE4BD7165780053F22F
:10A4000030CB53EAB044CD8BF30CF9B0A4C45D9EBD
:10A41000EE7528D4601F23A14184CA865F51C29C77
:10A42000BE0025E60E8440D39DBF360B356512A9CC
:10A43000652AB636D66DD120D9F2A967ECB1AB95B5
:10A44000AD3094FF83BCD29F3EF91D60773DB95378
:10A450005390971DE86602BE912D649A8F5323672F
:10A4600087493D217E010EE582A672A4B16AC5EB43
:10A4700014C6D42B546EF259C5EB25F3223B975BDF
:10A4800052747E16A133B1F8D9AFD8E660A9AC10EA
:10A49000060F304267EFF8EA600673F8D932367E6D
:10A4A0007FD724466D1FF3364843A5688A5BC95A97
:10A4B000F483F13C3661E9DACA4CE68B329B7F3893
:10A4C0009487CE735BE4F4A928BEF1950BD7875629
:10A4D00004D0BC0743FDD3322CE8CFD577E116C2B8
:10A4E000C558212F535D66A2A654183924010B7B51
:10A4F0004777C0840678A9FC35DE1B4B4BC6A68E79
:10A500002D3DB6D57DA3A02443AD6099CC32AA627F
:10A51000B7F15E1292D316D32D91DBE527C8993E91
:10A5200014A498F503A164FFFA8C1C778DD70E173D
:10A53000CBC663BDE93ADD427605A755273F1757DD
:10A5400027BAE23EECD2888F7E3E161105259B4746
:10A550007FD1AE8959345E7F5E06B357E2738D9129
:10A560000CA7ACF00BF379DE0BA6EB977D00445300
:10A570004695DA5B0B69ADA58136C2B694F8C23454
:10A580002452AFFF120B104032B3A33C4CD89D8530
:10A590008788B2AFA1A8AF4AB6E07D824661411D6F
:10A5A000620DF6A6AD6236481C6D5516356992B23D
:10A5B000776D32B8F8D1AE547D3C9ACD3BB8DF8B85
:10A5C0006238851EAD5A53E942BE2BB30DE010E848
:10A5D0000B1562D18BBFC25EE8FBC700F4D9A72F71
:10A5E000167A93841472474DA43A0ECA9E9E325D29
:10A5F0002983AAF26AE42E8CCD1EDEB08F63CE3D95
:10A60000F50E71EBB2C4C31B4FFD7BFB753F461FBC
:10A610009A8F7DB994E1EF54FFB2E6EF2AA0E17A78
:10A62000389DF2850DB741FBFFC908F2C81C11D651
:10A63000A657863EDA717FFFE8474F82872A6BDF95
:10A6400027DDCD75D56BFD02729F8D4A10B2A8949F
:10A65000F80403ED02DF9BE42D2F2E015F88EC65EB
:10A660005A433929D86DB4B35560F73831E9199098
:10A670003A0D8F205663546BDB8C4CC1493110E18D
:10A68000729346B2EE4D4710207AA31B1B0FFA5669
:10A69000B678C336D170812EB8E1921C8CE8F86A86
:10A6A000CC257F7A9BC56C78A3777FE169FB7CDD45
:10A6B000362E74B8086BEE2337BD2AB6E0D3B0D27D
:10A6C000FB76D9D32960345229FA3BCE92D03CFE96
:10A6D0003E1F6AD77670064306BF0AC71D8D8FEAF4
:10A6E000527C4BD7474789F4C8812B8B60477698BB
:10A6F000E3E53C838C86BA629826C1D1BEAC742E49
:10A70000759DAD4FECA414DEB41631EF947AF2AB24
:10A7100030CEECABEAB8575C749328B6027C3B426F
:10A7200047AF487CCE9ABFF3D3839E089347CD1D95
:10A73000524CAC6C8F0E393BED4DAA7A8D77FAAF47
:10A74000C52133D4932B01EF7568AA4E94C35EBB29
:10A750001642C2039B7E2E9F9E6ED5943C1EC7322E
:10A76000A19B3E7535956E734B0D5C57A2B6109547
:10A770000056A070FD35ED823B47DC15468A7F62AE
:10A78000F71CD3BD8B5C060E66CA423F16C7B8FFE6
:10A79000A9EDE96D3009FCBA280B5DF3F098915EE4
:10A7A0008F9713DEC043F0FAF04DCB77B75AAA0D5E
:10A7B000CFC7DE6E6E7A28265A482FFDA328F6559D
:10A7C0004F2E38AF0084F3A5BD742052EAE63487DB
:10A7D000B7D9D1CAA037BB4C38CC8A1396ED570FE6
:10A7E000EF3A49E4974B51191E6B2BBBF9DE87A852
:10A7F00049D554C5C6E0839A6A1EDB23172611D4B7
:10A80000FE9DD778B0269B775938629529B5E6EF3B
:10A81000822FEC87F866D28ADA6619B11C74A90D0A
:10A82000853EDC2249C2019E57F752568FFD485C97
:10A830006496CED6A60639F3F7EF0B853B99EFE188
:10A8400085F42C2D1C0E8074764CEDC86A5240A7FE
:10A85000FE3DEB95F737BAB1AC572EDEB559D8B0FF
:10A8600041B7DB248526B35162125995D26D4783D7
:10A87000C341450FE52ACB6DB48D44EDC92410F5D5
:10A88000741CDABFF51FADCE3564903B356F0437CD
:10A890007A95BEE70FF2F03E999303BBA120460ADA
:10A8A000C64F58FDE7A2C8F95326227C26AC486F54
:10A8B000625BE07FB59A0CB47A6638F83348D6F913
:10A8C000F106A9955A653D685E872423D74A2BE691
:10A8D0009EC779480DAA1B32229A8C97EB96C19C91
:10A8E000E7C770FE2556BEE7908CB989982B02BE4B
:10A8F000BB73A98E9F87B4646F54B25F2375BDB0DC
:10A900006E4987194BD0BC4F1EE1F84C2820699244
:10A91000E9307F3BB31712ECA2EAB04FC518906440
:10A9200003D82BAE47D1D549FA11D4804C86C5D572
:10A9300099CD74BD45C2281F0F629DF330DC50B421
:10A94000DCF6FD5A9EBA8A8B5263B873CF7496AD0B
:10A95000E5376A61CF9B03605678E816428F695AE3
:10A960002A2D6688C07AE8166C2467172B28CC6CD1
:10A97000C9E5216E517C5DB778C6D3954D8C90F0BA
:10A980003AD13FD5B6050242E9B6194FA52EA0F03F
:10A99000140F0CDB351B23CA8EEA171B0C94A4DEA4
:10A9A000CE029FAC63F29A3BB692E1ABA2567365BE
:10A9B000B8462B8F84AB3005BD11313052000E34B8
:10A9C000BAB052A3357477A802A5537E7905F45D19
:10A9D0006AA22A873860AF3D4D0EE2A4A717348CD7
:10A9E000D2A7154FEF49B86B193044B52BDE8F272E
:10A9F0004183AAF8773B4F6DDEDB5E5F1C266E1845
:10AA00005D33F33D0862569D7C89655835FCE7232C
:10AA100080BE041E13A1742E988B0FC8B813633523
:10AA200064130DE3BBE99E6686781F27B696104136
:10AA30000D2F3CA6B67A51B392446FB060F2FD562A
:10AA40001A332F6B1F670754D21307CA45B09AF702
:10AA50005B6AAB606F43FA68F604D6D8476ADD07D5
:10AA600071EABE9F3815664ADB6647294CDB9C8B32
:10AA70005A3C5F53658CFABF4C76B71C37FDA11F5B
:10AA8000A9869EB8AFD44414FB320F19F250802827
:10AA90008A4CDB9F658FCE0495D901155260491908
:10AAA0007E7559B3639CE7FAE9A72F34A0AFEB900A
:10AAB000198131B98B997090BF5A98A2A494CC7720
:10AAC0005A13B655D10E63C99AE8914599DA962C76
:10AAD0004AAEAC717299A7088CC4E62EB51ACAD2D8
:10AAE0000350107F50D1368B355AA32D29B8690DEC
:10AAF00089ED0D85E182A7042B013AAA92FEDD388B
:10AB00000738A11EA4E7CFE3A88D8895F33E91C234
:10AB10004C8424F31DD883E4E2175CEDE0B012AE60
:10AB2000A20C87F23F97BB9E749D739752A54EF17E
:10AB30000CDA485ABF7332A7C5BB3FEEBE1D5D0994
:10AB4000C53547A343ADA3FE8A447716CAB5712322
:10AB5000FEF093E3B4BD5ED6D776B631D3EFA892BC
:10AB60007C18F9B3342CB8641DBC3B2D572995755E
:10AB70007184705C9D3A4DF915ACA2571BE7E9470B
:10AB80009A917B10DB8F6DFDCB8F0461979F520EE6
:10AB90002AD55C11780B391536A0C2B3DB67ABC17F
:10ABA000246448BDC164415B7F16A13F2243016C10
:10ABB000D9479A404563F5E5A8B4C43662F0725DA2
:10ABC0004E5A4988D2F1FF79269AB878FF3B8AC756
:10ABD0005BF282758E34CF362397ECB8D4A19EC336
:10ABE000795B6C0C0B0314D97233404B3DA4E15ECE
:10ABF000F68551C644E0C3031CAF618C48D2596C42
:10AC000053BD53F3C3E693CB6A148E677DD52BAA4D
:10AC10009BE05B6BF766B8ADDF5C0336F76D1A41FE
:10AC2000C70A9D675E367622F31D3B8EF7B958BC86
:10AC3000B4E1521D679C4180242E6DCAB47D494108
:10AC4000E2418411AAC0294E238D7F5871F3DF722F
:10AC5000A98FDDA79144CA3B756132740F825C2FC6
:10AC60008AC1B15B01DE198973D4E4F0B676A9A27A
:10AC70000957CAD1293564D7ACD9C2D1BD9789E863
:10AC8000751919351CF5BB3CE6F712FC39F4D401F3
:10AC9000DB98E6F30C0ECD5F944C23076FC9D550BB
:10ACA000D41453E350AF0172609052895F06E83EBE
:10ACB00074F3285D4626401FF0CFF29718C3A221F7
:10ACC000054961335EE90408E28A5CF2E559C0E6B1
:10ACD00045668B952859A280B61031C3F735741399
:10ACE000C5A10C27D675846E36D671448379F1B62A
:10ACF0007A2B6224AF23945699D8B554034567CE76
:10AD00004D195D09586B141D9198C272D29E9A3EDE
:10AD100002902EB306F77E60252BBB5A3140387C5B
:10AD20009CA8FAFE012244B1BABE20DDD86A92A2E4
:10AD3000EC5690BD7144C25C8E9E19AB6069DBD24B
:10AD4000C16A088D28316424BA89F15386D55D1E05
:10AD5000658E9B82EA9E1FD2623E85C5B11A25860A
:10AD6000F1A1EAEAE36D9DB978A786BA356531505D
:10AD700010D879BFD0AA4C8DB1FE74ACAB98F9CB8A
:10AD8000D4A053FADBD717BA7BA7F125B2BF3E1385
:10AD900064BA6CFF27C5FA45C7B20A6023B03CCF3E
:10ADA000EF75A312DA9D14C3C258D0CECE1DB1F7F1
:10ADB000A1F7D387E1D72DD7A12BFE8C987D88A54D
:10ADC000F4F31AB22C82EF8D62D8E24D2E3A84123F
:10ADD000417BA4F888FBE4631DFF9B06C44B0FBEB8
:10ADE000C4A62C1676EE12661A89E4C304C4C823DE
:10ADF0009731D7E6950B797326DA2856A65A610F54
:10AE0000526D8401DF00C931D22103FE55376CFC3D
:10AE1000FC7A69AD7C7962B7D47525F59CABF19766
:10AE20007967EB6B9B85933FDE1417650B8648F3C0
:10AE3000029EC6F660230956A187E79429FC65E2C5
:10AE400070D7077D89EF17342322DCA4CE615383AA
:10AE500022ED65DBA455033E792546A601B8E662DE
:10AE60007BF07295D53F02DBF651EFC9EE66C96003
:10AE70002F47FA52D044E0E81EA4326B8EE3D07A1A
:10AE80003423354CE5E53FF29D5251371F57C7B982
:10AE9000F5C3923A6866AC4529A9094AEFC1711A0F
:10AEA000C24B5E658AEE5F29C08BE254C67B3BFADB
:10AEB000175D023742C2E497775E4F862C29042B38
:10AEC0001F59898A89611B7A6964A689B9668AA033
:10AED0005F5D876DB68129B9BEE8D98BFBDF77410D
:10AEE00059028ED147E69E65CC1625D8F0655A8763
:10AEF00077EE500F45D19357F3962F7C12A64B97C0
:10AF000069E7507A663AB8D5FAB8C3D96C58E54BB8
:10AF10002F4A52CF1FA3C6DEE3AC26A2767139605A
:10AF2000657CB36383C0B52FDC01F7AD88495394CA
:10AF3000473AFD99DCDA6A19919F15C156DCB08D4C
:10AF4000C16FBE2E597701D56C8CFA2672F8B0A964
:10AF5000632B13402CBA58B717D507B0FE7ED1D358
:10AF6000EC919B62C8E5375C5D5F59F5D8FEC38004
:10AF70004521DDFE222F9E857632D1EBCBA2BB4C44
:10AF80000A585F86F5D92AB7BBD80610C16947A50C
:10AF90008C2171220B6ED36D599D7B4C08F1DC2204
:10AFA000E91F40134E7E0A93A695669716C78A6CD2
:10AFB000802C95628D9D3E51058AA6D4C10A4D17FD
:10AFC000E04BD407E05E1EB013947797F7C6FD6C94
:10AFD00006737A4FB09AC601129C4DA9A54C065C27
:10AFE0006E905EC3F22C7FAC6EA153E024C9B0FF1B
:10AFF00069705FF362BF26B18765B77CE46E05D3E5
:10B00000F80AFA5B29A851E071D99B4EB1ECDCEB50
:10B01000423D1151A2A7E9621929DDDC51884A0E8F
:10B02000D7BA4DA3FB994D2AF821F99BCF65D45788
:10B0300068F40BE3FCBB172D29EB53633A767EA72C
:10B04000571500EFFB3F7678D78B35EE93ED765BA7
:10B050002F373B874BFBD390A7D95DDEFB73856E03
:10B060007AC1F4D985884B863052B1E0967DDD6592
:10B07000ED3CEEE9964D4EF998B3B1FAD79089615F
:10B0800047865969DC4163B3A43CB72DA09A57F7B2
:10B09000F5792D1F264FEB4A4273074BFE86D8CA1F
:10B0A000B298E85AA0823D53721F9DC23F2B6A8A14
:10B0B0005E60199BDCCD932F42FB9C9D5B8E9B0EAB
:10B0C000F466BCCCC13F66B432E68E8B2BD5666A83
:10B0D0001DF8F87E8395EB7A2C21C5FBD37274653D
:10B0E00098B5945E440B8A5DBD62FEAB4DB2454A95
:10B0F0002DBC38A2E7FC050828CC3DED353D2429C0
:10B1000021F318FD592C5280EFFCD658B0489944D1
:10B11000C965ABE21517E63A56E6EF3A7D1370B013
:10B12000752BB046AA6AD2134EB23822E98B89E851
:10B13000EAF90CFDC2489A47F4EB0AF3A3FBACC34F
:10B14000757EBDCB7641465D429EFF205FFD6ED78A
:10B1500071AB0F0E6CE3AC8423FD340ABC9DA89B3D
:10B160002BF56245C4FA97D25387A7E6148B43CADE
:10B170000EDF3EFC9C48EA237F720BEA0BC716F8F1
:10B18000325B135AF624BD94737F3F8723D8D1775F
:10B190004FC90A4498E1A9FC2686DAB45377EA64D9
:10B1A000FC7BE1D858DF1824CDB022B9C37518CD87
:10B1B000BFC6052FA90AE3A74E51993000569A58E9
:10B1C00034EB626BE27D37F6978F73EC3A2FF727FB
:10B1D0007370DF5EB0A76505F0ACD7CE992C51181F
:10B1E000ED17C285533D490D3301A74F4DA1AD6AFF
:10B1F0000BF34309FB020ACE4C8AEFE05721C4ABA4
:10B2000037DE6B4FF168F1D79EF1CC8C0955542D88
:10B21000DBED6DD33126BAA482A03B16C1C8458DA3
:10B220001DDD16E7A695DE87BA508070565508BC1E
:10B230002C5B4176F1101A6BF445AAAE2FB6235E53
:10B24000DF6306983E1DE110A34447060E4D0758E4
:10B25000EE284D398F186824960C250B5BE7C58EB8
:10B26000103178D7DA17228EAC36168AFAA8F5F69E
:10B270004077222D4513D171E7EFC5DF1C0253FF44
:10B28000C493EAD20A845F5898E94FAD4A1CAA6871
:10B29000658E6A03F9DED42A570E90B82CFA9CFE0C
:10B2A000C0D744E0F1B8460D2F30F2427F942E27EC
:10B2B000ADDE42811238EFDB08D95E0266B45D2F45
:10B2C000CB39097E140590976E553190C93C57BC17
:10B2D0008C5EF39F9FA149DA215576A348BDF842C1
:10B2E000A056A9B0F62E301929563F63FED2B3CE30
:10B2F00021B57A16943BC9EF1650C89E8ADA78E4D5
:10B30000FBEE2FAB8BD057168BAD71A576CC525A76
:10B3100042542F341211812BE04039EA3FA2B3206E
:10B320008B46857061DF45F983040B275995EE87BD
:10B33000B0F106898024E442DC394A522C5B037C5C
:10B340007FD43A5BDFC50E66487B6BE5687AF4769E
:10B35000543CAF5A4A32F397295810761B5EBDA968
:10B36000228F06BB4B56122915051B81C9F3A42A4F
:10B37000F983BE7A17519E9A73F85F7F639F164ECA
:10B380006F87B70AA0CAA7EBE6E43553163A83F6EF
:10B390004BDB4B182F9EB42C8613BD47D9C9F5B68D
:10B3A0003476F97322677C8C2701D88E3156F5CA22
:10B3B0005BCCA208AC64B61926474B3DC47242AFC1
:10B3C000384AA522B5CA35284A68D2E097EB350835
:10B3D00096751008DC5A5B23957249C9D9D76899CC
:10B3E00032D9B493FF62174BEB9BEDEBEE91B9EBC7
:10B3F000F353F21D955A60CEA937790625668584E8
:10B4000022A949EE5D029477D7F46EBE54C1F3DBF6
:10B4100074DE738E78E199C0E21E9618A4599906DD
:10B420009F874A5F9FBFCA447889FCD8A2C928F584
:10B43000ADF273F3786E1B4215B8B85B96EF87AB2D
:10B44000347E11B3FB6FB9527981DF81BFCD8F1686
:10B45000B59E45A660A6CBBB24E1DE752D1D868278
:10B46000801AEA14004FA6F09D4DC2D03DABDECA53
:10B47000BBD7F6228712A7F4F4FC5B9E4A7F6D5976
:10B48000F881A7CCB629ABA45E1187B712CB04FF15
:10B490007808AD7ADE1D49E3CD8A3A1C1B4A763620
:10B4A00041B08FBD894AABF2418D92DC473305C76D
:10B4B00067CA46710F597C9D73EDF58F11CABA9A10
:10B4C00092E1808A8470DA140EF954ADB78FFEC011
:10B4D0002A7CF0811D9818C1E03C4174B7E36BF001
:10B4E000E2F0C9CDE4BB9F9AE5A73F034F7ABBD4F6
:10B4F0004323AB66D39BF8F5EC2CDA5FE80A1AB06D
:10B50000F13BC6E025B1FBACA1C861F5D192F9F5DC
:10B51000B811B8BC7538552D3FDB6D894E439889FD
:10B52000011A84F3307CCF2FD34B5FB1D6F105895C
:10B53000FFA80C40EF336C82D09C8DFE4280BCE5AE
:10B54000B8E261F7DABA1A9B32AB649F5D1A64BB4A
:10B5500018174CB2054EE8A32E637F6CB5E7993AF5
:10B56000F2C1C1A9591A34F7AF30AEA9067D2D76C4
:10B57000BA26A4235B5E153FEE71432F5C27F89C2F
:10B5800041234FC42C090CC9C64822B331C8B69C0C
:10B5900015C72AC93F5A7E838ADDEF734B72AD2CE3
:10B5A000768376A013A3C95DEE212C96C366BC7882
:10B5B00007DF2968EA3F2D625C3A13FA2D469C4E5C
:10B5C000AA55C7D1E761AB5B03544F8E20CD8B9B4F
:10B5D000616A11A1F4AB743B870DD6BD1A81ABB083
:10B5E00037C6C8A1DBE31D91C6A920CE506959C951
:10B5F000F3722D09C48C1D11DA8B490E73C55446A4
:10B6000046404E7653DBC2EFE2FE8C8887E0CFE502
:10B61000CED82DC85D0BEF8C99FE2348B2D72C866F
:10B6200009652EBA5ACEF1B70E4FF54C8BE9E2B24E
:10B6300094039A3DD24D328512B15F7B1CEC28E415
:10B64000D654D1E1EEB0197FCBC5FDF30587E4BE3A
:10B65000084ECEBA4BF44F8F600213CDAA848448B3
:10B660008C054E1E41D6EB44E3EF5AA3570D6137CC
:10B670008D5C2EB1165493623B2E699728588E8AA2
:10B68000B82AAA2692E1AD534AA4D3FEB429008871
:10B69000DB50ED5F1F4A30D412FFE02BDABE794950
:10B6A000A7187445F3D175D062C7C8E67A5B07ACBA
:10B6B00073F9A7E965FE6FB9A3D82F42C4C2A9EBFD
:10B6C000AAB2E6AFE54655ABCF1CDFDC4BBA781823
:10B6D000605C2A04BFD1ACE57A4D4CE60A151786AA
:10B6E000954E6763AD657875958BE9C1322014ACD2
:10B6F000FD049EDDC359613EE2684FD245C809B1E1
:10B70000F0E73B482468FFFFB7617520B0CBD7A5B1
:10B710005BD06558ADE36DE25EB0AE3A7B78DAA9F6
:10B72000FD799ABA042C8CBEA0F6656749D3108EB9
:10B73000AAD0EF4398172F6242BE1709F5D0E37FD6
:10B7400088DF2F6C9A301EC36C9AFD1F33743BE95F
:10B75000487C6F4FE027F31AC96B0BBBB9FA4B71EA
:10B76000FB1215ECFF69D64B517D9B7D3A56931E1B
:10B77000A89186706CEE262257777E30D693B9FA60
:10B7800096C09BD0B1BF01EB7C7C8FAEF54E178786
:10B790003827BD4C72882426559F5936D7F8EBEDD3
:10B7A00035EC2FC039EF188DB8E59048C9FDA3A13D
:10B7B000A130145608C15EEE55909938A9A5C74628
:10B7C000C9E4C27E1F6BE9A9D02C8A8A097AB98A9A
:10B7D0005F46686E1A62C9C4D7C78364984C611803
:10B7E00096504E978B5185D33FEE6AD083D5D42B9C
:10B7F000536ED45829B9F44A85216B26A39C0CBDFD
:10B80000C7B61D7DE9992793808362EB27213DFA16
:10B81000F1A2993555DB0A779C3D5DAA4012B839F3
:10B820009D1FCA90CF005EC73907B1F2C25BF6DC3C
:10B83000CCF7F7EAEC03AFE0C2A013D6C2344CADAC
:10B84000E61318B142A072CFA1EACBD67E4C108984
:10B85000B25792B98E774E4F8A2215FE0245723F3B
:10B86000C86530E3843187D7AF6D2EF10FC76FE61F
:10B87000F4BB96C7952C277C13AFE762EE93795BF8
:10B88000B64E69B8C165F4491704B95159E502E8E3
:10B89000DE2570403301888CCFCA81A6954E041DE9
:10B8A00032E1E14F88F373886FC759CB2DA2116045
:10B8B000BA77B323CB895EE11F8C3F35BA81B2FFE3
:10B8C000AAAD50B022B11001018D06B769FFC4AB1B
:10B8D000505B86561B6EEBD0C714F7311088B8BC8E
:10B8E00017BD1F99CE6DCA331A0C80311D0B7B7B9F
:10B8F000E3B459B876A192497E3D700B2986628ED9
:10B900006408DE60EB58B62A9B88C6472935DE6896
:10B91000C0909D25493AC92986515BB2352ACC5839
:10B92000609AB4575B8E3761FDD958C7B0A39B4E60
:10B930002874919AE8EBA75D95595F48612EED4A0E
:10B94000189034342E2EAFA580FCF4C0D101CC85E4
:10B95000862E758196ADF491E84459520EEF34006D
:10B960006F5BFB012AB64BD37188921120DD43A88F
:10B97000982D6BB6620944E3A29784928505C22A8A
:10B98000FA8203EF49B1B0868E047FD59A96FF58AC
:10B9900047C8C39F888480AF971ECF5EB5E2FE8FF5
:10B9A0002ED4310A41223D3A66EBDB8C80E3A7E0DE
:10B9B000C72E2E3407435539C23F4F19774327F11D
:10B9C00050C5D6806075087D46FE2CF48C65D8C0C5
:10B9D0000876E8B68D05DDE7404E804C7100C43531
:10B9E00032E35D6E30EAB23E49F9E1E4703824BDDD
:10B9F0008C67831019BA88138619862D78A00A4798
:10BA0000BA3A9B65FA3C05B1D9C5F6BBC6CA7EA158
:10BA10001FEF5763AC7794CC107251FDC06C663F3A
:10BA200073E7AAD36629A092C26F5BD11D64B05A96
:10BA30003A062377380A6CA9D01F636D56F01A991D
:10BA40009506A3ED645CCD849D1622475CC18855A4
:10BA50005EAE8FDBE9AF8E0FB758CA69DC409DFA46
:10BA6000E1443E5E4BC26E1A9C74E9A338C8A0C282
:10BA70008626DB5ED54A1C0DAB8144211B60107D00
:10BA8000217A487AA90E720108161F751BCD2C6603
:10BA90009D841F1A0551DE8613CB17FBF8DA5F81F0
:10BAA0000891D14E3960631B2BF8776D26F75AA1A8
:10BAB0000D03468A0C4B013F3BC881E3A6432F6F21
:10BAC0003AB1E7841A037B760DB97B7CCA7D86F395
:10BAD000451A6AD0271D093DE79B8F5C0819F8BFFE
:10BAE00052D95DD6F175BEFD1964CDE10BED45E58A
:10BAF000CA3BB4946A8EEB52C9764F835E1BD083E7
:10BB000082F5E16FCC689DE9FDEFA5890BB1B8C165
:10BB10008343D333B1DD6DEB7C8B2491F7A4A5DB9C
:10BB200084C47909A30FC6FA4C81F9245B486529BE
:10BB3000BC0660F39B488DF40C11F84E5035A2778B
:10BB400010B58B5D6C86B7718FD9E4D76BDF33A2EC
:10BB50001C23E3E897755D74C3A97217F482EE3E67
:10BB600032500342B8241DC32E89446A55154F1321
:10BB7000E8BC27048356B3C0E38B4874BE697915CB
:10BB8000139B65CF5C0EA85C1DC39C12725C1EC02B
:10BB90003270EA29C2A4F6C2DC63AFD60D578940E1
:10BBA00082E2F8A80F619F31B8A74BF0059F1B3BBD
:10BBB000125E90A3951F052F30FA0958C10C31B2BF
:10BBC00043393E177AA3639ABA8E4DA2E512E583F4
:10BBD000010264AD28046BFACA83A9B2830DD67C36
:10BBE000DD1F879BAC42AF1D24D587F8DC08D63417
:10BBF000CE136E0CD320E57456EFDA823FEBED7670
:10BC0000BE48F4DC27F5AC2896162D613EAFA85E41
:10BC1000DA1C81C0EEFB775903967C9348576CA1E0
:10BC2000E22BD9461F24F9AFC994CE020FA6A81C57
:10BC3000EAB7D6E9AF635193A53E654217BFA0D8D6
:10BC4000C28A3A6A71282371E9AEDA53D98C934BD0
:10BC5000D6823F70D9709F4BC720CC74C15E93F0E1
:10BC6000D2A8299FCC17C268CD46EE7944B4A91357
:10BC70007DCF43C7960432E2C71732C5A2BBBC7F53
:10BC8000371AF95CDD0B69BB2DD9287704C6301350
:10BC90008C07B284A4F4D7B61567D8D04D0A046BCC
:10BCA000BC25E02C270D103AB787C0A83485B92FE2
:10BCB0000A85142DEE6DA6F5108A24A54503EB2BFD
:10BCC000F732444BB0B22FDAB820183B1363BBE60F
:10BCD000FA1594792CBFAB33190E2B17E33E53772B
:10BCE0006207E08235522866CE0E350CE4EA804ABF
:10BCF0003B929A68EBCBE263025125718D0BD00920
:10BD00007EA7FD1153FA6E2BA9F727A461FF857D4D
:10BD1000812D5852E696F80C858C4CB8973C43B56B
:10BD2000F2EB4C6BEF5CC873C0C4CC32B31017F5A8
:10BD30008598447F2D66DF49A6EC902DAD8E2E416F
:10BD4000F5793CCCA42F619AF5A586283D66025C66
:10BD500092E84E3C51B1C7EC59B42F34FAAD5D6F47
:10BD6000EC6B4A1BB71C8AC0D62EE73CC61757039C
:10BD7000787F719823977C2CFAFF8721FAC9C26DCE
:10BD8000DA1B8D6924B61EBC482D96756040C33DF4
:10BD900052E4A600298E27E78533CFCD738A543C21
:10BDA000581542E92BBAAC56AF0CB6EEC5DA5B209B
:10BDB00003F3D74539FC16D2C7DFDD9A062CC54DF3
:10BDC000810DD316FDD315F6D4FB23D28EFFAA190D
:10BDD0002D2A4503042F6D9DE2A9335284965F8975
:10BDE00097D1F13A75641E6AE8E08451D798888348
:10BDF0000B770098C30CC94E26FADDBB48D75CB65A
:10BE00001EF228337AF89D51F1BBDBAB4F3340670C
:10BE100084653E2946A037CB2AD7399B96994B0D8E
:10BE20001EF837AE2351E74B0E4A0AB01CC8D92C76
:10BE3000F16B5437B7A882045DA13C6111E0F78A29
:10BE40004C4381ECB0F8E0E7595E12CC87710B737C
:10BE500037967D950A02D54D1A649794ACD3236F1B
:10BE600092C1F89FC593B2B0D073C600C233311DE2
:10BE7000D8A422CC41A1F812C9F7D86FF619E20173
:10BE80001C34012506B32E5A1310AEC8A604BE2BCF
:10BE900094090F6D8F66EC9782D1D1731DC338D38F
:10BEA00037A85CCA747757A600E7B1ABAEA5E2DE4F
:10BEB0003CF63594201CE5559BB9BED6C9B4F78233
:10BEC00070541DC41983CF6E530692149E9489EA50
:10BED00006B1D8BBE59CC3E3EFD2EDFE853FF1E0B0
:10BEE00072158A6E844E09074D259BDCCCA90C2B5C
:10BEF00058756BAB7302E4A658CB807A20AE6339D9
:10BF0000C868A81DE28034748C247453E4D9F87B8B
:10BF1000BA8FB0D78106E6D692BA94943DA0FB0CB6
:10BF2000A11D2397093D25CF6BF30BF3A706E5620F
:10BF30000906FB08A15FD66CE078FD1BD1B635BFC2
:10BF40000465809A91C6200E5646580EEB94CE9703
:10BF500055826F3EDFC44750F5BEC06CD32E9D277F
:10BF6000E5CF80A88E7610867E01C9F30304B05316
:10BF700030D36481BC57548E342240CF738E3EFC44
:10BF8000496FC87B7B7339BD96BEDB69394BB4BF43
:10BF9000D66D60CF0A5F7A801B5DCE1EDD68A9C9B1
:10BFA0006537EC75A10CBE29E5C068F1118A48EA35
:10BFB0004CC4F71330F3C911802CD5C1BC03ED5824
:10BFC000E4E4C42A2B2E3130EC38BC94BB8E7C9731
:10BFD000D1E8614E2B75EF78A4479B7F307160D319
:10BFE000A930467E38AF81CED71A4C1475EEB8DC36
:10BFF000C9D7AF0BB4E04348F7CF86258598BEA6D6
:10C00000E9E28D307E10B8D3DEE765E3D54F5D1BE6
:10C0100088F6DD96A7684220628B8EEF79B9A75D1E
:10C020002D67AF9483BE27D37619C4FC3C64C7E662
:10C03000BFBBC3B1D5D79A4BBB0395E9FA89B22AE6
:10C0400018CCE170749E431BDAC19EEB1FFF330ACC
:10C0500046C74466E4DFBC222E380933BD46F312DE
:10C06000342D9819B150B5658AD2711BFBDA41A500
:10C0700035C626B6D3CFA674FBE63F9BA46F633FBD
:10C080000290BC39F387AE2796796BE116E4FBEC9E
:10C090001AD9FC5CEA34BD14D0CC45909F1B8E1499
:10C0A00068A8AD6E4F8602987D06A6CEA70CC0B6D6
:10C0B0000DC8C063D152C9B44EC15DB36EFDD98BFA
:10C0C00084C0E5A518AD891E49A196F04914D59004
:10C0D000D841303C09F67CB7F8C151BEA120C33D20
:10C0E0008EBA4A44BF2C99E65641199479D5BC635F
:10C0F000B3FBF960570F7891EBA4E337672E2D2639
:10C100005E8A7C006BBD4D5E24976E8DAA718AB5E8
:10C1100046070048E110AE881BD57DC49FC1BB3BDC
:10C120000968A0D8F57FDE8FC5CFA065EF34C96A56
:10C13000FFB4B3317B3EAD4B5A37BC699A2700261A
:10C14000B9C8CC5D468E5F2AE2C3BBEAD0ED57C6C4
:10C150006A8F319A1E31C46083D68E24A3F371EAAC
:10C160002FA14B4DE4FDA9B7D353607345C32F01F5
:10C17000BC167F0E609B13ED2EF6C040DE53EF46DB
:10C18000B60E002298AB32EB05216EAE5E2AD97D49
:10C19000DBF5FB34668F39855DA4FCB0F7595CA7ED
:10C1A00061364925BBC585BED770C4DD7E5091F68A
:10C1B0008FC1D9ED65F3F6A6CEBC5123D32D0480F3
:10C1C000267AEB75FF53A48BA6C6F5684597A4ABFA
:10C1D000B364F50D94AEA03D4CB62D87787DE23763
:10C1E0003988A3B966DC3D46FA3677C9D1A9DDA006
:10C1F000F2608FB55756ACD89DBB0014124E7FF23B
:10C20000A91A6FEEED78C619519F2C26182ADC99D1
:10C210006059946C247060E69614670F60306C323D
:10C2200024217D0D8BC5F294FA94769ECD99867368
:10C2300098C8527E186E54BF5BC8DBA4D9D3CDF426
:10C24000DDD274F3D948E3A4BE402619A44B25EAF5
:10C250004F4FD75BBEBD9D3C5F4C5E34ACE8FF39B1
:10C26000C7341E158C808A296B30280221D8F31917
:10C27000FA633513DF9A2851BE26A0E271ABA0B154
:10C2800081FD989264F14D2DE10E8D827107AE6AA9
:10C29000382EDA73D29D5F3BA06C8A69F432F0438A
:10C2A000F745CE51576B42D8B82F12697822F5C0A6
:10C2B000D4232165E1573D1EF5C60978A6D5515A0C
:10C2C000E8B09885A1F2CFF2E8A3A3477FF4FFE698
:10C2D000AD42EC7138014296D1061FD9AA953EF9BC
:10C2E000D2F9A193670507A79674EFA8E1F384E359
:10C2F0001012CD002B2E8119C033157B4B874F4672
:10C30000127BC3C32F3CF82EF05ACDF0258C25F1BB
:10C31000BDACE147ECAC4A949945220CAC73BAE54C
:10C320005AB06631B4D6CFCDDB45737093BB0F20C6
:10C33000B67B1ACC202F6388FFFE9BB91F9AEEF2C2
:10C34000338FF1625A80AB6F0F847F6C805169002C
:10C35000B465E9C60C837DBB28A409633C2B05CCDE
:10C360002911A5CE4B6CDEEC286E33A19AD1119F1A
:10C37000C8CAC57BA69E675D0D90BDAE3824305DF2
:10C38000BD26F8A228EE9AE0648A1E9382DC693208
:10C39000D1A7C8858809641497BB167A8C2CE1A7AD
:10C3A0006A54AC94EC8FBBCD05F9C103BEEB802D74
:10C3B00077C4576AE16C12AFF043651B6F1B7DA316
:10C3C000545C748C3D8F33A1755F36FDA333FDA49F
:10C3D0004E88A9D1F4908D90A639C7E66A5A810B90
:10C3E000DC19D811B81E4C9D57A9EC9B46C002DE43
:10C3F0003DBB45632FDDA44FC8B595CF638E7A3022
:10C4000011E3187799D2F5AD0A9E9FDC11632B6D6D
:10C4100025C58A93DCBDDB8FF244428388ECD9BF0B
:10C42000CE380EF786F7DB1197A6B44B2CC2C82D79
:10C43000002B0B846C88C61D72505B69458D8CF691
:00000001FF
