:02000002E0001C
:10800000629AC400EB6183002D3801006595680019
:108010009205C100830F2B007B88F3002364EF00DF
:1080200057C1200056FE260037FF560039E1720086
:10803000B8AC1B004D0518003D17D2004493B900A1
:10804000E0421F006BA3CC008EC80D0054E50B006E
:108050004D4C47004C9019003B8879009A2C5D00EC
:10806000934A2300060AF7007964460067A3B40028
:1080700073C1A400DB5DA3007A8632006C232B0061
:10808000B7A3E1006F815600C2871100B3B4260088
:10809000D8B2D000F23E4400E090DE0075ABB800EC
:1080A00029F14700AF736900C5211B00F0A18E00C4
:1080B0005080C4005AE4F90042CF4000D4E3C0002D
:1080C000FB4886007466730007298B0069D24D0057
:1080D0001FB570007DBEB800D845FB00441B1400DE
:1080E0004822EB0034D7A70064D26C00CD262E00C6
:1080F000B85ACA00AF49F00088F5A700D2F5D10000
:108100004E12AF0003CE00005EA74F00B339D5007A
:10811000733F15000EA3C60030AE3300E608AD0075
:10812000A66E590083E838007C3D9D00D7458C0041
:10813000277F4900975CE4002EB37D00CFC6400046
:10814000E276680015C11E006283C5008372D30009
:108150006E092A0064756C001771EA00B35A650055
:1081600038EB3D003F3A4B0050647D00CBDF4D00C3
:10817000F3705A0021AFA3001B4256004D85390011
:10818000D1349A00DDD31A009BE9BD00D6FB410033
:1081900003D6E6004B720B00155B300020B8580088
:1081A000A53F2B000DDAD8000A4CBC00020C95004C
:1081B000CD32690001452800870B24008B15130080
:1081C0003D9CA000B343F800947AF5004928440090
:1081D0009FCF8E00DB187C00A39E0F0062603D00E5
:1081E0001E2A85006AF036006B647800710AFB0075
:1081F0001BF08F00C4F33A007571CE00FD346B00A4
:10820000A782C90028ECC200174D1C00BD4B4300DB
:108210006612B000F120C7000A6101006642CE007C
:1082200086131B00C176A50067BBAE00FC023E00B2
:10823000ECE79800BE4B70003DE683000C04E400C0
:10824000639DA3000B25E70046A9EB00471AC10078
:1082500039D0160050125200BBF4A80093E1DC00A4
:10826000DD7B8E00A61E77009FD24E00F23BD7002A
:1082700093541E0090343000322F4300209CD400D1
:108280008C9E710087ED6D00B23AFB0050CB36003A
:10829000F1A8A40055CEBA00E700A800A807E600A0
:1082A00054C9D00023A9830053DC4600729EE0002D
:1082B00049E4A40023220D00B5A9B900C00B0400B5
:1082C000ACE27400D9F68F0089E03200C9B39000A7
:1082D0005CDBD800CE91A300D0D6EE00D3F45600DC
:1082E00049A02500621CF5001C9542007F0061003A
:1082F00081FFD70023E2FD008B213300E87DBA0027
:108300004CF88600068F370067903C005F90F900BC
:108310006D9DC500A67F26002997F8008DD4940096
:10832000044975006C1E1C0030E517009CB88E00D7
:10833000D3A5FD00575E8B006C969F0006274D006D
:1083400027CA8B003D225B00A57ADB00BDDF9A00C7
:10835000FEC1EF00E3F15C00D53E4D00A24FC4002A
:108360009B92200099C1150007C42300B39F3900D8
:108370003EF8C9007D782100D266A8004049070078
:10838000197070003F85B8001DD1E800872F3C00B0
:1083900060CC7E00A3E968006033B4007B7C94006D
:1083A0001302390035907700017A1C00DFF63C009B
:1083B0007CF1DE00D606C0003ED302001BC75B0086
:1083C0000250DB00EA6CBA001ADD6800222C920031
:1083D0007C8A200076AE5D00E1605F00D95A8D0096
:1083E000E615DD0045799D0023A61800946BF60084
:1083F000821EB80077145200299E5A00F1448F0063
:108400000100010046577200006F01003AFA1C009B
:108410002EBBF31AAD57BE8F17C6335B0E3D12BF8E
:10842000CF4D6967437BCEB23ED42012C258480379
:1084300019017301C8200D5E36D0682542395329D1
:108440001710A9B2C9DAA1DFCB8477404697C938A3
:108450002F81C665358CA7262BE84F0D8CD867B5C4
:10846000B921481EF5847EC88048716E2669BC8F8C
:108470008DD762C7FDD46EA262384666454D35C1C0
:10848000ED4D6F4C0E84709DC025D3837A113F95BE
:1084900069309FF248561FF879D10E86BE539CCBA7
:1084A000151004E00CB94D1BBB51692C4A0555A9A8
:1084B000F7F1D445F03BFBBDBFF393F98ED8263FCF
:1084C000DD0D23AF3AE4A39562B2E6CB6F280D62CF
:1084D0000F9B2DB61DB405CEB2E75841CCF2FC552A
:1084E0005998394AB286BFA067018C5D9B7CEDAC80
:1084F000EBFBF3D445C7F96208A8D857D9AFD55AD2
:10850000950699D7F20DEEC8706ED58553C3D67710
:1085100063852CA6F3915970402012E4DAF7DD63ED
:10852000C3F32153034DA1A4EC457E0B1D8E0FF523
:108530006108C3183E20DDC359BB8896185E3575A7
:10854000811277A2A15A228BB2E1F7787BD6E98417
:10855000AFAD98209317875A6FC6896CA580598450
:1085600056BDC3A32C18CF386A850F4DEADEAEB1D5
:1085700066B5C280FEC3B887FD65E20336D031ED33
:10858000F1753A7B1F2E91C03D45AFCCAF1C1C1F2F
:108590006FAC2D78628D990CFA039B89E95C44C419
:1085A0002169E072F1FA7FDD7081FB28BE24340E70
:1085B00057A1906BA187F310661057F34642DB2456
:1085C000D1640BA84511532937A9744F54FD7B681A
:1085D000FDEFBF6381FD8DEAE85346CA6FEB5B7424
:1085E0007B1BB34E69598459EBD43830B397C2F131
:1085F000C16D47F5917500F11C048E561BDD7C188A
:1086000075E66C152923AAA2E40B9D614981130923
:10861000AF82BF039905418DF94803C927F87BBB99
:108620004553332C0CBCEAB1343345193102A68EC4
:1086300084E33EE0830B9F119CEE70A360AE9BC26F
:108640007CB3454B5F81C6B1118FA7831CB9E8DEAF
:108650004A31C1C382EE5CC6471B3E1B4348905F54
:108660008D9A198F49C7B79D13B65D56BF61090C26
:10867000634BA60424C328351C4102E3E072FE0CC0
:108680000535052B88AD5CB0B1C56D67C530323D91
:1086900009D92E4E03AB4451DDB18491A105E7F910
:1086A0003FD7E4D44EE3A030DC319EAD24DDEBF2C5
:1086B0001BFBFA8377647E3B2BAD7E2263D08B5FFE
:1086C0007FA121A5D033ED4D1AF1D46290565A7D89
:1086D0001B0E797A72042BB1502D7E5422A550FCCA
:1086E00094E049A0B4800595A3A7D31B9A143756EC
:1086F0006D3E13541A352FF9CE7E8A064C50918365
:1087000031632AA04C58CC8C017E82051CD17A3D65
:108710009B42BCF3E3B75F4998D54DF1C8D0ACAFED
:10872000D44FC010C08949D5D549268B8CC1994AF0
:10873000B89A15053334C8EF2BFCC33FA50CEA8764
:10874000998EC6A2584D24B3E37C1ABA3AFA1CC4D7
:1087500096BA17D2FBB67745795BCCA753F6077468
:10876000FB73C84EE4D14999D2155F116CAACF9121
:10877000DA432886DF290EAEE0C19E3DB2AA880DFD
:108780006EA3008DCDF29248C60DE80186C97B45E7
:10879000C70E876AE1C11889E30C813D2BC3DE4D0A
:1087A000F30266C45731E96ECE546FEEC6E89E4CB4
:1087B000AE9BF28CDDE0A9A733393997F11BF75E48
:1087C000DA9B22E9CB65633E9254A21D195CD85412
:1087D0005F85594100A53C77A5315030CDF25176E7
:1087E0001CC0B782D49E851CD0BC89D48FD158DFE1
:1087F00066041D6F36E1D14949586299812545507B
:108800003840B88216644AE7181160A2DBB9272EF7
:108810006A8B152412432E1C51A710A247132A91CC
:10882000BE88EC6669FCBB99E297A580233E9FE970
:1088300040607BCCAFE557A3FABFCFA56F355EBCD8
:10884000587CADC91E787D7CE7AC132129900BCEF6
:108850004F3F06120F758629CB83C8CC036287D69B
:10886000017178D22C74DB54FDA62403350DDBAAEC
:10887000678EE2DBB6BF9EACF58C31BF494C8103FD
:108880004A3B35C9699F8EA465923E1B8B0564F2F5
:1088900013A0CC446FBAA8F73212910E9DAABDE086
:1088A0001DF45D41FBED0DC8DB03C5D08C7108796B
:1088B000FA7F81B9897B3F6E21BEE51206AD6EACB1
:1088C0006F35D2A530BCE5A61DFA6A86E2E3F6450F
:1088D00063943F6AFB95EED5067536F977A8E4F800
:1088E0003FA9A29AB6E94A55F3EBEC1AED1B54F4F2
:1088F000FDD91F6ADA508D971772AD6AA5C8B729DE
:10890000791B973E57EF91AA1D65CF3DCA04E6D16A
:10891000C2235988A2372169B25F54654B59D733B6
:10892000430C8936CBC8BBEB43B2E77427A7A059E9
:1089300000372CAEF508DCC01984AE92A15D52C799
:10894000A9B7DAACD6C7A6FE9FB1D3FDAB3F2828A6
:10895000AD9C3D4BE06AC403A6F552506C08868E70
:1089600008F8723B800E2942C978943D382E4F4E4C
:10897000A6420CF72BF421C03978120B6F6A4B9981
:1089800041684C0D3D26233DA11AC4731CA06533DC
:108990006AA5D16740C4385A890BE14431BFEA5A0D
:1089A0004ACC8C8E7806BFBE3C57F0B1800C37FCA9
:1089B000951648A1037901EE7D58C60A990984E607
:1089C000566C13440B635F527C331146A60BEFAB1E
:1089D000255D47ADA3A4E51C10E0AD5B77F4518A9B
:1089E0004ED5CE1096464C1EF74F3FC27AB4DFC923
:1089F000D5A0AFC9B8C2259165D88B08444FA2E273
:108A0000601A9D290F6B1794E9E3B499A103E9B0AB
:108A10009A596A19102C7570315941B30FF6976F36
:108A2000EA734FA333AA5193F7EB0BF6C78763A5FD
:108A3000C4A116B0C22D613707802072DB2197E7F1
:108A4000A1AB70D015E6B9B9D9AC9BB125E0442AE9
:108A5000EDA2503DBB43AF3FF5955D5327D7F3E4FF
:108A6000B5AA238BC737F316CBAD2FECAF7F6E17AC
:108A700079D17EB6378636EC7039457F55EE8F84D6
:108A8000049383EBFCDA098B0457A4322B4A93D965
:108A90003DFCA202A459B36699F747C960F573AAD1
:108AA00055F78C689BA08105A0260B096E5BC3540B
:108AB000B6B240A4307A6330C468774A379C54F821
:108AC000E2C2DDEC94F4997710CAF688D86D55B7F8
:108AD000ECB1C6CBC195BFE98004E1412728EDC6C2
:108AE000497B5C136C8E62F6F0473578CA45176295
:108AF000FF214EA5BB1E7BA569D963E63FB6B30631
:108B0000AC9372BF6DC00D911093D75D90828A991E
:108B1000367764BA6E37E805614479DA19AB68E2F2
:108B2000241987D4AE1D25BB94EF10758B56B33333
:108B300078E013B7FD72DD3DBA17D086C554C76320
:108B4000D3FE52C74520B7BF0F38869CFDBA2BD243
:108B5000050F8F39E739FE84C5B743D7546717929D
:108B6000EC583192FAAF006AF796E43156B34DB73C
:108B70005C10F065A05B7E01C2F605D89C003B60EE
:108B8000ACADF564FD25471E24E0B5B52F8505B8CD
:108B90000E22B5148F7D013A7EF141FF1BD89988D2
:108BA000DF91611B35A7DE1409541BAFEF695E9F8F
:108BB00012EDEB6F7E841A0C3D32AE2FC99153BD7E
:108BC000042EEC6B0A3E098DBB69CE47F1D39C7F26
:108BD000B09EED433925680ED55398CBFF0321177E
:108BE000CF0AE310A11BD21620991E97179A713B4A
:108BF00003ED59C07B0B7D84F44F396A7F23509875
:108C0000EC7BFBEF970ADCD7BCB875F85060EBE55E
:108C100032A0BA3BC1E739BEB99CEC79F96E75C593
:108C2000264E195069B94D8DC7690BFCFE335BEFB9
:108C30005EEE8D5E816823EC57D52AF9042EFE483E
:108C400095CC7AECB6AA8EE5A5C86BE4EE2CEBE6E3
:108C5000C6C376E1C6A28F2E189398B4F16C951F07
:108C6000E6AEB6EEBDF075033C23DD98F85DB5D5F4
:108C700020E49470AA9B4861ECE543E65AA3DCC06B
:108C8000DF81F3C59EFA44C146666B71955A639DB8
:108C90005B6A8285DFA72A74C033264B27EE4371B7
:108CA0002D57AC3E5579FE64EA1F982C303D0D855A
:108CB0008F36A02E86A1CB2FA54A72AFA03A1C0BEF
:108CC0006BDA99DBF3F12547C1BD996A8243476EA0
:108CD000A238945B0A297A14E9DE57C37038DBA303
:108CE00068EC3FB3A02EB384CBCF90F268FE7AB08D
:108CF000D3FA064899E247704EAFA6258809B39E7D
:108D0000EBFA42B83BCAA932E81D321CF4277C5E5C
:108D1000BD18239706C66BF85ECC82833477D8A043
:108D2000D3BA05AAAFC08F336472E4E54F17AE6DB6
:108D30004DD693A431183BC41D465B971518BA361F
:108D400041636A31F003777FD8901E4F885B0772CA
:108D5000992210A952D1F7767A30E30C34C262F925
:108D6000B1A7C47F5707F51FE362DFD8BC304F4C73
:108D700004D41EDEA0D5C1C0E1182300CCBB4659E7
:108D8000A6D9C53D1416C31999789A1DC4FDB87F9C
:108D90006FF5B2DA9FFFA99182CC32BC30332F90AD
:108DA0002CC72EE949AC66D78857AFF2FBCDBA1A6B
:108DB0004F4E15C438FF742AF2B2C3A311287EA8FF
:108DC000D3E4128F9440F2F39DDE3EB7C8C450D274
:108DD000FD12DB6FD6C04D8D3B3C00879D4A187F4E
:108DE00089F799AC5CD55D2D5939D5A6CDAF9C22BC
:108DF000790F84B4FD4EF3103F3ADA595CE44D77B5
:108E0000B5E7C56AA06861E19C185FA5F2852B886B
:108E10000B4020E54A62676AC0709768222FD90923
:108E2000ABD2C6FD49957354857C2BA0E34966926D
:108E300078286CCA3B38BDDC506AF31BA3F08E5C0B
:108E40003AC1777C74175365089EE26B983CF6EC48
:108E5000500251286C94700309F3464C303333317F
:108E600052911AA87D497B17E56BCE1C2D97B9D876
:108E700071D9B512C5AA8CFA90D16260E886135BED
:108E8000F020CE1DE27FD9127C3D5FD7485233934C
:108E90001F4E20703160987C66664FD38A95E33A06
:108EA00022357B339E44DCCDF6C2E6B068B1EA934E
:108EB000A15C31ACE21DB3700CC480AE01E8A3CB61
:108EC000AF219AB82B4F64DC48CFD82A14AB915904
:108ED0002E9A4F0B5603E9AB900BD7D00147C9C769
:108EE000710B13503D741D7AE230095B42F91F92F9
:108EF000CB8A235A400C1AA800E2634D9FC6EDDDD1
:108F000047BB8E9BE2C24E5D4461FECA2113AD4C4D
:108F10005E0DC9C494D9E8DE5ECA3C70BA139BF6F4
:108F2000FBCBCED028F2209D1E36ED98F894AF4BA7
:108F3000428F1B9C3E9F6271B537F33F24BD59178A
:108F4000F798B408B716E806BE54CC893410CE00A2
:108F5000FE6059EB29CB16F410CC75A4E51D7B52AD
:108F6000804D4F9E8FEE31F75CF2920026DD974BDD
:108F7000BD0BD36024CC73310FD6B04F422BF90E0A
:108F80005F3CFD2525EDC0DCA07F5924F1BE257B8B
:108F9000FEA1B14548DF6378E28AA77708CC76B4B2
:108FA0003E0256E0E5AD2995D34495E903EAF3A0E6
:108FB00076B48016C71EA074B14D149C76A835B443
:108FC00051F32B75D4DE2964F484350BC27EDBECBF
:108FD0002FF7B533536455B04FCDEE748376AEF3AF
:108FE0007BD1E509976A594B943DCE4880A78FC342
:108FF000D992EE9EC9D086132D5F95700BF340F089
:109000000B11BFF0E5EB2A1D6A2751F2C88D06113E
:10901000904EA246A163EFFA0B6061765DAC167BC1
:10902000BAE892672B2B8CC85D0770E194D4958FBA
:109030005CFC6D5E5BF34A7B658B0AE292E4C43AAA
:10904000609D4A6D85039D34DF448C4A1B673F0158
:109050000F45726E3E396ED55D1E0F55F70458D11F
:10906000A2CE94F2E5348664DDB1E5FA50FA840DBF
:10907000200D04CA0C4F7EBF156D9B15FC0EB38FDF
:10908000A6F12A6EC9755F29ECC4128C5CE308A1B5
:1090900012AF334FF4809F4AFD17E695442D664A80
:1090A0004FE24CB6B290474FD9EABBD40B86115A67
:1090B0000E4062BDCBB477DA42169B1764E7B9B5B0
:1090C000DA7CDE5649CB0B126AE9A948147DBF0948
:1090D0001E1CB5D9CDA90444B2AC65F5A6F7D77B63
:1090E000C0055AADE7D5B3C512F84F42FDE258347A
:1090F0004DC4AEE25B7587553836238F58F7483537
:10910000BF7355CA01CC0FA2EC75A804FEE1A56996
:10911000C377E32BB6EE06C96F3DE46B484E546D42
:10912000DDF142B0A1C967D2127EB2EB5DA739CDA5
:109130002EEE2ECC4FFEDB431B4CC534B7B5E99861
:10914000E0AFF6494B8EEBF04E30C31D27DC85F6C1
:10915000E3ADF391A6628BC2B75420BE67BDA79260
:109160008B5F3A2A7B4D3EDE61C51284B96366701F
:1091700015792EF2905135A35A4CA2AC54B6F38512
:10918000DB6BC707963411E4850475966505767A1E
:10919000B0DB3B6A18892085B18F7417A4B5DE9DBA
:1091A000B8F7E51D0A59A6C4CF107D9EBBAC6D98DB
:1091B000AC67D587FBC0B78A9BD389461CFEA43F0A
:1091C0003BC91AF3A10B860603C022F074F162CFEB
:1091D000736E35D41BE2982C57A9250C3C28DB363E
:1091E000A45E4A2F394792C26F5C3411C3E76D9871
:1091F000A916FABE4DD0BD9C53F2DC214A59741910
:10920000223318D9DB18CAEA27B85289B1C0E486DC
:1092100071C30EA92AF58FC4032AB7EA4210E623C8
:10922000FCF4141C5903B4668A42CAFD681211C8C2
:10923000A4F00D767BB08CC3CDAE77D9CC90BC1D9D
:109240006DEC54B42AD4F8F16750208B1A4308F41B
:10925000F8B2D68C768424E96B5108205C37245709
:1092600095A3E76FF29F19CECF63F2795E14067D66
:109270008F292CE2B88D01678CBF1B5A1B1BFB4644
:109280008707273F922493E98B88FA1B7558EA6E6B
:10929000E7DA04BB6EDE82E78F4CE616916AB756BA
:1092A000E34A885C0E7B83EBCB103FE377CDB93D7F
:1092B0009C296648DEEED4BC890492467D17F1C82D
:1092C0007890759DFC22C79B0A7EE2FA8BB2D8AAE1
:1092D00099F588E979E7AF18D6C3E760BF693E42E0
:1092E0003A814783D42B2A93C8C6CF45F7D4D1D02F
:1092F0005AC2B4423041F9871F516603D3723B9F73
:10930000B7674B447E861E921A1FE01FC52A716DF7
:1093100055FF6D5D2F7292C03A6E991CE0ED9A2751
:1093200076C6A409CF15548DB423BCB9328D5DA681
:1093300048D2BF2864CF0CEA8C5991B68887EAEEF0
:10934000B39DEE6B2B4A8616E2C9A197E1CD35BCE1
:10935000347D4F2907BFC069B8B0A10C9CC86BBF52
:109360009574F785BF6ABF0A0F4E0A497BF485CC16
:10937000059614FC4DF085D444CD1005F00ABC8A46
:1093800097333A5CBFE9C00FB3E071D935D72A9D56
:10939000932944C4DE29D55793D0E7C9B071726CC4
:1093A0006B9C6A17FA3ED586CF5822C3D724361055
:1093B000166BB933621447170C5F8AD965B4A3A83A
:1093C0004866A7DA87F14F66FDD0620A5A5364797E
:1093D000BE75FEE5A4FE1AC36A29E5261D4053D7D3
:1093E00040F76962E1014CD1A9762D188450AC6F29
:1093F00090EBACB423B4CFEF8603F35C436D13C2A0
:1094000068437A6E7FCB0D120ED6FA4A8069A7495F
:10941000B5C0837D8F5488285F98E97AAEF4ADD5C6
:10942000DC3142E93D59404D243D2FDE490DB3A0CA
:1094300038F5901AB3C748A37E5F0AA946D28303C2
:109440009948E42D493CF74817DCAEA0A9C2747EC8
:10945000A8E398100330E88F8DEDE54E4F82F7C7F3
:10946000C9E18EB7853B38BECB163DB3453DB04B09
:10947000381894387F8584A7C5E283910A6A04A6C8
:10948000DD889F47641EC299D2147C03F5EB9404D7
:1094900074A13BC5F26825E600D79CB79F091192DD
:1094A000812C21A746893AEC517B60B22E391512E6
:1094B0007668A0F5ED7DC50E94ABD8CC6CFCE54587
:1094C000CC994D0BBCAFD2A04BBF8656290B709EDA
:1094D0002AF307AE0761DE3444DC0FFB54B04B09BE
:1094E00089BCA4491EDD057420A730C3BCD7F0A5F4
:1094F000A4199063B8226875E8AE46A0853E65A0C1
:1095000094389979A843ED6833F84E851F9305EE9A
:1095100082778252BE0509720E7470F7B2E428B0E9
:109520008FB033EDAE8AEF7B5678DFBBBB4F929B9B
:1095300075F564625826BF4DD599BD407CA540F5B0
:109540005B5669563663DFF9ADCF1779CF84D528DE
:109550008616B51D0F7B64625DA25A0FB2AA46AD96
:1095600049B974B14769D89B874762018AC1D36AF8
:10957000B0887D5DA33F1036A45ECB1B0B275CEA51
:10958000ED6C0CB22B91F5A412EA3D0A2C3A786FDF
:10959000E130BBBC7C4DA950AFCBD473ABA05AC259
:1095A000F8D8C97E654FD60607B917EE7CC82FAB31
:1095B000AC2AE47F8132FE2AC447B66C954EC3477D
:1095C000A40AE219A771FAF9D70F86B2D52969ACB6
:1095D0004AEF9B47F9E5A5CD171CB57A2624313C07
:1095E0001892199251917388153E6E8C5F92A8DC87
:1095F000A6AAA62C17CCB2B79F615D4DA83456BB66
:10960000BF5AEF77AF503FDEFB309B923892BA0DD6
:1096100016DE0BCD314595270FFCB1EE26487BFABF
:10962000156E1F0A085D5043740955CD2D675C7E89
:109630003A2EC7FAF7FA6E0F4A2FC83F211FBDA86E
:10964000DC59F98FE1985AADC9CDDE7F4FDF54C3A5
:10965000F8D62721E0629D674D4D5354B691E0DD69
:109660003C90CFB759F2FBEFD3270B2144EF9E5E1E
:10967000D8377EBB5518730CA6C20CDBDF573EC132
:1096800001EA1CE9A951BAAC1EAADC0357439EA10A
:10969000FBFF4E2E5B548A9BAEACB5F249C9E0F19C
:1096A000C7DBEECA7CA31F8EF057C7B38D869F3FE2
:1096B0003864F5F6AB89A561E7E6369F1AD42A9996
:1096C000630981193735884A61D25058D4D065DE94
:1096D000AF6E7234745A7998503D1952B85DBE0C11
:1096E0003A10CDA2ACB7C6C60CE185A83C7691F184
:1096F000D8116596D015D59EC19C348B72A4E735E0
:109700001732739649779752A86C1517FFD3148EAA
:10971000988B518D179AD5DA71E2C05F8A9E212805
:10972000A4621190232923576F8DE276AE16691E2D
:109730003CFD87383191BFCBCA20FC13A884E9EAED
:10974000E6B00A4DAFE40DF36D6E1ABD7DAEF77451
:10975000164A377A763F7AAB04E9894C14BC1EBFAF
:1097600093AF353A6F7A8D8E936DCEEDC2D70BD213
:1097700001CEADAD6345BE38D5F72DEA14DA6748A2
:10978000031D30A71A3944E4E70CA1F2731F569564
:10979000AFAA854993E193078FF1FA4E6E2C876447
:1097A0008FE46763376BB3729D44248706494FB5D6
:1097B000F38E53A0584012A5F10173F53B1E5024BF
:1097C000039B98A4E5AE33C83D6683777940626D0C
:1097D000EE66EDA54C70DA65E590692423AEDF896D
:1097E000CFC62DDB367C3C9C38E38F2044249BD0B5
:1097F0003A1C5C86914FF74E8B3C8A153C3884DED0
:10980000138E16C44748A27D79FB03B70DFBEFD931
:10981000CD7753CFC236C39AE4AC23C1309639C05A
:10982000C5A9E8663620DBCABED2668D20E2374B7A
:10983000F827E54F2C89A17F8ADC1D5AF444452482
:10984000C722B40D0AD8FE6ED308914AF9F41AD48F
:1098500067D2DD54E10FE2DB88C9812697A26783D6
:1098600068A53DB763D2C3F71248F2B33CE1445C4C
:10987000B95A96C894AD10692365BA7484F7311B40
:10988000AACAF3AB8ABF17964AB3FB364BFDA0AE0C
:10989000B9C170128E2DDCACB16FE5BDE567F3FF89
:1098A0001264D87862670786EEAEC5B6D1C949D7CB
:1098B000E2059D14709F6B1163243A933EAE02FA49
:1098C000394AA083B3F78DB53E80EA41E9C53786B2
:1098D0000417F22A51FAE657136CEE132DF37D2785
:1098E0005A2912230D54C189A6A94BFF6CE7C593D1
:1098F0005A54BE72F1C657FFAD5684468C1DA284E1
:109900006261F8120B3EA240743F289656B9D0EA25
:10991000E35771EE96E41CAD5319ED7868C71A4A07
:10992000DEB961836F8A2569E0FEF2B10284499253
:10993000BEA40567357182F1BBBF1CB685FEA5DAF2
:1099400045F5A872859BA7A6777BDAF6E24B5843CC
:10995000ABACD02EE23E9E9D1106F0E0E60AD3F1BC
:109960006A72CF4E1620F8BE038039489A62CCB096
:1099700031C61696358AC2E99E8FDA4818CFE35E63
:10998000184412FC69A58487A388CBF0B999365492
:10999000BB6C6F1F948814524AB453AF4F6A5E7EFB
:1099A000E2184DF6B2CCDEC5D9B6C08499418942E1
:1099B0001C8BDF9E28CB61374530788E8DA1EA94D1
:1099C000EB95BBEEBF4E0D26FB6E9B36F2CB1651D0
:1099D0003ADD4D428EC413706931B6291B06CA1197
:1099E0004EBC4AD076E626DE7572BD00AF980E41B9
:1099F00070A3CA96C1755B17B7E920800D4242304B
:109A0000A188A52FFB89E8E57A3D5571B89C0140F6
:109A1000D0C270DA24488B6B08C0A8AF645EA92C52
:109A2000F2D67B945C6B78F00077759A24AB12D2F7
:109A3000E9BAA54E9F0C1D2639EBF080D766170FAB
:109A40007A059DF29840AC4A12F17531420D865B61
:109A500019950AF94114C416E13C33CD84A8E36595
:109A6000948D5A5EE75EFCAEA1F271D198F85B115D
:109A700005ACC13DDD380FF1C61B336626F3B6BD1C
:109A8000E730A2340F078D986EFFA27CCCC2C6AD22
:109A900022EE3D8F0C861E312E67D5E97074DC9A5C
:109AA00025465018D79EEAE2D8E29866E9E55D5E61
:109AB000C5ACD3D8B135985E5E4282DF8A55E1B23B
:109AC0006DFC9666DF9F4E1344EE50F63653E85118
:109AD0002C5FD9258E8D7A77D95DA2E46C77648569
:109AE00059514C73B8007D5D67CBFD9D49FF4857C8
:109AF00027B01030EAEEC42F66FD597AE0F88036C0
:109B000009AE4966011148E165C5EDA9F8809C33AD
:109B1000CAC58F95A00E80C395FC2729943BA0A4AD
:109B20008A53D51A0E4AD27C53DB0FBD0EACDF65CB
:109B30007E78F7E2B307DDA13CE3795B5DA814C151
:109B400093BF1A8EFC1F3AA94277E015643BE39756
:109B5000E2A9FBA24C1377D0E43496547BE0E217E1
:109B60006434F6319502191A85D95724BB0A90E658
:109B70005769C5364673BEB2E7B1775B7315F622F7
:109B8000B87D4A9C4E820BA845D5811B479F3C342B
:109B90007D53D2959B6BE5E363C5756DAC0AC1E55A
:109BA000F3AFAD470357AF8D1A10D7A78A6CDDEF1F
:109BB000E126D1500C28A5160347E53E75DF83DC6E
:109BC000C69F9D71020DC8DCFE45DB3BB4155EE30C
:109BD0004FED49D7D7ABD9D41E5C17A808235C7CBE
:109BE000E8A6138BF3D635212B0F8964161933E4BD
:109BF0009D0116AF7F63A8F1690DFBBD117882ADA1
:109C00006BBA1EFBDFB4441D6EBB51B3F119076C78
:109C10009BB7C1A41EBB6BEADF247DAC1768C739B4
:109C2000010F8643C5B2B2BD9898363C4444B2DCBD
:109C3000CB0A5C0C337E046EDCD73F700E27BECBA4
:109C4000C03505DED51F95A38C94608CF2CD4BD327
:109C50000DC22FE1579E2F0803F95198BF35DB99AC
:109C6000CF5CE462D8B440B051FC11C000A2B33F55
:109C70003DF78D0B85F4602395A4371A10A37C481B
:109C80002FF06CA04E1F2FEB2CAEE80A43FA246491
:109C9000B4DC3F6A433294B92458A9F2EEBD26D809
:109CA0002AD13FB2EE9B683459AF89E048901AA799
:109CB000E3991B37A430454C3A119B77946DCC7FC8
:109CC00098DDD9F410D526DB1DEDE80864330A3C95
:109CD0004FA2F481BF0B96094FCD897658490A3DB2
:109CE00052DEA76573D0BE21044F2B938631CC2062
:109CF000318C8D0B83034A9DC64578E2523E71DD5F
:109D00008493EC499C36FF5855C960F7C9D5F502D4
:109D1000C2EED0A8B5EA37F56FF904223DDD50D682
:109D2000AB148D0BBF09E533071D56AF3A01AF9653
:109D30007E6DC53A49E6E691C3EC61DC730CBAD19D
:109D400051A585EEF8139EEFA92F291AB49AB352A4
:109D5000E9126F919545B1D03F7ED4923FDB1A0056
:109D6000BF0052391B2C29FEC72B7D199C88F61485
:109D7000C5BC7FB2D98F7C0C030757E621D8F1858B
:109D8000646A1D9C5B402EACAFED2A9454499D45FE
:109D9000D2267AC067D57497C5EAB4206981C328F2
:109DA000FA586C88C2D3BC06016F3A369EF6D8AD1D
:109DB000E33037E12BA12EF2FF8B832105AC1EC8C7
:109DC00028CBD6E50185E0D57B3B47C4FD143E7F1B
:109DD000B994B1D59A6CCD71A8A420BBE7401DCF32
:109DE000FF1F4B2C6C160F4CD222C17F87429C0365
:109DF0000E57FBB5A92B08D4C486D2DE0BEFA7DD26
:109E00000AC02AEC07C15E926E60B11E7F2974A25F
:109E100072A883C003114BB3A373DA81D25E8FC5DE
:109E2000A2384B2439153A1461916D78A69BC9DB91
:109E3000C5BF046DA154B9440F7653F60ECB6D87A0
:109E40006AEC7FC44AB7F80CFA78E03EB330655943
:109E5000895155FD471598BD45BBD20047776A9299
:109E60003F04A7A39A14D6C3E55960921C84CE4B35
:109E70007D566C08F198B6D3F4D1B513A280029E3A
:109E80001CD59AE88D5264CC63831824CE1E96D2DA
:109E9000723935049EF9BBA090B31AA6D2D1735B78
:109EA000FE8617FB426F92E014D4B037415D143D3B
:109EB000FD25FE2AA644F20C336DF648A208BCA785
:109EC0008ABBEA34C776109EAD5162647CB225101D
:109ED0007B8C1463A6B000F32695784D58FA618404
:109EE000E3ED0D4BAA1E8706FE147642673F013B49
:109EF000296B04527BA9276FDA3F30B6D996A8099F
:109F00003109C189F44E7A08780C0778DAAC3A79CD
:109F1000C837D9459A84F68D57E342BE447AA7B331
:109F2000CBA5183F462B74D851E574C6AA81B51746
:109F30009763CB2D04331B0B6D79EED66BC0DE63BC
:109F400041092A04E9425D2BE62BEAD63BF7F9BB2F
:109F5000025321ECFF7ADCDCAE5634800C6E961492
:109F60008BBD3775DFF4B9193DAAA286BA411587B2
:109F7000E49E22C34F9E0583C6E08615AFDC51B236
:109F800028DE3DF49596D49F4045E812D94F232909
:109F900088062B7FE70802C769A6B14DEBB6091109
:109FA0005A1207029615AC0E6DE7DD167FA5C17D2E
:109FB000B1FA3A022C7E63A6B1C9EBE3F3CAE5DA43
:109FC0004A2A025C1768783F739B4EA967027B0E92
:109FD0006A48C7EFF81502E4A788DCC14C20A9D174
:109FE00099D5909830AF169EF5EDB5541CBAB912BC
:109FF00055EA0F6092146B1A7BE53CDDC8FD09FE43
:10A0000041C0304986665EBB65C97CE7FCBC144C28
:10A010004AD23A153E78C747DE1653B86A8CD0CA82
:10A020006A71D8643828BA7BEAD987C83FB1CE753F
:10A03000D0336E44D2986637B5DADC6446CAEE7C1B
:10A0400027C5C24EA409F0AEEBE10F40FB0F62D66C
:10A05000D523C0A5EA94BB4098B46DC5DA179B2CF4
:10A060000E80376EE810C9EDEC1E990FAAADBCA4A6
:10A070003A2BB583A3D0F1DC0FF664209CE6EA33DB
:10A08000DAD91D5E97F64AB245FBA7178F670779A5
:10A0900053B14EA85DF3BC785D5B1E66DFA695C12B
:10A0A0007A6462C9DE596C7BA5DC68AD31C1394583
:10A0B0006E41140061008FAF007BFAE31F6CB14169
:10A0C000B2E911DF60F186762876016BD4B3930A8A
:10A0D000E75DC3680440FFA0034B4D082D576E6138
:10A0E000CC8A125BB84FE2D00DFB6B5127E76205BB
:10A0F0003972B8F224C3E7066EA6E5B527D226C3A7
:10A100008D5C408BC8B4E795CBC93BBD955E39A744
:10A11000C7FE63C3509B37C81609031559A516958A
:10A120006628E4C4072EDAACE92BF7318914856779
:10A13000E9FF1544E33C82723C86E4FF9F412C6AB0
:10A140004314D49CCC6DC5F6838C985533B45F3DD5
:10A1500040F247E9FD75C780969E90C1293EC2EE48
:10A160000611D444DA2EA456CCF18E5739D8569A1B
:10A17000911A7CD3A74372F98FF1B4837FA6A831DB
:10A1800039FB0FE90A4CECD0372B9425227ABD1607
:10A19000B87A6D2E6811A32F3F3F1ECC1D0E35F6E9
:10A1A000FACCA92A81BFEE29F381BBBF64D2A5E214
:10A1B0009167BB207CC79F79A3A94D67E42391CB0E
:10A1C000E78E190EDD59049C818C2F255D3F589F29
:10A1D000AD4407E42CF4A4298D179D4D8A37EA611C
:10A1E00025724F40DCBE3A6BE69B84C9169083D241
:10A1F0006BD6D25F8176C8DA8E1D82C57A1118803F
:10A20000BCDF36FA8D68B9AC3CFAD59D5048F800F1
:10A21000C3CDF5385AFD162362AECACA6FF35ABED3
:10A220001170FE9431CA0F61BD24D0CF5ED178F990
:10A23000205D80FF5862C9823930BFAEF000809F38
:10A24000129ED63049DC72DE992C5DA56EC0E57990
:10A25000FCF64C9A5FFD21940082F80F04936BF892
:10A26000B432717D9AB435422FB6AD923DBD564F92
:10A270007F886A31332EB07D15B06029B817B87267
:10A28000DA31405F7E882C63FD87715624D4D0FE7E
:10A290009F914092A775998CF93E4639ECEC7A086B
:10A2A0004B67A16AF844EC9A8F67E6279CA6B6E64E
:10A2B00013247EBBA52BBA9ED9A8D824DBF6CB7677
:10A2C000EC7EAC9CDC614B15244BCDE9079C7DBB3F
:10A2D000EE3915D0AD8501BF2DEC47B2CB1136302C
:10A2E000BA66027198D156BB67F372042CBFE86856
:10A2F00012F604EB066E317B8CAB4B48BFA29599EE
:10A300007ECD46ABD88BC03B4D500D2CF0FE286166
:10A310001F4D63DBD97D6AE8BD6BD8A7EA309FC7C4
:10A3200001B4BF6B2423D232E9604EA25D09604ABA
:10A3300017CA276BB07275568A427C3DD4AA037245
:10A34000C821CA557AD994EABF773630B575F02B53
:10A350007459A807E73C1E5BF57721F7CBB1D8D637
:10A36000A966C036D5ABB635C792AD3B5FB514B65E
:10A37000908AA95F70190BB4B6E255E640B045511A
:10A3800002100E56611488B165C20C738A978198C9
:10A390000EDA800DE11C6991ABFCA83D76DE52DC43
:10A3A0007F96EE4A35392433504A166C27E63A2810
:10A3B0008498CA57F5F8674777C289534AAE6E59F1
:10A3C00070D464CED2820FE9FF76FF754BDA9EB867
:10A3D000E6FC0D1EDF4FC015E35DCFF5735C42A5B3
:10A3E000EB15EF8A26B906AF69F2513B62CABCF29F
:10A3F00086CF20A0498D378315A6F8013410275148
:10A40000376188A2031DF846257151E2CE143056FB
:10A410006EADF999151685F0A1E2AA185586813717
:10A420002E7E09837CD4A45B8B9B4941734AEE53F7
:10A43000BC89E340E77B42234C13C1A7879A728310
:10A440006D3D0489E45A192CDB1B6BDEF3DA9F00A7
:10A450009CA07618655A3DEAC23F7B860F1F01E338
:10A460006A6E90A3D1ECC16EC85A8E09D5402C6695
:10A47000413A8BB93771DD487FA61A84774FF78B45
:10A48000CB4C8A03C8270943BAD3AFF64222E796DA
:10A490007ADBFFCC510323C601A9FEF6B6DCE61336
:10A4A000C4AF9ED1A30939006A36544ECDBBFF6CB0
:10A4B000F8AC97301A5545DE577BFFB6705A5F1AD5
:10A4C000B64E7990CF9A07CD5C45F0D9C44636C4D4
:10A4D000C8588DEE564ABEBECB6F0D58D307BFDAB3
:10A4E000B6725104E4D32C6294F46217DA01A29E8E
:10A4F000A9801D9D8D9A1971F2F559225AE5353AB8
:10A50000A660248CB499C3ED550C625C32E694CD00
:10A510007D2711B1863E120963106DCB2E2A34E2DD
:10A5200051D2C0A5A1D4DD18A4ABEDBA4239E315D0
:10A530008ED040C37FED92159718FCD8363AECECDC
:10A5400053992FAB1E3DEE9AB8F003D7D9843961E9
:10A5500087339A70F7EF445C7F96C16984C287E1C4
:10A56000A4E5AA04EFBB829F76D5E3F3A265C9D91F
:10A57000ED53DB80BFB19449609B857A5B8F473593
:10A5800035D6085F28A7FA611C096C94A67664602A
:10A5900088745A58351ED04B37B9030E486F4E5346
:10A5A0006501435CFA36EA03C8E63EA4E31256AD01
:10A5B0009626DF20C1246B845CD016B5582ABAA633
:10A5C000F6262EC6C81EF63E38BBFEA205AD28EB09
:10A5D00053CBBAD93A1BFD79592600355A7F82A64A
:10A5E000CD12F368AA55A6793DE44A5DF2A9B19C63
:10A5F00086910C3C4C6789C59661DD722E4966A137
:10A6000081C7CCD8DA3E70453D4A630564F01B8FA4
:10A61000958B2EE04758870E0E1214805F35092265
:10A620003A3E4A6907845A4798273CB39F1EF95D12
:10A63000889C3C7F104F09A2A22C529037A5E8F2CB
:10A64000B020724336413E652FB0D9A9F5DE47618F
:10A6500033F586EB4192C0E22866F29B75E19600E5
:10A66000586F3C17DF921A8BD91CE753373E47DDF2
:10A670008AD6B5D1E59289C3EB715A338257EC1C67
:10A680000AEAEFBADAB6E32322AF5F7549247E46C1
:10A690006ABD3D11D85BB0CF78B9C5075076F3A934
:10A6A0004D1DE2CEB751A33B67DEF119AD6E5AC620
:10A6B000B0EF636177C3CBE792C6EE025F019311FF
:10A6C0003CF0F678B7F5840D4201D5932E17D95199
:10A6D00073B3FDF73D1DBB9E45793596329B36A081
:10A6E0006596743BD1B2E78E54021FE330CEDEA9EB
:10A6F000551B993F25A63EDC319FC1E4D685F3BBAF
:10A700006E82ACB633182158A83046DD10A07F5AAF
:10A710001F647C005CE40A5C5CDA376D1CCD3EA6ED
:10A720009AE250F4A75E04FAB763DC7D9AED2A241E
:10A73000328D728807D53056A7DA3C6489BA094E43
:10A74000702B7C393D5AE27B11CF5E2B08B7F2802B
:10A75000CFA6E44B39E3CA84458D941DCA50620BE1
:10A760004EBC58FB11909AD838B0F5F75DD67B30C7
:10A770006A6D5E4DF9E10AA44E22CB0648CEDB3766
:10A78000A3C7C53F5010AFC74B4338063F692DA044
:10A79000E3CD1BFECC7306CA257784A54916E14F8D
:10A7A0007CF3206B67159F108CF280545326724EF9
:10A7B000EF95AA03E6FF3B6592C5EAE241765BC0EE
:10A7C0009BCE7CC9B9DDEFD397ED0977F1D82F0384
:10A7D000AE0FBC4651B8D274DB80BC1BCA13DC3749
:10A7E000CFB7CE02BB8CCC6AD0B7C5A8CD909212A1
:10A7F000BACAC1A72BCB0A51E02DA7854059DD8CE1
:10A8000016D1BA9CBB7919077843C56E1F1E14DE9A
:10A81000D8AA42289D2EEAD79B044DDE022F8A84B7
:10A82000AE7521088B76A7584D71670113FAF3AD09
:10A830004FB8FEBD9F71479CD84A19C45D40EC7863
:10A84000613C62588A00BFAF71947DB7D4B33F1D9D
:10A850003EEAB0F2F039B7DE8E03A7BC6E05CB043A
:10A86000768BFD707170D928B452F37506D6144DED
:10A87000285D8E0D968BB776269BBB792B37251BD3
:10A88000290366E579C8844D7699F82192E52FA3CE
:10A890004D1F5641561A5C69BFC3525B759BF1C789
:10A8A000AB59FAEE6AA5529F59ED37A231D2498EC3
:10A8B00093FA9738EE9292AA02F14877F3D459DCD2
:10A8C000C4958A0F1BB125169F2AAC86027E409A3A
:10A8D000803FEBB34BE4E063897E9F18FFAB732DA1
:10A8E00043D5A584F09E2A4F90769C1E522AE733CA
:10A8F000BBE1448469E4B4FDFCB5C4B2FDB10D5ABA
:10A90000BD5A0179F555D6C4455E3FFF848367146F
:10A9100091588C9EB1AF4BB9950E359555C72CA764
:10A920009826261E1103891E2F0894887EBA442E6D
:10A93000F432122E193B31504327B01DCBE3863A37
:10A94000AFF0F7D6C871C17D913018248C6980B5FD
:10A95000406F529881FB415566CDE414E58E39D3A2
:10A96000ADC98A7E27FCEC029F61470A3F3ECEC8F4
:10A97000ADAC266E3BDBAB4E90C307F1FFEEAE0AEB
:10A9800038F6110FD86B4AAB97DA49E31C9C925FFB
:10A99000664BF6E64822A7E4F6D269E6DA96B64BAD
:10A9A000FECED232400F49C4995DD3BAB53B33DEF7
:10A9B000AE0D68B513A8B082D9C78DF7A45F6E1627
:10A9C0007FABE01B46BDD0CBAFA6603D314F2475B9
:10A9D00002DC803DA1A85BCAC732CD72E1C2C319B7
:10A9E00084A4D6E78B66BE0D98C80F8AB517A8E673
:10A9F000FB83F6C559C4EF176CF4AAA6625BC7BE09
:10AA00004D012DCBB986E92479D1B3A9204EFBC1E4
:10AA1000801920611DA10067AAC486376045DC3912
:10AA2000980B7880CAA741DC0403FFE0F7BFCD5B39
:10AA30000CB4DE1AD023B33C607A43B7D9D9F87E80
:10AA40001699FCE01F780AD2374A66236667B4D0AD
:10AA5000429028086BEE3758ACD3C0116CF525979F
:10AA600000A4F4EE571F6B569FE288F48E32D00993
:10AA700087E59FC17CE6DC0314DD5E02B3F130E9BB
:10AA8000E8ADBDCB695CA9B36C36C4BD9BAE9E3F3F
:10AA90008180BCB180AE5A1B99C76FA3CAC5085A42
:10AAA0005045FFE10D32FDE7E0D1C04CE96665EBB2
:10AAB00030B15F2A9F15F6F823DB1FEB27EDF5B8C1
:10AAC000E20F5CC97FF0E1717012D709247731077A
:10AAD000A65B9D70B1560A0018AE0054240FC58ABB
:10AAE0006A7BF629FCC12A57EC3C5A05619AEC03B3
:10AAF0004D347CB014E2298677E07AD9E05209DC43
:10AB0000248E05A15EF9EF771A844F2AB9EE8F35AE
:10AB10008E3D1FF25A25A5F82AB363DDF80F31AD3B
:10AB2000DB8A2B8EEB95C7C7078D6FC913C55308FA
:10AB3000D19DD1856A89589B6CFDE5A4EFF5194B31
:10AB4000E692E0414FE6002BD0895D77EB7467E138
:10AB5000481CECEA92C656DAB8740B35F18FDB3834
:10AB600060669707F9D86A56CFC848574B9D7BE473
:10AB70001182DBBB2EB373216BC0CD7213C19089E0
:10AB80005999689E6E134AC43F4A21B779BC70AB8D
:10AB90003450780EE566963E735B9E216F89D247EE
:10ABA0005DA29FCF2FBC8BB8D42542306CDF6DFBEC
:10ABB00006DD4038FB3162943696B7ED207F0430D5
:10ABC000109D9175FB50388E1F73752BCDCF6CAADD
:10ABD00004004C05B36C71B3C2634C195294DF206E
:10ABE000EE644EA326DAB55C0665A1155EC9AF45D5
:10ABF0003800F7F384C269503977C5B7DE89A554A8
:10AC00009EDDD62545D15C9CD438AE6F29F4D8079B
:10AC1000633430E7FF669B1192C7F93D42197819FA
:10AC2000B75C5BA3B41661F822544D61FBE27885F2
:10AC3000807AED929C661B211EEA71AED4A624EAAE
:10AC4000CE00AB0973267E9AAF5FBD36DACA91F0AB
:10AC5000163DD876E5A6E8E93328CE1DCA4D098A07
:10AC60000B5F40E5201B40664EC1FB296C6EED4139
:10AC700068AE257307B04EF94C18E2B4B14680CEE9
:10AC80004F5CEC983562CF5B5048394DC70F8F371A
:10AC90004738FA9BC9803E47B26E79CCF3A8E2A848
:10ACA00081D3B7E011D9C16CF461D74AAC65C0C497
:10ACB0009EB4E0EA7F896502A63E7B57433180114E
:10ACC000CC116D9C28B8FC98B1A421FE6019B3DCAE
:10ACD000FD6572554EFE2157DF2603106E32489AED
:10ACE000E1A42E8EFC0D0062AC98E72281EC009767
:10ACF000759599AB027D62687441A70023FD3D1CE8
:10AD0000D758402B27AF9227BF1CE24D97E7767D9F
:10AD1000682D574351FC1F34488E61F6D56AEFDD2C
:10AD2000A7E52D2F3FFD56D7E60214FE224E11E275
:10AD3000CB4F80041C93BF7C869CEC4CFCB8559395
:10AD4000C63CEE22450436DD2890AEAD76C1C32365
:10AD5000A8AC5C44DC3AD75E799D0FA33A83F981B5
:10AD6000736A26FEAEB9F29CE9F4015498253506C3
:10AD70004402BBC887E38C4B9F200F74B2702B82B8
:10AD80005242E711DE736E8A6C730DCA547A4D30ED
:10AD9000E4C91AAE8033BB0E266093FAE267177CD3
:10ADA0009055D1809BA82DE74199437236C11C1163
:10ADB000D4F976D4C390782442692CF4634CA02E45
:10ADC000CF7FFC41E5BFB5332E307D1B473A13DA08
:10ADD0002F34E1A28FECADDF5282C733FEE934A6F7
:10ADE0005D0E0140F1802DF52993379297A7255BE1
:10ADF00013D2A2C9AA39FEC5FC463E69DCD0819CAB
:10AE00009C91F580C728AC8B304F08AFB850A88410
:10AE1000432450173A1475ABFAD352B2F6C7C7940D
:10AE2000BE850224EBDFB3360C92B762B7DF8D50DC
:10AE3000263619C7FC1FFD9285787D58C8695EC605
:10AE4000F3980CD8E378A6A951CF96CE0A0A5720DA
:10AE50009632DCC231BF8C14DE493215F057219294
:10AE600065B4DECADDBB070E0CE8B331A5C790623E
:10AE7000C49F3387A54AE378F762262CA3A45C8697
:10AE8000D6BB825DC947A4698628DB43714D9138E2
:10AE9000B7105DFAA0CDD0856EAF3FC50F1A11F780
:10AEA000295DF39E22CBBE234EAEA97C52E7C3445C
:10AEB00026668FA8F76A332C35E81D61D8FA740B23
:10AEC000EA3C4B7EDA20AABBDA4407FBBE868AA0A6
:10AED000CEEFA3F8201EE2B2CF13DDA208B848A23D
:10AEE000A3B2A9F28F13BB9F2C98FDCE2303158F1D
:10AEF0003614109D4F4273D415989119E04C7F146D
:10AF0000B4CBD5D827632B49425F457BDAA840A351
:10AF100016EFEA304A143016357C16281A8AFE8855
:10AF200001003FD189A5AB498BC5FC1A5CF6119194
:10AF30001FEFF5165E8D770551AE577E98C3EEC4B0
:10AF4000FE27B6587A88ABD65C249FECAA372ED45D
:10AF50006BD3B34B5F6F99DFE5D93524A91B9F589D
:10AF6000347793A69D43F3790387CF2D961D899C53
:10AF700097A0F55AB2DBCE298EE330D446822C401E
:10AF80009A48AAF4C0CF6A310E4FB28FE2B9051FBA
:10AF90002C684A6C4413606EEA2416AB9BD3E09095
:10AFA000E3C8AA4410463965A3F3A92332DB3F2E38
:10AFB000670C38718A28A5487B881BBEAB32DD57E9
:10AFC000396590C710DB28E58CBE1A1C6D1A173541
:10AFD000BA9AAC01F73CAE3F7B413C8A2AC04F880D
:10AFE0000E48901EA6D98C6C7991A782E4EC8CDB7C
:10AFF000ED522E1D0E903433F10D43BEB4729E36C9
:10B00000AE413E99D771F5B8980D47209309260AAD
:10B01000377229371D5AC8045CBAD0329AB5F94440
:10B02000D10425039E045660C36F4B2B4F2FA18B79
:10B03000F82C9CFDB17BC0D0104ED247A6AAD79564
:10B040002C1639CC024A4715446BABEB9FD5A21C9A
:10B05000DA0696966D25F062CC068D896E1A3389D4
:10B06000FBD314946F2920C512C8CB6383541C34BE
:10B07000F6072F1B23264EDE5898CEA6703C51C1F2
:10B08000E7553F0B250E19D2832EE2CCF917E7794D
:10B0900071DA474D763F9D947C98623BE2430A1FEC
:10B0A0005B79DF259306F1D4191726BDD3EC53D471
:10B0B0003905CE31302952EA54692D4C8DF982E69A
:10B0C000A259448D5F445C55DFC9440B0C18248B96
:10B0D00013D4901BC574457E23FFE59A96187EA570
:10B0E0005F5C7177DC4AD99DCCBC024D1FAD062355
:10B0F0004FA1FA1DA8CC517B5C41A5A68B727F1590
:10B10000A9941DBDF4A4AD4929EDF351E73C0B977B
:10B11000D98F470D301393C17746FB70EA509F5388
:10B1200005F4D0425A8376C50F2F2DFCAB17C7F913
:10B1300090F64FED984861E02AA296F1067BB27630
:10B1400067290D8C80BF46D3ADBDBB01CA27BC3774
:10B1500029EAC14866DF9E8DDF8CF77B8887A0FFD8
:10B1600070549959F5B52AC48247359B3135174E2D
:10B17000B0A77F3966C8C424FFE6237261265188D0
:10B180003CBB331B13323F0BD5E2C950C16882CEA2
:10B19000688DA7327A9F77E2CBADA4028C6A33BA6E
:10B1A000EA728D0D37C89EF99A89AEC6816B007D13
:10B1B0007CB453266300F98DF7988F2DB419AA6DCE
:10B1C000FB8A0F35536F3021B63EC3D8F2442EAF01
:10B1D000A56156B47599161C5E1E73EBDD0B2964D0
:10B1E0005AA6095DA928F34355235586939E43101B
:10B1F0007B78A35B6452A3628E74E079583A8142F3
:10B20000B3EBD06D3CE84A8A18B0DA60DD24726C8A
:10B2100065B39BE3027D37CBA0AA82EE84883833E6
:10B22000E40122E8452F52F2CD3A97DBCB5A175969
:10B23000C094B10CAD6D4B625D987920CAE348FCB7
:10B24000881F1689DD2FB6918886ED60A682B3A28D
:10B25000E51F5F51D03460F0A0C05B7127189E24B9
:10B26000337DAA85DEE8BB23A00B0F540D2BD2AA99
:10B27000BC84DDA8EC75F15CC4A588552EFEEDFDFF
:10B28000983B871902507F78211628AAD5842E9FD3
:10B29000CB034FAFDC24AFAD1F7276592C12B6EF43
:10B2A000951BD8A715FCCAC3D4D90DAF45E233719D
:10B2B000BAE93933C9603C701A6132E10CD3BB1072
:10B2C000370F7AF5D5C78B560E2C2DE926FA5D80FF
:10B2D000579CF5B2E20FDC56711AB5126C3ABD6A92
:10B2E000854E11E9109D8682D2FDAE2FB1C4E6C114
:10B2F00053B6223F1AC01A755F89BBF3FDEA778700
:10B300007CD8A3C4294CA78A9C85AE95A5B5153ECB
:10B3100061CB45AEEEEC11DACEA1B868B15FC6558F
:10B3200077401D6FC2C8DC26138A2E4AD5331756C4
:10B33000F5C6F2D834C10E229C7DFD822069CB9BDC
:10B34000B9A88FE41E5976AF4E485326357245355D
:10B35000AF2A3DB9D7B8A59DFB93F60C34571AAD6B
:10B360005801477CE0A30A98DA99EEDEEA4781911A
:10B37000D64FB316DAE52E7B7914AA903BF0A38A58
:10B38000FA16601F508388267380D0DAE03F6FC3BF
:10B39000B553A88403B9BED437DDB8101CE85C5996
:10B3A000EC49C65EDE2AC6E9770CE28BE60737A1D8
:10B3B000E21756C59B8845AA169F74313000623744
:10B3C000C5B70E030B9E8918D1A70E1140B3B194D7
:10B3D0002987DC1D8E1BB1B73E312AEA17EC61DCF0
:10B3E0007063DA9D0FDE14F3DAB3F6C1041B61F665
:10B3F000A461B5A97A2644CC601E0C3A4B1BC8BD8B
:10B40000099836AA957FDC8D00662D96794DF32636
:10B4100041D95C9347BD9E69B9828C3B287B147CE3
:10B42000C95FA2D5A1F92E900379A395FFA6E9687B
:10B43000C1BB6D629AA5F21D87D922230E92903D61
:10B44000C297377273665DB8C663E9D6399D43DB30
:10B4500047F3056C85F384CEC70F75CB5BFAAB92CF
:10B4600043C5EF3F19FBE056CCAC0F8C744B0A0A76
:10B47000BE771231458493642F173214C0C3A63BA4
:10B480004F54473B6F29BAAD2AB1CAB02A8C92FDFE
:10B49000EE2F86AFC629896A41062A1C40CF80104C
:10B4A00007EB62FB7396F0F649FACD846C06F4C1A3
:10B4B00074C470322469D13EC81C47411B1B54DE42
:10B4C00079E00934465D1E666B8E368EF06E9D5CAB
:10B4D00081710A47BF5420FCAFD1134767AD18797B
:10B4E0003D30C97A046DD01149A925AA8151554032
:10B4F000E89FD2E2D088FB2BF0D21665CA14269AB8
:10B50000BB430D52A361C721E43FB37EAF31482B4B
:10B51000C07858CB643C75679CC231515C4302A132
:10B52000C9F1BF29C3247E4564093E78C68123CA78
:10B53000F79A827D3C342EF645AA891ADF06D87622
:10B540004E3002B9E60A419A65E0E245CBEFEAA641
:10B55000BEBAC9D240ED04EC196420CC543FD74E9A
:10B56000383BD0414DD056297544DE69D4BB011615
:10B570006AD19BA6ACEE464B164D61090A4655AE04
:10B5800027750D2DFF590D51F16CCE4B34210BA9B0
:10B59000248EF5A0DE2D14597F9C2BA5808DE01103
:10B5A0005A06B02BE5AF3DC0764D0115E286D716A1
:10B5B00096929766C7369CB6F021F9AE11C235A4B3
:10B5C000177CE66ECAA7E85EAD723F015F32DB69A9
:10B5D000C85716B54830487AF640F31E98010CF16A
:10B5E0004C27497E09B0CC0DCE719880DC79F402ED
:10B5F000B60F56D14BF880532B5758AC7590AA36DE
:10B60000785DBFBE41FA3BCC5C2F0295376C964A01
:10B61000BAB6E1BC70DD3651B374098FE34B767472
:10B62000002E6EECB6614D16E38E2786079A451BF9
:10B63000D9AC73E9ACEC1FEC4CCA10A32540BE1A80
:10B64000E584A9C618524364BC947782F7FA5EBCBD
:10B65000132BD689CC0A0E579ECEFFBBAF0325EF26
:10B660006D4D5971C01171E515DE4A3C240F907083
:10B670001BAE4C8E5F78945F47F905EA7357DCA3E5
:10B6800066A830F6C169537DA42DDD4807248C8B54
:10B69000B98CA9EE8CE0E17B27FC264DE9DC892101
:10B6A0006AA0F46E21207DB2BAA49A7D4E1A98D871
:10B6B000D771439BADDB45E13ADED6B3AABA02852A
:10B6C00015BF3882151B86E5436C5B883038E1F97D
:10B6D000BEC799EB12B81168B78E59C8E26DE9621E
:10B6E000539A3C3B57E07B9706077251970DCCEF7E
:10B6F00061786E668442902D3F2232A7D90CA6C78E
:10B70000AD7485BEA8E9C99498ACC8EA8343BE313C
:10B71000687F5F940A398D4E5FA1480F70FB7D767C
:10B7200075BA8B50C7DC55E916701EC4C44B9A28F5
:10B7300080D8BD80C9E5D7624F2A29945C57A35CA5
:10B740004DCE91C363D6F457FB31CBF22A99C18E0B
:10B750007C6C7A252652AB9E15A7977DA162D2AF4D
:10B7600064F0524B58C83A870960E124DF9CE4D961
:10B77000B4351E9F3356834369F84E408647D769D8
:10B78000249046379AD6C3FE52B5658CC56643D51C
:10B79000213C502C106A7F7E584A63C72F50703569
:10B7A000D5BF21BBCC665ACA29714E6901679C1F5F
:10B7B0005EF682AFF29B45457FAE140CE183B0018B
:10B7C000400E4D6C5780B38C1C0A88E0A422F79D74
:10B7D000E340658134122F9CD38A6941BD2C2A8FA6
:10B7E00049810E7A7C6462B3C0F3E94F0AB24EB16C
:10B7F0007DA5C21220985101BD812F644A1A699912
:10B80000AB585FE345263942DDD5A484A865858B16
:10B810000AB9F92EC5E753B312D6F26170A8B22364
:10B820005BA20B56FA967F232761EDF75D9DECF640
:10B8300032D9E35805E10145D2D1CDDC6D259CED2F
:10B84000D4CB555F258404BF0F675252C069ED10F9
:10B85000AAA25F67E2BF450617D69A49385F3D56F0
:10B860005DF11A213CAE7F52A872D2D89CFBA23C5B
:10B87000DCABAFD402F9EB3A6F4CFE87963D287EE5
:10B8800017F09364AB641D32A4C282ADFCA8F1F73B
:10B890007B30913E612D7D4AAD208D38EE49978FEA
:10B8A000080B39733D39B18A81497CBAB684CFEB34
:10B8B000ACA9926C5D13E55E3AFFFB75B2926C49E0
:10B8C00054BF060E7B7FA25CE471C37FEA2611B8E9
:10B8D000DF1ACC0C145C559B515C9C0E7E576FF9A3
:10B8E0002CD706DCA5BD4BFCFF2CC70F63D9A72FB7
:10B8F00018F75A3196427C5F8CCB59812C6222FD1D
:10B900007215E2CF9B6A505E57315756962C91AA1A
:10B910000ACC5365BFF93AEAD83F3C29EF536B4153
:10B9200038D55645A7FDC717DD513EE42158F855D7
:10B93000C33D0D563C0AC6F66F3F664C662357EB77
:10B94000B4DDD122FA594A3E427452B2F53E5C1936
:10B9500044110FFDD9874D45B121A562CB10D137D8
:10B9600069011A5904F8588415CE8B6928A9935394
:10B970005D6C9C9041DA03EABF59ABEE5EBBA03828
:10B98000FC8CCFA12311D569F35780F53330F6E154
:10B99000CEBFA00CF54ECC999B71740CFE48508321
:10B9A000384FC00DB4F0B2AE0DE929D6BA83269453
:10B9B000C2335202C9B671BD954A7DB45F4F6A8CDD
:10B9C000FFA9392E27F7BF7E89E1F62A8AF5E454CC
:10B9D0003FE4280218F4F3EE73F34C1FFB4DCD86C1
:10B9E0002ACACF37F4A127AC9ADC81FDFF84CC634F
:10B9F000D0A5450C6D732D8BDD7E9442E1F3D467A9
:10BA000038B7FDA34A3C6E5C12CD5ADE06ACFBD3C0
:10BA1000A0AA8EF70D2E712812E109B8B9B74A1302
:10BA2000E7F83930C9CA35B556A53B402E6C476397
:10BA30009B9BE238E58B105CB4055A7B25B91BC68D
:10BA40002E1368374931DEE7909EF1C6DADFED3B11
:10BA50001303D35FC32575C5A875B624EB6A669337
:10BA6000C76EDF6BB14E83C28C3613EC2D4D75CF94
:10BA70000199B3417A8C7F82D16D4125A98D659C56
:10BA8000AF6BE29EAA672DD1656626ED932EF54930
:10BA9000FCDF8E8124F665872C5CB4674CB9A11855
:10BAA00086008C9889AEB7559E144CA59B05C0D3D3
:10BAB00081C5EE98619897F26E9872169CEF1BA163
:10BAC0003F0D51DBDC97375EA2483EBC1F8D30E452
:10BAD000DC0BCCED8941101A271F4D1F51AE2251AE
:10BAE0006C2AD5CED84CCBDBA7127220FA819322D8
:10BAF000B5BDFCAC07355DF56749FA24D5074AFFAB
:10BB00008C5D6434453205AC34C8D9813869BF686E
:10BB1000B42B7B603CF853FD77595B2BCF3CB225AF
:10BB2000A2FF8330F1F158C6A1FBAD71E5CF0761EB
:10BB3000D64105635B482ABD36B15E20706022F2B3
:10BB40008458CF86456E4596E5775C5D3BF9B982B2
:10BB5000D85349EE53B920BBED5574AE128E164042
:10BB6000909CEE24779E405F2DE23A665A3CB7D611
:10BB700043D5690724C03BA95A208F857ECCAF3EB0
:10BB8000621E6C3B54DFF7478B6D0944427E44EEE6
:10BB9000D9D6A745AB80CCA756422D6817577189D7
:10BBA00080B8F49FFDE10A2E7C62278B693AB75E6C
:10BBB0007C3D3704876537E966AE4AF5A6E6234F34
:10BBC0002A92700332E5471D39D452722C3A8DDA2D
:10BBD000D56A0F678F3B68D4CB8E619B7FC71EB33E
:10BBE000771FFE92E79288E4824F2A3E5DB00A44B6
:10BBF000B8D1AFC8290603066A2A26044D42171099
:10BC00001BC4BCE315972F13C898FFE9B1B50FBE4D
:10BC10000531602CF4FA15B2C93C8ADCDDE784E317
:10BC200029B324B094FDA87F57BDC720833912677C
:10BC300025D9A0E93FC077B6C968928618BE74A41A
:10BC40008BBA1D888B5C03721D32774C81E2C16C0C
:10BC5000906CF8BAEFEC558B61A00FDD9093BA09A8
:10BC60001068F662304646D0DD729E5AE5F7556997
:10BC70009DC1DC4ACE7985BB8E0C0FDACC2F63A137
:10BC80006690C752AD2F46457ACE43350B072A8EB4
:10BC900028E5B8CD7ABAF647E3F9854E6C0364A679
:10BCA00068E4C1B5C28EFD07333DD928EB15F0B16C
:10BCB0000FC7BDE740BA089033B2DC66352FDDE42C
:10BCC000F05FB0127DFCCA32FAB115EBB9793AC90E
:10BCD000C191D171227EE37DE250C8ACBEBA969587
:10BCE000C7F838695D420A223D723C04605919EB7D
:10BCF00015CC599AD8A3C2E7F67FDE771D96EA1EC7
:10BD0000094FB9464E5BFB0C24261263E0989ABC9F
:10BD1000BF777257F855E686FF24BE46D600A4CA00
:10BD20008C9BF24C238A5880DED166C4718385B720
:10BD3000F328285E9FD31D47B66DE03E641FDACD21
:10BD40009B8EBA69800F42EE9B51E69450B62A87CB
:10BD5000FB208D03DBB61AE20D34D7B79928DF0537
:10BD600059D062F310BB1210C91B7C35426DC861FB
:10BD7000722B5E7A685881364161C908B6DB7C4116
:10BD80004C299B9AED0AECCA5229D9A40310875971
:10BD9000D55DC7ED66A58F7FCF5A4F9C4D9DEA5B61
:10BDA000FA3494B8AAEE62761682219987AE40954D
:10BDB00069AB735B04CAAECA81E734F3AA4F7AC693
:10BDC0007851FB428D6F96B31F89DF814A05C15DB3
:10BDD0007F5066A97526500D76882295060CDA9F4D
:10BDE000C6D35BF062665F2CA9AF60BB43B93F98D6
:10BDF000F2AA76CB59723C1A0755C35D69C886EC26
:10BE000016C49AADE67CA832BB32B27DCE9287DDF5
:10BE1000B217DA1B0B1B66B1575ABAE578B80DEDAD
:10BE200000C945629AAC66D1C64276095A163DD21F
:10BE300069943E3DD89E5731187D8C7E3CE7ADE13C
:10BE4000675A92086792A4B2116CB3F56E508C9C3D
:10BE5000A2600C67BB1B430B5A3C3D1CF3CD044155
:10BE600066EB4D6C11B07FB9E211F35C645365C8A9
:10BE700066474C3C090A7E2BB9E8DB5C7566754168
:10BE8000C49CA21720F0678DCB149AA6E2EB59CC84
:10BE900055AFAB32AE9CDED52560C1A1F9F1714E34
:10BEA000DD261A0AAF1B27E2F2EB9F7621DF6C9F9B
:10BEB00081CE0EB0FA3EBBD0D6A52DD3D63D9E7D09
:10BEC0000DA6BD203D2C999028EEA0413989172858
:10BED000825ED936E8DFD047B4799846C6400185FE
:10BEE000922DE6DDE0FC5ABCEF783E25AED05E70C8
:10BEF00044924A752B5BA33C57109999DAB68BFA9A
:10BF00008379A21419319B6F836DF3EEF3416B7546
:10BF10007B34043F3BA206D8F255FC8589F07E387D
:10BF2000A3DDBE9FB186847BA6A1B7217F4BD56CD4
:10BF3000F0589D0145666B99247DFBBBE59103F3A9
:10BF400015CCA4E16DAC83D4B160ED633AC233800B
:10BF5000B73AA3BBC477A68153A166417169168520
:10BF60001C1852C2A136C92BF6016AE0D5BDA8073C
:10BF70004FB30D4656993A56B9007F4CF0DF577CC7
:10BF80002AB870A4F76C60AB3476C76F979911929A
:10BF900036FBB0C6E0DF7E3CF84A7F5A31983670F7
:10BFA000FA5F8D4E668270C24A203E3EF593C846C7
:10BFB000AF9C28D32CE1FC03E27E058CF5CF5CB46A
:10BFC00007EBF5CB6FCA2F3EC6A0B9606EDCABF3B2
:10BFD00030C6B6E127B52E0C17BDAD829288B06091
:10BFE00054DB2E7C369DD1A515C0ACA3319053FAFD
:10BFF000BE18746BC866B4BC30E42DB4F7F1EE9F84
:10C0000052B1D51DB7552157530D7B525D61DB1FD2
:10C010008A882DAB2DDCAEE34349DD266A0B059201
:10C02000982CF6BFE40652CE9B89E803714CB60A01
:10C03000CBBB8EBD7AC1E6CC921A9E1BF7E4BE8BB9
:10C0400073283A78DE853F215A5AB30F1C2920C540
:10C05000936D2BF6B25442EC10AEB7C1F171C682AB
:10C06000F9DE911750271E66F42821AADE79F669B9
:10C07000DFB8A297F9D6FE8E9C29B073CAF2ABA4A2
:10C08000BEE63E219A2D33FDB9BA8F23B58DFB7ADA
:10C090009EE464454888D82C4592D793C520B4A522
:10C0A0008D5755FFA9892A2E7C6D8434013653E1C2
:10C0B000EFABA392B34A9455763EC7818A0570B41C
:10C0C000DF24618F0F550EBE14BD41603295CAA1A9
:10C0D000EAA03847B06180101737CA7816A3251830
:10C0E0007402903E1B4C38BEA3B012A1D822F606B3
:10C0F000F9CAA7363A5498D9E5BE33F8DEF3CD161F
:10C100000D1C796F36F84DB3D68E9DF8340467BB9D
:10C11000468AD848982051131C5BAA411F67AABEC3
:10C12000BA2994CD38AD14E0419D5741640497D1AC
:10C130002554748F77836F446D1D3CFBBE689F89C7
:10C140007016EDE35DB84D322543AF6661232A5783
:10C150003C1D90D135B449D3B2AD18D2D64162B8A6
:10C16000E854C7F52310DBE418165FEF8FE4853938
:10C1700000CDA8DE34A202D56A09027251A4ED20D6
:10C18000237EAB9CE36E3B0A65DED57C9E16A7FA48
:10C190007FB08970A6FD3974623E2C00EEB17C6DD3
:10C1A00067C39DDD561AB31CF60E9D4FD4805D8685
:10C1B0005CBD19DCEAA8F6C11864BCA21411A8ADD4
:10C1C0009EC415D3D30CE96569F8D7B70D710BCAB6
:10C1D000F616F720610BE0A5AA7AD37C765CF2B55F
:10C1E0006F6B1D07A7DA6EE2E6A6140E91A13CE97B
:10C1F0001928C30BE0C862F46B99E711CCC9D031A0
:10C20000735DE64B81C2C8B0C22EE02726CAF8C9CA
:10C2100075B81ECD125241D6F0B337FB02ABEEA17A
:10C22000B70C3D1334C3A896607FAB7A28F318E8A7
:10C23000AE8ED7A38BDDE3052B3BA57A744843066E
:10C2400061868076F2C0B90014A05C20C5B49E3728
:10C250007C8B3BF87A9C526E267E447ED873DB1131
:10C2600015BB8DCAC6F605E1A547F21B9D45CDC29B
:10C27000FFB4C08C6EACD02B5F7A2EDFE9D6E6FE21
:10C280006F1FE6ED14E81517C7BDC50EC8EC332ABD
:10C29000ED89A0C10D27D26FA090CFE78E15E89E43
:10C2A000466071978BB5753DBA16147E61B0ED3D51
:10C2B00062927FA877CE4E576590C665744B864CC8
:10C2C00037AA005C7B6742FE33634E215651E4A7D8
:10C2D000BB27C946275C0CF2948D88077152BD1D9F
:10C2E0008A2A0E6DF5F1CF8472545B382FFBA05370
:10C2F0000C1256B6BF71D9D2D816516C52C5A88946
:10C3000047B3618424D010019E1FA4B362241AF2A3
:10C3100063F567C89206F2F3B6E1BFF0064A2CF067
:10C320008CCAB6E7999F15CA8469457BDEEDF33C5C
:10C33000A322F4A8C218B30B53EE9A672E0D9F5692
:10C34000B271D3A29D8E2B3BFCF647724EC003D038
:10C350004E68CD15AD5C39135070886AE0C015CCBD
:10C3600073B6FD24D55ECEC2553DFFEA7B22817CAB
:10C370007D8C38730D9C0FAEC02B5C4994B6A2B473
:10C3800075D28F25DF94E2C09B5EC4099831684E58
:10C39000E145A531B952A5ABA26F3421D3C085794F
:10C3A000B235E99D75179732CB4B2481F3250CC725
:10C3B0001913A1EB3E5D1BD5575360B3CF831969A9
:10C3C00026E88441441368A35BB79551927C1F1EF5
:10C3D00030A4E4D3F22DA1DB74A29E7E673BD12969
:10C3E000A9CEF7000EAA4BA5B0F5CED84A2B132D37
:10C3F000415F6CDEA5335ACBCD93DE3861EE167A01
:10C40000BDDD603C21067671421E360FE4E6F8235E
:10C4100076C632A6AA3DB9B410D375DB1F6EDF8095
:10C420005EC2E8BCFE013A621B007CD2E6B7258101
:10C43000F14D9492FCFC8503B5B5071CD7D8611F5C
:10C4400052DA80B7CB9EB8B21DC3D1DA243249ADDF
:10C4500065F9DF7907C5668B0276036CFD30C5731D
:10C46000901B028FBB264E135F2E333D1C5818E0E5
:10C470009CE72825C4B56E1AC790DAB4566893C6EF
:10C4800063BD1697223200D6EB3FD470101DDCF44A
:10C49000CE71BA5A8A91F1B9419D66D74B3B1B3791
:10C4A00094800A8E3536B83F01591C61ED1D8C3FD2
:10C4B000FD1BCB133A26AFDEA85A9A423085ECF723
:10C4C000754101F7317F8806B290CA791D486A4DDF
:10C4D000B0E2E42C53B1F03D25B23A34C572950B6D
:10C4E0009C37013325D66048D792AB6F062EFB1DD3
:10C4F0006C5C783AE9CBEE6D824D45CC8CB23E7CDB
:10C50000CFDCDFCEF9C6BB2CEFD0FA44AE3EDE0E58
:10C51000CBBA9D8BE93F74282E806B6962E10D6B6D
:10C5200095D4EA6FBAB2BC6EBBEC7C76FFBF1BAB96
:10C5300026AC61602C3B6898D6FEF7AC0E12856A7B
:10C5400071D7E660CB62737E037EDA5F010DB57E44
:10C55000B0420584B16449948C872E3CC978C1E807
:10C560004EF3BBE56FF2DA07D17CE3360EAB684BD6
:10C57000D1EF1C27878237A566099EFEC52BE7CC25
:10C580006B7563C837C91C0AAFA0A799469CF8A869
:10C590000A7116FF85D55EDDD7488ACB1FFDE06F97
:10C5A000BDCF1F29D2FC661E1ED9E5CD1098AB1158
:10C5B000F40DFA6C429ADAD60C36A7C266063C40F5
:10C5C000D4625FC007B8747CA51B878B9FC5C75218
:10C5D0009269D715F146871FCFBB9394850902F75F
:10C5E000AD431EE5787B63ABA5BCE1CA137C26C1D5
:10C5F000CD5F82201D597550DC1DDBC0178C43F1C7
:10C60000712E0F9758D8F28C9B0E8B6DF93E9C17AC
:10C610001AE7A69A2F9CD7C67E259E92411F0D7EB3
:10C62000004CF9D97F8848448C5CC6070BB90E488A
:10C6300075FED82C22F1ACCFB668A4E78075E6D29F
:10C64000CF4A75BD181AC1F97E462FAB6AEC3F3848
:10C65000BD6723F2CCBCC5F1761D54699F41E07DD6
:10C66000B40DE243D8E43A8F1CB590741C9D5FFB77
:10C670009BAF8477F212E26D7314E45B80604B0031
:10C68000AB75351238C2CFD49386B09666E9C94DE2
:10C6900097991B3F5369057452129E93F18D7887C9
:10C6A0008EEC07DAFDA327D32169040CC863278B1E
:10C6B00062237D998B3927FE21F70C0CA76ABC9D5C
:10C6C0002622FC8F40F24143E20C99723EA35C9E0D
:10C6D000604EA82D144915C9F9FE54B4BF1405B213
:10C6E00025D326F26A7EAFB589884BB8262EA9B726
:10C6F000EA0DC3E02841BE1F39DFBF43590AF3DC0E
:10C700007E0C417FA835145625C25D5056F233B9D0
:10C71000752E4946A059CF2ED43202A7B699EBE226
:10C72000FDFD99F86A78962592A77C5332473B9095
:10C73000908C8633B500815025247B28734058AEF9
:10C7400095D317D1CD300A6A110277CCEB4DD218B0
:10C75000FCCEB05792B48FBACCAE49E0F8BED5CA81
:10C760000888AE64E4EF73BE8D2E372794DCA4A650
:10C77000570E8575AFB773D9D1494E690C0285B58F
:10C78000338027C078F4AFFB58487DE24623E2B1FE
:10C790002BA0C86BD5008E4814922B655B0B641AD6
:10C7A00003770FC60CF0AFEF0F7557FF9D2AB5B496
:10C7B000CE4BFDE8DAF6815243F9D718FF2EC8D1E7
:10C7C000D8AFDEF9AE55CB92DE0BB57C41A6401852
:10C7D000EAAC0CFA0159130BF7153F36488F01EDFF
:10C7E0003EE068A0A06459E791F3CD9F05CC983A4C
:10C7F00000A70A9688AD6950294CCB96F6821A821A
:10C8000086D49B226C34DC0A4E5B5EED3F395204C9
:10C81000B16EB512BD593DBA16EE1FEEFED9BB641E
:10C82000E7EF9C175A04712E7485005F5C051805AC
:10C83000328482D45C011EFB126DE53BCFC0B8BCD4
:10C84000C25DF56745444A2CA6EE61B2F0DFB1F453
:10C850008EBD78D5C5BB41CEFD13D73268908BE332
:10C860003144B5DBDEF713A3FA2979448B965AD607
:10C8700002DE1E43D1FFB18EC579CDC15B2987CEC3
:10C880001787C8DA624A40E9C917B9924AC5A9E0D0
:10C89000749D7AE29C2CB0ADB9F9D7B3BCBAEC3A2E
:10C8A000B538C93B5EA10C854BC606D11096DA910E
:10C8B000FF49E696E302B3D4106809E7923572D6D1
:10C8C000522580F6193EFCB7E7044992B602521C85
:10C8D0004D325141F408EBA870B60136114020F3F7
:10C8E0003BAF983EF51C6ECCA47F693DE6132697BE
:10C8F00034A7745EEB361C72F7ABDDE155162025CC
:10C90000E30D959AF1DBAD9FE2DC32FD87EFE9F9AB
:10C91000995A26293246DF62F13EF206813DBF6216
:10C920002EB849F05FE1EC89F75254C21130FF4D47
:10C9300031C9DC8F92DB2D1EBC55CC178F99604C12
:10C940001BC26D7EBACDA3016CB37F455DD3039B43
:10C95000C83AE14A98CBED301407AEABC6090FFFD9
:10C960001873DCA47D1EC23F885AD8D74E3A1B727A
:10C97000839E1E055F29F17EAA9F2652A0A9035E11
:10C980007379AE646F7DA8AD1734E116B7F5F47610
:10C990006E8E82A16B603CB735CE723812E90910F9
:10C9A0007A69AD445F2C62225154FFB4C7A9845107
:10C9B0003C2D6A49037F3643A369C2E45828399A5B
:10C9C000AE27142A9660C45830BEA20E53DEE7D7B5
:10C9D000F95755CD1F62755B7C1A49B05DB9C71513
:10C9E0003D47D13BA7524862655ED9D1F3BE5AD1CB
:10C9F00059045CF5A72AE2AE1AC98825EECC35A207
:10CA00008EDA7329ACB1B9DD69D6267EF3A480F144
:10CA1000B4B608BA2A3A3029CB1933085B0D685FDF
:10CA20009B41EF935265C62C1AE9D9A07B79CBCEF6
:10CA3000750CF9E0A61A9DBDAB69D6CA79456308A5
:10CA4000E366D4BD900CC9674A4A5D4BB5003F759B
:10CA50006D59B6F67C8F6926F445DE8D0DE4199686
:10CA600017A3771015D7C4B110D149EA610325E99E
:10CA7000E83BC03CF86194E1FB759CDD7320967E39
:10CA8000F8CAF8DDAA74CDD22C676D56F967949771
:10CA9000E368B1F8D3FBDEB6722FF0DE274B20310E
:10CAA000C3F875CCE94D301A034D7889A7C3CAFE87
:10CAB0008C4152CE7EDA271F25D06C5748511D4A33
:10CAC00085E06B7A1F8158657B6E3AEFA073692E03
:10CAD0000C5982929C506233CB98C4E34609339D33
:10CAE000B79CE0FA03BFAB1C69FC6F5DEDA9141F96
:10CAF000DD849BE4ABCC4AFF41328A3058E87BB2FC
:10CB0000D898AEE9C2669825F0F4224FD134A96DC9
:10CB10006D00EC689C080ABE253C135F497CA53D6E
:10CB20006E90143ECA96D0C83CDEBAD370C48CD284
:10CB3000461D6A814EC1814C3C3BDFE9E1D377CD94
:10CB400098A1005E430F2053BDAA83BF9331B34A1F
:10CB5000998D975EFD2A28EEBBF6D4CF2B749E6E7E
:10CB60002981A20F97A127EDF0616C224086DD5C40
:10CB70007899D59C364F89C44BD3224C6A63BEA4A6
:10CB8000E09FB02461AEC514F2AEC3327BF57E1CCB
:10CB90007AD61A57E90F230381CA56E626064E7045
:10CBA00051AD21CBAB84A85434616ED1355FDBC667
:10CBB00064531DE119F8FE9204ACC54E35DDD4096D
:10CBC0002CBD722D946E7D4B479153CDF2F34846A8
:10CBD00081CB9FE392EF56E52DB0985DE4FF3A28B4
:10CBE000E2C6A8666E9FCFF910A4825B81C482CD95
:10CBF000EDAF2D4879BEF2E6B1B4F3B7BE4E7D3D40
:10CC00007725E477D168911E55534701AA8F6DEEC1
:10CC10008EFCAFF6C71315138F348C92602C07B1BE
:10CC2000898C275EEA42EB0428A8070FC7B384A4C7
:10CC30002400170784282C9E1D45D27328786B5B2F
:10CC4000ECCF7B967F83885DBAAA14C29951B8A8AD
:10CC5000ABC29D0E94DFE3BCD9F56EFE1450208C60
:10CC6000E42F681D1277614A978AE32D2B41FB8BD5
:10CC7000797D5217249BC51714667576952B613202
:10CC8000D3EDF962123FC74FDE892FE3CE2F095053
:10CC9000EB39EE80EF782068BD7AFEC2DEC10092EB
:10CCA0004589637FDCCAD6ED3E204196E6A6109703
:10CCB00031351149510333C31E4A1E8AD85C202ED8
:10CCC000700823EBEF83B900B44477DFF3E207BECB
:10CCD00084B2A6C924DB8E6029312E50C2439979D3
:10CCE000D5485DAF9E81889F85257033B1376747F2
:10CCF000FEBC0654E69EAAB5095D2785C11AD75227
:10CD0000BB926BC351DAC2566E608C07A7A0F8A322
:10CD10003C53B23A580A0EB932FD58DFE347DDA55D
:10CD20005489E42ACEC16772D9FABC53E36B1A5511
:10CD30000AF19BD2AF92BBEF438A6BCC2339E52D2E
:10CD400026E758E97717DBCC8AAFE61B63925EBB18
:10CD5000196E42FF68440882F8F0B3CA8E050C31A0
:10CD6000A4872B2C253C8022BE8011FE5E6553A03B
:10CD70001FE022FEB3923D465794A019F95AC7CB43
:10CD8000782341E60A70B3B8841AA7C208DF2340AB
:10CD90005DBE1217145B27BD57240118C937CC3C60
:10CDA0007EE6D67A1B35F21C6113BFC6A7463BA6AA
:10CDB0007297707A59E54EFE817527B0CBA8CCD416
:10CDC0006CD14F1998E06CFE2EA663667993D4DC83
:10CDD000DBD09EAA606B5619F99C63A7F0ACED0CF2
:10CDE000D88075E3DBA3DB8D837EA5CA72327ACE51
:10CDF0006E8C6E4ABCC434D55E30E9C24C8109F9F0
:10CE000049F345395BF9657B025C9C757DA2AECD2B
:10CE10006279C13C1475CE33658F6C1A6749F8503E
:10CE200093DF2A16B3843D9FFA5E55798FA3200BBA
:10CE3000D8BD2A1C7B6462BB66FE0B0D3E59D52E05
:10CE4000E09CE721FA53A4C1176DCED541A59163AB
:10CE500079502E9677DFFE88ED3CA6AD2C8DD2E67C
:10CE600084C835F8EC9F3F2075D1F143162ABBBC2E
:10CE7000194347D4E4411FD693AEBDD5DFA924980A
:10CE8000218C3F202590D6C9B071905F2DC5D9A7C0
:10CE90001C26BE17D72A0F3DC0C4D8438F0FD51FFD
:10CEA000CA61B15129248637798ADA797DCAAC23DF
:10CEB0001BBA2199B9BF7EB30294E8A03A1E799EAD
:10CEC000A3C3C26881A28A2DF73B465E8CE9C75B8B
:10CED00073BC8DC8B417FA3BA23E0CD5F3F1E80041
:10CEE000655679646E9C893D1DC819B7E2F5DA452F
:10CEF000390CCDB189E100A53C0C22A141A5421A13
:10CF0000E2F5C256B2FE4650F50A204A96461F4642
:10CF10001E5523247601058C8A4276EA2791391B17
:10CF20006DC2EA76FA56C86297570600E5DB2F21F4
:10CF30007AE76613F9AA7B96C44086E270C60FF1C1
:10CF40007BC96B562FA9529E2D560C8CCA9101821B
:10CF50000FEA1B84E6AC8D4D2C71B587ED8C6AD938
:10CF6000CAB5540F74FE3D701F6240A41B606CDE96
:10CF70002314803EE6E5180985AE08396065FD8317
:10CF8000CD4E8E875785374DBF451F7E6C4F3B0278
:10CF900042C287E48A9DE1A15075F471B3D6D13CB9
:10CFA0001137185D48E714DE4B60F1840D91D52AE6
:10CFB000F4AC1F1FCFE5A3158D699F2BD6E169CB7C
:10CFC000B780987FEB069881E105F7E570F5D75EAD
:10CFD000CFDF598E8116FD974FFFB104E58FCF70DB
:10CFE000400D37E725681D21E4B6F8B8B1FBECD455
:10CFF000AB29B0B8D62A262D9D32E5054D929CAAC4
:10D00000A2E01DFE5E0657DE2BDAAA0EC2AACE0DE6
:10D01000E5153427C9ED45FAAC82D189E88275540B
:10D02000DF1FD89319186851C1FC27CEA36F90BD9C
:10D030000333CAAD1F0451401783298197252D6FF3
:10D04000E2BE7840BD103AEBA83B9BAF33A79156A8
:10D0500037273A208B2819917C20F33B50156F9B82
:10D060003A7A36CBF420CB8C6BD52589CD96547487
:10D07000D9C4B507BBD442538AA1583A151D07BA83
:10D08000DD36BEE72D0391F99A80F27FBBDE0FEC0F
:10D09000E799A47FF6C694AD335CD1D4DD9537987B
:10D0A0007AB9E67E609FA511EE3D5B0D31B381ED4F
:10D0B000D0193615ED7325FE1B46DC163CD3C0C6D1
:10D0C0006567FB94731D0180D4D3C52840268D0568
:10D0D000766692494562A3E48C6163BCA36AD33C43
:10D0E000E61B7E6C5C8A873AE2A0B5F5DBBE66C8BB
:10D0F000566AFE65785253322314DA324EA61779F7
:10D100002DD5F5D33B19DE0DF76909FD5123AB256C
:10D11000139E34921224E736CEDDEA755C5206AFD8
:10D1200018857D38BF6B46E36D2FCB9A0E95D2568E
:10D1300006194F87CA62137C5A9F6A6C72B94947B5
:10D14000F795329559912B32536B19BF5C0DDC80EA
:10D15000C1A8E9E29DBE38C6C465F7223694C97CF1
:10D160005D68B94870CE94A370EF405881B1D6F88D
:10D170001FA7A125CECBF84B593038A7A8514D2A6F
:10D18000E4630089B4AC35C2B04AD56E7780855867
:10D19000B854DAF6E4787DCFB0BB957ACF16595300
:10D1A00052AA61EAC36D7B95F7E60984C0F1C80213
:10D1B0000D2B85F3B1FA3BEB3B796FD0B79AE7A221
:10D1C00008BF67221168868D81C0B6ABCE16CA5CD7
:10D1D0000BEBC8353E83EA4AB69B5D0C6AAEC3F8DA
:10D1E000ACF712799BD4B464641E44026197E2CF19
:10D1F000E58DD1ABD16650111D10831490203CF900
:10D200000ED7182EC57D6389DFA03CAF1ECC530519
:10D21000BEE14C902CD2CFB8A715735E71009EE191
:10D22000D09F871BAB9FE9E5F43BB28F083AF568C6
:10D23000CC970A48B9EF821297E1BC32DC680D92B4
:10D2400050160E47A488AF2E14AB400C187CB62F96
:10D25000CEEA4639B11964229F579DFC5066AB2235
:10D26000CE5D595A27417E0D70A57FB6B6C67C2C7F
:10D27000E298945B5A943B407DCFA769989728E247
:10D28000F057725A9BC322422F64995DB65BA9A2E4
:10D29000F0F4CC5EC47ED5C553AD26979E086FC70B
:10D2A000C99ECFE6D8D2F125B40D1209F705AC41DD
:10D2B000C793EA1A730603709FD66E438CABB73DD3
:10D2C000E3BA59C38218A04377A11184FF512A22DF
:10D2D0003D9A7C3693CF5F0DA0FA9CF4AF66C09E5A
:10D2E000B3197739782C9704AC6384010B8F550DF3
:10D2F0000492F18B9DF9A74461894FD07C71C6746B
:10D3000082991E9E9A32F086CFB2C84E86F9A3410A
:10D31000FDE99055A760E1C3A7A05D4EE2317CD343
:10D32000FDD011EC1A2FB3B36668046731A80EE282
:10D330007D041704BF96241E756C1171FBB461BB8C
:10D34000D64C520BDEB4825E61BB8E51B7EF53CF29
:10D35000AD681D3A21761C60D1F2FFE85543B60056
:10D3600009550BFACD81549D2C491DEA755A6C3F25
:10D370009EA4794E51CCC95E404F1B1D8DC009D56E
:10D380002B8A3497B570ED6EE158AB32246F039D54
:10D39000E46E9C9A837C94C21C2117BF7A0EE3270B
:10D3A0006A7853FAEEDC9524E8D1197B69C19AFFBB
:10D3B00020D70E48C9562C0924591598122B6F0FE7
:10D3C0002F2BAF0627D26860206C7FDBEF1D915DAD
:10D3D0003C92F1BE2588A9A2FD2F41510E3432198D
:10D3E0003B5A2920F1861C5665D469FD868A11971F
:10D3F000D1D5D563A0D66C8EA6A7346CE21BC2EC47
:10D400000B97B441F7A0C88F8EC5737B7E5439B992
:10D41000170972D889C9AD6248CC5FBAA45CA592DD
:10D420004D49963827C09E647FE16CE825644343EC
:10D43000FD2FFBFB227220B9CB9A380AB0C81F9689
:10D44000373517259D51009E7C89AC2D5832878831
:10D450000D0527E471C9C9F63BE9680A05FE6A4F64
:10D460005A39E3482EBC46526850825D6A6484375C
:10D47000898EB648F92418886251D89129FED74B75
:10D48000222DD5B99F2A6AC386495C8040D87F097E
:10D4900035A1DB56A825696AC94010A7135E72B290
:10D4A00089D7BCBAE5C42A747EB4ACD4FAAD1F6483
:10D4B0006EAC0BD0D9977AEA71B1C0C9D67244600C
:10D4C000E6AFEDC467D85785B81F14AA1637AE6704
:10D4D00060224FFF0A0066B12E9FC77C5AD51D57A8
:10D4E00061AE7AF83807914BAFBE9FE929E8E4DFD7
:10D4F0000641131C4DE8CE2CC85D2DE2E97607F5F8
:10D500000C9CF2E869975702AC8C96F626B25359F8
:10D51000021A534168AA547C3B29D64A136E5A2AF0
:10D520003C91BB9ADA254044BDADB481BF3924ABF0
:10D53000F847D27D3581BB921C8E4EDEDEF2CE38AE
:10D54000A6A393B8AB1DC8471B1FE36A52C9AEC858
:10D55000C04090955AB05CF9A0685D07E1EEF2D743
:10D560002722E80E88B5B15EDC24DF0078A3F5FC45
:10D57000594699159FF52F63F9C1A543DB4669B557
:10D580004004CA7C9212CD4A030F9C1E02D6DB37A0
:10D59000DEC00F353DA917285670F8C2999486FE53
:10D5A000E701F1427D686206E367FDE078716DE5B1
:10D5B000C476047720CB499D7F717A350DBA2A7DD8
:10D5C000F14FAC49DED2BBA2D6FDF33AFA7C93E030
:10D5D0002986DD8FD6E7099E9A0DB1581B7C3556FA
:10D5E000424D2E790505DD80F70D9B41311A807380
:10D5F000236C212D1D401FF192006DF20142094A5A
:10D60000A00E79FDD6C22EC27ED35C2D2043037EB0
:10D6100033FC1BAF07FB33F38CF2158B756F8DDB7F
:10D620003EF6B42057206F1F648EA9D59007362E82
:10D63000E90B65541DA493AA17E72B51146FE0C1A1
:10D64000E6B62EFBC3A4967C76D14B51B97F45CD6F
:10D65000678E4B697EADE65141CBEE3D569D82779C
:10D660007E66FC2F0B218808FBD0F55EAAC69310BE
:10D67000AFD509E09070546ECCF8704E50E9C3B647
:10D68000FE5E15934EE8EAB8E14F7A7C116D657540
:10D690000967708EA152CE88C907DE9080365D770B
:10D6A000F043876EEEBB5DE95CCB26C3E25ED17CC6
:10D6B0006DD75CFF40DDA56F762987786D6BACACCC
:10D6C000248A109414E6A2E9963DBA5BA93FEE7550
:10D6D000E4CDDFD5C4A67600973781B674221982CF
:10D6E0008B15D3FF968884C08AB2836025EA824C6A
:10D6F000A59559DFB0EC3DFDEECDF5676E30195DB7
:10D7000088F7EAFF8AF6400EF551AE39BAF35DA00C
:10D710001BBA740B41A748829D4EFE0DED809451BB
:10D7200007723F52B8AB998E2202C3ABBCCD2F28F3
:10D7300080E0EF181F5ABEB6DEA19F6E619AB7D483
:10D74000D3A7254CBCDC2C57738785664299A90367
:10D75000CD9B59F779E3F100B5AF3422CCCF21A8A6
:10D760003DB613DA2E6D382D6D25A4BC4774628149
:10D770006F60A9BDA8A6F012C6AA1741D2371B77C1
:10D7800006AABF3F23B95A08A07848B1292109E861
:10D79000DB4BB4CA618E81D8C0D6C87B207CECBC80
:10D7A00024F4193EFA1C7FE060D699509DC886BFCC
:10D7B000B2B63FA053C9531EDC8E7682D77B5C3A4B
:10D7C000A24D841BCB609A9AA77E62393B331A1D07
:10D7D00013E8DA522C95ED1AE21BF199F0161C5061
:10D7E0006AE56F1324CBB2A59EE770BADE93AA3325
:10D7F000B26810BD70AA9A5891A08EA07C24D8A6B9
:10D800007ED531A3CFA704E81C39ED99624FBE5BEA
:10D81000A1A7BB4F6A1F1A0E14FF6AF7742536DAE8
:10D8200078A04A6338ED154586B587CFACCD30E892
:10D8300095A0FC34769BBB9E17EB23FDE5FC334B98
:10D840003B66FD2FAF9AF1AEF5B14F82B08AF2B1CF
:10D85000A3E639282A000DDB3FE37F4F77375D05CC
:10D86000B8DF20819B2B099D873CDE918950C29AAD
:10D870005C9AA06460B4052F89ECB4EB3003C55BFF
:10D880005EB0397EB2C825BDB7031AF234DDB53DAE
:10D8900008C2113EF5FE5AB9EE973DBF9024A01B79
:10D8A00063DC8F4AE228A267BEBE60F0E9A011A344
:10D8B000D8552936E9F4FAABD19B96678C27E462F8
:10D8C000496936F0ABE4C24E17D99F8ECAE46FE4C3
:10D8D000BAD7F1BC59DCF2514637507E3B43C4EA1B
:10D8E00050206E5BDB9A5E3E897B455602647E4A21
:10D8F000A9B96245B82A9355B1A3652BDCCBF6A430
:10D90000CF4FF6C9C0B0F6AF3808B2907C792EAED2
:10D91000309312A32E88A0A09F85DB1DEE2BC96E2D
:10D9200086A7C05A9E19F45F49987BFA5F1251DEB0
:10D930009EC32D568E2B08F5F3DB0FA0892D19BE43
:10D94000B0FAF905F990343927EEB53CF25BC33FE4
:10D9500070DE37C583B54DE8C3EF7EA940B1FEC484
:10D96000509B2F027C73DEEB88DF6A4E15551BB28D
:10D970004ADEC1CE9A1C8E00C03D34E6ED6CD65511
:10D98000BC72ABA4F04D33A7C48EF2D8C0AE481B16
:10D990005593BC791E03A3DF9555A9098403EFD2E3
:10D9A0006CC3BD713E14F1D7E65E5DF16F071333B2
:10D9B000DFF8EDCD232236E0B6F996832D3DC28304
:10D9C00060C06DFB10C60DBA01AB9F4CE34C1971E2
:10D9D0009642FB1E220889EA1EA420A83CB4F3ED5F
:10D9E000AD5D8DC95A6DD0337D852ECA482635C4AC
:10D9F000FC5CDC44CC335F7B8C5E666F1D5EBB8D54
:10DA000013676FF39E7F19D4C7C211477B3FCE5B6C
:10DA10009193233F772151B43636C54466827EFC0C
:10DA2000A9D637E2AFA090851995F4869A4789C6A2
:10DA3000D5CC12E57F7F854566408C14BB0BF2CABE
:10DA4000BE73E9D6CEAA043C479EB02544237B0092
:10DA5000F92D61D2048E4B5D4CF83AB1BF0D7D4873
:10DA6000B22FEFE99BF42F25E291BF63F1B16D4333
:10DA7000088AC9C0D203606DF858CD4678E69C1D6F
:10DA800007E43F8F6B41661A8A99635A53F6AB7E5F
:10DA90004B7C6467384CC7EB8FBC76A2CD199AB02B
:10DAA00070D4FCECE78A8FE6430E959FF661FA9AF4
:10DAB000CED7FD372F6544B76CC9CC2457845A663E
:10DAC000B64ACDE784A4B75400E0DC3AD797CE51EC
:10DAD00089031A36C1DC72483B3D9C68CC450C4634
:10DAE000580CBB6F501135B8359862362A1A82111E
:10DAF00019FF2769FA9B5464D4EAD446C6C4786FE8
:10DB00009E4A686B58710B62C9CF412444B314D24A
:10DB10004EF5F5AF8E937E4EA8001C01D21DF66126
:10DB2000A8B6E0BAFDDE59CCE9A2C9B63E69508676
:10DB3000F014EA57CF562D049C018D7C0E6FB59BD7
:10DB40009E1925B9F74C6D8496DD373A4933C523C4
:10DB500027DFF346E5AA9455E3EDFF2B75BA50C7CE
:10DB60006B3958AFFF40F63EA0A8CC48CDF18604F3
:10DB7000977378E61358CD95D73C3E70500D83725D
:10DB8000EE38D5A7AF6EE3D3F7FA2B41F9E650ADE7
:10DB9000D582644D4E1D36F7BF2156FD3956F93AF0
:10DBA00078577F3978CD1C60B6261649EF995FCB40
:10DBB000C358E2A9B375138B2F2927DA1615FF1A5C
:10DBC0000EBFF6FAD74A0669CFF92AF81A5743A8C2
:10DBD0009A99D8158C1C06C13C33E022AAAAD69982
:10DBE00020EF7098844CDC925C8EFA90B47A9BFAA9
:10DBF00053417F6BC300D25549C55BC3CA7993EAD1
:10DC0000F035D95BC42C141BFD2809CDAD6F90A74E
:10DC10000CA459789962829BDBDE60494430213242
:10DC20001B7A3C45C65ACBCCCD093D45EF4CFAA4F6
:10DC3000A719FDC8F14BE773AC8A21849EE098C315
:10DC4000AF4B591D84D4A42A65116CCF4FCA4887A5
:10DC500005399F9E519ACB8B1254C9C85202118E1E
:10DC6000CD8B378E04DE0B435A811238F5F765D31E
:10DC70002E3BB5FC6498F26A46B04135AA3AA7DE5D
:10DC800021504BD200D2B99F835699196FCEFE9482
:10DC9000ADA8A8A99FAB90BF81FD05439CA2758B41
:10DCA000D30B96E81CA9A799E201A27103F4D0BC9A
:10DCB000DC24A2BCC88A7E3EDCF3F1C688A27711C0
:10DCC000FC9C434C62C709F334065C4AB950636C50
:10DCD00099972239FFA4FFE09F5C517B359B81A976
:10DCE000B9A66BC55693D68B59D60CC6A6308EC333
:10DCF00006DB0B84C1DB0089DB102FA6190AA759AC
:10DD0000E8714D33B1405445F389C491B93430FAC8
:10DD100008F38086906EDA3F959AEB2CA413D220FC
:10DD2000D5DB3024D5218445D6EC728E3741FC9565
:10DD3000E0A853278056DFE36ED68451876422FB28
:10DD4000B31FDB9B11A018701BF8137308F8F2BE09
:10DD5000AAFDD351546FBFB440A1096905702C715D
:10DD6000299D56B3FC4A93ADC53705DA78F93E686C
:10DD7000EEE75DD47E1196704ACDD3E55FB5C6332C
:10DD800097C6526A23E8F3219349C0652B7EBB0DE9
:10DD9000056F37B269BA8DC743FF6388BD6F53A261
:10DDA0004DF7B1350C01347B51BAA8BF78F667AF97
:10DDB000A7C9C9E4918C535F962B5EDF64082E736C
:10DDC0006BAACD4371FAFB69608651F75D9CA29600
:10DDD0002349C35F92E8C5FCC5A1B851745DF8B88A
:10DDE000E32C89C5E0ACAFA2B98F9FE9F948C3B174
:10DDF000F4765D571930254261CFEE21B79C1A4C5D
:10DE0000E9AABE6BA80B4B61FB8741F90B8F7BF135
:10DE10007F5C0085569FA72A508FA10C1D80E8C704
:10DE2000740734BAA9E760B4819E08295A3902D729
:10DE300071FD8253B348BBDEE7A5A8A74D9B3FB653
:10DE40007D6C31F9CAF39ADB138B41CA89ABE0DEF2
:10DE50000B7D49FFFACFBE127AF3D0C529074A9A43
:10DE6000509F9301FA7CE3937D6B7FE4EF031BB734
:10DE7000A46F5C160B98BA4468B10C15C63B6C0DC8
:10DE8000F4B057831B08D5BF9CC9C81A2B6CDEB7EA
:10DE9000D1AF3DE700E6A463EE2DF6FDC5AEDD197A
:10DEA0008726FAE5A9C251B3659190C6F7D731ED3F
:10DEB0003EB62FC8EEE0148628DE2904B58F6BDD50
:10DEC000EA83450DD559D638FAE058291B24F16D5F
:10DED00070172257DD067BDB8AA3E15A32964D008C
:10DEE000E338A75AF7D62A8224C2B5C6830B4FC699
:10DEF000BDE448410965573001367373F0B248E01C
:10DF000053C569758BB202B1C0623DFDE4D20A29E6
:10DF10003C0F7F97E2A77B0B5D7B5D4CA0FDD91E7C
:10DF20005C51D7D578C2F3B2CC8F5125186EB8DECC
:10DF3000F96758D4F1EA07497C4299B6DFAFAEDC05
:10DF4000EA272593005965F6FBF5A5B9716DFF0A1F
:10DF50000229578BD1BFD5CF259AFFBB8827D47F05
:10DF600034CD813EA34F8139B3CC47267DAF120B10
:10DF7000E17E5B00B2707B11E8339001EAF2B448B5
:10DF80002D94FD5B298891A893A268ED5E652F5AB8
:10DF9000144957BF718EB1CD57DAAEEF2296471BA9
:10DFA000DA440E4A5876AB1D6FAA51D94DB6549A31
:10DFB0002833E34917A30E5FC2B819704698851439
:10DFC000ECD2D04B630648447A446A19A266411EDB
:10DFD00034BAC3CA82D503135CD77DB3BDC0F7146E
:10DFE0007562FF09D4A5A4DBEAEB071563B9323FDC
:10DFF0006CC02E0C7CB79A26C885BCB593D2C7A638
:10E000000DB22EF2A473A9B277FE939FABE4D1AC0C
:10E01000088A82BDB33E00A970DD9DCA285D44A96F
:10E02000F34C8EF92F0C6CBE7FA308756527C7F7DC
:10E0300089F7B3955770F25A7261CDDCA00402CA19
:10E0400075B85B897A9D97FCD6BBBC41C37BBC810C
:10E0500008A8837E331CD5B1F49DD3648FB81F6CA0
:10E06000ECCBFB4703373635CC75A7DC9D524E58B9
:10E0700022D5CDA3EACC4F63E7A3342362F9A5F2FE
:10E08000F5D602CC327FBF58D1C5F18733767048C0
:10E090003C0ACFC88D9776A7CD2FFF1EFCD257889C
:10E0A000640222C291725ADE16E6BC5AEB27B8749B
:10E0B0002A0A7442A85794F9A8677D02ECA07B1243
:10E0C000AC5871281148FB7B3FDD9F27684800C191
:10E0D0004FBB655149E8398F4A7D23EDA38012EF8C
:10E0E000717F6A7FE0547C082190C7375679CC2F26
:10E0F0000F508685CEC7303B77459F437522F52765
:10E100007078EDCBB34DA91A66CAD4C7D003791D78
:10E11000B454AEB487D17DC05F96F08601E5A2BC51
:10E12000D23E71F3640FD7F742DD86A6D1747CEB43
:10E1300076B2C910E3E99303DD7D53260A4235AA7E
:10E140005522F0B8710083A34AC8461C8D8E9ED418
:10E15000F17920FBE21DDE88B626C5AABC4D8FF101
:10E16000BF70B9CFB7321385B33E97C58C7023A06B
:10E170007A29ABF2263BED99B9843D6BCF15E97254
:10E180004BF846EA9411832D19C2118FCC84D42404
:10E190008626B0E2CBDA7794AA5309404E063EAF0A
:10E1A000317FDE28CA642A72A32E7CFC0FC90B7B48
:10E1B0005DC70E73E8AB8A971D312DD46328DA2A28
:10E1C000D3CC4E5ED4BFD3C8ADFE50A9FD7C9641E2
:10E1D000F726FB4D7A198F4A5FC4DA90156E748664
:10E1E00067E8927A5EE5A7F10221E781F2211B75CB
:10E1F000EE81BBBED2E124EFCEB91C2D1D63E71C1E
:10E200008BE3832E13BE23EF2A324ACF662B9F1354
:10E21000C5D827EE52DF2C8F91A6762A0923AC2F82
:10E220004FF71E8AC2348A7B21976979B8A8B0AAB1
:10E23000BF91A104B7B8A9A88E22429E85AAE7DAA9
:10E2400036F49F3F2F92EFA44D8C25BB0ECE3EDCC3
:10E250002B5595C23BA01A2ECEE44F5F7EF1CD4BDD
:10E26000EEDA14560D4B47873B3B78896B69E04FDC
:10E27000C9DC8EC59C2D7D4FAB046D965FA25C29D9
:10E280005587971E5A82FD33BE8FE3D64C54A0E2C9
:10E290004E00DEF6CADB711BFDF13B66145B000E1F
:10E2A0001F219A27B3E5E296FF149FCE89BD19F38B
:10E2B00053B63E3EBA6496F4D575EA02B0AF7AF42E
:10E2C0002B5E583E647969C308784B51DEDE12F448
:10E2D0002DD807169C3B12AE209737CAB3CC395DB8
:10E2E000C055A0405AE5CD44564A8E60B3F9CC9D46
:10E2F00030C4058B4A5F1A82EC5FE2C0B831E76830
:10E30000A72F9A5BE675B7705005EFA16497DB46BF
:10E31000B955BB85A31430FAC5BA7B4DF9AC869EBE
:10E3200015583576B2A89D2CF113F85D2FEB5518D2
:10E33000F74521E5C1EDD8E07029BB9A4CBBB74C3D
:10E3400055B801887A7A64242B4E786AB5A1EC57C7
:10E35000F42726C92750BF0276166E826E06B9C40E
:10E36000701CF0F5519098B3CF507DEBD360A8A40A
:10E37000D3AA75B4F1FA12DC1EC5475F744E2C0E99
:10E38000DA2398DABA96E160FB5384131EACECBB37
:10E39000CDDC444E27E8ED2C76EF34F000C8412A5E
:10E3A000B6884FEC217E1FC6A2E5CF2CB1C454B372
:10E3B0008A696CE321B64F30006E7B8BDFC6898E95
:10E3C0002E542F524A6D532AF3874AF280C170129D
:10E3D000F84AB0A434D4339683D66154B34EB88D82
:10E3E00067FD034F4320542EFBA137CDFBC4874765
:10E3F000AA4B3C2409F59659F3A6CC1A8D71683CBA
:10E4000086FB8A75D5B53D8206C979797EDDF3F93B
:10E410002F02D00DA46345689CD086235C05A036EE
:10E42000D7EA4F322B2BE146C78A15C9055AA92BCB
:10E43000EDFE156CD167A22DFA581260D8185284DF
:10E44000362F4B938B190218F7A01324E874DC596C
:10E450004BABA09916EB7674976AE1DF2F9E545868
:10E46000383AB0394F759D215A4955ED3D0F85DC3D
:10E4700018AD45B9B4731B858F15A7FDDC4C9E7391
:10E48000DC81C8D1C4460719BCEDAAFCE428783861
:10E49000CDDDBC4C7549C94D97D233528BE6D14A7C
:10E4A000286122414905BB9992845550F7FE48BB2B
:10E4B000D37D13F119D37AC17C67A68A3B03D3536A
:10E4C0004517F98D38AB3F0B1DDF934400F80C91D5
:10E4D00077402C23775C60714EB4F528B8E92CFDA9
:10E4E0009671330DF605932F5A0BE41B22A5B0420B
:10E4F000F399B0524FAA52307C6815462AC1F5698B
:10E50000EB0B4311787B03239680D22CD90C257E0C
:10E5100001EA8246A66F8801D8AD4D4DC55ACEF4AA
:10E5200093D0A9024AFED90AA276054F25090D7695
:10E53000DA6DF5C63DE7777CC97CA43339B45E2239
:10E5400018BEFEE2E008A373F6EAB85D4C7F8DCCFE
:10E55000AE30F5014B3392726F5FDCF05A73AA8FC5
:10E560009ACF21B0257D6B3DC81D53F2A13832D022
:10E57000D55BF8AE47A00F134C5A1FE4046C5AD376
:10E5800096FBC4F272A552F7848409CECF8384B37C
:10E5900057453F9B9632A29C77FD64077786844C53
:10E5A000B42854DA7AE1769849B1BF7155CACFE8F8
:10E5B00035A92165873779499A265FEBF26779B3E8
:10E5C0008D8991983A768765D9A2AD679DC10CCDAA
:10E5D000B0939DB5750C78C65E8B59B3BE474B3072
:10E5E000F3E00A8E182B0CA3F145FB50E98E6E91D7
:10E5F000281BD760C693E009FCD37B555EB7F56A4C
:10E60000B5B2282F1D2DA3B24AACDC59C514C344A2
:10E61000F47DFE85DFF916D24309FF1000F1EC49C5
:10E62000319826928C6895FA7E84D31FA53B3CF3E3
:10E63000CC99AC49B56C443E678B283715F9A2EEEE
:10E640007B6AABE4CC94A671CF2644E41D27E20894
:10E65000D51F7C40B36168B837DFDAA438DF9CADE2
:10E660004429C74DA2A419E75F28FB2EF4EE3A9483
:10E670007AC6CD8AB13BE2D23E30784BE0262719EC
:10E680003762A4528426824FE655783C1E259B2192
:10E69000AB7AD50778BB181EB0A93A5ED9DB9A824F
:10E6A00083B5D5B9F9D027FE64B2FE93B1ED06FC6F
:10E6B000A2D21A0B0A533979EC3480561A431D3F03
:10E6C0008AFF6F6739D029BF9B237B73F6194426D5
:10E6D000AEDA2CD476E6974C4A3BAC2AB451043AD5
:10E6E0001F39FAFB0618CA71A6BAE9A9EC895D07B9
:10E6F00049D7A8F46812507F14B86BA31C94FF1379
:10E7000076AE459B393520009A905495E7103AD360
:10E710005EFDA5BA9CDA54516E3F7689DDF56493AF
:10E72000B04C038BA658E83FF5F04692B0CB365B71
:10E73000DAABC9BED8D5373CE859941A1C7CC61D43
:10E740009A4420E14D0E94F7B41A05FEE2EED52E60
:10E7500010C6D0219532765F6A4D63C5A46E9ECEF9
:10E76000F5E0B42FE951BADB162193992ACACCF40B
:10E770002D322F5AF45FCC9D9E3F7CE1C638C41BDE
:10E78000837ECED985D32D1FC4405C5ACBD5C436E9
:10E790008B5BBBF9D15F0575D09A30D2466475B0FA
:10E7A000342258C3F75CCE591C4E93AA687EB374CA
:10E7B000567224A8488376F8F497C177AD2F5C5839
:10E7C00045E3EBD7669EBE654909F8031826A350BA
:10E7D00007448C83ECBA3DE65C4CB5F7A1FBF749E6
:10E7E0004253D6CD7176614208572E5C00D517A2F0
:10E7F000E4553ACE5A56D7BD21B5AEEA1F5ABD7C74
:10E80000CA722D21CBF64DD4A59B922E416DE20606
:10E81000CF3A3269D6E3AC988BFF2B5CD6A91CD2D9
:10E820002588FA4BBE4324B3216FD3F5B551ECF1E3
:10E8300082B0274A56A3FAD48B56ACCD9C16550607
:10E84000DADD7107729381737A69868E289F2E8133
:10E85000280EFB2C0B0864E7DCB8CD28D97D0152CB
:10E860008ABBE5D193B1F96B1A627894E47933E805
:10E87000B538DEA7F2E6474BE4B5074D37044F3411
:10E880006637408EF8EA02F00034005FD71D6DF560
:10E89000385F358F8BA6332AF0B44BFBA339554232
:10E8A000E591C9E36365B1FB14243998132C5AF33D
:10E8B00054B009DBA73A83C7090A2A6585DBD7D894
:10E8C00067BFAC063104623458C708EBA9D9B62B30
:10E8D000E43AD8273CD6CC4B2E6B89BC313AB06693
:10E8E00084BD7756BA590D08365B8C9648BBCCE789
:10E8F0009263EC02AE076FAA3F1904ABD4D1AFD03C
:10E90000AC554C440F483ABF2AC2D400D1CA751F37
:10E91000BD4A430C3D310503DC971BBACA43B0E93D
:10E92000D84D29FD96A3D4FC0C6E8AEBB3CE3940AA
:10E93000A53104E93203A6973EA7A6B63F676C321D
:10E94000624B73DE3F8B58F32D83B973709F7DA6A6
:10E950006077C51AA2916A96A426F99764AAB7DED1
:10E96000B1ED229905BB0E673D02A934E2C1EFDE8D
:10E970009B89AD46B26C0A0EDA48DC8032EE5092CA
:10E98000E18EB0AEB7E6D07594BB9899772CBACE2D
:10E99000935673D47BF76388A13169EDE94D2FFE5F
:10E9A000B378CB9F7F78872941A4EE74AB3F728AFE
:10E9B00025317D7E13CF19EE43858FB1F99AE1D5CC
:10E9C0007FADF63C7907BA8CC4329A1F3E5907CE08
:10E9D0008BF8F503F1717D2B5E9FB5127CCE052877
:10E9E0004C2136295CD6191FB872B4ACD96E18C93F
:10E9F0008D061342756B248C2EEB87DEAC5126A856
:10EA0000037A840886B6A6B3FA3CC72AC856BFB0B4
:10EA10003DD04CDC07BEFAFD04C20B3141C2AF1E33
:10EA2000AC311899F9812FC47D385794392C45E3BE
:10EA30006690457341BF0AF6B9386F0C486FB94804
:10EA40005A3305B93074358586C6E85CBF8F8E3B76
:10EA5000C5529660B2C8363ADCE80EC07B606EFAEA
:10EA600076AA1BE3A1EC5838D081464537E895508B
:10EA7000D494743BA852DFD7E58BBE5B19144036A3
:10EA8000366FC754D5CDF68519CDABFDD075911431
:10EA9000D5921E57365A82E92ECA177EF509B473ED
:10EAA000B1331280408746703001A47833E99F74F7
:10EAB0007AB5D8A1AD07A6711A40B3172CE9661B29
:10EAC0002F1240FB11C67A40AABB115E8FCBDC58D7
:10EAD000670022CFBA5CAC4A60C05AE5F142292DEA
:10EAE00081A49D414B2110A8085AE4F0EE8BC9B4D3
:10EAF000CF24B53E9D966057A94F2CF7E4C824A9B2
:10EB0000D18B76FF32F646B344D05DD3F40491182E
:10EB10000C9BEF48860B2E575F12F994C5B1DBF8BA
:10EB20007F1409B24ABB14E0A08C253680F9B7E700
:10EB3000E17869A9EA6698BA2354D3A2DCA92C5CCF
:10EB400033C9E6648FEF948114FAB2B55AAA18D685
:10EB500083CF6AA6464C3CA108E25E0BC2836C9D43
:10EB6000A437B1D0498A55244CFB764F1A267FF240
:10EB7000AD62F4F69F374AE1C5AA6635EFB979E38D
:10EB8000B50C5A2B58697A2B98B1D4F6D22771CE8E
:10EB9000F7982F0168E1135EE5B661D47FFF5E2828
:10EBA0007BC55D8833BB1BEE0C581EA205E76BF5D9
:10EBB0001B49077663523757D529A5EB0B1D8AAF42
:10EBC00075F40AB31ACFC362E03A4C391E87202E7F
:10EBD0002341BC672403D17A380412453516975473
:10EBE00092DC1901A830DA79385201A0FDC5C43E83
:10EBF000FC18E82C0A6E734657708D25777B4E867D
:10EC000008ABD7F28A4E9C04B4BDC9335BAA10B0DE
:10EC1000E08E169AF545A4B976F0DD47266C4DF0E6
:10EC20006091B51CD607A0AE7196B4281C90F51C57
:10EC3000299CA67EDD7A74B5C102B40B3F1025BCB9
:10EC4000C67C31A67FC141F2B67FCBFD130BB8F96C
:10EC5000619A23D39EE723E060F95A57241DE60208
:10EC600046DF9AB679970C4FD785A6766C1D450975
:10EC7000CF0CD46FFCB3D9FC02860C6A02D7FED944
:10EC800059D740259EB337A34D46BEE8AA1A49740A
:10EC9000B2CA95ED6C769427CB4A9CC30E36C3F569
:10ECA000C7FE3C47DF64621AF927A8494DBE1EF033
:10ECB00086BC9CA02EC38BD0A7BAFA69EE189F45DC
:10ECC0008B246DBD57F5A5225E1F02C4F26CE9DAF4
:10ECD000FC00C14903D935F7EDC321F98C6D5AA267
:10ECE0005567CA39CEB8A07F1DD23C4B4CA0C61187
:10ECF000A35BF79FAD1B74A20942BF846FE2D807E4
:10ED00003BE9E21079355B93883AA614AE8802F2AB
:10ED10004AC343749D1C485910D973000C6F882F47
:10ED2000BF7CD403A325BB93D3CEDF2696395B8B60
:10ED300028823820DA9A766BEC800F13BE9FDFFFB3
:10ED40003D02E61B0CC4CC824135E8F38A17AD10B6
:10ED500043C62A09100105CBC66063C241EA065BBF
:10ED6000D897CCE3DFB3D725193C004D219BE5466E
:10ED700032730CDA23F3351E27D83AB7C4A98F5360
:10ED800021B9D04CA848ACE24F205DFD94F42BE2B1
:10ED900061B7483434855210F8B8FA8F7CDF0F76AB
:10EDA000EAACD67472A036CB3E7F96E00CD37ED709
:10EDB00009146AE2D6503BB4B6F14058BE85DEADC8
:10EDC000E9057AE8DF70604F7ECC5594565558F4CB
:10EDD000E8F8F4AF5BF47FC6D9AAEC816E4DFCD1A4
:10EDE0001B0BFBB363091FCE78F5006BD09FEF8937
:10EDF000AF75D4707CECF65FE20D83039EABC9085F
:10EE00009E666F45418B437A05004ED8FCEEE52A9D
:10EE10008C007D99F38E8FE35D33E34ED1A1980D85
:10EE2000F43DB5904ED4BA34F1E119CB70D839E144
:10EE30002AA784233E433CDABE376DB6E9ADEE53D4
:10EE4000C002073192F180CC9DFC1EAC063AC3F59E
:10EE5000B65B3D8677BD1FD640D7507B240A108E07
:10EE6000CCFE3E02E906946C7E669A726F21945F36
:10EE7000B98E8067B07052777210B42281C3C860B7
:10EE800062A994AE9610CF79936EE54BE4EEF159FA
:10EE9000825B35F1B7CAAABEFB6F5E050337D5F8B2
:10EEA00087E7C3082F0BE4A001D0D70969AB4273F1
:10EEB0009D0CDF9C0F8B399C8CF79295947E67FF9D
:10EEC0005F959E4D7ED16187B07999A6DD0AF730B6
:10EED00028EB26C78B5ED3797538B53B4F5950ABBD
:10EEE000E7838673185DD271D1F43C61182DB2F4BA
:10EEF0007EAF898B180AC603616A83E18AD2B59D09
:10EF0000C013C15AE1E653A9EF41522AC537618CBB
:10EF1000F4FF45B17BC4447AA8AC71CDB3BF9FAABE
:10EF20002A578BB2721913DC271636CE596A0B8E0C
:10EF30000CAFAF4E46E4CACA94B2A944CF1B9EE8B8
:10EF4000B6BCF58C7C584E77061CD2B25C6C52CDA8
:10EF5000D96E169218A6E416E3AD4A01784A66F90E
:10EF6000A993A79FA706B6FA8FC5686F71A6C0EED2
:10EF70008DDB46573B84ECBEAE64C887A146449502
:10EF800069D5807E26D385B7E05D174882A7AF1686
:10EF90003666BCB8603491D1FCFCF37FFDE7F9F72D
:10EFA000A51E74736C70F2BCCCA3150218DBE27D55
:10EFB0001594A4FF8DCA2292C1AEF7EF63697D0458
:10EFC000663E55B8B3C2314E51083F0C6E27301122
:10EFD0006EA193225ACEC43A6DCF3B9AAEBF41B5D3
:10EFE000490F0A3A574AAED0E4583901617A549A27
:10EFF000639CE5BE788C86049A3D9BB3FA5946DA49
:10F00000EDA6C077A046CE312BA9D9181AE988837E
:10F010001626168913DB578B95D4499A7D6574495A
:10F0200010815D8AD61FF2AF772857541C3BD0AFB2
:10F030009D0B81ABAD942A1DDD46C3E0B2C6FC0C2E
:10F040002AE56483B28F4F471D6998861662B2BE67
:10F050003E401844925889F1333D6FECEE2988F612
:10F060003D4768EEF989662A8034C48009FBAE6F9B
:10F07000CCB9C393537BFA6E12E24E7C4708332916
:10F08000416FFB17DFE2627E0F8FE0E1150FAE717B
:10F0900050614DA35DD07232C128FA2DCD30BCB77E
:10F0A0005E75B33500FAB263E50A900BEF119A650D
:10F0B000D79404AEFD245E04838A23813B9F4E7A5D
:10F0C0003CB2A77248127B7702CFE6156D9EEE3BED
:10F0D00008031129C0B419F3DE9A170C4726B62E7F
:10F0E000DF1ACB95F2588831F3AD91F7578082D86B
:10F0F0008AC2606A0B8990B67D5E4EA061A24031E3
:10F10000B13F2E35AFB72EE320067FFFD93BAD7A56
:10F11000F786E52ECD23D3BCF9071364C46540649C
:10F120006D4713D666B53F73D604F9A1CF70D17D74
:10F13000A0443691F4DD607522AB4C940F496632E1
:10F140009C7363F09A4179CBE1DBBC1790B9CE0494
:10F15000167EAAAA7B7194AB5795CFA89EC2BB8599
:10F16000D17D81F8F0726806F592747A56A33D8BD2
:10F17000A993BAFEEEFFADE8CDD4EE9A71A0B79F89
:10F18000BE489A03E8C944BB4ED515CBBBB22EAFDF
:10F19000FEAEEA2DF3C845E265D465DC0C327D6134
:10F1A000B2176A67021C01CADE1270EFCDB958624D
:10F1B0004E8061D3C6473713D8017BF0C9CE664174
:10F1C000B047C47B3048A7B3DBE2D0A24766D67D08
:10F1D0009AC454F522D783BF37FD42F4E92504AA27
:10F1E0009A9858EC94DF381BD41C5B3A5728205669
:10F1F00047106762405C39B9882CA33D4097B175D0
:10F20000258E0D000DAD50B193FDDEADC4068BF51E
:10F2100003A8F535B8287E3C3FD454D761E4AD212E
:10F22000A7AC1E34319A384B0CAF4E89BF04B5578A
:10F23000B46B011A866BF3337BBACA86A583537805
:10F240004FB2C4DFD678D3704CEE296BF73B115226
:10F2500014DF0463CB093D33E6A4D04CBEA5DA51DC
:10F26000B046525E6810BDE016E34A5892E7772C2C
:10F270007AAF45D94F82066EC535E41E4C928FD6C3
:10F2800040E3F4E0B14D8B69782B7C636C9BC259F1
:10F29000B418DB0FE3581919E59FCBE816CF842982
:10F2A0007DCC3C76A4C08FE9C55FF3B435E6CD389C
:10F2B000D3D70E693FBD2ABEAC352CEE57A16745AA
:10F2C00000758D04D391B7F6C4C0ABDD7CAF95E774
:10F2D000468BF16B6C8E2DA46679540D0F5F231352
:10F2E000E23D8B4983C9AEEAAF8E7ACCD375EA0D85
:10F2F0008DE27FCF7D29D3DF9F0FD6580CCFA7D7C4
:10F300000C176A34E60EA65A13993AE0CBF743B4C9
:10F310007A833C6C4D82244CFC063F4971FFE9ED39
:10F3200091542038FFE21595E4725BB83DFF238BC2
:10F33000A563B748A40BCE36D5648370294DB94870
:10F340004850FFBCB1E2FC6DAFE2BA707EC644ED3E
:10F350005C13D1911B40B236AD75998942B7C31287
:10F36000ECBBA92337416F884A3FBE38A5F5D320AF
:10F3700063CFC105D827ED2CC497C1AA78EAD99AE2
:10F380003DF37C2F166A1DAA630592E06C2E95341E
:10F3900011A1FC1CF76C2332F62062657C0E1EC2A4
:10F3A000DDFBB25ABDCFD09E3774B30520E475B3F0
:10F3B000CCF5A7CE9482103E3602F94EC2FEBFE2D3
:10F3C00032FFEFFF344FEFAF538A8F57AEC0105963
:10F3D00024939B04C78863FF379923918384DDF6C8
:10F3E000A5EB31ED8639CA6A94329ADA01C33949FC
:10F3F0000CCADFE7604C0C8E5D0850E16110EEA98D
:10F40000C937A60BEC282281645210EE7FDB62899B
:10F41000A90532C1B6E02EF21D8F60FA823DEA2DB9
:10F42000CEE00ED70812D02FD21298AC9011FF3335
:10F43000B832B0B838879F560357B559ABF641C6B6
:10F44000B86CADFC0DBC419811E6EBCF72682FE4AF
:10F450008EAA4495A02047147591EE8229471EB0CC
:10F46000F024BE904AA0545D679B8737A55830436F
:10F470000CA97F57F771F5FD9B5E3C85302FAD13CE
:10F480000C9A687E115C50EE2DADBBF24D5E5F2F85
:10F490009947294944773A2B8E143D1E1D500DEC97
:10F4A0008F57543AE65973E7F3CCCCF1FE5548B088
:10F4B000230FE1B8877304B9B9428290B8F6F40813
:10F4C000FC1B8D6B64D10E88404877665B855B487A
:10F4D000CC1D34BE2D5B08183A00D46D5CE6B12D0E
:10F4E00078F969BAACB8557D4BAB1708E67DFA6E72
:10F4F000110631D86658C18F4763D89984B325D592
:10F50000FAC262EE8E5D75FDE4F36D3E40882E0812
:10F510003272D67C2B9534F1318438DC0876EF6971
:10F52000527BE3038537E0F1618EF51055F90B60EE
:10F53000169410C2708D0569A0F6B93629E5440FFE
:10F54000DD489409C1F621FA3F7CDF188293EC0371
:10F55000C9C9024F39B76EDA10AEE4F6BF4512449E
:10F56000C2FBA7088286979928213CD3E1FA356B24
:10F57000987E3CBFB3136AD08B3B48144E3D83202A
:10F580009BEE86BC028404D3160999EE5D1236D632
:10F59000EDCEA9030758C56929B4680225F00436E1
:10F5A000E15694D0427D1106AABF796D5A1E007CA7
:10F5B00086B4C6F8AC42BE588D01440CDA88539626
:10F5C000BD512CD7551D7D82F0641BF7DE5DCAABA3
:10F5D0009ED3EB0262ED117477B762032DF17FEDDC
:10F5E000C8CDAF194746DF4AD7405AA91C064EADD1
:10F5F00066B3532FEE695377A9BAC3D34F47E0835D
:10F60000F9EE274A80C6806EA758A5FEECDD410DB5
:10F6100063CE72767CC47156089037B22620AD99BD
:10F620008656E694C7879B0070D0992B0C2BEAEA8C
:10F63000AFE1C60837D7509E4107AB51E54234B918
:10F640004F05FC5D6B1E89E925C80752008F00F647
:10F65000D8322FFD279D3910E5DFBA65F297A71440
:10F66000BAFD8491F22E33B9B4E9D12A678770B01C
:10F6700001F0F782CBB67E9D7CF51BEA7F9588E092
:10F68000FF556F36ACE09C8EB89A0ACB5F2F96D8A8
:10F6900095E208E51A32AD0DDE184D6659B96018CD
:10F6A000F386BC4F99B3530A2191B1E5304B2C1C22
:10F6B0005BD2AD31CA462BB102EB6059543802FF20
:10F6C000F5EFC79D30D6532BDBFC2DCB8FC483C207
:10F6D000AAF449C524BE5A05E1CF33F1005994700C
:10F6E0002F19FBA81DFFA90E92E1F55012161BDE83
:10F6F00057E652D5E53BEE1E0392B28E133668B143
:10F7000040E435CFA28715A67A05A076D1FD9F5794
:10F71000BB5D5C760FB97724B143F3D5F64E2F610C
:10F72000E9CE350B98874196A7626E7A33CA362C9C
:10F730001BCD48FF3E73ADB5637CFAA4461F86CC53
:10F740007C700367B8038E83BC7EAD2E957CC8EFBA
:10F75000C959031435A895714123E21AFDF190C3EC
:10F76000353B6451A190C8906B3EFA91BA5A085D3E
:10F77000D63158D544D66626EC5FFD524FB0086F9F
:10F7800010484C5F3B484A58FF7FF7F2442F916C7A
:10F790002AE8B0F10A1AB2D76F023182F2BDA92766
:10F7A000B33055ABD668289783B2D0A1DEC7E1A8A5
:10F7B000FFD2EDCD0CA2EE57AF2437E107F136D7DB
:10F7C000361D93F031D5D45CC89DF3A1AF9B0340A7
:10F7D000D53426B35EA730011AE602018D78308950
:10F7E000EAF1E103DC540BAFBF9F756BD668265B73
:10F7F000229CE5C192A7D8E9865F95B282161EF8D1
:10F80000874ADB8B6C63B5824538919F9C724E5161
:10F8100050579E87254E10389C7641C1E6122DE246
:10F82000C26B7E4239C638ACA6164A8B02A27C0A4D
:10F83000C30B59BC4026C7984E4B4160A614BE84EA
:10F8400031661AC69C1F407A5E56F747B0B70870FB
:10F85000116C230B7C479C7D3CD3A14CE6AC6141F1
:10F86000A8C4A272E12D188BC29FA0D7DC7A6C913C
:10F87000BF6FFC95C41C3C2D53EE0BD0594E8A8EA5
:10F880003D1640255F04D4723037B58C467D516EED
:10F890000AB7BAA104EA949A7C0DFBC669753F8C3D
:10F8A0009654BC28A1292C16DC05423854B59B354A
:10F8B000E09904C1FE79D96FEAAD450F13660B7567
:10F8C000D7D74EAC2F8F134A9D51BF288BEB0ED547
:10F8D000CDF2358763B4D34CB8A7859ED00030B045
:10F8E00029690A820FE9E5F22E6AD97EE27D985DE8
:10F8F000569CD3334D623BC97139B4AD234B71DB98
:10F900003EE6008F81727248A50A6C10A1803E7D90
:10F9100079A7341B8B7F5A79FE73DD7FE2AC2164BB
:10F9200072082103D94DDCCEB13C98EC987FAC36FF
:10F93000FB797DD9D48CFDC67E191AE23535574541
:10F94000333F87354379449F7AA5084DA1D01DB731
:10F95000BBA7B31CC930C815BE2826870C199CF25A
:10F96000E9B3093176F0F674D40CBA03319244C38A
:10F970000B89EC8002862ECBDA8C48820517406218
:10F98000474B3871143675AE824165484057E0BD2B
:10F9900049BACFA88201AF1C84B75B4CC39706FA63
:10F9A000A266E6AD7E2B23DECE613CF00BBB983425
:10F9B000ED860CF50269FF7C470EF85F6CBABD0B53
:10F9C00075C6372E044745E011907C9C6BBC4DEF0B
:10F9D000AA4D62789713BBA43A3777F366226D116C
:10F9E000C058D44E24634DAABCCE748A0A784E57B0
:10F9F0006611249E44F40D56CB8278353AE7B74C15
:10FA0000C28FF563AFCD5E8BE0929506ACD4365DC8
:10FA1000C7C9055DEB03265DE1D79B9933F7779363
:10FA2000A0D9CB0B6533181707D5BA203C53D22E7B
:10FA300043C5DA390A165BCE2672FB732BAB034340
:10FA400096C6DEC01C7FA6B8C23A5739621A8DB37B
:10FA500027848BA2EF21EE6A6F0314D878ABF5FDF3
:10FA600008FB60B76BCFB60345E1CDE2B402FEAC54
:10FA7000142EB96B7D3FF57AC1EE29E7B7E6DFD3E7
:10FA80007844E931139ED47F12CAB3C21AA89F7A70
:10FA90004EB8E9C70BBD693EA3BA2B33345B914323
:10FAA0000C03139E6DF8E5AD45EC39324EB6821469
:10FAB000C14C08D81DB9B4A2E548E6B60872535A3D
:10FAC00083C78EF7821AB6A0A3E8F11BC44ACE7C86
:10FAD000EF0350FB3DA7A2E2AA73ADD3BBA929C691
:10FAE00017B1B1F9CA3A126864FBD25D732737B710
:10FAF0003BC58A31F5DE54DF0FADC0E2673DE8B9A2
:10FB0000A4A67119B05046236CCF8A597B86B4598C
:10FB10009FC4E48705FEDB141442D5A61ABDD78A1C
:10FB20009DC7D2831C2AE23C5504C6D81885FCDF49
:10FB300096A4FA1C6367DE1BE548FAF3E582C9BCAC
:10FB40000C741896E0DC331174429A67B74B17595E
:10FB5000CE5304B8238F98AEC9860D6225ECDA49DE
:10FB6000CEC29B3347E7D3D961DAA344DF2905101E
:10FB70001779479EF1116E3971EED0256774AD3E4D
:10FB8000D27BAA7D8ADD220767F38234FAEDD05E4C
:10FB90009964D4799692DCF72637A234D936DD0DF4
:10FBA000FEE8A1F9AC02E655AF1F5566746E8EB63D
:10FBB000DA7C6F7728570C006569BD3D8C02EE4FEB
:10FBC00005F39C1406825A929AD84B4EF9E4BAC0B7
:10FBD0004C8A896F31DB8E46E13DF128524E37CB9E
:10FBE000BDEAF02777579D5CA2306661E67A5C4DEE
:10FBF000D5D9304714AF0FACA4DD6F0DFC1F68DC06
:10FC000033EDFD619E7AE0F1B5D5DEF4F4ED87A326
:10FC100040C3A8639A6403BC6103CCBC15A968BA4D
:10FC200051D147520CBBD68F3CDAB852F06F9611C7
:10FC3000819AB16D8C69A608EC27F92940FA62C84F
:10FC40001D222950B519E94D2279645BF406268BF3
:10FC500031D4173498A4A9FB7E622FDD7E3345286A
:10FC60008695E3FC13DE2DA1AE298D481D7D8E5FA8
:10FC700022BD2DBCCE082542DFE0AB5A9FA3915692
:10FC8000469AFC58FA5A3FD817B029006486415A60
:10FC90001CDCF7EE4CF0F29E80118616A46973F618
:10FCA000E38F33419ACD68DAA2F21AFECA50CBDD57
:10FCB0002C06DF5BD979406A5668A30BDD2252C15E
:10FCC000C76B9299C7FC0013C6F04CB6B4A01A06D5
:10FCD0000EFFEF7E729B908457B719852FDE7193CC
:10FCE000B9CFB33B5CAAFF9E5A7A32425EC0771D01
:10FCF0006C77D659377499E447E6070DF66E70C4F1
:10FD0000978CF4281645A2E3A20BFFD6CBC9BE9E62
:10FD10000C88F3F0D55441822AC79DC7A34F69F1DF
:10FD200010F7E37A250F50BDBC89D6CE31985344E5
:10FD3000467E19AD981183F26A1467DD8A112C256D
:10FD4000A21D09D9350CFC5EE9E39F677745742253
:10FD50008E0619A13F68A5F736EBACCDB3F93C5E32
:10FD60007983DAD0B5AE5D3C9455F111CA5FA40039
:10FD7000C1B766799C47435C3C6DE5DDB6D76264EC
:10FD8000EA0F75E2C9A03CF53A2FCA7F985FF2826C
:10FD9000BDD6313A7F6057CD1A8224CFA0583AB5EC
:10FDA00031FB7851CCEE0AA824D21FD9836155A724
:10FDB00071377F0C1A2C9815C48B006BD05313BF6E
:10FDC00006C4131F8399913EA45D6215EDAD88644E
:10FDD000151BCDBCD185999DF9B9E75B63730516F9
:10FDE000DD949A2503AC3B287140235E01045B7FC0
:10FDF000BCB75F81FE7B47E557C3ED4334E07D9997
:10FE0000CADEAAF8540DDDE76EBE6B5DA4B042AA4F
:10FE1000C6A3BA5A605AD933AE848D66586B77B58B
:10FE2000183290C28E628C128395C9C5AB17E81B3D
:10FE30007B6A2383ACEE19BF7D3C590C722BD73CF7
:10FE400090FBDFA357CF10BFD8E3659407A513B786
:10FE500082F1777DBC066E3464001221FA131A8297
:10FE6000768DEAFAC5ECD0B21706A74700F3FB0D72
:10FE700090A5809DCD1AAB7E52547BBF40C697E7BC
:10FE80004AF0619CB35949C2513C661970B662335D
:10FE90004B4547BF803CD608037CDC8E90A0BCEB72
:10FEA00010326C2F1ABB33771F5CDF1803B674381F
:10FEB0005472E64D792B516FB652195C85F7A5D770
:10FEC000B5EDF211159EB0E64FA14566E32388FA21
:10FED000536FA298A9A1046324CD3837DF71A5AE72
:10FEE0008B8B9919B7CF716BEBC42F05EAC413CA7A
:10FEF000370BBE673AA9A1E81DE51DE74B708D3DA4
:10FF0000A1511C7D9E3A5B01548B0476B9B2EAB9CB
:10FF10002F8FA8CD8E0187E366B1079AF1CD666B6E
:10FF2000974EB88D9823223432D27DBDDF9C5FCEB0
:10FF300003E7AA03B4F891EB44301FA6AAAEC65C4F
:10FF4000D83DB4505DF0884B2ECBF4DEF7A007BD52
:10FF5000A3BBD33E191546C86036123692CA9A37EB
:10FF600060D533C2AB10A92EEB9D1DCD96B0F24CDF
:10FF70001E033BE91C71F26B9B66803A3C90C048C3
:10FF800033724B722B3F4ACF2D164913FC06B57DB9
:10FF90000D403DA664344FAFEDDCD7FDCFB7203D1B
:10FFA000A7AD522E43EC4141A281AE8BAFDA829BCA
:10FFB0001F8F647DF9CA416F56D506D5DCD415D99B
:10FFC00042B1B7A027A13FF38520CEE01036EB1752
:10FFD000E939581E8CBA00F2918506CA67A0F95417
:10FFE000C53666257C9CF6C5CF33C7ACB66DFF44DD
:10FFF0006D23830F651346D7422BAB0DFE5A9D0828
:02000002F0000C
:10000000DB4A0FB045E18B08BB43EA4D91A2B558DE
:10001000E86DCAEA9ABF65F5999B195F935CCF03B7
:10002000A7062A9AC2BD042C3EAB31F0264DAB0F79
:100030004A4A200A80E8B4B3E2DD4B72B2325A9EDB
:10004000ED29CC0B360A5211E8B09DCCB579A576D6
:10005000C935AFC95A041912E9E59E8334E9DCEFCA
:100060006C3CF5F28ACFD7EB319D8FAF84C08A4DBF
:100070007A5172C809EFF2343A66FD215693061C94
:10008000C96AB92FD1D8690781A6D29231688F3950
:10009000EB98FF422CC9CF1F40A0F526808C80939F
:1000A00088E94D81493A9D5D63611ED5287A709B30
:1000B0005543827EB8B816AEFBF43D97BB6C0297F1
:1000C000131E3130EBB39806BEF83CC6805CB3D942
:1000D00062934AED30B6DFB2293B7C8AD005158C9D
:1000E0007F1C87865F206FD8B71DC3D0E50875EEEB
:1000F00047F049425C913751D61338B34310887C9E
:1001000095BDF85EDF090C1F9BE04CBEB8DB9F6518
:10011000E13A85F1B73D278D09F5EAB8C206F62622
:10012000253752E7DF6D397637F78B4E88D925F9B9
:10013000EDB389C3825C425B7F6A3EB7D2E1733321
:10014000C7AA80AF67789209556F29C3526B39638C
:100150002990D69A49BB3A242EFD5039A9D7790265
:10016000E19B46BF559F9A2472C663003E5A92F3A4
:1001700027F5FF77BD8DA1C7E531E125E02B17FA03
:100180000A55E3C2B025922B4C0C973DE7A0F677B9
:100190004C1400012ED78104413E99C69E748E8670
:1001A000220361C0CDD40DA8579EBE534E65E432E4
:1001B000E0E6346ADB45BFED45732F3CC9DE4009FC
:1001C000D87AF98C2895EC69EED81AD0B2D8200CE0
:1001D000DEAE645628368184C1E6D74040B8C99D5A
:1001E000D81DEA95F429127EE2FC342E403D92445B
:1001F000768D349C378F1BC27B8523582BE738B70D
:100200002CA1AD3DB3B9D361E7DB36805D8547AD49
:100210005C70622F9AE6DBEAC31B8C0DE90134C4E3
:100220008185F85C9318AE75D2206F6662EE7B8B89
:1002300091096B98F6DE333782901D12AAAF104CED
:10024000A8366F3BDF46AA5D2A2C5C87ADF07B7831
:10025000E64F898549576512796F656D28CBEF9315
:10026000505BA7F4E732AAEE47D67A20C0A41FABB2
:1002700057195BFB7DEB2830F5864FEA2836CF1DFA
:10028000749360271D4BAE7EA32A2C3A33FD333F77
:10029000D18101976E245660D6B2475A6C964EE3D0
:1002A000454D612CCECAE2E01E43DF24DA3C36D253
:1002B000689144F0BFE70A36C70920D57A4580B671
:1002C0001D62015E43123CEE0D8F839F1C7334BE92
:1002D000827629F15A31AC75C2D924B4CDE106A594
:1002E0002CDD7C872C59E42409F1A9E84D876EF4B4
:1002F00058A8F986A9F73641B3D1B75F55AF7B1D32
:100300008D0F32AE55AF1B8BB69D6F73A455DA546B
:10031000209020CBE2F4AAEEDD2DD0EE987B724740
:100320005A000719107FB6EAFE3D36479CB6BBACB3
:10033000D1CCAE181778EC0B2A7F3125084A54131C
:100340003D29BAF8B10124574F8F8A21847B4D385B
:10035000FD380826DAF5ECC490CB39AD1E23FBCF6F
:1003600091B34325275D30D3121840CAF3A5DDC9E8
:100370001D973B9B7831ACB951B5F86B176001E81C
:10038000D60F42436216D726BC775819E114D944D8
:100390008F9923F7118B1D15A64403996F1D3A4DB4
:1003A0005CB1661810E956EEF055DF051FF4268A99
:1003B000F7DC9753F9DD8C4E63214D226ED82B4A22
:1003C00030AB45A5A1D47BEFC0A9A3A1EF09775914
:1003D000DB4C5653DDF7D761BEFE3379B0336D97F2
:1003E000ABBBA4CBB62F05765EF633255223ABD23A
:1003F000FFD870221EEDB3D47319ED714A65B68B28
:100400008AAEB8B7A56BA4B0449C416A6FCA28B144
:10041000651BD392B73191CA5592C63B01E2B791A1
:10042000C458AC3299C591BE05A910D23F6A7C2F41
:10043000B60377BD0B7ABCF5F3A178BB2490BA4123
:10044000139ADBC9BF2EC8EC8CB27322D34C34088C
:10045000C360C4F86C38E02FCB066AE98C55F119FB
:100460006E4D1F0CFFC6BC9CA652E28C3422613A32
:100470006C112C653708E18783BAD0DE4849D35B1D
:1004800077838712D51465D4E3697D9267B157727B
:100490008FDB79BA50792B2CAC3D89758C61340D8A
:1004A00097FD2B992937DB582FC6F856C0B78964BA
:1004B0007648092E5B8030FC4F3D752C107A078002
:1004C000505D8ED56B1430A014FBFDFDB05F4ABEAD
:1004D0004EAEB56E39021FAC80C60309E9B036BA1C
:1004E0007792E3F4606800CDC41C19349934921DEE
:1004F0009736ADBD6A7127195409643B243DB35B3F
:10050000A79355C9A423E474D06348647D4A0306C5
:10051000E273D3D17212CC9347BA5877FEA322DF8D
:10052000A121D34D8C2D97FAF07861659FF1E2BD42
:100530002BF7587D80D09F2C4E9386B7626C8F5AD4
:100540008B8AA468BDB064019C5CCEA95E2DE001DD
:100550001214B3B8B150573765F515ED5B5F667986
:10056000B0BC96FBC9EA66BD5F7E9070A105FCED4C
:100570008E6669DFF3F95BC5A012B72DDCD20A0FD6
:10058000B47D1CCA0823DAF68EF2FFA8473395859E
:10059000F41F42B85F11DA49E9181F3AD84A047CBF
:1005A0007EC8F146046EEEFACF30461FEB6745E099
:1005B000C55AF3F4C23F1F3101E42FCD1CAEC8E48D
:1005C0007EA42D924F0898F022483CA16B1BDCB909
:1005D0002E2AE04E7CEE10DD40C2411EE42C9DE34D
:1005E000448BF51E6B07FA0C78AA645EFC55FA6220
:1005F0004D0990E926FD3DC50AD5E7A3D32263B690
:10060000CA426DD4D2A218C8288036A2C28C92C029
:10061000FA118CA53E2E5FFFBD1EF61B8453BDA0B4
:1006200045943ADAEDB2E58EF845E23848305E7727
:10063000E4A53EAAA049714A66D088D51F0E43DCC6
:10064000846F78BFDB0BDA57B81E3665090A476638
:10065000F77D9E5B7083DE0BE8D28AD648D5D9A49D
:1006600040AC015DFD19F1709787A1C4910ACEB528
:1006700044904FCBD9E4B7899F3D11171F5C1932C5
:10068000BF3650CA050C5E9B13D2DC2EE1D4295E26
:100690002E4E81F9A6D474D62F27B5DB3100D1B503
:1006A000735D0E15306020DD791580C09CE59D8559
:1006B0004C5C05700B18075CC764EF97FC725267BF
:1006C000DEEE83476A3CF1A8AF6022298715E72355
:1006D000A881D1CECA78A248862E8DAEFD4F23C503
:1006E0001170E3969009F7843E050B5A16CA31AB98
:1006F0009F9172198C7A5FC82E69F7942CD0A5FB54
:1007000090AEDBDAFAD55369FCF91DA2D26F5E9286
:1007100063110DDC30DCAF030FD2C94687E3DEB8CE
:10072000A504E58EB532EE8AB4672F0DF454A356B6
:100730005DCD4BD61441B414002C98F02C6BEA51CB
:10074000377ECB232CA112795FC8847912F86FCD44
:10075000FB7E5D7C25FA46D423EC7C6B087FA4E607
:10076000B8241CF383B2A41DB7CD3357DBA8945E25
:10077000A28A1BEB0EA9DA233F8FC3265053B3A5E1
:10078000DE767FF2A062CB33D518F936A04CE14D6E
:1007900012B528A48DC38ACACDA5F3B900A2C67626
:1007A0005C6C0992B9BB4635B77C12263AC596896E
:1007B00071F79E947208A731DC8FA69FD79083BDF6
:1007C00084161D3DDC24518B392C7B0AC0F894B271
:1007D000BF9E7D45EC0FAAB799FC9A3B800B351262
:1007E000B6ED70660AA4B1710EBC68824DABA2D79B
:1007F0009C4AAA1699CC072A86E4422E97FC9D5D56
:1008000093E91077FB607819769B8064C26BEDE307
:1008100081DABAE0EF412900A6D7F0B6879DDD095D
:1008200059625BFD33673D76372F9A3BD93C61EFC8
:1008300078162E6DE451AF442A42A4A186B7E95B35
:10084000B6391DDC1C7A4DF9DC241441A3A362C423
:1008500011C0564B0737DB49F0F0A3577B6EB4034A
:100860002DEE1FC23B1C6D90B25FF14CBDED34D834
:100870004FA2D86F8810EC9AE43AD3CBA41DE6D3EC
:10088000E47F9D50B9899953CC6E00156962E0A14F
:10089000EC79CDB98F86F32797CEFDCD13043BF7C6
:1008A0008B5F584C4F366868087AB3F3FD34288E56
:1008B00084BA3D64202FA57D132E197A8C1D595BB7
:1008C00067FFE5754583FF52B976DF3691B866AEAE
:1008D00033EA448A341D6BB56DC77794DC0FB1667B
:1008E000104E4E08926258839D9D6514D6F62B9E3D
:1008F000D4298E45F796E4FFB5C8F6EAC0689D078F
:10090000486B4AB867FE82DC57D5143972AEC45EB4
:10091000E4DD106ED33BB76A3E2C2449515CF037BE
:10092000939804FE23E2F3579FD968B24976F4BC4A
:10093000C3ED06A6F2DAF4AD416F5B319DA9725B9F
:10094000E8A5B1E00FD75BD43069A3E0A215262457
:10095000319A2FB8D47B2E32BCE24EB7CCBB7D246B
:10096000BE16E316525246D7C34E8B637911FCC2B2
:1009700084E9EA025CCA90474A103A7D85E64A69F2
:100980003285E06DFF941D17387B0DDFFE1386C4A2
:10099000A61D53A046CC4BCFCA4C50E15E12355534
:1009A00024E606E47EB005F43603BF4386894D6332
:1009B000DCC63329745A7432D923C4886F54B1DF2A
:1009C0004E58C19EEAFCFAD010CEC2BC031D37B609
:1009D000E5B44EF63B1A46B9656682390FD0A0DD04
:1009E000E51EEC74237CEB618ED189CC04043CFCC5
:1009F000FC272B37E697A3F5F8598D5BE5AECAA720
:100A000090408234F7671C6A22272393B5AD79D8CA
:100A100075ED72C1A75D1C447A73CDD2F4639A233D
:100A2000FF8C0F165A52F5DE48612380582BAB74A9
:100A3000CE2A77C7B7D126CB1423EF78335FF2469F
:100A4000DFA915570FD12FF7213B283C99C03D3224
:100A500021FA5B7F97E79314D75453F71A04C9CB55
:100A600083ACC61290F1B31E68B8C6F008E3AC625E
:100A7000E242B0309F0D3B7AF96DA57AD1AC05FE0C
:100A800050D321AA94EA20692CEBDF2FFA2BFB8BA1
:100A90002905EF2B2432AF8F6431A7A9954BF303BF
:100AA000355760AC8F791429A713A5DA494F312641
:100AB00094B044876A30199ED203C8E9632235ABEB
:100AC000840056887322F70B390FC3E3344698B974
:100AD000D47D97221DA64E1B174420DB58715C70F5
:100AE00036952579A484BA53CED02381E0F9164CEB
:100AF0007A0102186BE061D0A21BBB2D0A1D8BB5D9
:100B0000DDC0A05219C6A49FCCB9C45311CA632832
:100B1000FE37A316211FF5E5C70201F05274F16EEE
:100B20004CA7993AB575CBCC89A79220DC59C8154A
:100B3000C2B055F33A43EC6EFB0DFACE261E89384F
:100B40004E736D7E8193324FA4048C0CC5E6126205
:100B50002086C53ADE2E750848A45F49CC7E6FE931
:100B600084D99B77EC182A04EAE4F5D641C52FAC6A
:100B7000649D782FB8EF8307C48CD3DCF0E24D542A
:100B80001244B340DD9C204CD7D93FC87B9F6B04F7
:100B900016C62B7FAF0A72458941FAEA150539A8B6
:100BA0002EEBBA582E3105A1F0BA64008290D8DD40
:100BB000615D4AB4D0CC8A41211DBFB0659811C790
:100BC00010BF803062EDA474A46A36D41331CB54C4
:100BD0002D3DB930917AE03780F76016995A2CBCD8
:100BE000144C764925D0FBAF8BD426004E6C0D52A9
:100BF0008808E1B53359E518D4DDAE2AEE30672612
:100C0000C404B05ECA44C44AD9ECD2E5EEACEFD518
:100C1000B8A4607343B83B43A663CE747C93C558B5
:100C2000FC13D0ECC4C7714F81F4E634E175A31313
:100C300027E17A6CAF7D58E2F958A1310B79E82DA4
:100C4000E786E1BE26183FAD9FABB663B1C9EA07A0
:100C5000CFECBEE56C6CEC080D868B49D3A22D9BC6
:100C60001D4FF983BD90073A881BAB82A679A84E29
:100C7000A8662C0E743C50993C000F55BC39FFCB34
:100C800009409B50ADFD7F7215F2FD924B7F08AC81
:100C9000066CD53A844B7E6F8E2DA33771F6F7E93B
:100CA00014B0061A6BF244A50E55C452EBA33EE9EC
:100CB0008B6A253E2AF41B03C0844A9B0081B7C47B
:100CC0006DE8E71ABDD861BD438E0EBB1FEDF05134
:100CD00051B7C2355F57AC8C2A69E4B5CAA27C3DD6
:100CE00001D8AEB2CA66A0ECCDA4FC4B0658FAF30C
:100CF000A1EDDEB388014E6D7DA039B7E64442FA1E
:100D000093345D854D1A0ACFA46C343A53A719D099
:100D10005C206F639E59652A7336290BA08FE537D7
:100D2000D07FDA0AD8DA0FFD18F206FC50E538BC9D
:100D3000F9980BD66A9545FB8C4C041CD3B130371F
:100D4000EE1FB66B0FA2A8782C633D50E7DE9055DE
:100D50005EB4A10C6CF4BE9E54513DF0F7DEE2C3CC
:100D6000C2891A6CA65008232AFB3A1E35D4EACF52
:100D7000DE2CC3ED9CFC5AA2207269C64180EB09AF
:100D800097A11C2219745AA0173C95CBDFA9E2A8A1
:100D9000B5D68D33720AF33B46E4AE3E518B3DC16E
:100DA00054943DD7DF51CB9DA6FDF1AF5F38DD9D5B
:100DB0007F29613317450954238D29861CCC0CE803
:100DC0001B2B236EE747349AE064B7561F729D14BD
:100DD000A975B8FD360469356673273CF557C17EA1
:100DE00071AF898AEFF489DF5F526112ED0031CE75
:100DF000FF6D6B8DE3B5B0161742B8C9CF2C85C80F
:100E000096D045CFB6EFBAD7ABFBC4A5B2849B2230
:100E1000902B67F4ACCD2B9F3A05AF9BEBE8167790
:100E2000EDBA3EEB3459C8178D55E460EB32BBE8A0
:100E3000BCF05076F60377CC1826E01B65EB38AA99
:100E40006A98DF6A8B2FE743476DFFDBB6B8894CA2
:100E50006107C46AEC9792CF7C76AB452CD43CE515
:100E6000ABE97B0F704A602161C77F62AAFC9A459B
:100E700018AA18DFD4CA39B118EE3BCB08D990763E
:100E80007062D6F3345F0F75C54726D793CF8DA414
:100E900052A5016C60CFECA22A53ACC014CE8C2DAD
:100EA0003711E99D8352E95731F579CDF7530EC6D5
:100EB000D42B45922EA7BE09AFB67A7715D4E34A54
:100EC00070E0D545753F962FC57F33B192C95796CF
:100ED000F37BBFCAF59E1D689E5DC634E275CEFCED
:100EE000E65AEFA848DA8B2C3E2EBDE572BA308860
:100EF000EFFC8D2352EA95606A24E844C49F6F2C6E
:100F00007A823EC12BDBC6CEC3C5C84622765CB70B
:100F10009ED90C101D9CD84CC51DF3FF2F951EE3C8
:100F2000450BDCEB06E5F5B8847D532F54F1C0BBCF
:100F300092430178C1EA018EC2E928A3DE481C91E0
:100F4000055DF5972E56EF9AD5D40FC00ACFE2EA89
:100F50000A46A16D32980A509A9C2898BE02D2CABD
:100F600071A41922A157FEA3F34732C00D360C9F7E
:100F7000B8AE137E81C12DADE517E1593DAE9C3071
:100F80000EE75131A8B82F24AC9C30FD03EF9CFD37
:100F9000AA33747425BD7974DA59D3140D7F05749E
:100FA000E25731106A4C1530F6100FD37EF3EE9FE6
:100FB000A838223A2BB58E7FD394204C51E0A12142
:100FC000613E6BF9680BDC1A611D54B6987F763070
:100FD000245EF6AF40B31E845505DF74F31D43A4B1
:100FE000223AC5455751FC9C6F175756C0B8D2439B
:100FF00006511504065FA41C9220EB001BBD10CB0C
:10100000C962C099871BFFFDD4A4310811867FF403
:10101000EF8E09802B5C5C70DA62D8D20D868A4E26
:1010200020B0B5AAA8EE9F1A6DB600DA7F62332F02
:10103000EA71176EAFA83BCAC243D4CE64D1DF4D6C
:10104000B487B0BF3BB11DC20F529F5A6F0D3CAF6A
:10105000308F528B74780FCD11318C692CDA65008A
:10106000601C1C969D22D75AAB10EA8598C4388C18
:101070006061105B7F5FC780413C2CDD6BC65019FF
:101080001BF30C081F3AB6FE4EE1AF7BF36097AF3F
:101090003EBCE16DCA0BB1CF4088376908DCA0A522
:1010A0007A9C8FCD2ADA52E33D9E03E709859B8621
:1010B000DFC97DC2DC2ED5DD48D5C2865EDE79056E
:1010C000A53BB624F3DA1ECECE3D5CC81BEC2E89C0
:1010D0009743C8E829762826B58E72C0CB8291FC4A
:1010E00029CF00BFF3DE14A10B6FBFA87D11D57906
:1010F0004E31B21C7B47307E5B5B8D46B4BC55D90C
:10110000AC4D4E62E339E725D3BD0AD7188D854E25
:10111000AEF9DC8D9E00642C122C0994992A6995F5
:101120002812EB6220E482B3487A1B1C6C79D1C888
:1011300014A3F7415A0CE78A6B2D490CA47978AEB9
:10114000E5FDBA975D7AAAA333AF2667BE02084AC7
:10115000DA0AFD25E6E657A34F303CA03A4CAB092E
:101160007438E6A94D4EE15F6EBB797D36586081DB
:10117000FB83F910D0FEAA01C815995D25793D0BB6
:101180002C0876783C2D90F4850B9B936A32F06E98
:10119000A8307BB0788C2C22B74852BB00AD821FA0
:1011A0005222ED853A0CE767E71CA3D4C6E6266019
:1011B0002D8CB73E155DF33854D9AED91D27B62412
:1011C0002AD1980CBC979A9B0E2933FC4D550E3EA4
:1011D00010699F078ED372B79F7BF19029C340A5FA
:1011E000502E97CD287640F2888FBF9305CED242FD
:1011F0001F201B372C2BE04BC18B370D9A80CA3A2E
:1012000057162C67B6EC81528148D7C6C7F4FAFB53
:101210002C617DB6ABA80B1225BEEA3761EC4A0003
:101220005F7FD322067C4049F12D18F00D3029173D
:10123000357EE78A12CFAB267135494E5A690A4589
:10124000732DA6051B48364BA8584B7A855998E252
:101250006B6D0E957268DC8E257F61D72ADA04EA01
:10126000887CB43CC012FAE4B7EB7C639F1197E230
:1012700002DECEC8377475F324C2C066C8116E8A08
:10128000F243C8792AA656126F4353B66B9AA890B8
:10129000734499F5BF68976082B1FF3FD9BD9A4CFE
:1012A0005D12C8667E65BD5AC8AF3534A4405B0F79
:1012B000E8DB5CFDB969D50CB69CAD1D9E9710E4CA
:1012C00069BAF1AAD539F314789C383FEFB5409547
:1012D000D8617F73FBE6885CEADB871F88B815E777
:1012E000A51A79186BAB9D46ACA7C264513BEBF0D5
:1012F000DC7A1FC51DC3B7863E9F0DA714D16CBFF6
:10130000C04C19EABFDA18201791FA4FC06C469DFD
:101310002D980DF12F678183B82A37E0B3637826C3
:101320009C861C1797FCDEB51D7D99AB2A9BBF01DF
:1013300092DA79DCE4EFC31C72FEC4FC24BBE81A29
:10134000FF3FC515B00ACC255A3115EE3C76BD19C4
:101350007796C55E16ADB95AD90FAE2E632F4DB232
:1013600019B97CF33EAA0DC387CA060BEA90E39233
:1013700092A551C7F5F8BFEFA7D5FBEBD803EA1349
:1013800079E1F43723E641B1B4BCE756E9E64FA270
:1013900074CF8819DA3ABF07D2DACD60519D72292D
:1013A0005929A8731137932551060A221E235B1869
:1013B000E8B05DDC81AED0D731EA8613BFC60054F9
:1013C000DC344FA206F275CE2EA72AA5D06876F49B
:1013D000BE95D20E8E8D65E12B7A40C7FC04B69E79
:1013E000DC0CDE2B1CA016D4AC454989CED3566943
:1013F0006ED0E1C6ACCEAFE42CADD15D8C0C415EBD
:101400007D515F57BBE2150A6A9FA384AC7D8CE2D5
:10141000C924EF5E76E928BB0C4C6932BAAFEF5FA6
:10142000BC42BA459AC45E3512251C1136E8D3D7A2
:1014300058769CC2A166346CA918088907B82C910B
:10144000F3B883EC7BD864BA326691C14FEEEA5DA3
:10145000367354B11326624A4010FAD51D19C03FA5
:10146000C8B961EE53CA597438FC18CCCC9DC9BEBA
:1014700001F7D842BE59D99EB2254AAC733D03D775
:1014800051BFAD2A9DBB3C45DE1C71E1D8D916D4B5
:10149000810E6F3E789BDB8B2CDFE6B29B91365939
:1014A0004E0FA0A0CF478CEB229F4BFC97C291D64A
:1014B0006B948324EB71059D03B93606C3DEF901F5
:1014C0005FD79F01876566FEA1C45DFED9D9700410
:1014D000E274A202B6E4802A7048B2E912BCBCC52C
:1014E00097FA880E3D503BA50B714D977BFEA3D11B
:1014F000429ED664CB7266662465C80E0594BC73A2
:1015000096BCB3C6C17D82F4ACF6A4FAADF54CEC42
:101510008A46077876627B8CCF728AF82B0A02C3E0
:101520002D3E75FE8D2319B16F0884C71FE87A1808
:1015300045FAD3CF897922950507733EF4B120503F
:10154000C4C7761504CA9E6017894FB8B2AB2DC7C1
:10155000D1F264F85C635BC39D074653F843EF5ECA
:10156000E56B37ABED3AB52244F0E8E99DE2B10A0C
:10157000E5A61F33E24C77354169FBD1E6C8E62288
:10158000176844CDCD775921413A7D8E0590870764
:1015900085A5CAB631BDC4A31C1EF0F9138E1E0664
:1015A000AFD583FA9E7BA22F5D544C90F1615E34DF
:1015B0003C1B4BAD42F3D93317FB62D6388B3A9ABA
:1015C000F30695F6B2FD5F0B351BBFD46249DE13FF
:1015D000169F4B8990A237CA1FA19DA314E025B482
:1015E00098E1AB87B1C585BA80E47392CAD0F1099E
:1015F000AE6E6A6043CDA5C83AB6C6C92F1E9EAE70
:101600006DDEA652A39427607F78AAB2BAF974312E
:10161000DBFC62EDDDCE30775FF9729BAE913AF084
:1016200037EC4C67918B655D5A973B6B44BB2268E6
:10163000EFD4C854F8530897246B5FE1BB5702609E
:10164000C649E84DC7E702486CAB202129BC2036CB
:10165000DB05B718CEFC1D5AF7B2CE85CBDD7B2556
:1016600018E124DCEB1EF0F56CEAF4BEF83C4E7891
:101670009D77F155B50C79656823F0BE2B75F3ABFA
:10168000EC093CC734F87595EAC087B21FBDAE5669
:101690004B149FDD5BE6D37997268FA184CEA61AE3
:1016A000DA4C7962B0DAC9C3D287EDC51BBB19D653
:1016B0006A8DD05A996C9F219C674C30BD244EDEB8
:1016C0000B8B9C5208DFCF84904AC4A25EBF589710
:1016D0008AD088C1D3D3EF4A564B4D4CE18E5E3150
:1016E000D33ABC23A7CCF9A89B178665EA19BFD3C8
:1016F000B4B872B10291B3792041D37AE9F3915130
:1017000035D27BBCB91ADC4F861222F7BAC382E607
:101710003A9847ADDED310A8491DD596EDD935F8D6
:10172000F11370E221DB0C1C2379A6ECA6F6ADC602
:10173000542C09A5ED4B97C15E0109F92B2DAE6321
:10174000FB5BEF5B396A417DDCE6FBEC8D570164A6
:1017500070C5877279B9C8C1A6A4AF2E982FAA8583
:10176000FEF0D6D5BEB1A89240D338B9539C1AFF2B
:10177000F46FEF79D937FB2059D3CF35977EA07E10
:10178000A51EE7B9BDC8F9DB5B1DCABBA9E164A012
:101790000C37E4E736A32ED33E128B3E5BB0A15E3E
:1017A00003AA855936173E523A57868D22655883CB
:1017B000F5CC7B812F046F36412E67D0D351304852
:1017C0004ED726DF6A732C93A500DF09BE85490F2B
:1017D000EBD17A43EC045F3FC2D43171BD35F335B0
:1017E0006839C77EC1512747ED434446603C1C1908
:1017F000E0D304DE41B66B4678E26186BF3F7308F2
:101800007E4A318DEBC373F98A6300A3C50BB50C17
:101810001B13DFA77A1F6A8A08467826D4DA8E9DC2
:1018200029D62F96F2D52945F85E0D29842528184A
:101830001CD8C54C800B0CA7FA7CBE0C3450751F0D
:10184000F8C3239A14B49830BD2C8EAF04350CE243
:10185000E9CD304B87712A4585D3225685362FBB7B
:1018600008FFB306B2B438785012F3DB850D829AC4
:10187000049079E98936C0D26A278CD579B77ABACB
:101880002629394A98356C8BFAD395A8CE004FE9B2
:10189000A1EF293759315397CEBC99E9F62C62AAAA
:1018A000B05A1EA77E085C3A965C827DB630D8425C
:1018B0003C83454F67D2536F2917C401CC55B86795
:1018C000AC1C8520D51A84DD4E1F6D1F823182919C
:1018D0000B546434EAA73B83A19EC1977DCF0ED100
:1018E000D90CD109631F84DB507F09E73E557B8506
:1018F000962EBBBF8FBE3F7D780BC644161CBDD154
:10190000D02A5DAD6EA2FB4BDE3ACBF8296B9984F1
:10191000337084989E385E5AB7F687C2E185904C42
:10192000D43FFD6B1D6FDA7C00798A7CBF3EAAF53F
:1019300029B802CAAD0F4699C607F76E9755E0550C
:10194000E704A6177FCC67201475D37F49AEEC1748
:10195000C8AA3A87F5C500A3F85E8538809935ABEB
:1019600035DB0701A1C9F6AF25FBFC3C1F49D87E3A
:10197000256F4C03DAA32C727D6630FEBD4C8307C5
:10198000B7C6143B317A313BF12C3963E6D91E8D51
:1019900009334B3B18EEDC7CC74DD41D55D137A520
:1019A0004339870541F3152461ECF61DACBE3EF4C6
:1019B000E7836068529FA79B1AF7B55E632EEF8C92
:1019C000B87F597C8A5D7A2E15F06FBBE3D1475EF4
:1019D000FEE146196C8046B379171FA856109DD7B3
:1019E000052F7E46630F2F1EF93646D0142209D6E6
:1019F0005E3FDE9C076535A0FC725A4A9550C1A631
:101A00000294C6B02C7A40D64C91DA860C1D66E35F
:101A1000456EC7E6F29FF5592DA1C2F91E3CCC7F59
:101A20005265E164FDAF93A63C1FEE6FFF13714753
:101A3000AC4D8B2859B917A39C2259930F8F3BCFDC
:101A4000DA24C9DAB18BC4C2D103A7C6183951A1AF
:101A5000D74E3CDBD77B18FB81894B13BB96CD401F
:101A60004E617BD7B9415FF31C3B2D6EDD2C9F98F7
:101A70009B36EF8EFB76FD1814FE237945B0B189B5
:101A8000B3B811CD835FBFA436B318703D23B8A996
:101A900047FAF586BEB060497BD41B9A1A0E016DD9
:101AA0009617403B7BABE74E1574D3BCEFA19D630B
:101AB000FFEC8288701E50643EAAAFC97033213A91
:101AC0008472AA50C1DC8B3E544B84C43859C11770
:101AD000EA147D4938922B0139FA3C088C388F552D
:101AE000DFDCB3E1D533324E654FD5DE5240952B66
:101AF0000306388A8582AC8E19A57A1A980976B6BB
:101B0000E39E57CC3BC0C25D17420F153C4684CACA
:101B100096AFEAFFE2B074D53BF6BAE123F2BBCE52
:101B2000226A32FDB5C58A53249AA151077735D26E
:101B3000DA97C1D0A24950DF8450750FCAF55061C1
:101B40007BF3501F252F40137FC1B0C132DE42010D
:101B5000546BD95ED9A1B3325A4B686E8F570A24A1
:101B60006F1A8F13474A8EB937988E6CE190B75F22
:101B700072D2A56F5F9FE3650A2BC728F73BD4F3AA
:101B8000DB663C3AD31EC29C318554078DAA038E76
:101B90005CFB83EA8E7F9ED3DB2A386EDA4B1F17FD
:101BA000FE01C6D53C194D599B79818BBB96F25FDE
:101BB000C8BFDC234BFA45620D24577E3BCD17711D
:101BC000AC4626D351BCC28016D31C20FD630EE860
:101BD000FAA422403A610F292D3E21D07C973B0682
:101BE000ABFB8781973538D56174EDD9B2F5804B61
:101BF0002D0CF7E779D8D617805C8CE59A5D5F1FCE
:101C0000B365F9B5DA51691F4030EF4D06529C8536
:101C100024C1ECC81645A52654E8B83A4860F71622
:101C2000DB0D6572157BAC821E2B25EB9A859438F3
:101C3000E53B24F5B6AF94012FD01521FA0BC11C5A
:101C400084BF39E94561876860A438E63FD29FD0F8
:101C50004CC9D85A8EC6842E8D74DD99513913E83B
:101C6000616BF4986F429F2C11AE5A25790ED7A262
:101C70004963D5C5B1E1FF99C1008B4C77793EF539
:101C80003EA6CD6692F48B22D89B2BB4A158C98076
:101C90004286798E65B58201B07194B58CBDBCDA8F
:101CA0004923286E215582DD70AF64589A001CC507
:101CB00013C131D233B88760B8800AE582DD51A6FE
:101CC00049A31516F5F6B85B214A795FE632F8A309
:101CD00013C4D4D5CF3FE51B7271F8CF98F7C3106A
:101CE000808CA1769E0EA2F383395F8CBF0D834654
:101CF000ADF958B4856D52DA7BEBD574881790CD69
:101D00005F46DB27B6FA8857FE84E69E679E827D93
:101D10003090162869B4816931D20355CF85AE352C
:101D2000B641990066557AD4E211379BEC611927C8
:101D3000F95F4CFEC7C42CB855E0130B5BCDE60A27
:101D4000100F1760AD5060AA364F873D9300950E77
:101D50002CA5D84A9476243F11AFC5806C2D21B8AC
:101D60007594E2A2765C58D10A60B9DA0B5FA7A13C
:101D70001BCF08BEF93E38B1697B782CB942F30C11
:101D8000AF2B92AAA393D9492971BA2D022C099A93
:101D900004127064B2A2C509F61A972048A0ADC516
:101DA000ED02DB5C38FF9A1B7F59B615944A5C5CE8
:101DB000435CE246BDBD916FCD5DD25BB61C53590D
:101DC000ED53DB9F32AA164EE59D90A5305F0822A9
:101DD0005DAF782090DFAD447FD5BB625D28260FD4
:101DE00073E4002D9BAE11AE6622E1C5FE71F1F5E4
:101DF0002EDAFD41EEDD69CB499C0008531FE3D884
:101E000093CB40817CCE72513F4D859489A9F7C414
:101E1000D3706D0054703355529539FA48165BF5FE
:101E20006A021B3D2865FB188F287B4EFDE9BD63C8
:101E3000A8FF88E7E9DE3C8AF8FBFF30363C5CFD12
:101E4000468A75FB75CAFE9D84D173C87E5D15C434
:101E5000F41D5F37F040AF17F131AB4F0A5688D40D
:101E60000A3EFA655CFA09C044C827AF995CA33AF8
:101E70008CDEB887E5338FB26BFDC871B715D63AE3
:101E80001C1B13D722B76EC38576658B9BF60ADBC6
:101E90002B3ED945C44D1EADF6C26A5E20A8B48A59
:101EA00099ECFA09AE3201CF76BBDBD5B91B3A8388
:101EB0001FE28845B2D83131CF14809177013A12B0
:101EC0007E8E2800CB7A015965E5881F1C3E6D087F
:101ED0009CD25DE69A83F82CEFE97A94DDD45F31E9
:101EE00026060FFA38AEACDE5DF38124139CA20106
:101EF0006B447441FEB8613608C08FA102B208A5D8
:101F0000A7636D857345EF308F434330369AA40B3A
:101F10000A7AE7F86AAFCD34925C5E426DAE3E3C21
:101F2000B17CB9DA8C0A76A578EBED3FFFE9837FC7
:101F30005888478A867886EF2E90590BFF834AF996
:101F4000330B354C6E02FB346F9F1EDCC9C99B28D6
:101F5000D6708FF1CC0D8B3061D5346D9E22CA0CBA
:101F600001FED2E3F0A98534F2D2B56BDB6D87DBDD
:101F700055BC890E609BA355BFFBEF82C595344CC1
:101F800061A7E0BC022C818D30BBD3C26FCED708D5
:101F9000DA7472D6C0234DB2C032B86125256E21E5
:101FA0004B38EB492A0F2FFD2AE04B807014FCE0E0
:101FB0001585D10136960D1C8D8A1108365D7DDBA5
:101FC00094B02B53313151F52FC17EED29DE43F012
:101FD0006271E0FD4FF397DF0F6B66FA71F9AC4960
:101FE000D964414C4A20814128EE067FBAE2519DD6
:101FF00021D7D636338EE6A14A926DFBC58CF48488
:10200000BC76B72630FBE200B3825268B2C66829BC
:102010000B5797CD8470F06113B6D9A1D699E0FA29
:10202000A3DA2939649CDC2902C39B41A560850C95
:10203000E68870233A8F9EF7279171031F6FA12DB9
:10204000042E78C2A73432D15115BB0655279D5CAA
:10205000BD249E4C2A276F25E6531FDD9113BD5AE0
:10206000F9B22F2BA5D6C1A16A7361EE36C0C03577
:10207000A91A6937685E933C1D15FEB78D82BEEFC5
:10208000BACC61491FFB70FCFA01F93ED5F619EA9A
:102090009619A52B2A50D5E2F25741200CB1835B4B
:1020A0001089DF39485B2048B7D0F7717E98758575
:1020B0005A46EE26D0B6EBC74432C5C72D5468B693
:1020C00000808A4BAEEF1B6882865274106EE6A8C1
:1020D000F0C5110FA2A61572F7471557AA7DEEFBA2
:1020E00006A5868B65DAF59DF49487DB0136CD066F
:1020F00078DD32741FEF654E4238D3632AA9CF8A48
:1021000092F0D78C47C2E4D5CCFBE6F138F593606A
:10211000E70EBD6A30FF027E2F030CDCA80E24DB25
:102120005D01E5D5DA83F6F51260A77501DD0326BA
:10213000511EF0106D0DBB816FC3A265F12C56F3DB
:102140000FC619357E7ACBC98DCF43B76E64C84BA5
:102150006B7F75FA8B42AC5270A994575FE50CB453
:1021600042F8E19A18CE59E183E91B79F98A93F391
:10217000FA06D2A27A2340C4900323B44EAE4A0E8C
:10218000D879551552FC184B6C2F65C0A3CD69E862
:1021900029824AEC75ECB2BE0E194FA667662B2E4B
:1021A000F0342D20039AD1778E5577671512A4F35A
:1021B000D98796CC1042E7616ED2EBD7CFB988BAF7
:1021C000E1F458C6C86308DE37D6A9DE587FEC7341
:1021D00014C592893A3F2BD8825923542A208C72F5
:1021E00030B9DF2F1365F738E49ED381B641FEA2E4
:1021F0006BB99F545E38EDEA3D2B2B6F4D7F117C00
:1022000047D83847A2CBA44EA7F7FD1C96F7369BBC
:10221000AE943748EA56887B2651FFF5546B5CFB39
:102220003E80E3B55201C67F2D2640849165A24DC4
:10223000260C9C13E1FF4AE70D4675AC728DF3C581
:1022400013F2F0A6F1F10B8D974FF71CBB4F857A77
:1022500024AFC84B293BA4791B7E9305BDE16FE8F1
:1022600034DD99B19822F2AA4DBC358B4B9BA0006E
:10227000001BED880B66E6AEE9D4DAA769BBCA8A13
:10228000A0D7BBCA4C6B84558E4541F09D3E42CFD2
:102290003CF74316FCD7C6DD2B9B9F14AEA5BFC3EE
:1022A000EC4F6F5BA2351BDFC5F4A9300C97F6BC71
:1022B000570F6C37B6226C8903AECCD5B73F78DDAB
:1022C0007B42B615FD6CAA4122A994792E74DE36A4
:1022D000AE3300B14A0FBF6D90C84BFDF979DFDD19
:1022E0000B267193657325891F4BF3A86C2F7A77A2
:1022F00097DB4A28024B4B9805276D55225F9EDDE0
:1023000084EC3FDAB537FD27C8F508E438AB412C3B
:10231000E42427BAF0D2A89626A45A6B29CDFDACA6
:10232000B9A06ED7BF3EF54765F649CA7CE76BE2B8
:10233000BDC9D87DEF6CEAF22F6C2CC264ACBFA390
:1023400079A665F569FC7002C671DDF8FDEF9AEDBE
:102350001B05F3872B3A7AEBAAF0B9F545FAC8B713
:1023600009EB1CF266D473CCC6DA750DF501BABA66
:10237000443716241BAF98DC3D34524AE842EA1E2B
:10238000B2D766C4EFFE893B36209676780B9BA9C0
:102390006A47B8DDA1B00A7F2C97517C9249C6C02C
:1023A000E59C6827BA0DCEB31799699D0F4D306033
:1023B000CA546519455639500C99D385A0219AFF06
:1023C00029FFDD6A7B80EBF9E3FE4EE396E42FE024
:1023D000963AA7C4B5062D86334DB0776817B1DBA2
:1023E000B6BC0125912D0515E637E36D853C74C01B
:1023F000A48CC3E0656A8B71C1875D74FEFC688E36
:1024000072A31A449DF3A011CF035D260CF3334F42
:102410002E207F1A9F65C7DD7BAFAB4635B40AAA75
:102420007FB493810BE61B595CC75596DF3518F7CF
:10243000387AFAF3383CB7FE436CB261F9332D6752
:10244000F6238F078FED84800030E623C8051B0834
:10245000E85A6DD782B1966C6007EC3BAA8850852C
:10246000C31888E527EC83D81566E5B26EBDCBDCD2
:10247000E76026C1FB590168EFCB4AADF72F481D35
:102480003C98503461EE01ACC04D80EE1BDC712CE9
:10249000E278C6F9811247B8AC977D5D84A35A4BA8
:1024A000CCA1C19C098FF9D8273939191709834064
:1024B00035C9BEA86604C33AC886B86F53F3B4A83A
:1024C0001177A5F59A5D62D7F286CEB68CB9F1FB8D
:1024D000D6EA671A5754F8AFDC64449065CA6F5D5A
:1024E000C23A8179DB84523EF4F8A281C3CF8A00DC
:1024F0008FF3ACD8397C00320AC591D941000492DF
:102500004A513A9129E4AE0C0C7BDCD4AFCA0C7C66
:1025100065E0D5F29D3BCE01DE49FBB704770B4366
:10252000D9C59D0A8006492933F334901B157E07CF
:10253000CCA0ACEBFEADC803E341EBE6CE4E055FAD
:102540008E09DE68B9BEF706BDF162C0EDFD65F823
:10255000E9ACF503021782D335D98E9D712D59450B
:102560009D57D10B494CD58F163A96327235B29899
:10257000DC70B37D772B9E3482869E07D7E4832759
:10258000E08799D9AF24D5590A11BC1150F981C8F7
:1025900030D9A2D4412C8547DBE7C8E1174B3682FE
:1025A000B293CF4A635097D4592D1DC5B91ED68B0F
:1025B0000D998F59CF38ED637ADB9F2C9CEFDC9619
:1025C000EF6CB1319004CFF050B23D4DBC734E0B67
:1025D0002F193C973907D62C101CD75687D10FB12D
:1025E0004C092167189C30414C4D5BBE2C94432C08
:1025F000CAFC26D947B9B6903775C9439CBD80E25D
:102600007F6703BBB05758F890FA4CCC3281BD5766
:102610003C4CEFAE7DB97256570BFF8EFBBA19EEEC
:10262000B81081D06FC2649448D40F3183A75F443F
:10263000DED0590AB36E25D312FE36E53FCF1FE137
:1026400083A2B4FFF2A03CA43CB60ACACAEBFCE1E8
:10265000007AD0996E49E45C6A84985C2B41CA4642
:10266000283203C1838068807B5D4D3F7C82836F0D
:102670003762CC5D63AE5660944C0F37F2C92FB20F
:10268000162745D570DC545E64766F5D7375AD8139
:10269000B37205680BBF4C6C1C15A08EF0916D9346
:1026A00098331275DD720621C3A1C58EAEC8E10D47
:1026B0009CC0BCED90CC646A6F447608041F393E20
:1026C000937FA470C07DBC978F38F5B7C9950B4E2A
:1026D0009F0E54AE54D521BEB295FA1960F65382BE
:1026E0002E84053E86A79A6822E49B9F537392A08E
:1026F0002BEB26E6D1ABC762FCD43FBA75281B177B
:10270000A5D496D93DE55BDFB7A13C77FB3F4759A0
:10271000FC421F5A530FD6CD15A0B0FAFBE16082E0
:102720009BAE7BE57ECFFA5F4ACE7E243242A83C48
:102730004709D72CAE905CA741F6CF51B91BAFB477
:10274000B14A694016A396E181364AB876126858B4
:1027500060DD1CAECBBF2EE37117BA0B66DAA7C7DC
:102760004F3687EC5354E0CCC3DFE2E17F42853142
:10277000739742E80B3788F412E8D888CFE8C8F29C
:10278000E428D19048350F60097F8CBF94E7AA12E6
:10279000960E07C99A36E2577C832A4F5292EC95DF
:1027A000E61E3631FF2CB3123D8AFC78B3270BF2BC
:1027B000FD06F2DE0101C9362A04BC088142E52388
:1027C000D62D5B4240C95D9956B58AA65B39F26E3B
:1027D000A31A1DBF44925DED398FF25950F781085D
:1027E000283BF8C57B987FED6C96A991413D80BC54
:1027F000A99C662097C53AF7F43382D8EC6DD9B519
:102800005636612BAC585CFF04093954C8E9C4360C
:10281000D5AC85F700C203FF78DE0BB396247AF4BB
:102820003E41A729F0810C271EC766C3CF55443A05
:10283000493A9A0038E334804C6B3D599E52261C2D
:1028400072C11D34101DC7FB9E20CD005FE63737D7
:10285000E55E1A70E502B7C5C8B5030F76BF0C2355
:10286000202982632992882853C09A022E979E5C61
:10287000D0D1A84E96118A33C42D7893E8B95E5210
:1028800093506317921879C85EB12AE7B5B1BCA618
:102890000669606B87DA877E66DABCF90D97E07EA1
:1028A00098FB0F777B71ABD79FEDEA3F6B7F9C2145
:1028B000DBBBCDFA208526ABF87DD600B5F0D8A3DA
:1028C0009D0B34D0AA771E5F596988F1F3A012E6F8
:1028D00048A1416FB8B405134DB3E9F894B3C5B539
:1028E000DB0FF1E64CF9867426A509BE5A5DE4A01B
:1028F000430325BB4CA59BCC7E67998D23B6948E54
:1029000013A0EFC8F6ECCDF517AEBEF9E43999097E
:1029100023D0E47D6CA9B5E4965A461B38EB920CA3
:1029200019DAD543EF5EF1AD6EE6C400C66B6360A5
:102930002FFCAE3DCB316DD2BABCCE677F6B1DB7DD
:102940000369DFE948B505E57C11864576C76DF674
:1029500030F97B4F5BDB2C9119433DF2CBAFB86C68
:102960005A18DB787A8E79BB2D334097AC693D6E6F
:102970003C6CFE09083C0C4F63BCB61DA6CB9D23E6
:10298000F7FE90812EDE104D805FF54D896A658CD3
:102990003A63D5AF6F68EF70B21EBA990386590CCF
:1029A0002EDBF1E1C036D25A60395312D0AFD39E3C
:1029B00047A25978128858A0D788AAFEC997BD4D5A
:1029C00045904A7815F31124BF59FBBEDF6E93B1D1
:1029D0006C2B6C6C0760434411F3EAF62CDDA7AC5A
:1029E000B729D3A71347D8A8F5EE1A5EF700291325
:1029F000D470B229A13BC48AAFB99C435AE76BD6C5
:102A0000393FEA7E9E43AA9E4E663B4956AD2B97C0
:102A1000DC6D530F847CA05C224DA775B56CCF563E
:102A20004B6AE245E876F5885729E64B0ECA8EE2F6
:102A3000E5005DE20D070990AFF8E3121756C3D425
:102A40006A5EB07C4DBCA4EB9030DAB8EC8F290DF7
:102A5000786E6FD126C9FE0A41E1F90629193B8833
:102A6000B775F7219F88B7CC2C467AE27A6C047A46
:102A70009C4872AAF4691FFD13127E35F4601BEEA8
:102A80003FF3E2C35D5CEA1E43DCD84C0210F95D03
:102A9000F6C780AFD75DA6DEE356B0CC35C05E5238
:102AA000188E70CB0F4FC052DD00B0D2EDE37888A6
:102AB000513A5CCDC8C6BE7FA37F7F85484656315C
:102AC000B8F8D45B041894D52F57B66B95CA6871C3
:102AD0007DECF7361A4C00C7196036A8212547C38C
:102AE00092982544CE07171F2E6E70AFB36A3D79BA
:102AF00049C2E02799C7D9B2EC958A425B9F2CF571
:102B000097B48A6D41361485E27F0F970951651C91
:102B100069B0BB5EBE4A5CAF1B3399E27D8048A7BB
:102B2000A669B8446107896801604C2F50085AC9EA
:102B3000D9A74C559D8FB02C712A29327896CD9DFE
:102B4000320FFED4FD46FB03028DBF50F329C7C9E7
:102B500015FC01884BC42DD63D41E276B046425863
:102B6000FFDF76BDDBBC9B4A3D0127F16556519ED8
:102B70008BC5F2859995262973DDC756746C8658E6
:102B80004323B984B9CB7EF3C98728FA0017F26DC5
:102B90004CCD062D1F7E60339E38F6E31DD8DC85B4
:102BA000F220DA0E0953E6CE846099045924456672
:102BB0003BD824F10BBA3DB79F26D2C080D3254F16
:102BC00075AA0654373F15B8354903DEF27BC500B8
:102BD00054E9A82DDB5B9542E71AF2E5628D2D25BD
:102BE000A503CC253E8865374322013C1A01EE6AD5
:102BF000EE3466A6FA159755858A3C2994339F8F43
:102C00003FD9441BE5910D28A8C71866BA0DBF220D
:102C1000936E02EDD1FA9BA3E752B97DC8EC661D15
:102C20008BC6C0497F6A8B262DBD9465EE04C02FEC
:102C3000ED324DD081532FC6395CAD9EAE49B9827D
:102C4000C2CADFFD3C59FB66D26BE3D3AAC238FF90
:102C50007899DCB7D335F3AD739B37ECDCD2EDFD5F
:102C60009BE8A5D23160D86FEC9F5AEE01F8EAEFED
:102C70007DCA83E1A8A05E7766DB612B16B8BF47EB
:102C800014A1EAEACF9D1F8D8B04EC8C0988CBA59B
:102C900048D9BD06C8336DC06193261ACDF2C3B1C1
:102CA000842B01DD21E91971432B86D66842A008E7
:102CB000C4BF63F5E5CAA0B1DC2E027C6A25D10849
:102CC000E203C8756D0A8BDB8FDC09B12210D5BD1C
:102CD0004F99871CE3B3CE8938D5B3168BD067EAFA
:102CE00017FD6B75A8AE35271E3D2FF2679BA80F09
:102CF0009D75F7BF6CF8FF82DB67021B530AA0A823
:102D0000BEC40C3816A870D3108BF7B1AEB48CB516
:102D10000CFF33149FC9F056C943A4A2D846D3135D
:102D20009A08EA3672FD95C8A69998A221845A7726
:102D3000E98E836135CE5A95B12BA8B21BF3B64507
:102D4000F60C9E09EEDA3157AF46A80CB45E07E0E8
:102D5000DA901F4074574AA1D48D57709059356B43
:102D60006965CD5DBA2283569AF450F89C26BE2A36
:102D7000FEEDAECE98B639C78F91D7DCA2B32F9DAA
:102D8000B70C0E0B950D79BD0041547A636C7FBE74
:102D90006245197A1467B1D41562D27A839B6CE2CA
:102DA00081B38DA442135ACB371ED637DFA7AB862B
:102DB000D4AA0BDE8A12FB44B503824D6AC3685A5B
:102DC00047CAEAC0385225166FEC888430A16D9945
:102DD000C93A783E024DDFD5780BD475FE5D4E7151
:102DE0007AE601FA1ECD3016586F5C145185C01575
:102DF000675F0D2A5F2C768C55FDF23C0AC9AF2324
:102E0000F3306FAF5F7B23210D328FDCB240FD14B6
:102E1000854946E08A254DB26B737FC4FFE31EDE11
:102E2000FB00C26C9DA4E0E7C2B78FBDC18D55C940
:102E3000B1F9C7D5792BC81BC69496CD1377096F06
:102E4000A2B366B109151F11DF4A9724DE22F09262
:102E5000FFAA0B5579BF6B39705BBC7E2E190944F4
:102E600081CAD905655BF275FC0B110EEE6BE1AF03
:102E7000CD4D02508F67707868DDB089CCAFC51F2B
:102E8000672F17C85F4AC6D4EE92BC50A0A56F84C6
:102E90003E6D6358363DBADD26888E7B64D48290C1
:102EA000050F62817032E9BD92F42780F5FEDE39AC
:102EB0009947ADA58BEC300A103A284CFCF793D912
:102EC000DC8D1B6DFCB9A017B4CA54B4C5B9E83485
:102ED0001B70C17A99214489869ACE8AB8F06EA572
:102EE0000C6DE4B8BBF281F682DF18FB35770D93E9
:102EF000C72312182C8E92CFC3FAE6F4F9DE312ADA
:102F0000CAA8575A3A612B5DB9D98323E09A8F8CAE
:102F100061C352428F70DE2280405B009A9D4D89D2
:102F2000C4AC82A7D0096BD8C3FB816893D9BA34EB
:102F30001F71E050C1ECDC5EBAED6EBC444FEFDFB8
:102F4000A3B3A9BF9E547A145DEC7D2F21C9D27C16
:102F500009869D415C8B522AEC2E688C347B129A38
:102F600015D9E0A41847ACE480367B67985C006410
:102F700038AB9A1D50388A4286507C2B11F80AA42F
:102F800025D19ED697A31891302702F8DE75899532
:102F9000AE2989C787149970F58C484BFABE2F1358
:102FA000E7F3D4B6E24080C2ABC7076387EB8B2060
:102FB000625AE1DE42A1B78989DFA93FBE7DF3B144
:102FC000DB52565A7E0CC929DD9A297B55B8B34885
:102FD0005FACFCFA463F77DF092D38BE35F6A35CBF
:102FE000DB9B3D344E21EA25F9C04D59573F1F8BDD
:102FF00033546DACB767015603118F2AD023D182A9
:10300000957D1763E7B51731819FF063872B3F1FCD
:10301000E7AF2A6A4EF0A59BECECB5A217FFCAB049
:103020000B22DDB01DF8F736B87290B7C64FA54930
:103030006CCC549A032E30C1FEC7AE57999FC7A2DD
:10304000CA3C53CE3B6C7E82C54AC0409A3015E7DD
:10305000F0B0F9E2689BEAF6167D817CCF01F64676
:10306000C53F94E6240C342087F0665C65DE781A50
:103070004C65DA8702525E89F5F22438957AF304BA
:103080009E57B7E27346ABCF65E1A692EBADE4CDB8
:103090003D4ED16D3BC03CEDD4C46558C1E9210F14
:1030A0001EDA79B8C5FCF4225D049318994EF6D364
:1030B00033DA63651F593BDF45C600C31FCBA4FC51
:1030C00001EE26BBBDB9DE5633AB70B94286AFFA0E
:1030D000882950EA25DA258876692A8CE7433DD786
:1030E000934AB4451F9ECBCDC7DA7FF4E8D1E0DF29
:1030F000BC9DC772A52FF8AA0A97CAA391CA082A2D
:103100007EAF0122B38F7CD471EF4F71AE9C5C73A4
:10311000A41A8A969A7B70D2621A161982D06FA06E
:103120004DE0A652C527804B468BAF7DB4ADADEFC9
:10313000C65EEA9EB5387B8C9021CBB1CAAD8D734B
:10314000A5FCBF22920965ACA5B0630D07B26F6CF8
:10315000B6D90B1DD29B9E372F3615136AEF000D83
:103160000A9291808178FFDCCDFD7C3F289DA142B1
:103170001B0668D01493ED6AD604B9418E3F3382A2
:1031800006E14CDB8C2C496260410F95C319204C41
:10319000040508FD4151BA2F5604ADEB1FDA358204
:1031A00074736BA5423081AE02F67DAE446F784BEE
:1031B00060B627B9671286E35130A6E28153C4CFC7
:1031C0009729C99E2B6C24B761883ECC0F5835A433
:1031D0004AF7201F55221C345E004E26928215802D
:1031E0000E1EC08D0013051D352559C2A6695D64EC
:1031F0004C66D4083FB29679971DDDE0B76E36E194
:103200000F980938E96B230AEB0573364FA1D43DBB
:10321000880696E5BF6938BF99E1368147F93812CB
:103220008086698397559428C605E1D15D189D1461
:10323000D9C0F99CB9AB4575427EFFD48273E3C611
:10324000E17A22E5D84191DEF9BCFAC77FC4BC839C
:1032500080E1C62993CF9D2A9679A684A405F621FC
:10326000D9460B6BC7C022C93567CEB23D737D6AA4
:103270002D9BE067B76DBE7C1457F5D36389D506E7
:103280004691AE8FDA4082BDE95E13BE30401968C8
:10329000CE2820064E52C7D58C4FFD0B5C6CB089F2
:1032A0002C7BF3E36788EE3503998E4962A5C5311F
:1032B000073F3DA42C8CE25D17D59B7F8F3D309F4F
:1032C0004467A9618B358DC12BE087BE5C677DD4D7
:1032D000BE26B329191424E17A8EEADBB61D1AD46E
:1032E000A0C5A3B92AAD799519AACE0DB249287106
:1032F0002236C959E72E2F09F2387EFF9B282F2549
:10330000771C1414ADCA8B712F2547FA3A0A3D5722
:1033100086E7DE62AC2DD6D603346588086D135A75
:1033200029540D45815DAAAF8272B6CDFB8F061779
:10333000133CDE7DF6C20DEE077543F3852170B2B6
:103340003B3E59E05277684301FF2EAC6C8EB7E9E3
:10335000108E8DF92DED56590F7446B779DFF7ECC5
:10336000A4A6F95EFAE3DB2E192A7FCD726DFC6903
:103370003080E8D75D5822F43FAC87A7467CA33D58
:1033800024CE969A67AE48BEEE337912744FD0675A
:10339000A966AB8D754766071BCF566515DB7FD4D5
:1033A000647015A91A7AE8ED5DE834AC402EA6A544
:1033B000D10A4A2C407897388E93722C5C9E6E8985
:1033C00060CAC529549BEFF71EDCAF6A7B136F9868
:1033D000E0C9681F3BFF346F8E8F1C6629E303BB77
:1033E000BCCD375F31544DA25F8491247478E7B42B
:1033F0005C7B8370F2B57271B98919C7B790D7AA8F
:1034000022A1E8A5FB122898D1C554550EC8A8F0F2
:1034100039D0C50038D6A15A858E871CF1260841BF
:103420000DFD91B7915FD5EC42A9E31E8545EAD425
:10343000CF73C80DCD3E338C571ED9219495AE4124
:103440000DB277B45C87BBDD8AAA01C3E27E29791D
:103450001A7692866C84130616ACD75979C83782CF
:10346000F82955CF0C0704406C68DDC19C227629F1
:10347000026F3118AF23AB403044F451073B1C4678
:10348000198467437AE784828C68300746BCEBBFB7
:1034900055F2AE52A11547001872A97BB6BB605118
:1034A00084EB0999121F063B3A8319715EE01CD325
:1034B00028229509871BB438E9B90AF8077480B344
:1034C000526E6A3C11A090327925A0D0F88B5AB781
:1034D000C6096448B58AC1EB046DDA7BBFFD626C36
:1034E00048985EB92B9623558DD8961C19397E9C29
:1034F000E7B5E7F18F6B3EBDC1B189BCAAAD778559
:103500007B245BD04A9AF956BCEF809B8566D51721
:10351000A49FB4A4E20664B6A10F668F4242FCA247
:10352000DAF9B2A01E333090098141C0165CA68042
:103530004E5AB1392D518CEDE49253127D5275F2F1
:103540006B695132EA8375E781598CF1F418196A75
:10355000F9B13B72A6A68E9C55D8D769796CE66FF7
:10356000C7EB517721ED2A25FC1DBA4ACA820C45CA
:10357000B0E6935C0AA2874D0A50148D2B9C543EF2
:1035800099840A27B1B8E4389886CEAE5234076AD7
:10359000976FCFE71CD1341F2C529EDF67D1A37ADF
:1035A0003F92F061217576AE10CEF1B820EE7C78B6
:1035B00041C8C482FAA144608786EA464CEA526058
:1035C000F77EC89BDA2D7AA7E39E7A7122039CC806
:1035D000182216FB835DBFF13BB76606DCAE95E4AF
:1035E000B560F2020B1932140C82E62EDFB3001D17
:1035F0009F14FB3395BC55A4DA1DCE52A2FE683E43
:10360000DECE84DD03929A994728B45E328EF7DCD1
:1036100027BFE1C11E8F319C2C2BEBDAE7AAE1A674
:10362000E812701F9B2D9CF1BF23788142B7C9BE61
:103630002C10AE776D7BD5748172B8E19F4D7324E9
:103640005B5DA57A346A7ECEEFD8271D36BFC3DC1A
:103650008792DEBE7F299991B39F8F1FF60EB72CFC
:10366000FA8B6055A83A377D9D503A6038CCB26AE3
:10367000FEEC41D9844A8A0BB140B24F0A9D9CDCD2
:103680005037B66E1C393181DA0D8E0856E1B0D54F
:10369000E1992F010DBA734D9CB72DB7E26718223F
:1036A00036CB430777E82259B89F8D35066A232326
:1036B0004D8D68DABA94BDA5A7769E3DC828D06E18
:1036C000F285D97FE77BB7282EBA707AB6AF2CCABD
:1036D0007CDD74F4089C3B189892B48373247FA318
:1036E000CD20D3015B59C138FB4BBA31438B5C13FE
:1036F000C37245CD6A52CB620A8B6B1F4E75D244A2
:1037000073C7E6FAB5F11BFF419ED983D1BC2E6F7A
:103710000225C530A21690B5BE61189D0AEC55F47D
:10372000A30146FAB7463688D9812E03372FD00732
:10373000FA19E64806ACB5CD657B21DE886497763C
:10374000C2F652CFB3744B831B998D6019AC182A03
:10375000AB1E5D1A424619CF7900975E24A721A2BD
:103760006B4F5CB95B056F266039D772354F058C9E
:1037700091E9B14E9D53E164CB21D35F8E5F8F22DF
:1037800096ACB79FAD396125AE9EC52E42DE644131
:103790004F926403F943E9D2CBD531AE4AB60D73EB
:1037A000597DFF2C7219462AF0F60206397C2394C3
:1037B00015E989AFF9932FB3BF13E180177B5874D4
:1037C000638856FDAEDBDF4A8B4911D717C754F12A
:1037D0006E96A15EB3404E90FE97DA4337FE64C109
:1037E000DF4E0E7C233DEB4A91EF21705D70392452
:1037F00033D8ED697453DA45A1BEA58036E14C0A91
:103800009855267032A2B28E94960184FD334FEC07
:103810005201EE79036B304EB6DB6E6D5B4C3EFAB7
:10382000346E900BC8E8BDBD487BF25E0221F8EF14
:10383000999726F283BC073E0512496E378AB2F18A
:10384000DBABD20DAC097AB967B48B713DA6CA4F18
:10385000B4C539A1D01083B67F264BD6F8A3ADA846
:10386000B0A0BB6047BAC3DBC5F557910518AD8E54
:10387000363D7A35EB01C6B83A299C50205FF0F806
:1038800027E9A1947602B76526A671B0521C4CD0E8
:10389000B6BCE30DAE0FD3A61BB93D9697A0E86466
:1038A000C5A459B754C5D674096E2C444D4881C17E
:1038B0001C8B2BF3A0D355B374DF455498813E87FE
:1038C00057AD359F06514A0B4CD9D625269AFDC0D7
:1038D0004241EF072859DFC38FA7B393F4B6A2B6CE
:1038E0003A4135F1653C2C9FF9CF0A22191096B761
:1038F000F8954768B3CF9AA417FEBE00FC32C509FD
:1039000081804DE33B84433A1EB6FCE2EDEB7D2122
:103910000F238FF9F1FD4F0635B5ECBB1803DFAF70
:103920008B306FEA12D51CEBB12BD927D8727C8370
:10393000CFDDD9ABC4ECE017D988E639643F8A9271
:103940008F3248D10480B87ABE846FE552E7217A7D
:10395000A035F19449925305F1A8B1E0C5BF1628EE
:103960000B605BAE325CF56F7538C773F24FA732F0
:10397000FD5138D0A6624140B74B069D26748E019A
:10398000DA0B75ACA68F86CB9C68CF015260CBADAD
:1039900060B1F16594E3E2833DA8BFF34405A62836
:1039A000CC0C8132D251EB352F4E5E40403A4DB3B4
:1039B0008A59BE31FF2FDD211EECDB10A89409CC03
:1039C00028326CFACBC1FF8A8455B6D8CD1E52D7A7
:1039D000FBB57900F98649EDEA64DFD392C1EB4982
:1039E0005F11DD89A289015E14BCFDEB6043CE0846
:1039F000209116DF5A4027F13591D44FAD827036B1
:103A000056DAD2830BDFEAF2ACAEBEFAD2D3EED4F2
:103A1000B2861A887D74016B94C05831DAA0513592
:103A2000CC956695E1B687BE9A88F7CD1A51D8181D
:103A3000BC3595FEAD1E68223391B6F5EE4C172DC0
:103A40004AF9D803264E543504035D39F99D4AE4FA
:103A5000F55C2F76A3AB77B9DA9913BD5EB2E2B607
:103A60001E06F2058B5009472303AC1307361AAA2A
:103A7000DD0DA33F429D9EE9FC70ABCADB6D27596B
:103A8000A8B442A3050554F062367AD0138314AA71
:103A90000FD6197761681B5A7712A03E62A40D28D1
:103AA0009BCF461F427950B5E75C37415602A4FDD3
:103AB000EEEE57F137B679A200730291997AA6D249
:103AC000FBCFB367404239215A327AA16EEB54449E
:103AD00056E5ED06050EB0AC08D994BE314501613E
:103AE000DE9FF403BB9973E5DD412DD9890349A01D
:103AF000C3E67F6F73016516B8E8751ABA5343B011
:103B000036EA13982AE320256463E054E4C9327549
:103B1000CCD932B23416D0126116BFAF58B61C5C85
:103B20006CF0BC066891776B01818B6F84DDB51FEB
:103B30007350C95FFAC766F952C63D909ED2012DF7
:103B400092898D6849E8520AD823B82E7AA7548200
:103B50000A51A6015DF26ECA3039C657BABFEE7F70
:103B6000EFC2C977BD3316F1EC911158C141321340
:103B70006D89F46353732BC68C9C2303D895522F05
:103B800063578901971161755CABC8B75D495CE506
:103B900078A16B715CC015C572C64983E7C64AE857
:103BA00002C744FAB90751BC9F4D74026F2D86734A
:103BB0002124D832CEBE2BEAFE2EB1BE54E0D7521D
:103BC000E29E96F2CF536BFC561DE029199460FCDF
:103BD000D96E7D0E9422AFEB0A35DF62114F348B24
:103BE000FDFB33F72EA1DCD2B1BEACB934D9041F32
:103BF000F568D5E7278081A4157B144FEE07BADF5F
:103C0000A775B05F1BFA139B911691E980D339DB3E
:103C10006BFE35F07147ABD57AF5910B650D1CF550
:103C20003E8EC164C77CE8E99026DEDD46DD656B2B
:103C30008A0FAB0A05C0BC11DA964164039CB0CD73
:103C4000FE7A4BD119C357FF571B4AE1372BA834D3
:103C5000C6B73A776C0A797D5B50C00F30EDE83417
:103C6000622D9D1B849AFB0AABF8634D749323F875
:103C7000FAA991159B186292A89BE5ABAB3A999172
:103C8000879B639D92CF7653954E087FAB72044518
:103C90001AB7D2550A79DB30EB53A8176DFF2B0DFD
:103CA00041AB4FA63752A58666433696A78EAD2404
:103CB000B50DC63AF381E443E6859ED3FEC5597936
:103CC000E871522649604D25407412895DBC519EB1
:103CD000DB97419FA578CA9A074F24D9DEBB96A1EE
:103CE000CDD390B7D24A8C59AAAEC410F385D90D62
:103CF0003AC5E1EEE80981F0827597BC441FBA121B
:103D0000715E3FA2C1E525114BE9E7B98D2D7BB866
:103D100089A6FE0A8BB400D7751BAABC13BF837F8C
:103D2000FD8134210AF423C097478826E9158A2BA0
:103D30006E1D5577E120BEB33C81D829716A1F4AB8
:103D4000A3E1A7BF76CD77A05B7B36CF578A89DE0C
:103D500064E41915E756B763343269D98BA1B42DE1
:103D60000409EA8987EF96EDA1EFCF01C9018069C7
:103D7000207FF12FCF3196D9958283D99379890508
:103D80003F49FAD1B0887F9156DFEDEDFE642219EC
:103D9000EBA35188EE0A5CF4B872E8E710EACD2292
:103DA000708A8DCE5A0BD763A8EC02E18C8E2BF073
:103DB00085E8E5712DBFEC5212B1FB9E35149917C1
:103DC000B77FF8D2B103B7AD4770FEB7FC45156BAE
:103DD0009F3F5D15E082D276735BBD20A5F98E8989
:103DE00017E68D20B4295C089BE785B4BDD21B9EE5
:103DF000075010245734AB0381143C2A4B7A0D52E0
:103E0000D392031F227F679497AEBD43A04E1B3B06
:103E1000F276FFEFDC7914D6F95D5978A4FDC9C6B6
:103E2000C159390795C220A678A1382F8B46F95A77
:103E3000DD904CE01254A2EFF909F413A9C7642CE9
:103E4000A039CA3BD1618248E5CE39CD058E97674E
:103E50000CC192F9247EEA150007C52D21776DCF9C
:103E60002E945C65EE385107767FDA7CCFE09CC2F9
:103E7000C973AB26C88C01BBB817944B47A9ECC7D4
:103E8000201F18579E6F6CCC8420E1E91659271625
:103E9000AC8C097C70644AA9CF1A615A621747D466
:103EA000545DCC357EFF35EC463D26BDF14545657C
:103EB000D8936D7F2205CE66208894E3D7AB8ADC49
:103EC000AF424EC21F3B7D831A4E40EA08AD8613B7
:103ED00016FF50E87F10D4CCA6250D1DCC38927566
:103EE000B7A37B841DF90DBB4287DDA93D85EAA2FE
:103EF000A58A4DBD5807B65E17A0EF7B5000ED2296
:103F0000F87C53028EEC88C15C1BE839021818C09B
:103F10009DD3225D3783DC9442C15C964E94355428
:103F2000B45EE64AF6C5B2A378969EE12F6C3AA03D
:103F30000217575D0FC04430864EB111D54C9EBB61
:103F4000B202D5320AB3A70B52302E699CA5EC46BB
:103F500080E1BFC2A3294E133DC50F74826136D8DC
:103F600063B9F3E68A1E36CD9BE57EA4F188BDC316
:103F700022DE8780E2534C68620917D93143B42AA4
:103F80004854D4D044D49C02138095B03BAEF74043
:103F90007314E6AE156CC773B30C8895B4CA91B1AF
:103FA0009EF124288309036E0D8FFAECED9B566673
:103FB000C44BE7AB87F8A9CBD973354351053E2BEA
:103FC0006DDB6F73CF76C0678C2D9D5FD4BC32C71D
:103FD00055C9C7A0576E80C5F3B251F99DEF0BFCD0
:103FE00060C1BFF02E9B9EB64C1AD58F61BC8083FA
:103FF0009CE5AE17F7EB5F63791A4D21B32DA9BA93
:10400000B123DC107F70195E4D19D923F49003E9B8
:10401000AF91AA026E15867DB1B45A556A01B1EC12
:10402000012DA30318767FACC5DDF8581FB1B5F696
:10403000C0E48953436F63EA2503C5DE7F238E8482
:1040400089E7EC0262BA144F3A519AA84565143BCD
:10405000A13939B4EF67D9514F16015274C0D24E0D
:10406000B0F14E36852339C8B0797448362631D040
:10407000946A90F8076537D9A6186D8C8DF9138E60
:104080004315BDECD7D695B06FE97767059CFCEC7E
:1040900080B223E645FB5D8B6E9874D66DE4E1EB50
:1040A000072B0B86799276207729232B43FD12A2CA
:1040B00057E2BDFAB92AB39F07B986FE305521D51C
:1040C000A8BDD1BEF99A2DD71DD068617721FD79A1
:1040D0003DA28CB8683ABA00B4DDC74058D2BB38AC
:1040E0004B944CAAF06056E8A92402C8B806913750
:1040F0008FE4F93C1E593EBE3139DE39146CE14D76
:104100005D78C5E5BA7F71A71EAA685C4F94964F8B
:10411000850925DD3716FAECC4E76EBD79491860CC
:1041200028F0B0F8B5125ABAF47D877D0CBFC6D915
:10413000A1F5A27E96827424CAC66EE4662968B38D
:1041400041AA0EA76970D3E54D5FCBF268CCFC297C
:10415000FED877327427213BE686FA52C2493DAB3E
:10416000A87425E4AC51D0CB6AEF88EF888E99C64D
:10417000B0F2BB0FCF7DCA1EECC7E0E720C66C2AA9
:1041800081F3F9CB8AC1A187163F55B09973667543
:10419000EAB09ADB1B4B1F0997E3CB7DACE42AD135
:1041A00043E30EEB4FF6A05BC45D35D97FBD06E45B
:1041B00075669155252F62576E9EC2B0148E5DB9FB
:1041C0008F9DBDFEF5DA98861B323DAF15AACD74E2
:1041D00002B97A2E557818BA9EA19F2E9DFDF3E064
:1041E000887B25146E5346C0F063A5CDA6C18B0015
:1041F00020D4268C8C1842C962740B11EBC1D714E1
:104200005144D05292CFB4A861431FD7666A484444
:10421000236C6A32E4575DD8CE611074ED730149A6
:1042200003A3471D9D67DF3305E9200FB7D50609B6
:10423000602173D23AE507E3CAA006CF11FA24D170
:104240007E0297BFD265CCFFAC781BC5655F0F4F70
:104250009A8847DC597A96AD9704C178205D169A02
:10426000E75E9D66E7A798FD7AA35572E1F8DACE7E
:1042700042306EE9BB328E4DB262608A71A46B31FE
:104280002836C42C666CCEE0F8700FC522459A37EC
:10429000AD2C73271D53341337B73EB7706B48C628
:1042A00033B4D5D6781B4792E0F91038F72D751B3B
:1042B00085B1A1887CC2D4155B9922936A767C680B
:1042C000721EBF7CDEFC17EFF3813555D80F892EA7
:1042D000CCD50C877AC18899C34CA0D708114FE57B
:1042E0003CB014BECC2AA744D98D3658230BBAE86B
:1042F00059232C14A656827B4D603D41D906DEAF72
:10430000E44E37A6CA124F4D35782B8C65331320F7
:104310008F408B5502860A5DC3B6C7C821CD438D39
:10432000CACC2C8B5D30FA4C0E8E4FC93F96F133C0
:104330002AB7C320BF1F2FC629C15E35C721768487
:1043400036C96984B879C58501AE849CCB48A04B39
:10435000BDD687A7158ED31F0CBD557D8CA1687265
:104360008D3838928661B04B4651465B42B21C266E
:104370000E0DCE078C06AA412A2D6EF37372259D71
:10438000E95B5068CF6D955036C372C4E851DA4787
:104390005D3687CFB18C42E00E220916C9E81AAD0E
:1043A00042941353F607844983809C106135ED9243
:1043B000E02D7EBE2E1DDA6C4148A2071AB1143FD3
:1043C000A9690AAF6BF3919C4B2C7FE6286658686D
:1043D000937F6445D48FD7E67F882CB0BDF31BF460
:1043E000EEAB4B64580B9BDE7F0F0740DBC8EB2D19
:1043F0008A860019EEFEE5A2E42FFA1BB854961A3D
:104400004138DD2558256D65261D15EAD627D33898
:104410001F5FD72100C57BA947E670406B7000D8AD
:10442000873548D842E3FA8C72F2DC9E31394EC3AC
:1044300069CB289FB763A53B11C9958F9323F5DB03
:10444000A85B52AE8967EFF4C610A63FBD088FCEB9
:10445000002B451ED1D83D9A042CE6F7AFEBF6DFD2
:10446000D23EE8C2B1FAB1D70324633F4F14618949
:10447000EEE616AEFF772BF4EFEDE0055AA50ABD88
:10448000E2CC62D4D4C5DA1C5CD71E794B8DAA5419
:10449000348F5B30D1073C9C007DC0CC4C56B65F5E
:1044A00024A2FAC3F1F981A499361CD6F2B0160100
:1044B00043A083DC3F9D82EA8353884391B0E12986
:1044C00008CC934AA54FF88B97EC967BD40DB43764
:1044D0002BBAB45E44C13B48ACDDE8B19803043A62
:1044E0001891161DFDF45C6A2271AA10904642DDF7
:1044F0000A3EE2099744767B2DE2A76D5646240DCD
:10450000D17754082A92AA16A6E542388F3332B5DD
:10451000161454EFA90C2678D4DD260F98752F6455
:10452000083494107743FC8F5460AD5860AC5FBA88
:10453000DA049051CB7BB0DE44DC1E66B1E2F49726
:104540000068165021CE2A10E5001C6AB4C221A9C9
:10455000AE6C9178B9B441609DD7ECA72DCD0C63BA
:10456000D5F3FF336304F40DEEDDE35A47AB08CA1D
:104570006676EF3600F9923D80E661A0E636D92BEB
:104580003E3E8A932D330E5A1B14EB17CABBA379F8
:104590006AB9F59BC25DDD0CBCF0D4139188C69658
:1045A000E1644B25D2EA4ACF1DBA8C09D3069E9A04
:1045B000C41AFF0BB9B5FD2C83D8AA93E189C3B601
:1045C0006E2ADCF1E4B554582BBA0F52320E13CEDA
:1045D00066E1F1D7B52627107468C6E60513B6D98B
:1045E000B6F89ADA7353F17AAF30D2D1D0F757FCDC
:1045F000932D6B2201EF90BD10256904F9362F70C1
:10460000C86DDE60D3DA8E1480E055587D38D9EA63
:10461000EFD80BEE2E37A6D0CB0F3418E4C4DF351D
:104620006B84C126363A18DA17F9BF2A473F355846
:1046300077F27E97045118F895C9A741037333693F
:10464000C1CDB8A2964C7903EF625419FE155C4BAC
:104650005A9FA6B8927956E6D2C33667BFA3F5E350
:10466000A8BEF3132EBB4D77253972CF4D122B4CBC
:10467000323CAEDECE2B73F996D884DECA70C11FF1
:104680002DF3503CAB21FC6B629DF32F485D7ED631
:1046900044657561AD3D97F2DB58EBC450EFC674CD
:1046A0009A67963F01187DE922C91F4653F6241EDA
:1046B000395515D4FABD5C9CF96CA42851EAA39F26
:1046C0000AB67978E6E2FED3FB75637E8B02EB9B3C
:1046D0007461798990D6FD83BBBBB04C90955B7CAF
:1046E0004E52518E5BC3E6CD7151768AD1F230B70E
:1046F0004473195392D5777E51EF3B9A0EC7DFAAC8
:10470000A3C1E2FB617595D52BDF613C47A2CC6D5F
:10471000BB1C5F7C926956973AE8CF9134D3997D60
:104720003C0DF45139AAAAF0C2FE438C8577687C0F
:104730000D10D5AB6FD958FB14CEDC8D93D3B6D406
:104740002EBF8BED523145E3B54880B3FAD575D80D
:1047500099AEF8698D11FB57BB4DE3175BFB44E342
:1047600064B2465D38A81B208401E12C6A88494D5B
:10477000AE96BB623735059482E806383E7ABC199E
:10478000A87DDD80EF7BFB3323C83623A2A736E369
:10479000781FBC1CA7A05A14DC1304F9048B9425C1
:1047A0007C49187305CA1E6A2F5B0EA82308F751AF
:1047B000B452A0ACC1433B8854CC47CD1F5B46618B
:1047C0005D74872DB7718F9BFFC83CB5BA6D76B20B
:1047D0009B7B3E38D8ADD9097406B521B2B334DB22
:1047E000767391EF3270FA570AD24AFA7AABCA4F0F
:1047F000F89364C9F1DA087B38F11FD56762BA8093
:104800006E7FA30080CF8492EA8E864B75CB26996B
:10481000E7CDBB5CFFC5A346C48D4F8A2C9BA8D9AE
:104820008A1299A0E7D57A39BF74900F604B8DAD8D
:1048300080CBEDA33AF0F7CF426DF77700CD76FE4F
:10484000CD52F821417CD21D27E92572DFB4219990
:104850004898EEE3BDA7EFD49968E99238D94A1C8D
:104860000C70D5A085E0F9C6A49E9ABCB60B7CD985
:10487000234396DDA42A91F9CEBEA4B690FDEDBEE9
:10488000D6649EA35E60794AEF0199D069A1ADDC40
:104890009D03B9222B57E4655CA03A4B7E7CB7A2FE
:1048A000D4957C8F7D24430DD5735E021DD7B5371B
:1048B00050B1C3C33E7C7F5332769C5ECCA3EC24C4
:1048C0004CB08B6429C40F95D6BDC58E7B7C61E04E
:1048D0005558BBC7C51BEB7E11C28DFFFADE631FA7
:1048E0009A0FBF7CD70857E7AAB38323D97D753ABF
:1048F00018C5336B1C095C780387D022695AD648E7
:104900001FF5FF4B05E89EA4D40C3154EACD8A3C38
:10491000886EB8494AFC8F22913F5A414BACEF4315
:1049200073AF59707613A8EEF2EE62D679C26D03BA
:1049300083FD6CEAEAD7AFE1EC1DB79FCE10565A63
:1049400007B0E8234DA0A883D6FFCF89E8BFBB15E9
:104950001DAC2988EE854ED234FA78AFC832CA62CF
:104960001DE76FD91DFCB5499DE999D3421F440944
:10497000A6272DC2327270A9C8940D41A2D1263348
:104980001DD2158D216C655D347765A7CAD0B0A5A1
:1049900036F61CA86822E1000919B4324758397963
:1049A0005A1DA3F2CF762E0B3E0FC374CB4B3D7333
:1049B00023FF1F64DBDAF7D42CA0ABA6FD56BC673F
:1049C000B7DB4BF5542FE587E4323E45A690DA8BF2
:1049D0005C93760B769AB4CB158606A0AA91170540
:1049E0009BD2881872F4D16F0B375E8503C35F3496
:1049F0007A788389413E88652CAF1D95DFBD278776
:104A0000AD33F1A333F41E6BD39408D509AC3C80CD
:104A100001EBF3826AB085587CF92820C8E9A837F1
:104A2000F3FC2C9C20C65CC2B77E9242BEC3C65C1F
:104A30007068B29A795E1D92765C8B247AAA259072
:104A40009548FE3175D3A8BBB794F73BA824E37F04
:104A50002295889801A6DF1DEDE8F73C09C727805D
:104A60007AEBD644FCD5027C30CE3B49DB3F26F6C0
:104A70007ED14C1069B0F3B2C4E01CADB2126E31FD
:104A80004ED41B7E70BB51B1CF84E4FE8CE1CF0CC1
:104A9000060988E73E944E248EE37C71B3139C5242
:104AA0000AB1E1AD3BBC2C46A04E6B2152CB49E68E
:104AB000C3A5E04D3424252275C85ABA062431DD39
:104AC0009D47B29493CA3E9FF870B84D5E50C5148E
:104AD000B57F45ED5B38EFA3CAD3DC13CD7FA47758
:104AE0008D40E589E94D296388BBBA9D191D77156D
:104AF000DFA7F9E9B6AFE57616EBD0176DA3C17B5A
:104B0000005C2BB5D357C3F73887F91124EF513226
:104B1000421EF2E0AD3BA6DA8EDC71450C9278A223
:104B2000E8C27972E5DE0F9D8FD0D7D8AB4A7943C2
:104B30003F2F9E02C23C3E460D587C590A976B4C53
:104B4000832D9D025A46BB31136BFEE329E086E0BC
:104B5000D0E2FD5B7EAD48FE6FEB88238B626AD2AC
:104B6000BACF40AED8FFBAB63B83DD2431A395B1AE
:104B7000A27A47D354BF71C890271357DCC3C86DBE
:104B800022608EA565A47E5A5F8F491257ABBB7910
:104B9000143CFBC2B070BBF37C354E420A62FD662A
:104BA000BFF398F049BCE7268BFF83D7A1455D474B
:104BB000547DAC0B859A1B709FF342B671444E1521
:104BC00088B5E9E3406E31D04DBFB278247D4F14F3
:104BD000C3D4C20A6A329AB09DD1DFCC20D45EAF72
:104BE00057399C9B790CD825CC0799349A0BCBBCB0
:104BF00071BC7FB81FF07FF173DAE7D3B6D190FEB6
:104C00002E335D888BBC751591429300F0BC9BAE32
:104C1000513B9549AD33D25E62FAA92E423DC5356E
:104C2000EB74A7723589481602A31DDE9A878EB5EC
:104C3000271BB430FBCEB583C23F0635A0A1415B34
:104C400018D6397F5DC33A36F77A31050D9F7569FD
:104C5000FD1620719244D5F0988A58A00FECA34914
:104C60001DFA4398CDFD88990BB0C77ACCFC9E4CB9
:104C70002FB3360B175E9CB31E8932369A9847C7FE
:104C800060F8F0D33ED31B161E98C5A8934AEFE0F8
:104C9000D9BC78563F6BDF29BFAA7F5F05C79FF756
:104CA00058813E7B2DA58CDDCACC31224B486B163A
:104CB000D1F273069A368F13A6B57DA257773B03C0
:104CC000DCAEDA2C8EABFB19CF92B9CB2FA4858941
:104CD0004935C1D7F487143AFD91E13635C02E63CA
:104CE0002AB2039AA679C70C256F61DB7392E0C3E1
:104CF0006B8DAAE0A454477F000F480F043B54106B
:104D0000AB65963D82AFB6BF2BC8FEDF3474191772
:104D100051FC5D5C51AF2110D11486E6C9CEA207CB
:104D2000FC6648C35E00D763CF5BE8E861EEA9305C
:104D3000506FEAD61B78A6781D308AA1E2A889F8C0
:104D40006FD6D5156F51FEFDF84C08DC87547D1CDD
:104D500032C6A8E77D700165722B29CD1F4C507BB0
:104D6000B54ADBDDA4D1DCDC30E24F4EDEF9A02019
:104D70000FB98E8A120C4B139158189D4509A2D277
:104D8000245CF1EF93339BC7B19AC60BB1C32C8956
:104D90003A2B72A4F6A2773101852E9635A02EB457
:104DA000E1B1C0AA02C129D56C658CDEEA13721983
:104DB000B054D811D62D9096EBC4526780E99CE888
:104DC000D2BD0332E0A2F910F636377E41B1C421DC
:104DD0001CF1D4FE4915EAA7D4A9F7A7B34C6C1768
:104DE000DEF48086F18AE557BFE4C45FDF38B41093
:104DF0007E18540346C7AC8FF56D9EBE805978600F
:104E0000E32385B0C58E773C5BE086B2951E1A1110
:104E10009CB4A5A49328A7BBFB79C310F83A59E525
:104E20007D26867B05AE24D41E173CDC1D0E66B4A1
:104E30009BBC2C298F4E0B0905CB92F45BD49A3B7B
:104E40003595B2327897DDB45F378911B543FAA44E
:104E50006B2698B2C6E0F72A10655CE6392EF07131
:104E60009D6DD034BFAABFE6D6C47B20DAF04F5187
:104E700096E111BF49E7A4E4B55AF62F401FECAF05
:104E8000B777E7AC1E7B0E25BAC40E9CE1672839C4
:104E90005E831E4949E9388EFE894DC4482F8277CA
:104EA000BB428C66C057D72B34767F4740F9B66E2D
:104EB00056F0C9CBC3AF4BD8ADDC89833C42F92C4B
:104EC000A2DC4744AA8EEDE5F86216D5D5413576C9
:104ED000361257F2744E69C0EFFB68B5EEFF0295CB
:104EE0000FC9B34F6EDFAEA72CDCCEE9CB30AEE9F5
:104EF0001B9654F7D9639516AFE077B2261EDA03F6
:104F00003D766F831049F115AFFABFEAC75C595B74
:104F100082D54DA14165BD0022290EDAC8DCFA34E4
:104F2000A11D30B69DD34FD462717E8B08A92D98F8
:104F300066B8020253391389923E63269F39CF2700
:104F4000BABCB5CF4554A095A24CCC4E03DF908798
:104F5000322F1EB2E8C7D37125C5FBF5D814F888E7
:104F6000251BE894288895E9BBDC1AEA9905964741
:104F70007B71D03A3897292BA20288B6310EEFEE1A
:104F80000E4F0694DA2D9D12C32276F611065602B4
:104F9000BC59232C77D65BC314C93288A7AF4A7299
:104FA00004D8C8749E5592617FECD053C41B286D01
:104FB000E8C302CB43C1A8298FA31862949E43A5DE
:104FC0000FCC9481A58251D461FECD37D47C67C4C7
:104FD000472880DECB04E83F1C8B02791DD9D362C1
:104FE0001B4429A735E53DD4657943DF0ED1994AA5
:104FF0006707A0C1302B323E6F3D646BEFB205F8FE
:10500000481FC8973A7F6CDE7969DD787D34809FD0
:10501000DF966A252A82F0635590A3A4F304213E0B
:105020000CA6FE87F38744FCA5BB14C18FADC34417
:105030005EF92A57EF23E553DBDF354BC829009C87
:1050400080EFA41E44265B42AAA8FC1887EC3EFF12
:105050002030124AE7D4B91BE4C9044D19E461A019
:1050600086493DF57474AD14BE98817BD0315F08DC
:105070000FFDDFE314949188306F41E5C7E12C26E2
:10508000DCF4C486ABD43E2DE3190EDEE58E067D3E
:1050900024C0C7ED34634E041BEE14807E4C86DEC4
:1050A0003D9361D93A07C2B2FC4B10A408D033DC5F
:1050B000F37B78A4E391710A69927A4FC2203F8C06
:1050C0006212549E2D893C3297FA685FD61C362EA8
:1050D0005E223B4C5E4B788D185EDB6BD950FA97A5
:1050E000D859CCF1D3BDD33CDCCB7CDB576CF43846
:1050F00052D80534580F6D0960B766DD8057298492
:10510000378BCBBC0E2E1006EC28A2AD1886B9A0AA
:105110008757E1BE18E5DEDF92D78808F464F1B264
:1051200049D2A20761DA71C0BEBDFA93C999B80429
:1051300039CFEC2D61817611B2BFD743D5BBEDB32A
:10514000D01AC96BEF2A54103F11D33B0279AE122B
:10515000545EDBA6618723461C341A54335F2A1F32
:10516000EA3A831BFC0B6ECDC4BE43486CCA04EA0A
:10517000029ED829B3197D4824C43F000E8D70F0DB
:1051800058B80ACBD3792481E63EB5D1F5C25BF598
:10519000B5F39B1B628527A59909CFE991520BC2F4
:1051A000A894B232D8865BE0824D0723C88623FDDF
:1051B0000817561A7D15AB48AB06D3C1EF91F3CA59
:1051C0000E9D9DAF15F50D78C418BEB63853479C9B
:1051D000767642365E0F247A3424B7DDC60B21DFA3
:1051E000CFEB25FEB294F2392EA06D22F8C00C2A26
:1051F000A5663B5921434AE644A6436D88204844AE
:10520000A98D4C45A45A04D0DF975053277913DB5E
:105210001D1ACA2C446206519BDB0FEE674521ED37
:1052200084E147BEB40C027B9AE025C83D10CE90C5
:10523000C878E5FC3984002EBAF335870E80598290
:10524000DE79708F187008222010A4126B26147853
:10525000C3194561BCCADB7EAC141A56335C5B33A0
:105260002CE083F12EC8E0C909CDE4FFC26486E4D6
:10527000407D8DEEBDCA147ABDB814F7A605F28143
:105280004B1EF7CE0709112FB398B97AC5DB1971F8
:105290006A7B5284C3D3989D1968B574D3D5099F8E
:1052A0001468DAEEA0D394207C007EF5C43B930210
:1052B000D7196D83D35004DAFDB49AED972BF50F0F
:1052C0003F280A622127CF26EC1A8BF2483FFE14B2
:1052D000E392A2C2890FD2B98C4440D5E8E40A1106
:1052E0004336D4363AB86027D3755E63F6CC2F5870
:1052F00021CE50DF45CF06649C5E3696EDDC7D9472
:105300002E54B803B7A1E1BD9E9A626F5824432D75
:1053100060AD760A550C0D4C7DF45C1460A20AAEAB
:1053200079706EE28B99C714FDD0EA031B62573780
:105330004298D4723C754E54965235199A58E4C42A
:10534000C253AB9728A8B2087C1C9DDFB3D363EE91
:10535000A9E73EFEC4D6C11800E88E4B5B10884218
:105360000508245E6D4DD6F2BED83C2283888A7C27
:10537000C93A10819C9C8E55594F53EB00E36763EB
:105380008E2F8035DB87E543A7054E8D208B95B0AA
:10539000788ACA17EA60D855F42471214DB3C4A2A3
:1053A0009EC46263F142D3EE7CF3AAF2A1181A768E
:1053B000148FF02687989B68FE241AF6984D9F2F2D
:1053C000C2601BE42729074728AA5B680712A0F9D7
:1053D000F0D991F054491E9D54979DF0A3E490EAB2
:1053E0008424D182D0DDD5C38DA5752DA7A27525C6
:1053F000EDCA8305E365A5970D72D8933C5AEC87F7
:1054000008A59D64F9C24071A26F0EE3746D46B3A6
:10541000CC5CAEDA657D8CC59BB35DEDE7092DBA3A
:10542000763FFB74668D4C24A59B750DA8A0CD37E7
:10543000CA5F70E9DF87B2D43CA3F799907B3A51F9
:1054400027A6AA18F7A0543CDF1B4C0E00008C8640
:10545000D6E95C03EB5AD1042BC653A11630D6A76C
:105460009A093E0FC6DEA02C13F814F864288D109C
:10547000509FEF041E056A2914B6AC6A0F3CEFF189
:10548000646C12FBCDC94697D9D005D0AA1019E09B
:105490002B240E78A655664D92F9D6B7477F7249F0
:1054A0009707E81AF12FFA471FEFF01BD092DAE6C0
:1054B000D125F24D386333D91E94752CAC58EC0CC1
:1054C0008E80BFBD30E400670E6129B380E788306D
:1054D000ED20D026C5CCE3E70D5D67FF9A940B67FE
:1054E000F1940EEAB0EA1FCDFD5B9D0E9B70BED716
:1054F000EF37852072D2FA8620A364368E94D26F5D
:10550000835951D3A58E68F7F09948AB6ACE94526F
:10551000E5F80CD50C21556B586ED7F86D94276AB9
:10552000404C2A497753946FC5902370F8280C712A
:1055300085687CAE114ED8843286E157EEE8F305DB
:105540002360F2967DE63DD82F9A1E44E97E2FB562
:10555000FCE0BDBCE5F92B2EE36BEFEF743606F4EF
:10556000499A23765B44D8EAB67A7835AA5932EC60
:10557000D3E6ECE859A1B8762C3F7EF5D5258F4CC3
:10558000DA6C1ACDA10D7791F7642738CA39101754
:105590002B4924372AF4EF4B22F5115A0ABAF4D7D3
:1055A0008D046B5D173103FD897D32F420028F106D
:1055B000EF52D1A459267662D93C2CBDDD28DF6597
:1055C0009DFC5D1DB9CB92CF5B9F1F6FC3246AE921
:1055D000D97321A44C3CD604BD43DE8EB3427A6A13
:1055E0007C2C92906BEF62DC442A8B9B9F6D152183
:1055F000996B82747F7DE1B91D5443E0B7714B25EF
:10560000EAA23FC55B8BF0623CF54C2A2C6F56E05A
:10561000544A1A53ACDBD99E141825FAA5BD82C38F
:1056200076438F085E720F77BEF4A689AEE779EFF6
:10563000465CE6AFFAF897AD96061B114FA6C74732
:10564000E72E41ACCC4210EB38583FAFA199D35A6A
:105650008DCF07AB1A850FE21864851C971399A9A3
:10566000B29C009B8BECE2A71321FBD7EF72545541
:10567000B8C7E5B8D62072D1EF6581A5B4D024A60D
:105680009081DEC00FD0AEFEF0EEC34C90829F2C16
:1056900096718B874C16EDBC0724F37AF16B5C1C7A
:1056A000F60AB4E65BBFF6380A6FE3C1C90F1F0DF7
:1056B000AF5F47FD6FA16C6F8039F51B04DE89ABCE
:1056C0007F89BB86328B05F054BED2599F9419CE88
:1056D0002986AC54C73DDCFA47B76F9A3E6C8540CB
:1056E000FEB7013831A873FB6E9F7C4C45BDDAB51F
:1056F000802729319B82B199DC85E630749EF4E4E1
:1057000076A010F1646D6B0763FFE18A61093912BD
:1057100073782FEF12833D7BC062F9750E3F328A9A
:1057200025E3880888984E60072EB40258447079A3
:10573000157326C30682139519167C48ACA69ED510
:105740002FB4C59F7A4F8C9659F2C5445FB37776D4
:10575000047A1BCF51B3CB243928E06E522FC9E015
:1057600075D5917D1639BD7E248A94C9C36FBD5409
:10577000D654C707D167CFACC2108E639C6712F4B2
:10578000387DF12E9F8D44D4878C033899154916A6
:1057900025595DAB850722CA32B5706B69A4C1EA91
:1057A000F48334EEB19CF5D8C92CD9129A15E125B1
:1057B000866281B021715CEBEBF24851C0EA025D78
:1057C000F5BDB0E81163FE327BB25FA4C46C7E7796
:1057D000D5E97089752DFECADDB27033CE11C7E9E7
:1057E000511ED293CB461DC787FED67F17B454F700
:1057F00069377EDA204AAE1A7021728197762BCAF9
:105800002AC7CB7AEA2E7CF6B4D5D024CD9B2CA126
:10581000D7187DD2D9E63B14AFDE333DE3AC092582
:105820006D94B34D092DE98DD39C4073C1297D84BE
:10583000A91C7DA836012C77E4DD6DA627FC1BD6BC
:10584000181D128CF88719B7FAAA19C068CD3A2426
:1058500003833C46EBA7C1CA4CAD14E9A2ADA42C0E
:1058600020B0EE633E487F25BFC7409FE2135964D6
:105870000A526C54B65B70C5A66B72689DFBC086FD
:10588000424481767582C8751F85ED1403E95F3641
:105890006F87068EA89DEDAE7C72C9A94DF852485F
:1058A000E6809FCBBFBA50B80643ACA45053AEFEBF
:1058B00053FCEC5DF2E5B266BF0DD85E9E24E8486D
:1058C000366E2495C0422AB09FD4D64A083673A7B4
:1058D00023FD17646AC94FE22A237E5F2012C17834
:1058E0006C7C3C54FDAE1FB6C1F4CA864122CC9AF2
:1058F00094171F3F1F39A901ACB0425BD05456C862
:105900000A51D8359E4CF4FCB601498DC69CBA6C40
:10591000D2B2C82AA00084C20C38F77BFC49905848
:10592000D7816A60209DC5354FCBAD5DE1F37D0128
:10593000C71D3C97394EC3350C7DBA724818CB054C
:1059400075CA916972D7898B9BEBFBCFED96E2E22A
:10595000CBCF04A6E9EBA45F4F9FD66C26AC4707DC
:10596000C5F2A843CF7B6968753964927E63E8030A
:105970006C105B440F70EF199D798D1A401206FA76
:10598000E36F41717E94BE7EB62A82A5F76D452CE9
:10599000CF2C3AD3C1FF17A3FAF059840CC9AE56E5
:1059A000875F3B206283C20C79A4E66E6CDCB2197F
:1059B000B12C62E3B2E60578D4B42C7D7ED2FCC073
:1059C0009242556C8A46934E9031AE61E0B392AEEE
:1059D0002652F192C187B8BD1B17945E2F31518FAB
:1059E0007EDF8AAA0CAF64991335BDCFF3AAE48C8D
:1059F0006BDF958B2CC2679A083CE1BF29BB8528D9
:105A0000D9C9C9E8A24CEEB79C8FCA42F2827DE99F
:105A100058632DB6B6D54671B4F10F19DF89F7A1D9
:105A2000DBD06D615F88C87A6A8C27D1DAEDB9B6B0
:105A3000F2E5757A6E61931F1BEC67C62327E19729
:105A4000F38DA4E5501AEBCA8A6CB5E79DC1882393
:105A5000973714DC6A4076E4C7035D3D50F39CBE83
:105A6000652CC4D729BA91A5185AC51BE503A3AD67
:105A7000C496475C15B40A29026E8D190E94FD6B0D
:105A8000FD0C206DA70A639944C5CC30E972ACB710
:105A9000223AF151DA18033C59F9170D2CA3761D5F
:105AA000E5990BE282C5C2BA1C7A5B28ECE3F3925B
:105AB000E09329FF1B07210D079FAD9A9E20D1A6D9
:105AC000D4DD7452AD9C1C757218D937C2EF1A0719
:105AD000A7AE0B136DE2D59D24D10C2BB6D3920249
:105AE00050F2693D5E7B01DA94A5126E8A425CBD7C
:105AF000ADACD9F6A6D5883922D6AEBAA1CAD8E1BE
:105B00008EDCE676B838797BDBE661AF39412FE68B
:105B100027344E9F7747C11193ED3BD36CAA265192
:105B2000366C5173C58EAFD1F155F70C72FC3B59F1
:105B300077477B16B1DB8BD07D09275AC9DEF2018E
:105B40000459896D690E9915F73CD15E885C7645DC
:105B50006C08B6B59096940576B6EEC22D8D22E609
:105B6000F9914DCEA2FE12279F8E98911A7DF728AB
:105B70009739ED93026E06C0DCB7BB9021CF8B3E08
:105B8000836701D301A9878A3DEECC193AE6B12C8F
:105B90008710ED1325F93814EBE9EED1399B95A167
:105BA0001FA9A203A8DB323AA99F77083B7C249166
:105BB000FFAFD1FEDB7453BD9B52BD54F19BD6B1F8
:105BC0002D2F3EDE1E8E98C6E0907BA9C0C9289E70
:105BD00003FFFFBBAF1AF2481F52CD242C5D35E600
:105BE000575F55EC5F9ED565988E922367702FFDA9
:105BF0004D70DCB538B8C3AAA76EC6E0DFB1F4B506
:105C00009F7571F9D37F8B4A408FE1C2BB9240E40C
:105C1000BAE0AD3AF767EDA978B55FE72938F2FB4E
:105C200091191001B7D4352FDF7127B055888A81BB
:105C3000016EB9BB9902BAEED7215686FED3F01B8E
:105C400066C3BB2ADD7ED7B28E41479BB722DAD42A
:105C50006A10DFEF8B84B7B765B24587CECC29F9E0
:105C600014B7885CE22C6281CEE96EAC80EE4C38D1
:105C700056BD6378B45BB9115BFA5DC26C65D0CE7A
:105C80003BA878ECEE41EB67996B8993352293C181
:105C9000C658F986BC58C4C8747463D8CF5EFC6F0C
:105CA000555B3FCD3EC04A29F65383480723EAC8D7
:105CB000ABC1FCB6F50C08899BE17A6A4D43EDEC6B
:105CC000FA0C62238BFBB8BC275681C3C3B8A56E00
:105CD000BDF6602425B8EA32A16C0E0E02415224B2
:105CE0000CBF32788C76D082A7D898BD86F0C75486
:105CF0002FB55E7541BB3740E7642BD26C469AE402
:105D000008FE6515F8006BD5CC297C50E366793028
:105D1000CF9CEC67386967A1CDB6EE64D0F1E82678
:105D20003DDE9C7C3F0557C53B35DFBF4805F1D3C1
:105D30000C3825F5EFB8C9D520F39A82170F0A332E
:105D400062D5B671333D4907C8C40405A76820ABC6
:105D50003A04DE6265470CAB667826F6A91C12F1A0
:105D600024F1D4BD5F02A370B85C458FFA673BE5B0
:105D7000C028389AA57E014CA90689357C7E1B5126
:105D8000437220C8ABA0FB2289654E1BA021E71CF3
:105D9000257266808ECE6E3080714259AC006039BB
:105DA0000D1AC34FC4BC977927593EB844B2561E4A
:105DB000D642FB3C7BB22FBFB33147AC9EDFA84637
:105DC000B473768A9E10DEE1EB4048211F693D9E48
:105DD000405720E8F4C9FD041EBD50E06D62D9367D
:105DE000D6ED8C1B4A3088AAE64C7257ACD0A4AAD8
:105DF000D279D6477176DCFB851C2E156536B61B2D
:105E000065F1AFA56EB026A315CF2F21F3B877D7D4
:105E100079B7E65D7FAED56B939C0CAB32208D617C
:105E200038BD47A6F8E9C570249966E2F25CAA0E6F
:105E300048BCE2C21DD82193DC2B2D6CA668795991
:105E400033B37CE449A9036D1BDC09D2A96BE6CA14
:105E5000B8524FC0BDAC709C7998AA86A40739C4CB
:105E6000E1FA0BA02EAB4693261B92D816288E196A
:105E7000F5CE4F05BBD018E348DF4B36EAB2DF5F03
:105E8000DBD4B65E54154F7C4C026F6FE587F1BBD7
:105E900032E124131522D90186BA6A6D9EA00C61E5
:105EA00033F3B8DA912C7075FC5EB41EDE5D9B5D39
:105EB0005104A03FCA2A208932FF1DFA39A6533265
:105EC00058EFCFFCBB5CAB06D7E49E45BA4AAFC4E3
:105ED0000875264F35B6EDF441610E74AE98B4697D
:105EE000B375D71F9DD597CC704953B992B8F67149
:105EF000F9082004885A6C02055A4098BF83D500DF
:105F00003D18D93831CCF08DDD289F1C45287E7294
:105F1000829AF868DAD426F47B6B3DCDCF323FEF1E
:105F2000B6494EAB4E6CAED7693B52EA8AB594CCBB
:105F300018C1D25B840C3CDB3CB2C7F4BB4786087B
:105F4000AD643BB059CECD14618F10A7D395FB50F3
:105F50001F6F11BBE1F5CFD0FDC7F80B2C035F23FA
:105F60007D7798D87629EEAC40E9C6006B1E74CEDA
:105F7000526AF9C669806D137D60B7717E9A3EDF03
:105F8000D87E5FB09AD9C56845E023B7EBE4BACCB8
:105F9000EB5BD810EC84DAF6BC90163000A19DD7EC
:105FA00098F9D0CA65F204C5FA2E756B2B3038F219
:105FB0007E3180A9E74EA248E07C491DEA8306CCE9
:105FC000B4731430277CD2808B376625B00A4FB962
:105FD000435C3D472D82F332C7228B09A9D26A2D3B
:105FE0000C6FBE19084F7CB483C57C511A3C62EF1C
:105FF0006AA136187143C74F67CF5851AF60A3826B
:106000005F56F4BEF69C3CE8EAC43EFBB8C4D481BB
:106010008B7740849DF41E1C3229F079936ECD520B
:10602000465C8053782A95540703918F93D24E692A
:106030008158ED265E3B11090495DD060563CF947A
:106040006C2B0C88E99EDBAC288558EAC177386553
:10605000B1FD17F5ECD77EA0241B9440E36EDE3132
:1060600016468BF8B41D2FB825E7EA6728F8A22654
:1060700051DA11F3F244F6D68D5B82B21DE379ABAF
:106080000D1F4456CECEC3FE30771B00FFD71278CB
:106090009EEF5B95DAD6236B1B679848E1FF8381FF
:1060A0005B9635A1049EA9770BAC31C830CD6892C0
:1060B0003C2201A5C663EE42DCF95941CCA4AB8E6B
:1060C0000C0FCC657AAB4F13BD478884DA9FE3662B
:1060D000361B2524786A991E32DA4B4BB9EEB35F32
:1060E00092CAFB2CA3B6BF83BCC999898BF4685BA9
:1060F0004F178F037374AD1CB7A908DC575F4CB8FA
:10610000C08E774417FF6279EEE05F40DFBADC6251
:10611000BD35DA642C67556FD282A77D48EF2F58C2
:106120006A2DF66DA932C35B5F84675D256E67E6F5
:10613000228BA243839E8C0476CC283E7C29AC1F04
:106140009A5C698389014A336BD0D8693F297C778F
:10615000370418EBF49C16625F6E71769ED56692DA
:1061600000A73DEA7DC4F2C48DC27AFB132508E185
:106170007D29F1B381FA7082A49CB22A105E57E0A7
:10618000062799AFAE592462E3B5726A07AD707AFB
:106190006158AB47394BE8D7ECC2AAB8D8E2D8D699
:1061A000B69BACDDC6CA788E2052E94725E6ED17CE
:1061B000CCDB37C21272E8F1605764CB4C46C30D9A
:1061C00032F87344ED33005E7578867F16433DBF29
:1061D00042081BECCD0CA8D3FB3DF420C97911A5D6
:1061E000FA0764CB39F4026C80084D8EED5CB9314E
:1061F00026DD8BCFFC6E493DDD69280DC2D8D0F07D
:10620000FD4458B10AA714706B55AE3E8767EEC0C7
:106210005D83103E0EFF80EADB9FB632DDF86A58E0
:1062200071A6F8C28744C0BA10E5B78764A808AF62
:10623000E7D2D9C79BABACAA6FDEAE924060BB0978
:106240001412AE3A4208F1DEFD73BE60947424A2CB
:1062500036AEAE62C5CE9B52F3199C44BFCD74F7E7
:1062600043CDF7C74A01A41DCDE4753AD05699F83D
:106270004679DFEE557AA48901ECFC402E4542AE0A
:1062800093111B8F21234091C0588DCFB02C86A530
:106290007BAB0A5C7DF71D1E0DEA863D2FEFFA4FA2
:1062A0003DADF5A590909D7FFF42A6160B11971B63
:1062B00063CCFF739942EF25B8DBECC761A139616C
:1062C000D1B27D8876F9A0E5B5F0FBEB8E27E685A7
:1062D000A7B13C32C8BB0B3CC425F1D3312B11CA4A
:1062E000517B5285D186F4B58598A3E669C417B170
:1062F000BBF4322E1C7BD30B75373D248B7EF8AA62
:106300002D8D67860DB02AF4BB02D250E87B50D8A1
:1063100019EB5663171309ECC4D17DE393AC4E9887
:10632000ED223BAC2C3EA82489BB257C71FE5C6C25
:1063300044DB1E793B523B6A14B04BD67ECE7F7055
:10634000B13C2167EAE11EB15AED417DF987454232
:1063500099036958D3B914C4B50E4128B9A4396F4B
:106360002FD4F20193897791EB9692741A9B400D8A
:106370000DBA3B603E1539DF8A45794E181966AF74
:1063800098B5B996D5C6A958ACE7650A97BD7B21E3
:10639000479F477213C4883A60D98934F6C4268966
:1063A000A3F6498365AA5909949611D0CCAF110B75
:1063B0005A223AA5260FFAF0D96308B4CA701B789E
:1063C000B35F6B9E46B24709A6B28281AA0A3E4BD2
:1063D000849A2652D72730F21BF3F11040D612F0E0
:1063E00069B3CF45D1235062BC164F2C1D4669902E
:1063F000ED9B5A3403ABE01511CB2C8C53774EE652
:10640000497B9DD79E57F168CF05EC47E286113F47
:10641000C5E008EBE9E35EF42A9E5FE68A300DC52D
:10642000E43B285A3DC711AECB334AA267B086D5AC
:10643000051889A329025C88E628FC74BBCB6A9303
:106440002453AD4895C5E661FA05B35DC7431930DD
:10645000C2B1D267A6209755977BF2B46B619D6459
:10646000625F3F9CECF463437E20BF35242A79545D
:106470004A03B53C6E8B929D79D55D40486214CD40
:106480007FD3ACB55C91F32DD9EB642813A5B0A4F0
:106490009206679E610FE476F1CCE139C4D222A95D
:1064A000B1367BB45B19520A984185B8631E411519
:1064B000BE1C6E005820C80F594BBFC5F544FE5393
:1064C00037255E2BFEF025CBED432DC3703F693899
:1064D0002153215A9E3796E58C853A0C2E50774AE7
:1064E0000AA7E8FF24DC82F1AE86DB93F39905B2BC
:1064F000D00253692785F1516660AFCD3800268DF3
:10650000489863D12D8C17C0B4FD5185C8ADF0D02B
:10651000EE95EA17621F5E23DA70ED7EB7636A4D6F
:1065200055F2D6C96CA41DD573F26BF9100F5990B2
:1065300069D2D46914AE4C4EFB5980ADEED76D27AD
:106540006EC922E8E326D2C1367A4036C731BDBDD6
:1065500033B3951AFB40FCFAD89433B347D5FBF913
:10656000007D41D192E709CBB22F2E4C4ED303A030
:1065700070A2091E0233DF4DBB787D0100C8514C6B
:106580000E119A5C715837297E306BDA3CD3F3C90F
:106590004791131FC92D970B8E5F9C129D3710DCFE
:1065A00069E0AE4EFDFA04F67BFE6E733324544D63
:1065B0005869DF948BBB5EE6B9D937CFADA5FDB284
:1065C0002BAB35E25DE26B46EB92AFEF5FA02FF0B5
:1065D0008583CD0928854E3B306E79C5882E42D8FB
:1065E000EF1CCBD5BFE0B7CB76138F8473CC99A7C4
:1065F00065BDA992A7D274DF7C9CC0FC57830B5366
:10660000AC515C5ED24C99E1BA9882E52C228CD2D6
:10661000A9996C66A0EC10C03A99B8548FA521D402
:10662000056F1A828DE326E549EE40C1F08C51DFFB
:106630006EDD4F31987AAC58B849FD9AB9F0C6FD75
:10664000BE5312F97A6C1E1BC64DC6CF0C6CDEEC25
:106650009E908BF56C4C33AC976F748020F0D173A7
:1066600017C1F5D9664FFF61A4F8915786D5289FC9
:10667000E5D248BB6487F8CE14BE62AFEC2F2A7017
:106680000A0F10D409963DF228D269388A51754311
:10669000EB5BE6E50D3CE37EE84195684219F3B714
:1066A0003A809694593C2DA2FB35A3E17721857D54
:1066B0007D4CCEAC5DD3E342298AA98B1CCD0D8FD6
:1066C000B854ACEB78B4BDB6F2F5975109189FDD1C
:1066D000A0B1C914DC9C63B266969C04AED73BF0B3
:1066E000A9EDEDA24364B99C41EA9CE63C41402BF4
:1066F00028453BDE7D409DB3E3BFFDACB8735CA98C
:106700006F0F068525EEAFB8A262A76D68E39622EB
:1067100082328EBD574E540B62A9FF62E09444B89A
:1067200090F793880D59C372A5CA4D94D607A0FB64
:106730003890037F0ECD2D5E973F46CF2DD6A477A0
:10674000857262EBABDBA36DD7EA11BFBFF747C21F
:10675000173B3351C7CB872DBFFAC3932A3C1EFF8B
:106760008366558EF5FAFDCDEC228F534C39EA192C
:106770009B33CF4F6CE7D0D8D08CF424B43DAB3CE6
:106780009F0AEED9C87740053F1808615E1779580F
:106790008635C8AD863F9728D119E8AC67CFD4833A
:1067A0006E47D9E32756F07864D61EA2DAB0F965B1
:1067B000D17C17C5AFB6A69B26842EA611347BBA12
:1067C000B279856252FF76ED904D4A86F9D7493EFF
:1067D000DF3B24B9312C2CB4524CD13DFF323E6901
:1067E00041EA2E857A08B9CB26912F5FCD2E4A71CA
:1067F00016FCB2F9A9B309D66EE18C3B4BA2A5AA4F
:10680000138999D1E93A6670DD30D2798ADF19A906
:106810004001CF5C724B7E77DA30D88D2FABCB182E
:1068200081FAAAFC28B4E4B6F8804A6FE5998AD4C4
:1068300076D7AB8FC05121A6E373865746E434E385
:10684000683DA87B64BCE69D9B6D059D6B1796A07B
:10685000BFB99378589D871C8750713EB7A09CA004
:10686000C1E256CADC72E2E4CBB897E147485DD397
:10687000489E7A36F0B6D33B2B7EE15D4DDE78F351
:1068800074A8D3FC62F72319D4D9E95AEC31531513
:10689000DA86BABF7B40BFE8E4DCBC148B8C3AD408
:1068A00041266A56A85F668505A1A02FBB3DC1069B
:1068B00041631E3D32FBED1BF35C89DB7334D9650C
:1068C000728831A10BD5F766056A8409802839DE04
:1068D000D2A2D4D7CE87CDB2E520F45D966CFB3141
:1068E000E055D84DB185321DF5EA228FA56936DE17
:1068F000D4EE63958DFC03927E567BE3A58DEB98D9
:106900004D378D4AEA60FFA99E080F531DA3EFB9CA
:106910005F7DA42B989714F074C29632C029ADC73E
:10692000B4C8338920E73BBBCA79EA84FEC87A261B
:106930002468FA63AD2E2558DEB4ECE990840C4946
:10694000E9BA020FCEDC1D8245D649336B2EB6194B
:10695000C2F3972BD49BFEBF32467F9CB61DFB0330
:10696000DF63633D2885F30AB138633FBD2CA6E39E
:1069700098EEF485C5622DCE6D65F620115CABEE08
:1069800085612EB8FDD9A776778A7C1CB8C41B71A7
:106990005AFEFD2B479A1DF0670219249575552361
:1069A00084B12BC7A4525DAE1D187A2D2EA449AF19
:1069B00000F3BF240F5564C25419F3F0D625965541
:1069C000415D6CD2486B7201D8546F3E71EED1615B
:1069D000C3D128C6543AF7A725F4CF9A6A253A2896
:1069E000BB9B60E05107765FDE8F7F4AD50C9F5ED0
:1069F000B7BEC2A7DEBF1272623515403E30CEE987
:106A000072A5C6A8C8E60874A09C963F68C823EA89
:106A1000A3A89BD3330EBCC91E204564C59BF6EFCB
:106A200050A57A339CB8AA02B9433309BFE426C6FD
:106A3000B624C8B3B05A7D3F97C4827206577568B2
:106A400065BBB798DF30F194887A9B8266BFD8988F
:106A50003EE21F26714ADB30076A962C34EC0EBBEF
:106A6000E0464DFEFF19EE0D73758EA151D323A89C
:106A70001014551F80953F044AD0E85B397DD5DD61
:106A8000C3F9BF6F3EE09ECEADFF9DD2F5B02D594C
:106A900085A2BF45ABF507CA7AD817E9B860F2A45A
:106AA000EF0D4735CC9FDC8D0182AB8DE2958B5B82
:106AB0007A65B8A96258EC718F63C695B25D11769C
:106AC000B3382ED72454A50B4148355782383FDFC1
:106AD000C4B19A764C560905B66F9CE343318BCE10
:106AE0003D956D3365382875C995749406DFBBA252
:106AF000DBFED1F5BCFECF4A1F03CCEA2DA310B0BC
:106B00000E09E3C0ABAA565B921E7C171F00130848
:106B1000DF803463F06E8CA734817E668B1CCA2ABA
:106B2000566A5BAE798B969EDEC91A5936DB7BD4EA
:106B300001B8B7DC219B14E431FDB7B2E0F13D842C
:106B4000AEA9D78B015389BCB89E591F88C0BAAC77
:106B5000F67B5CB7ACD2F3B5BA9625D549019C67F4
:106B6000FF8A2612541CC7C06727D5AD05AAA58386
:106B70006D6447898151CBB80B122A4C9F3F183165
:106B8000A9E11DF89FE95C894AD870EE94BFAF2057
:106B90008D3FD2B6FEB9D187C13271C352C6D0F093
:106BA000B2C8A6827544B0DCD2A158849080015D41
:106BB000212BD6C8D76E55832E8492A3A365B70424
:106BC0002C390197042B4A1E3DA9334EE7EEBF42F4
:106BD0000F3A269DCA5CBEFC2E2DFA34578CD5EE9A
:106BE000BE72B5201CE64864C8FB8D6D9E328102E2
:106BF000E9DD896C6D1C16972B5E128FE53076DE11
:106C00004C5DE0CF8772D7CC96533B79C27599958E
:106C1000BDA1E54A0A8715F0A69CD0C99F9D4CB03E
:106C200038989E4B0DF5ED54678655809D5C06C9DE
:106C3000DB569F20BED0B197A2F3E6FA7D269AC616
:106C40008D00075D9F424E4590F74A31FED9551D94
:106C5000C464C1373BE4C8204A22D501B32B4CB4ED
:106C6000E62D108987196696549622F7528A237961
:106C70008FE490DC8DAC3FAFBADE5F74548BBE13F3
:106C8000433B6CDAD258D26F966C4D776CD05D4A2C
:106C900005491B272EB1CFCA1683BA1E3B029BD4CF
:106CA0005A136DB994942C9C26A155DA072250A34F
:106CB00043D68556DA5565EAA92CD3C30659D1C700
:106CC0004AE1F0B577BD2B975EFB2353488DAAD3DD
:106CD000F75E953FF8B9E7C740C821D45271AD803F
:106CE0004367B6FFFA769794B27872C7C138D3205B
:106CF0006F64DE5913E68DF184A72A3480098DE58F
:106D00009606B725810186BDA347CBC6A29790DF23
:106D1000C6BA92121CE6D6CF0555AA520FECFD61F9
:106D200066366F9683A4A235695BAB7F8183EE17CD
:106D300045FDEFEBD2E2A8AFBC26A5736039A2F403
:106D400055EE3A1C863953D8CF886097B79D2E519F
:106D50000FCBA787077A1E094655FE6407E1D326A5
:106D60005FA113AFF2E4DB1D49FCD1D4E9C5C33404
:106D7000CEB813A6EADED60D973705B63DA06175ED
:106D8000F96DEFFF8050D60067AE690EB3BF326673
:106D90007DE5CDA04B60D512974C4EC844E85722F4
:106DA0005935E22D7630B82C4AC654A91C3A8114C4
:106DB000B2F60CF9BC8D689E8043B381ED71E33E61
:106DC0009E7413015896E52C607D7FA85C8C691F2A
:106DD000DF86A41D4D919AE4DCBA18155058CF51A6
:106DE00030FEF17EE828A409A2509E26FAEDE7784D
:106DF000F521A431E50A258EB270F771568055D879
:106E0000D2CB4D42FB874B1B028B8C0F59299852DA
:106E100056FC88988551C528EE7D8B814E88A03F11
:106E2000A5111FFB5DB834E96A5911A07772F4C847
:106E30006C1DFF7BB4187629522E7DAF558160E121
:106E4000209E1A0F0F0B36945FF1A427DF7EA4F368
:106E5000A28434DEBB45573D3FF3685C16C0B4AD39
:106E6000B82571842CC0750CA5DF2CCF18A2ED2D90
:106E70006693B7F9D65CDC566AFD026294043C075F
:106E8000BFE8E35E8E2D11C3D49F3963A8F317AF1B
:106E9000D1352D2681EC4F1C9F64FBE8DA87727F89
:106EA00075E62CAB4E68441AA8FE78F5074257A049
:106EB0006FF1B667BF163692BC02E8F865D996A0A6
:106EC0003765C0D5D719D11051886B236CE4C65DE6
:106ED00001B76AA60EDAA3BCEF1DC253EB6AFB969C
:106EE0004AF53C4E364855233C1FE0D075ABADEC1F
:106EF0002381FAB78FB116BBCE0D83B4F4894F4608
:106F00007E842353867A03B4AD768631CB85417374
:106F1000F0EA60DBADBC027198169F800D3D7EA348
:106F2000F67F64572CA45788F23AB3BE919C0AC9E5
:106F30004D757A18EE4B051907135E5F798FE628B9
:106F4000A8EB74076B912B68DF06EF12656CBD260A
:106F5000AC6C15C34DA2F69BD4A925A287E7446962
:106F6000CC9A115BEE70EC31F089F271D79C3288CB
:106F7000B7F82D0657F97D136EA43C61AD4C23AED6
:106F80003C6ED715D68EC98E3AC8A3FABC4C6EB1EA
:106F9000E35EDCA5EFE300EED690E2A677EC3122CB
:106FA0001C74FAE10519608E9F8E9CC56A13646C8F
:106FB0000CEDBF7AB93841D59F1A2B6608FE3BDD30
:106FC000F4300A87993163A03807C5409A5D22FEE4
:106FD000020BA4E2EAFE2769279EDFF87CAC59E9A0
:106FE00031E745C2A86FFB0D91F13D7EFDCED26227
:106FF00038E420B53994104EE17629007FCE1A2A64
:1070000083A9FE2A988389C05909A313BC157AE67F
:10701000B813F2C9C2461CDEA4AAEDBA83190F2E1A
:107020009671504CEEB969B2D86EEFD95F45D6BDB6
:10703000950DC75C7BD1326B29AE8FE848C70E89AE
:107040009AFC70220D8B4B7872935F289EABC945DA
:107050002FE860C365CE42336D2F4476CC36146082
:10706000F1A8A739FFFF95C972BA3779F15D899800
:107070006DD3FB51F6CA506BEC12739C53CC274571
:1070800036A210DE8C966E90D4366A239CA4A8E2B9
:10709000AB897C4DBBC72AB4505F13C90CD1923C5D
:1070A000997BE790A667ACC94100984CC8A921BB61
:1070B000617DE292D4462D9C3F2F29F10A8DB3C702
:1070C0005BE49F278FFCF64207A80BA2DCEF9A81B6
:1070D000A9AF0B58D9D17A6392981D3CFC42A50FF9
:1070E00026E618E0387D4D74D480F3F38D4F6D8A19
:1070F000587BDE6775A7C453EF1951EDB01170DEF0
:107100003FA822DB67574C8E5CCDB68BF49FC9BC81
:10711000E4648D38381632EDA28EF9FD5B0A868361
:107120000A90508FF2B4872D924001FE0E0A17127A
:107130005E30FF73596E5BB516369B5B6E69D43358
:10714000F290DF2B79A287ECB46BDAB2A21AF37754
:1071500049EB3A16F782D8685CBB582B37CB6A9359
:10716000CDE96DE20DBB0CAD4CF51B91D5B6F1E54B
:107170008C7C08BFF394EE1AC26EAEC97B78537450
:10718000D8E9CFACF8B8D15D6E859889A4EA52CB26
:10719000C8D664C5CFE1447DDC2BAA96FD47D2A4B6
:1071A000E51EED4AE0704CCE93C7E9B6548EAE169C
:1071B000CF48131B4937A47C008794FB1420B2B43A
:1071C00067FEBCFDC147E67C6E46A9AA40B58FA507
:1071D000277F9099284901EAC8BBC57EDDFEB2FE33
:1071E000C820CC092FC606769EDAAEAF72BCB6BEFA
:1071F00011CC17763FA60EA6CDCC20958218A67A84
:107200003BFA2703237DD85451E9C42C8CBCB9D94F
:1072100081A2D559E259D0AD697CF334891D940916
:10722000C2AB8380387FD822CEF188A8FDA12FDDA4
:10723000D6F273F47CB4C4C635C8960E9227FF7C90
:10724000744C74450587155A8794C8A81638CC0025
:107250004252B71C5E23A8C6E26E3298B4368FB392
:107260001F245DFCE232896A9A8622833BB5B79A75
:10727000B7B53F3397A60A3CFFCFD497359B0B2B6E
:10728000DAF864E3C35C677714D93E80377D14B9BC
:1072900086B8150BF1391ED69D82FEE69FBED21E22
:1072A000AC6DCE1106DC4511CF6D56BD4D7294AD5F
:1072B000D4862D006C5CDCB065E4093F6FDA097B95
:1072C000864531696E31EF812B3120C9B4233F9857
:1072D000AE5E36EC59978236205AE5F021F0C805AB
:1072E0008CE43B8C0A5ECE6F889CF1776B4CC05966
:1072F000705706F7AFDD73650A86EC9CC4905EF9A3
:10730000B79557EA38B89E8C5E9F9C65C32F3E1E8A
:1073100042A851552F4A643417286B210DF1EEA86D
:107320006A5382BC73B72DCC0820CF15E69CB5C636
:10733000546B6AB5C2515AFBB356915BDCD397319B
:1073400005FCAC4C3A53CF6843E9B6DD8FF2877346
:10735000BFF9C153AE07ACE47B98BE6AD606AF80D6
:107360002C7A67E8201E14D94F3CA446A4039A3A0D
:107370004458D821985D2A352407DECDB9FF5562DF
:107380004A360427E84A2E1295A184ADA53605A5F4
:10739000657F8BC088A68F6D2D00B559F51646D830
:1073A0004524909D3094B8C521148ED538A36F091B
:1073B00041F1ECC001D856C70B6667C9E75FC779D2
:1073C000D87F421E23C1867AD4BC1B30B73D03E16F
:1073D000DFF69514A8E49837EEF2421D120BA01BBD
:1073E0000CC5633D5870E484CA705DDDAFDAE03EE1
:1073F000E8D8E6C47739D5FB77AE9A84692AA132FA
:1074000022A261454C6125852CEDCC6E223C6BBEE1
:107410001817BA5CE3EB1EBFF5D4C22313C0064CA9
:107420003C444719E00C191652295A5EB37480780F
:1074300083E7D033DFBBA9531FAA4AA5808C9B7377
:1074400042514A6E496DC08B733C74615C391E5861
:107450007ACEA5E2473D75A3CE0620A2E8658675E3
:107460003071955363C4D586339347C9067465BE9E
:10747000E8F33A42015021CEE49FE78467243D5768
:10748000D42DB310C768111C6542F58C79DD5716F1
:10749000703FE5EF77C46ADAD8222AD2C697892CE2
:1074A000555B935B06CF7370A070D392F33C14CE00
:1074B000303142E6E5C7D9FB10A9C81C683B4D0E28
:1074C000A426287EA2D43DFF1A45C44D1858721038
:1074D000C398BA13FFCA41DFF2615B56E232C0863D
:1074E000E371C8A6524532C6881C5616B36B243CBD
:1074F0002EFCDB1F5E4FCAFDEB06A2CDEDC412D6FB
:10750000618A6378AC9D5862D78ABD1473F35BF7C8
:1075100013DEB15FBBCFB4095888C3A2A21859E5E6
:10752000F28343BFDADCD1D11545EEBB7F0A129F4F
:1075300052802FC85B72C343614EC349921CA65C44
:10754000A427D36786DCE569B062B7C8A2BD91E91C
:1075500068611B3AF886BA32135F64F8F88EC41378
:1075600002140B8A20327A4565E3376DF3B6BB0D02
:1075700081C34931597FD010741559502334DF8BA2
:10758000BDF082826EF7EE5EE2F5A0909C2F3F0781
:10759000F18BA1B2EE1EF0E54EA2B58CFCC6B30B8A
:1075A000A6888AC7F2242A5A82EC196AAFAA9C726A
:1075B0007D213D83B974AB214845D6764051C491B5
:1075C000DB492A9EB6FBF99A39D1B706BDBBC7DBAA
:1075D000617457D0A78EC2621A294F159802188E6F
:1075E00069330C3B871C113E5D78F293933A1FB4CC
:1075F0002F88D3AF73995A18AD8679DF06C2E55547
:10760000CDE940D96A8C10FEC094A0C275F7F09AFB
:1076100048081597D15A3CBCB26FB4C47D1E35D30F
:1076200047EADC84C385BCC8B3CE89C23896460617
:1076300089DF43039FD80E2C030DC5E0D49BF59240
:107640001A272325FDE8DB258E8AA943CC25F36C78
:1076500082691C76104223B9F2866C894B9A3C4AA7
:10766000800B5CAF48D75467DCFC0000F7ECBEF839
:10767000A3058FB84F093002B591AD81B6E41E263F
:1076800030E8EEBA423B774F9F8AEA85B01A2F88DE
:107690005C9547F4AE5265AC469A854B454744101D
:1076A000B4E3BA14CB45E56EB2BB010ABF1DF0FBD3
:1076B000188312F44E48BF5A5CAB292A316709E699
:1076C000F1D77006B1997928DFEA21B2534211CB84
:1076D00088BC804DD036363BC749660DAB8AC16D3C
:1076E000320F2875143A3D770FE704A24D4BCD4970
:1076F0003AF46F5F042E58E075EA5944BCECCDD2E1
:1077000050CB14287389D822487C6B96AE11D000D8
:107710005FAB096DAE76E6ED9534C5CAD4625C42C6
:10772000ADF99C877C6CC7EF52CF59FA07952D4273
:10773000FEF704BF2F3E8B77CE27025A3652A7C1E1
:107740002CBCAF123203E84A43C585DACAE3947F02
:107750001105DA74C4570C1C709947C973C76D883A
:107760002683FD771F5F0CB09C73B9D4265DD3448C
:10777000C57DC07581D8CFBD4B7EFAB66B221B315B
:107780009A62FBB76F21B2ADBDEAB1173283EEBE8C
:107790004D1DAB70DC631AF36E68701C3919080C50
:1077A000F2DE11AB8E33E45BA5A3231FCAFCF05DB0
:1077B0009B4FDA348A18FFE184CC9FA3FEA427AB49
:1077C0009F3F342D29D1A079A05D2A010667976AD1
:1077D000B45BCD1091CA386E8FDFE5E9A79BD9E382
:1077E000BA3BEFD74DB267459FCD6A524E926E3588
:1077F000E4D2368E20E2663A07C2FA8300A0D47A39
:10780000AE05F228FAAA1FD2CCE481B39140B64A61
:10781000E3CFCA50EAC7B55369E07BB7F59CEC6982
:10782000FB04A2933E1507EC58C5F019457E77047A
:1078300001AB893CA662952A573859D571B8E72122
:10784000CA08107ACA84DE97EB97675D422CB62986
:10785000A5CCA3F9BBCFA0E8F95F1367383E10BDF4
:10786000C241D6C91491C5065B79054420BAF120FE
:107870009709E8D1473B3EB3DAADC74439109BCAFC
:10788000C5C5FB3489495926F931431B6FD2F2EA49
:1078900029B55BB9EA057A700DE735A227A843EF51
:1078A0003E3E3EAEB360FAFF747993BAFD643F6D1D
:1078B00026DCD074C1DEFADDC6D3AC21E50A3A6815
:1078C0007E0BE1BB411CF464586DDB2584ACF42EC7
:1078D0003E5115780733B5523E535760894B359F5B
:1078E0006FBF41980FBD27986D9BD869C6A9DA4F25
:1078F0002B59BA676919F1A2332AD2635AA9839125
:107900002FCB67B8B134CC2DB8847CFA3C6E410ED5
:1079100049CD5D10B90B73F38EA60A1FAB5078A04A
:10792000A129AF1677190F0E064A90D45C74F21095
:10793000FB4C007E083C8040FC0F4AF8732B408DC6
:10794000A765D81234D8445AC69795E2909002E2BF
:10795000BB4E2C51B4AA77F84BCB731BBBC035453B
:10796000B2807F0607BD3A9B181F526CE4088D0C4D
:10797000C0415C2EF7FC7807CDFD1787D19E7C1F98
:107980008643B176DDE962C30BDC44ADFC3C78771D
:10799000DFD4956C35E38286E14E1607A657BC22EC
:1079A000B497EFDFDF183C2C87E48D410B8BD09828
:1079B0009ACE7F0B4B961F4EE08324CC5B79A36C51
:1079C000EE430D52EEFD294F4F01349DF351D37616
:1079D000E7E343FC3EC603273C2787AD190905DFD3
:1079E000047616FA185125DD6B7AB3AB0299E36081
:1079F0000FA0BAED01A38C6893807FBE5B7E13D489
:107A0000AAA63A03724F113626292AFF251C2ED426
:107A1000A36A74CF9647EF59CE34A08947CC2097FC
:107A2000EC33A70BD73CD98AB49168444942102B58
:107A3000897B59BEFCCCC112A246E58759E9AE400C
:107A400067B5122EA23ECC4BC14305F24382125EB3
:107A500098021A741508E8C708EE58602D3F109078
:107A6000BB5C3D04DB0148AA719E4F7B318431A889
:107A7000969602290B9C40FDDEDAFEC893D0AA132D
:107A8000E2CEB53493ED6A27D0CE56A4B8F9F122F0
:107A9000D505FE4DD926F477CFEBA5165E7EE86FAF
:107AA0006514884B2E3B83C9447B1442EDF07D67FF
:107AB0009C38B0650A1B2E6CE7BD739829798D5AE6
:107AC000FDE47A30BA1063FCD835558E6A23C48D34
:107AD0007D3C9F8BDA17E258926689DD218560F73D
:107AE00021E3C6F52D3D38F73298EDC1675B9193E0
:107AF000A4BF0017AA79DBEEACD3B3B245BCE8ADA6
:107B0000720D493F8FD3C1AC657804263E492EA043
:107B10009049F86EF20FAA3956B911CE5DE32442AE
:107B20002E04E21C5927B77E3DEBFFBD22AB48A9CE
:107B300007C727ED74E5158842AF09288D1FC0FCE3
:107B4000EDF353A06DF8402B6173805ECB7D0D1675
:107B50005BF36C451903B80991FCA197A491152E0C
:107B6000B628863A030E5E6C2071F5DE9E1C9F17C8
:107B7000079D61069BCB12465E0920488A99E1CF9A
:107B800065E57F1D276005B9090716AEB1C54A9B9B
:107B900045F7F8B9BBAF8D7B3F046E348A4185A0B1
:107BA0009578C3A30BF1BA6447BC3835EFB060CC0D
:107BB000EBEB7525C251AB75AC1DE899421062B56F
:107BC000C796B8C21C33FC193F4C72E8E751E16517
:107BD00039287335965D1D99F7329DC5E5B2736DF1
:107BE000ADCD7D2F04B10F46DFC64E5B5525528AC1
:107BF000F125246330DC8975524CFCE4A46BC4B2DB
:107C0000062289F25772C3708DC844E427C6BF7636
:107C10003CC03E3E1ADE6E432DB60C25D83325847B
:107C2000DBC98A51DAD1F45B21AED5E2DA3D94D4D6
:107C300054550A7C674C56C25B0F569E90B211B2E7
:107C40007E9426C8B2C7F9A2437E82774958CEC631
:107C5000ECB6CEB2015E469F185F0F85F107466F06
:107C6000C963FF61977681D9082E12BD683DEC90FB
:107C70005904F87B96F0FDF07C3B362F03E8CD6489
:107C80004DA509FFA747783B11225B96970749A9A5
:107C9000CAA11891C6378587CFE1354F59963EC6A0
:107CA0000C9449535380E35631CA52B19A4A56AFA5
:107CB0001BDF86374D30697EE9313E8778B9F4E7BE
:107CC000EE4924A60E32A00F1C9AB7DF3FC25DD347
:107CD0002A6EEB21AAB5E5A3886030B05F3777B391
:107CE0007B1A5668F146C9731AC15D48C85039E419
:107CF0006DFCFCCFB13CF03FF06BD671FB49C7BEC9
:107D0000EC2698C64B4382AC2C5807FE72BE9E3CB4
:107D1000B32CCDB48ABD72103F167280E0204A8326
:107D200092E85F9484906930C979D0335D84A34B25
:107D30000D083286726FD85D1BE5B6402E05EF2226
:107D400019B357D1B68C8D33D52316B5AB867FDBEF
:107D5000DC630F2700BD263D8DC855CBEADFCE8AF8
:107D6000802DDE5A54A1C4C66180853D33C155DEE5
:107D700031A99E5E7BF47DD46AB3EB3EE80FA46626
:107D8000D919B79E8C6E0976E60C0E32832E491BEC
:107D900070C22039864AA8931CF16DDA16FB905206
:107DA00018C87F62D49C91723067F4E06E61E7E29C
:107DB0002D1A2B4F0A3FEC15165B7B583A588B2730
:107DC000BBD15BDB9F07B04FE2F7FA8C36F666EC6F
:107DD000D2956063ECAAA577758A4D6A74035AEE52
:107DE00082E5F27352B38AAB70F116ED16538044FC
:107DF000266554D002BEC5104C2F1E97BDB6F76342
:107E00008F9934AB76575F5EB156AE687B5C9F55F9
:107E10002A7EC6D1C5F95DB92B674D8E1EB40F8A77
:107E2000396DF4FF63C544A7FBAD3DFD49C9B2BF41
:107E3000A34EDD540BE979DCD7DB33A953A716C079
:107E4000A6CABE2B5F60586928C68C9592D0D7BB56
:107E5000827CFE529B58CB85313CCB26D32985951D
:107E6000D05E19DA7A90BC57483F8A3ECEE32DB3F4
:107E700052291CD46E74C990531764A6D75048AFCA
:107E8000F994C5E8719718E0B48D33B6BC65663CCB
:107E9000E2FA3B94A1366888448963EB82EF476637
:107EA000CB126811E6950A1C7F5F6E8E4D6B592AC6
:107EB0009C702CB49ABF146CB722C14A99F376799E
:107EC000E81D4D979DF50DBEB46BCBC667E224E46B
:107ED00023419AF789520FB538CE3589F934A68FE8
:107EE0009DEF549AE4F729F71D42A0204F1F6C2CF8
:107EF0007517F511597E9DF08659571100363EFFD2
:107F00000447281CA31E9EF1E9B42E2BC6D9CF0826
:107F10006832F5C6171D4523EBCD6711DDC611BAD2
:107F2000DA66E5E8EAA52747CBC1E74BEBB40028C2
:107F3000DA2F412D617D71ACDF30F79BD054B78CC7
:107F4000F520B71C6B1175F0FE3BB421BD78656E52
:107F500067BB7443D2F0F57BACA5025457E05D09D2
:107F600044FDD960C910367290A72742072CAA6831
:107F7000FEF55848DE5638F9F192235E8E434EE9FD
:107F80007F25AB32D67AB9481E43C2D96866EB3733
:107F9000F6673A428E635F14E1E30D4341E9A49D25
:107FA000CDBC7F76108531E6AC9260F1B70479C420
:107FB00082A9E415D1C11D7C0B5DE0F53CF1844440
:107FC0007B79D708E5F39371648F384D345AC341F8
:107FD000A8A70297D149B98E6641877863C3CA586A
:107FE00081550B7A8B01E40351DE998AD867D12A37
:107FF000A6E358A348B98270AB54A305DB6FF8859C
:108000001380FB27976335D342F5B59E4F130426A3
:108010007B9BA8449749E4F8A75DE0120CE1824EEF
:108020007F923CA404942481917AC9820E8F24CD3E
:10803000D9A3DC7A7222FE83B8047D1AE4FF56C904
:1080400072A2601F998347276D3BDDD0389242288A
:1080500022B38A44F879D7979869876B121CD41D8C
:1080600030FDDEEB2437D3972E1CB3A82C3C8FE6D3
:10807000743B8C3DBD1C5EB818935297AFF5FFC39F
:10808000A5ACEA66297CB17E404750437B8AF386E3
:108090006D463A41D9060EE9A826ACD468D6F7BE9B
:1080A000C1CB2A482A1E59B6E07018D07A0216AF02
:1080B000FBA76026E273C1C5998F714406AFD282D7
:1080C0008DC4C402B781AF138A239C5449105DC28A
:1080D0003AAC313FBF39AEE8F15BD425AC2F4D4609
:1080E0003A99FE3203239F2A0DEAB41061335507F3
:1080F00087942EE140DC705CFD3C212C095B15412E
:10810000D7E2C337017A3665E7A80213F9849A19D2
:10811000CA796A3673D5223C5D08DBA819D1F1779C
:108120002FE86AD59D5AB97800B2F45790A80C5E32
:1081300092C075C788F93AF9EAAF13D9E98304AE5A
:10814000561622FB5D5A80E2CE1F08B44367EF8FBC
:10815000272BDD64EABF4DE23765B3B1CEC8F61D0B
:10816000E9B17783A26D0F5AF50BC366171776092D
:1081700036F77A1BDD785F9A6759E9871A0F93A162
:108180009083A8FC9C51F743B2626F18EA5BB20778
:10819000E7BFAFD6FB4897B5F759622CFEF35BAE4D
:1081A000D43F03F6CC540D456036A27EEAA3372DAA
:1081B0000211600FCE9418164AA79DB09D6B29102E
:1081C00025B6595A069296AE4625838C36018327EA
:1081D0002F81774598560C17964D9A9830A38D2A83
:1081E000CAEE6D079DDB6C653A0B8FC4132DA5108D
:1081F000DA13BA4862738A015755281CED187D4777
:108200000398B2C2E54C27CDE5FDE4A5A0E3C5FE89
:10821000CFCD81C400D2D6EA863A50DB2DFF7C2C2C
:10822000CAF8BAC9201F3451CE2842674CD19C45A8
:1082300094C6D6E919F248D9D5D9B747457E184F23
:108240002F990A8C3B0E97AB2DC86A01279D849B02
:10825000CB2F2179A55629ADF82C304B8FBF232E7B
:108260002546D2AEDD335BB088790358430D90AA22
:108270001703F1E3146F88555ECE974C5C444EE3D0
:10828000F08CCDDDA17ED675D47D605E2D60216D34
:1082900036CEF214699E307CA6A080B0ACE778FCA4
:1082A000FDF97FE5A7EFF04D64FE6E1AB2CCDB72EC
:1082B00080C950DDB8EF0062D7B80686E050B791AC
:1082C000EEF0AF0A89AA7D2B73EA4A90E42BD7A57A
:1082D0003F664E787DE4015F852E5EF73086FF199C
:1082E0009350BF042BF2B11CC9ED009ACC6CD8435B
:1082F0001BBA76536968A83F1752D8D5399B54B634
:1083000012B9EB572AB0EB52A3648A55966C3C78AD
:1083100010A7D20EAE3EB94AF77E0A1B0115EDA892
:1083200067B0AA8C5FF56729BE2AAAC60E5531FC34
:108330009D1F9A0521048B283F6D9C4F4397F5C9DB
:10834000FC15E871F58E5CCE41B45F45B1DBA395B9
:1083500024C275976228EAD831EB7BA7D0A45AE6ED
:10836000FC03A55F515805254D2BE726F872D40371
:1083700033E2F5AA9C6D5FF510941255B916C496B8
:1083800027F722153BDFF4CF78D9766D938BE4E89D
:108390007A7F06129089135B7F26C3E81589D90975
:1083A000332DD695CDC9EC733D4003373450491475
:1083B000249D2DF2F50EA5C59AA92E45D4D60CBF45
:1083C0003ABCBA57F084A36BA664B0F6DFDF669CB4
:1083D00052A654CD5D55F96DDF1245ABAACF7A4E4A
:1083E000C39A1259EE300DB8834A139E6D81CAFEAE
:1083F000CF850B24C98C7D5ADD7490FCC691D7DFE4
:108400000BE9C38E0F0499F0A82BA179FA0DE66C45
:108410006B34D956379E89078D58DA55C068097272
:108420002F3334D3975159109936F9170022A1FBF5
:10843000D3EC68F4171E71F4A11823055D114DC922
:10844000F1B83EB49B90EF4302EBA891E7336FB4D1
:1084500030F2772B6D927E182548B8FB8EB02575CB
:10846000CED8F225DEB99FDD310CA7297BAC4EB802
:10847000BC4B800A52210C79B89B1B3E460DC7F9B4
:10848000808E17CD05BCDC830D55CB4D22203E429E
:108490000609AFD733E865ACD798A087A8991B80A9
:1084A00048B5F259B703A7D3D046C669A48B046573
:1084B00022C14F9188C07AD7132DD9DCF18A576534
:1084C000A1247CBC739BF502067CFEB53917CDF95F
:1084D000243589B8404FA0636B7DCD1A086F3D3CB1
:1084E00088E99D8529A13100D955918FFB9FEE9A8E
:1084F00068C6C28B10ADB4B467D3CC281306D2BA09
:10850000845308398293C98D3C25764C917B290A86
:108510009FF59DBF9FB21D4093C2C83122BF17C1B6
:108520004BB5D65B55EBA2C2B18289F9BACBF50740
:10853000502D7A69680B5E4B8E84711B372F9ED944
:1085400066A1D0BBAF7375734BD0163E815069F2F4
:10855000402AC1C03A47397EB4E1AE0D696C8ECE77
:108560002498DA3F9D0A55A25AB7BF2B8B22F212EC
:10857000514F95BAB6610BB128E111BF9B988BDCC6
:10858000C1DEC9C726A4A626A332E7B86F33FA9086
:10859000A24F6A6D291798901F2598836CD9141FD4
:1085A000AED1DD1F26EFE4836EAFFD47AF356258D5
:1085B000E698F7D4EDD406B13F758E6B66E7050DEE
:1085C000C0BE2B64300509EDCCE6B7A4995DC13F70
:1085D000DDDFAD7AD5EEFA675DA3ECEA3A105254CE
:1085E0002750C766E01372CB9A66EE146490C2B649
:1085F0007A9BC4FFF5E835F6DF2D4A3AEDD94CF504
:10860000407B24A19DA71991B26E12AC3F8EEA87E0
:108610009676577EDE37ED2E6CE6E077DAE30FC311
:10862000D47A07640C9323BF83953B1B92F3D1A2AA
:10863000916689F9BCA69FC7AB5690E7C8C342B9FB
:108640008B14EA2FBADDA722801C1D21B829B47132
:1086500024677D2856B15A865178F3B1D9E033D7D3
:10866000578932A022686BAB408A030B92B4C306D1
:1086700049EB6AF972B6B9E927480EC3E83DB0CABA
:10868000175B6BB80BC47EA9DCD46C09879B57BC05
:10869000B67DC20CBF6BD393B098F527B38E82D44E
:1086A000C628FE52332F981FDC15FA353E720A0A8F
:1086B00001A6B0AAE1829EE5ED946B04E32617CEF5
:1086C000723224D71472789E0A72B0EE9F4875B544
:1086D00011FF0E240D35857080A782AC1D734C6987
:1086E0009A8C07CB44DE57EFF40ADF8E00C76FA2E7
:1086F000CB174B627101E65C82A6FBADC8253C91AD
:108700008B220367AA07690860DA1C82E7260ACC75
:10871000E819A4923676CC54DD318EBD7EAF13F8C5
:108720000027DAED1D487818A4A2E2B30B9731D7E1
:108730006142B171FE5E9173AD94A091CF7E81AC28
:10874000BC2444D0179A3D25B802B1B536E5ED9664
:10875000AC4F63B330735CCF691358FCE7964F207E
:10876000A0543F28EA6D9ACB992628DED475CB6FAA
:108770008FE605B0A796A6D4D56D4A30EB299F4B5E
:108780007E2D98A5F0BE66D71660B9B138AB153608
:108790001F44326B61BD250E3D1B1A0F894812CA5A
:1087A000422EAB3B12ACA033CB5EAB7E788B5A0A29
:1087B0001ACE50153B6E8AD6AF273BFC27617FEE61
:1087C0007117A946357A10B4B8A3FEF93BD26B20D5
:1087D000A92AD731EA363262447679C28950CB2B46
:1087E000D5BCC808B7E2C78D79FBCF87DF523C8F75
:1087F0008C3B3CFA7F7EDE07713C22780B06C3057A
:10880000E6878D3938443EDAB8F4851637F46B2B99
:10881000F31FBF36D9DA7FF9D6A8069103A645180B
:10882000240CC0CEC6E4AFF323A1E97386EB421556
:108830009AC4F7C1087B639B054B20293034D7AE1F
:108840007A465096B175178CDA3DEAC3EA18436F41
:108850004A91CA8F8AC3CA58D30C7CCCC30B231647
:108860007102F9190FE6FCD4A9AE971BA83C0A5077
:108870003177A5AED773695955086733E015B1EA6A
:108880002DFADBF96EDFE90C41AF1CE0D8CAD071DC
:108890002ED3E53AD139EC8FA0642EBF694A055436
:1088A00005EA802789F3537C863E193CE7AC0FCB61
:1088B000D3C42493C362688D348FA266B966EDF584
:1088C000FA3229B72158FFB2BD767F907F2035FE5E
:1088D000C654419F6812EB005C015B292547C5D057
:1088E000E55DFC9FF2691D507D1E2C72D60FF9CEFE
:1088F000658BDAE80D56E3D8A1E4580A57F25E34E6
:108900000CAC55A380E4D414734390409E338CC3C5
:10891000A33A3185421A2FEFDC1DBB15A3C20340D9
:1089200092497FBAB1F0A8BA24F9B5D22016C7B8D7
:10893000647B6FEA8F870364A33E87512CD1C04EBE
:10894000A6196A039E1289206AFAABF08D6F28720D
:108950004C9C16C61C648FCAC54544313313A6AA65
:10896000A4B95DC7435CC92EFC45A8426AB78B8E8B
:10897000D36C17931E61A8F10325DC283FF568FD31
:10898000EAD170CA0D19B6F29F52FE0EB3DBE8466B
:10899000CEBA063CA3AD372D59AF7F23D0A6654E86
:1089A00072A5C504614C7E2CD3C1BB0EDD06ABB3F2
:1089B0002D85F0D8F6966C82FF230E25E77816D227
:1089C0003965CBD1F1146576A5B88DE538D9EF4B73
:1089D000EF628AFE998BFA3756BAEAE7FE697D4C58
:1089E000636C2556A6CA260435FB3A501CF3D88D75
:1089F0004D3CAEF2FA994F63F026F72AE2854964BE
:108A00007E720A4DE53813DDF98AAEE86221AE24A4
:108A10002448DBEFFF07CEDEF41D82122042EA2558
:108A20009965417C929D3AF0494EED6B454DB46F8E
:108A300008E8BBC0702C5A35EEF625B306DFAC5102
:108A40007F1A97763C09274482A82DE0D57CA30B9A
:108A5000925B39E2BC6BF4FA2465EE12E473E880B1
:108A6000E5D5DC0C078E152446D1B81E9FFE1C3AB6
:108A7000B122F42E9BEEE73ECB87D4F426695A6AE6
:108A8000959589F317D5181DE6BE860CE8BC0B40FA
:108A900054266BB7D46064B2356E6C6756D0BDBADD
:108AA000FD0FD57690E3B3B8A2733B8B66F35BF60C
:108AB000428E8184D303A1580C418A302511C56EA2
:108AC0002920C999F6ACF4F56B793A1B65886016D4
:108AD00042C85936004F1AF69C09F162C67C9D8A3D
:108AE000117D06405514CEDCA28C62AD7A6179C24C
:108AF000BAA4121565587A6A5978601E98BB47ADBA
:108B00007795550773E9861887C8138FF0A589599B
:108B1000AD8824F89D82375E7E3434FC46D6EA88E0
:108B200043D089C15A4E71AB179968FF5AB543CAF1
:108B300041D99396AE857B2281396DB109D4F57602
:108B4000E8E1070441B86DA1B0978250D3AD461754
:108B500084C5755590D0E005D9963BC3D93586A319
:108B6000A294AC0926B092F07A9307D3E9968A6A68
:108B7000AAD24AE789F171ED6F2E7DE2506AE21DBB
:108B80004D4C6FC58AEA4F08ACD93A5983918F781A
:108B9000D10063616605EBAE7D00C9EA4E12B915DE
:108BA000C840644253F283454C9244ABBD7FBF4002
:108BB00084ADBBBA98150219DB5D4C7905B267D656
:108BC000F0499713C72B7BC519CB7FF62FEA25D623
:108BD000F702A5D4454595BBB478A1AFF3800EB498
:108BE0004991C5F5F8CE7E7E1E9DE313C3B8E5EB33
:108BF00082524376600E857707F86AAD02C6C89543
:108C00005B4EF75B89938C23449A748CB8FEBFB497
:108C1000FA1DBE8893017F4EF60AA89607611AFDD9
:108C20005351981D293013E7DF676EBC0E47BE2BEA
:108C30002436BB941CBA894F16E13D7D5F00FAC211
:108C4000ED5D8CF84E26D20D8780DCAC5A40F136B3
:108C50007BACD35F39EAE931DE1BBB6192DE886E03
:108C6000D40AAA6E46B1FA1F9444355F14269B516C
:108C700042D62E098373D7EB655AB7972F4AAB9F1D
:108C80007392F806E57538B0C53BF7B32EBD442D99
:108C9000A160492A38915CAA85B77B407929AFFB4E
:108CA00069FD4F4B1103E44AC6623E14BE769E90A6
:108CB00014702037D055996F009DBB156C84B78810
:108CC0008056661597445F2D0E297A14783279758F
:108CD0008E9EB2F022BDBED8408B0511DE5815CD58
:108CE0005ABFC7FB3E4FD252CBEF47A80B8365FA62
:108CF000DCF0A888E02272A68E4988020BFAD670B2
:108D0000AD72B67D8CF2031F82E1985070B3668716
:108D100074EB54BE9174724B106C15EF92F3C464F3
:108D20007A605DD2353A615E732768FD1819DF5AA3
:108D300024C18DB575676221F7FD313CD0A44C6428
:108D4000D594600B1F776146265D411F6CF3C23AD4
:108D50001C9CAADAB36017302F8210B3A3F75B7C98
:108D6000563F9488BF7F82F5E1F3B0BBFB11F47DE1
:108D70001FFF4B6A7F523B46CA02F2100EE79EA4C9
:108D800056E192A8B3FD8B876A3A293EF365B2ACEF
:108D90001327FF2DDF2CA9A93F9712D17D1DDDD907
:108DA0005BBF15F1EA84974504BEE7C1020D71115E
:108DB0006B692533DEB10AABD9077F133DDF67103E
:108DC0004AB896EE975FEFA01260D3668DB0EC9232
:108DD00080118A2DB8032D3A3DC5C70268556DF53F
:108DE0006EE534433ABD2835AE944D5B7A38147B3A
:108DF0001FC3658E7784224BF58F3960CEA7749C94
:108E00005387047257DFF71AF9BF06DA5A9265AE34
:108E1000B1BAABFD0CAF83F88F48A3B800848818B3
:108E2000F122227CEB5EB7C4DBC4B0F40D446EFCCF
:108E30000AD19F44E53AB0209A6B7C434365BCF568
:108E4000534376783AE8EA7D3967A73908603442B7
:108E5000A1AE1264999974296B4124A112D82DAF47
:108E60005D1B8A6E599F93D1D84ED4A198A5D95530
:108E700091B0C1C3CCFEFC917E2945286B624BE6C4
:108E800079C664212A19C8D8C28DB9BBECA9D014FF
:108E9000CCC31862DE37A102DEAC98B89B21BCEFD0
:108EA000CCC5498D09B458B3C9B44402391DF41175
:108EB0002F39D837A212321F9A701EE5E1442A3C9E
:108EC000200278EF17B665A4270CE252400A0D0580
:108ED000E679B321040D821EFE7869B844918B9621
:108EE000E084062FF0F2D7121966549EAADF19FD0E
:108EF000DA5A3548F76B0BE753A0010DEC76C0DF6B
:108F00005DE998A358F8FE5F2AF3BAC0B2E2B56CE7
:108F1000BD697AF217CCF9ED6706BF39B33BC3B030
:108F20003EA27D157E3CA5B176BD63894015209D8E
:108F3000BC3FE1003E0676D228ADB5EC9E1093A46E
:108F4000C584EBD846D5C643E7A9B7D39741F014FB
:108F50007EB27E84C145A3B831658A29502A45EC8A
:108F60003B028AED83A9676E0C9996464ED208DFC4
:108F700060237DA12798491A56CB5D639369C9BCCC
:108F8000CE57FF8763905B6BA6ABF2A1B7F36B0B79
:108F9000C927A3C726587C49150089C54C49819C1F
:108FA000D1ACC4F9F2938A46597EB6158B122B5474
:108FB000481CAB80BDE497DFB7139BEB907EE24883
:108FC000BAAADBA6E8BF1B693F2BCDF61A8A6AB1A5
:108FD00051D74B181F0BC1257BB692051BF70862B2
:108FE000AB20096121BEFE02EDD9B22A941A956A1E
:108FF000FAB836BDD334A7279C2F0D6A670B878A32
:10900000C6528DDEA88B286BEC904C2515CA80A526
:10901000FEFDD323D3015D03752D41A18216468247
:10902000720380A289FE764A5FA2ADEC485533B741
:109030000466B9F7E07D2C29C1EAAB1B08EA96E982
:10904000C41E3288846A776C2A766203A76C8174A6
:10905000780DC69598CFC3BEBE7F593EEF900310E2
:10906000DCF12EEDE80C25EACAF5795E7D0495CD9C
:10907000686236AD12964948BAF2818082FB871B3E
:10908000F9C894D9932933CB2723CD48AC2038BDD8
:10909000C7782FC00743C64281DF9464C3E9F584D3
:1090A0002089F5F70298AFBD537F85F7CD058781FD
:1090B000817EEF4D9A529199B645627F8D0BEB9C64
:1090C000671649EF6361FEB713666E81B17AC5FB1F
:1090D00073783221A99903D4EE8FF1D763B1063F9B
:1090E00009122FC949489A8BDA28213DA0AF5E9E0C
:1090F0008F66B18079BDFD508021F3E1B38B269658
:10910000D9B2F194E7C1D35348F1DDE65E275E8C16
:1091100054B03112412055822D72BFDABC2BFD7A3A
:109120005E572BFE901D2385AAB61009CB7986F2D7
:10913000860C1C58DB8441F12762B6EF1C0FF30943
:10914000D1A40AD05DB16191103D99E25D423D73B9
:10915000D55D40FEC81EEB9457E7151C6929C4EA8B
:1091600076761067CF98802BE929D2531C38E246D7
:1091700083495045ED4E36181EB0D427C2D27AD658
:1091800021DC8ED163670EBF0CA8FEF49B1C9D13DF
:10919000019323E6DE4E1243874760B7F467ED2262
:1091A000D745439C32CBDB6DD76AED97E7F76B244D
:1091B00060A523345DFD2DF32994F5C0F95795B1D1
:1091C000EDABF0089124DB4AAC9515C1DCC29F3AA7
:1091D000D28F065FC2EF5F7EFA40C386114FD94E31
:1091E0005D77C84B0FEC618C9771B94578B3C7A414
:1091F00033C0298024AA8D9E3236D190402F7E78AC
:109200001A4AF5A72A6E7755220E410EB17D5639BE
:109210001112A0A472341232BE402CA0B4323CF21F
:109220002D632D531329BF08815AB8932965283817
:10923000090B4AE7EF61A81F4DCC85BF57FD3D0ADA
:109240004ACE19B89763F0D73A069F98691C2A202E
:10925000E3EBE9A993158FFBA71A9D9E78D21D6FAA
:10926000A6E85E6C6292954BE9249421DF8F4BA0B7
:109270003755784B4391A753BFCDDB9FC085B09A3C
:10928000668D4CF6E999667C8FF0309A803A11BA77
:10929000248245F4BB00413D2B13F961A1D36269DF
:1092A0005B113B383E96C4A7437DDC41E7674931FB
:1092B000FE6362B76694F67040B1020599D989BD24
:1092C000CC70539552E0A96B1E2847252C5C26F1E3
:1092D0008B05193DA8FEE97E23764C2182F62415E4
:1092E000550BFEA80327BA94596E33E98864939509
:1092F0005CB00F2E57D9AD2C320016952B9E259CB5
:10930000EF81276656FBBBD583213A6F2345D1BB3E
:1093100068CD205B023F51A4EBA1C03E0B29570052
:10932000DA73F0983B2430E9DB64D6DCFE4DAD37D0
:109330002D0A2565A29D1AE5E168FDBF7D3379CC34
:1093400067D3CF3D693F125B1765AEA4B7E0627289
:1093500084D6A611DAF903644D919EA54249E337FC
:10936000610E8BE31B0672F3B9092F5308F11D9DA3
:10937000F3FD5E0370BCAB110AA981F37DEDE89C9F
:1093800006AEAC5709F9C950E92CCCD51B7F7EBA83
:10939000B9284C23AB16DD0CCA0CD195FCE0A1CE4C
:1093A00005594362B50A3AC032F5AFD8B600A350AA
:1093B0000DF2634E7ADBEA1D9F1F5979B73613C54C
:1093C000CBF868E419C1DAB597BAB581FAE25D095C
:1093D0005DE3AEE2F56EEB447959952034DDF70894
:1093E0008E5F78955B8AF9BA0C3C6B29F4A8C5208E
:1093F0002850F7AA8CD70A39ECAB67D269EB8542C3
:10940000FBC4401D5F0120CBBBA38361C350BA33B3
:109410008FE420784A59992D66EDCCC239C7B91E20
:10942000F777AE03B87582DF70A0944C685888A6B1
:1094300021242304159671C500F855F1067CCCB3A0
:109440003169ED60897A973C2D17C920451153DCAD
:10945000F0D0D4940A08C632F71345B32FC3F6955B
:10946000CAFDBD5EF232B6F6AD8D08DDBA98A8B37E
:10947000453A076E3B575F469934EA2CC118E14ED6
:10948000E258D7AB138A381BE6A4E84465E4612EA2
:10949000AFD82BC994A9826F187FD273D3EDCCB407
:1094A000A928AF08DB0E41D3461DBF143EEDBBF526
:1094B0004AA0F8DC3A7470C8D7508F1F6BFE765103
:1094C00073344B93E6CCA857A4EEB84A8072375554
:1094D000F0A9F2B34DD145ECF6963405DD89C3947D
:1094E00094E1343B1DB0CC60958868B46E33318E06
:1094F000EA693A5C7926303CBC932186AD36EBBDF7
:1095000042158A7F24A3CF6D8013B4FE21D909DAD6
:109510004C233759D3F53F89CB82AE802D031A4BAC
:10952000C4207C5479F205FA360A7A9E5A41D7C390
:10953000C831B0167435668859D6BF8281D2C00949
:1095400033A7A069F65D9DD39517913A95BA779C9C
:10955000978BFBB0B5E8EC60806F8C19EB52085725
:1095600019FFCC39534434005147A9412F33123FDE
:10957000DD8C699974535269F34212AFED9C0E2A47
:109580001275843689BD03C08977CD166C3C68D8C6
:1095900019B7E957B67FF280BC2C9410E78EAD5016
:1095A00046C52AEE374BD61CB2C9BD81CECAA7D755
:1095B0008762AE1CB6DA51CF53BFFB42040C48722F
:1095C0005150FBAD44AF4950041FE2A7D211A3A5EF
:1095D0007591EF6B2B7D4A4C2D885C0FC26A463724
:1095E000A5759FCAFF0921A46A80C922D9D586CB57
:1095F000B8636E355D1D2E4619899F58AD80CCDC51
:109600009C13EA8812DE09C46A5442C5ACBD60B33B
:1096100024ED84DD28FA9E16808250E97FACBE6D71
:10962000D54F898F73EA95E88D2DB4EF95CC5D7A8F
:10963000E0655112E52E44588052D25186AD50CB90
:109640008E99F63C50C4B0777A4CF0A74B6992AA39
:10965000D500AA0F81B0DACB77B747601B3EF8EB95
:1096600059ECD72FB62609D15480AA85322ABE508C
:1096700021A1434C06F524A2E5975CB3F3FB6802F5
:109680008697E68EACB0ED9F9512223670011A11C6
:10969000951A68663100C6CE2069CF6C59773C5365
:1096A00000F0AF06227CF2B83405717EF94B736985
:1096B000A6F3E05136B9736619098D3A42C1F4B682
:1096C000F9F0ED4BC9C05F30A36A49C8B360B9B2C5
:1096D000A8B3EE5A5BDC16F7E0CD643E5AE0916E1B
:1096E0008F24C4688AB474BCAAEF5E71063755979C
:1096F00065F1A3BE30B44EF18C0DAAE53814FB869B
:109700002C461582C7BAA63A83754EC0469D2C6773
:10971000872533671F263E1B9EE67868BCFE268B96
:10972000FA5E4D32850A057AB2E7BCB9E77E222F90
:109730008BDC72D46F0A047136E2E62AF7F63078D1
:10974000BFC958C4C20CF4FE87FC86EBF03F3C9EB8
:109750002A62504AC6F79D2422C8ED502911CCB781
:1097600004FEBFC42B3A7E6442A01ADBE23997069E
:10977000E984FD1494AE70A46CF89B59C30947CFDB
:1097800064C52E896244069930D0FC1D08FF094942
:109790009CA8DE115D3AE7ADD2DFE50FC603635D3D
:1097A000BAB74A1EC7F80EFD8DE30617E448361F08
:1097B0001ADDD41C6F088D315545B70C48CFE30234
:1097C000DCA65730DB78F5DAAB97D64774F884C45B
:1097D000532BD06D70912A178D4A4B871060D29908
:1097E000512B2DEE26C32AC03EBEB1F09F90374BC1
:1097F0000B7C652A076C4368E7AFE9B1586D91C4EB
:10980000F24DA6CE0EE47CBB7FCA5ED9EC1F277159
:10981000E5BDCB17557F84D91CF1B8CA7632C18516
:109820000B4D8BD7FB15730618F1B34F77506CDBDC
:10983000DA80A16454B4FFAB5AEF077D12D03CBC70
:109840009E8A5000035F8CC31958FE42A42D4C1E03
:10985000C3473F8F988C963267B5C22329FC754069
:109860005CE0F34014A6D52C00886C4AE8366EDF25
:1098700039C87DEFEE2C6F20A136DC3CB677F87747
:109880003AF558F8508E513233851ACBA39B3A5093
:10989000CE4FA34DB743A6B33183AA682A8B30F4C9
:1098A000096D9D4308400EDED961A67A2D1D264321
:1098B000C492213E297439E4BF30CF10553E04E9EB
:1098C00072597E4136BB3BB1685756D2EE3ADEBB89
:1098D000AE85811C08B1D6E4E677E4C3C1782EC713
:1098E00059B60B270E072A6DB7C36B1E85740B4440
:1098F0000A5F2630DA05CA6C9DEFB72BC27162B5DC
:109900001D72051AE826DFC1070105A483870B44F1
:10991000EACF174B6E43CEAB871283A6282BE30BFF
:109920000A2E366FAADAA5BBCD1E1E55EF9D90E319
:109930006773D4CCF7889EC6E59591A32454EC6F49
:109940006222A374678B1230EBC6915ED0456BD850
:109950003E67F73844A42B0AB9BEFF380391ADB374
:10996000789449B62B4DC208AD4FF9CDB446BF67C8
:10997000D75458BFBC0974C17BEC7116E2928D08B4
:109980006207B9282C7C9ABD9D1003EA192677FC42
:109990009710550ADF8586689979E0EF43A3104E4A
:1099A0007D28C850CF544E6290DDAC674DE1E71A78
:1099B0005A0D2B40A8C60ACB3A1050287F738E3D13
:1099C0008208F8DC772F06B973D3F1569BA91F2BB9
:1099D000B15EB0893A0BFD92C6F10370F3F496F8CC
:1099E00058926C7B0415C48E9B1D12EAFDE167B88A
:1099F0005FC9BFFE08F06C3BA11E6DE9DFFAD92DEF
:109A00002D924D1BF5218726639D385FCC3DD76095
:109A10003E6DF2FB9CDB3DBEC4E07259A5A73A3E09
:109A200038A8284A0CAB9E0DAFE9626DE3B3225A09
:109A30000CD912B5712A66FC4835FC26010ED208F5
:109A40005FE8F24CD8B0919D7EEA87763BAB291552
:109A5000639A77557F5D8B2205A8E7E8E7D2AAC90C
:109A6000E1698F94510334464F07642DADFB7F9F0E
:109A700089AC4AF8BE146C1E3CED4C864221496408
:109A80007CBDF815163FABDCC3073CA8ECF82256AA
:109A900033E7A7DA017E6DE447A4D1848AAC1C8049
:109AA00040CFB9515ABC2C340C14C0D7D681207A7F
:109AB000F11F0FE60301557F853CA07879FB235DFC
:109AC0004766CB44B610050D30E7F8C1B39A7B82E8
:109AD00080733FA3F77D6809F33684E9AAC48EFD3D
:109AE0005B5DA87CFD976394DF4662E6BBB525CC41
:109AF0007F3924F5834A8A5FBA69C09AA250140E4E
:109B0000FC415264C8023CEEC225F46DAE0C6BEA17
:109B100029E3095CBFED79D2292BC0DEC078F92199
:109B200031123020836501F2D29F8C220543503CD4
:109B30004CE85381627313F6A4821215A89AC95394
:109B40001F7E045C7102753B1DE00CC33F672869F2
:109B5000BC44B91640E9195C90DF50D512618A42C5
:109B60000AF877080AB56C81437193845A49738E59
:109B700020086DCE13873D302D6F70F088DF6F1396
:109B8000BB12CAA8B0FAA41967E1FAC4795EBB9CFB
:109B90003A72AFDC06A2822EC45495ACD7F3DDBE78
:109BA000240AA9C4CE328B76483DB69B1CF9F61E1A
:109BB00047C8E6409D590616AC6508299C73FFA965
:109BC00006FB7EED0FB60870C59F72A0F65C2F1ADB
:109BD0005643CB7676062C5DC3E4684478710B9AC5
:109BE000DD219D59DD01B539F5E276F87C4C18F898
:109BF0002D2E4ECC1A38E928EE7AD5CCF71600482F
:109C0000BA92B587CD08C0B36CB742132E4060C876
:109C10007F53B342D2B27A418ACB8D3C5EB6866125
:109C200026A6A0C4191351A84CF4D390A480065CB6
:109C300042C330D3B18E0F40CC706B82BAF0443443
:109C400019E9FA2867814203C8542122D9C604DAE7
:109C5000F27330B4BD895E60E1F3CBFF309856C635
:109C600077633B4535308963ACD0BF0A8A7D40B805
:109C7000D809CB1A2F478646569DD16DC7215ADC8D
:109C8000DF84D84D644D9AE7F1AF19E8E7967A6C16
:109C900073DA3F0D21E6D8D1F4B143A0ADFCA5EFB6
:109CA0003FFCF1A43D881D53346DE1733C1E956E5D
:109CB0000268FBB213DEB3B7E277F0F407A5E54A1A
:109CC00004F791E50BE90CFE014B903AD3D0CF336A
:109CD0004BE8AB05F09F271B7491B62FC54B38A9F5
:109CE0002A03FBAF56AE472E5AA670B2F4518A270C
:109CF000492064B27072CBF4917D700C72F794BD00
:109D0000D8E00AD7EE2057F8F2C72ED0616608E2F5
:109D1000440D06A26D8D276353C2F8FD4C22E3B1BA
:109D2000A8E3C1E583E00DF3C3160DFB54FBA3D2FA
:109D3000DB610509181D506A35F04CC0720ED8AFB2
:109D4000680973D66222D9CE15FF884527668D2310
:109D5000F660A3179A21F41B8BD566C0D99BE558F2
:109D600019AE100893DDE1A0CCA8EFF332F6DF3492
:109D7000DAA1D7FC6819CA6B84BE0C60B4737AD0C0
:109D8000E7512502122F2D0719305E51F7613EA5CC
:109D9000072A29E8DEACB3F1CCE3156D97C5287727
:109DA0000EB24D31DFF74C91542A1681EC79D16710
:109DB0008ABFF07AEED65A3086AB369758E0AC10B0
:109DC000ADED452501CB77F3B4079E71545B2E4A68
:109DD000E5E6D3A89A0615593E8C73D0B404C3ECBB
:109DE000601D8D0E3540D21ABDE90D1269E1D00615
:109DF000FAC1E949C51C1365336E42279E65511DA2
:109E00009E69091D97FD610FF0E06F62E7B0DA16F9
:109E1000164933B1B19FE0759FE122B5556B9E7A2B
:109E2000CD038D5F9F3B828B02E952CD0C1E77F0F4
:109E3000DCAC0DFCDE285C21CF3E26E43A61C49BFD
:109E40007A34A38DC9D0C3CEA628013525F298BA9D
:109E500012738EDB89EDCA04DDB16EB9C8E0A17D55
:109E60002D03EBE729AF6ACD6CF5C26B6CCEE11E1A
:109E70007B69E5E4C9052864EEE6E085E34AB514AC
:109E8000A67EC65B9AEC748341A5A029CE137324E9
:109E90004C91D5DEC82912E4533684008742677698
:109EA0001673F0EB2D26325BF24E1D184988FEF535
:109EB0007894B161697D490CB252CCD830EB7C0208
:109EC0006ABEF54311B6B204BD54B0F9AE1801C56F
:109ED000D6A6DB9CDC9124272489B4A9648D47E0B5
:109EE00039F83C527D5DF153C81B3F328E44529C81
:109EF00071E72600507887A8192E9605F83A5AF08F
:109F0000BC2C11167B5F937BB4E41C8DBC7954DFB1
:109F1000F45CB096D08F3C4CAE56C4F5C23C529126
:109F20006C1FD53FB77635317D828E4DFA754495DD
:109F30007DAE0CCF9A12B2856EC5649548C43FD6EB
:109F4000F0BF0C832EA611251D8EF436406FBB99F1
:109F5000B7BA0C348775A1EBF18759B273A03BD225
:109F6000C129F4709AF3CC92BD97B083C90C9712B3
:109F70008D1A15B9AC53ACE3EC5E9B1DCED5744580
:109F800096FFD7210CC110247EFBD9630B1929221F
:109F9000C2C9BE315DD1B1E1395EC545D1BB7C5E80
:109FA0007611C3DEF8DC046FCD5057F7CF3AF31BC0
:109FB000F7AADECAC3CC89ED3449C7C9290378732F
:109FC000D7760E92593468F2D13CED3FD4FC0B6F3A
:109FD0006DE4F018427DF10A3E7D58C16892A847B1
:109FE00045B6B061A92470B8155B81F5F5ECE108C0
:109FF000EEC26FE63486F1B6AC8ED0B3FCAF697EAC
:10A00000C37E484BD6372D9B271D2BFAEFF5ED214C
:10A010002EF3A7FDEAC42EBF8F7B879617633CFF04
:10A02000B3356D43DC63B7DB29BEFB1745202B0737
:10A030009DE216A8B4EDBABB77DE6A61EB601AE860
:10A0400092B57644BA0B64DE88CD263CE185FDCF1F
:10A05000F6F74464DE2AAA30C373A06FEC25652DA1
:10A060008047B0DF703E5A1E4A6453D7FAB7A2E366
:10A070007A838CCE2427B33649F918E708BB5CBF36
:10A080004E07C529823277A8DE652EB0E9C7B954DC
:10A090004B315A9791695976F3DC9715AF082E9298
:10A0A000A4715DF482F0493300D0D1228A79ED2A7F
:10A0B000A314413F6274FD59E22D05909A0F11C817
:10A0C000F94568EB5C1212CBC4C22D630D3003B1AD
:10A0D000812B91C411F46DCB16B1EC54A08F3F6766
:10A0E000BF8ACFBE6311D9BA6FF8807F2DEEEE8F95
:10A0F000FFC8F6D44E8FABE9B7A1518A7301E427AC
:10A1000051E58382614FED88E3F77E52C621421A02
:10A110004996C3DCDDC3D1E27B024B693F8CB3FCC3
:10A12000C508AB347E4E8599DA94262CC80FAFEA69
:10A130002AC0E7C07516B25955C6DE2AF5A32FC846
:10A14000CA69CAC8D2FEA8E9CCF658E6E72AE5698A
:10A15000DA096DB83E381154FF5284A0DB815BD11F
:10A16000CCE3297FB1BF9C1034E5CE490260DC46C8
:10A17000A55EA7BECFBBE19961FD6E1EE9EC64E56B
:10A18000FCD999B1523ADCDB2212E960704FE62427
:10A1900036EB095E2948D67863815C15BDE76624F5
:10A1A0009CDE19994522964006CC5F26B406863778
:10A1B0009BFD729C09C3E29201A35D0AD05D86E417
:10A1C000BCB3E4737D416305C63391DF03757BDC6B
:10A1D0004EEF353BF518066563827EB89F8C260DE1
:10A1E00011EB17DD08D0E138909A22BD96F4837602
:10A1F000543174E45047490ADB98BE6BF8B550C53A
:10A20000C6EB3580CFEE10C00A68673A670E8C1037
:10A2100020811225C643D96E3ED97078801D945096
:10A220001D1F7861D4B4DBF551EF79ABC8194543F4
:10A2300099A5F163DDAE429FC9F61417EA5C66A7E3
:10A24000487A22250F2246BB0DD5087CB3F019B4FD
:10A25000CDD9F9C6823AC2E8BA4689AA76DC2A1D67
:10A2600086E75FCAFFCB56659F80A2ABE061723F75
:10A27000D334D8FC20E665FFE415BE76ECD544D196
:10A28000F3BCF0B0D2C5DB6182F723181361B35B76
:10A29000774ADAFF6AC41DD6C2B0668410CC8B54EC
:10A2A0004B5CEF38CC40B22D8E400710DD032AB551
:10A2B000F56EDFD20A6ECFC2D6D29600E75FB13814
:10A2C000D15EACDD191EF7AD1C9D429ED97FB8CD85
:10A2D0009DC46C549E87B429A710285F36805133E3
:10A2E0004DFD97B91AB477C23A03DAE44B5D810D9C
:10A2F0008702D1B1D3626C30602D35082487FE000F
:10A3000096E2958BAFFB61F50EF3E370F9C017FA97
:10A31000899F020C8978C0F77B1111FEDD307B9E8E
:10A320009E236F6979E428A376A4A1F3A5304A6837
:10A330001FA7FF284D584AD04764CEF1F610A84E0B
:10A340004D3B4A736035522CCBBE8B198F07F0C83A
:10A35000E887342071B112D625B3FA01AB515B26E0
:10A36000D5BB8CC7141A2F4F2DA0A8D5E444A5B196
:10A37000002F3078F6558AF8980B9F02713D22968F
:10A3800059C2CCCD204CE3EFF9DD1ADAF311BA6EE5
:10A39000EFDFA2D769E75B776CB374BA91B602B30B
:10A3A000AB3AFE6417CF6F80CA7B86C824385EED57
:10A3B000A855273D89E7CE64DAFEF5D7C998DA1F9C
:10A3C0004A57B9E444907B2E2AA168F472042FDE28
:10A3D0007FE3D263CB74042FB53CF48A8373C3BC90
:10A3E00008F0C56FE1E1D298F4BF97503EDE87F1E7
:10A3F0005E0D37C5440376E1A4A07E327EB9B9E292
:10A400006124AD07DF4260AB617368964C76280328
:10A41000684916D424A51FB333F2654653645A64C1
:10A42000352A8CD4D22F8DCDF2F72C63F942FD1B47
:10A43000FD97296692950FF6FAE4FD1F426802BB6C
:10A44000BE21B8D1916DBD9178F80728A782B06D73
:10A450007BDFE97D4B74C68AC5B5E7EDBAD984D7F1
:10A460003D64271DE55EC39A757E93D79F67745E32
:10A47000B5C17768ABF573126E44AF8C0ED10597FA
:10A4800036F9BEC5F55ABEF23EEE177078E6ABF669
:10A490007C673A2BD9A813279D151F41439F4F3B3B
:10A4A000F5282B51F65639B3471218295EDB6BA6F7
:10A4B000358521D762A8A0D013FE2752D935FF6D6C
:10A4C000B264E9A84C553FCC84124FB5F2AAD04BE8
:10A4D0004131AA3653B69C375B288145BDFDA0F6B5
:10A4E000C3A4D258E5D2D86EB2B9B30FB9C553FAE6
:10A4F0000D56E9E979A055A3F490B820271149B881
:10A50000FA812619DBE0C6ACD49859538800286339
:10A51000D165A845F7B51958940E2A258856DB143D
:10A5200038C24EA16E7839E54715075372001731CE
:10A530001BABBE75F6BA075AE9EE1BD82C0CCDDE64
:10A54000E17210D7E6D93330279DC8127DAC66B2D0
:10A550003E079DB0FA457E79B89E70D5560C35E41D
:10A560004CADFCF92B2C5490D329E736EB01D9DB09
:10A570000599A75C1BAF23765FC9AD54E1FF0B843F
:10A58000FCA3DAD348500A6B913587DC1B9E252A41
:10A5900010C9FACAD34A4E0FA692303C381A1E226E
:10A5A0008244C007DFDE640C807DA8473259C13287
:10A5B000390FE9CB8BA60A708634AE4E4D0ECDEC2A
:10A5C00082FE3B4CBB4CE030A6CECC805086500186
:10A5D000D58663432B68F28EAC4C1C218300DD488A
:10A5E00010BD3BDB6B28A9E9E11E4A591847B93871
:10A5F00025E7D270973F0D9D490C43BFB9BC02655A
:10A60000706C7D55D42F84BE30DE22C57F7A4235F2
:10A610009E80239D048E19738ED2DFB7C67D222DB6
:10A62000E3272FBE3E451840366F5F75FF9950AD4A
:10A630000B6F0C3216ADCB0B9FCCD0B1F22C66E376
:10A64000F8C65F423BE1D8DF0A4739AE0AF2F74A63
:10A6500054B87153029D3AA2C319B601485915CE98
:10A660000BD36CB4AA09A3D2FDA86BB9E7FFA13F35
:10A67000CEEAE43B96F4B519C868D29604A7C5C2E1
:10A6800034738481E66AC63D504B585961E567BF13
:10A69000E77294F53E2012EE13335AD9E0BB3636FA
:10A6A0008B792653027A74E1FA8776E69241D9B71C
:10A6B0009A50D53C110C1CA5611CF72C04B743F52E
:10A6C00031FF331E8962A8D74B5F557491B4CAEC31
:10A6D000CCF6D0861794D99B8B8FDF877D26B61159
:10A6E000C8243792940310B3FAD4E74EF7D6ED1C82
:10A6F0001CB8D9A4BB89A6593196654880469DCB24
:10A70000BB951ABC6B7F325A696E0C425FABE80492
:10A71000495E92D196522E9FBD01678C3B6A0C3EDA
:10A7200042DB997FBFA906D9570DC6172017AC5138
:10A73000BCB51792AF0E3784501C083DB8E4604C8E
:10A74000511BC0AD52DBD73CCD0754572D2C096BA4
:10A750004A73708679CB3C71F492E28130813A1F62
:10A7600026D881A91DBAAD8161692944C7E3AD36F8
:10A7700028BD18BCCCFCB5407A4CBE1A2C730571B0
:10A78000B01F9785359F320E8092D958968160D33D
:10A7900058D4CB9C1535CBB912C5DD36B1302C97CA
:10A7A000A44DBBEDEA7151BC751A746D245FC1A351
:10A7B000686E06E378B07E6B1BA56DFDF96AAE5539
:10A7C000CCFDDB3EE6F998F1664692573AF893CB1A
:10A7D00062450ADE81FD4FBBFD6D720EB79FE9EA4F
:10A7E0006276997EC725A47A606B0090197F47DF57
:10A7F00067EB538FC4721D829E37F8823B970169C5
:10A800000EF73561ACD03AC4AA199BBAEAC18E6082
:10A81000AEFDB9FA56BB456045A75B3332E05B0538
:10A820009C5F7916B8BC98D9A1400F289C87FD374A
:10A83000C8568ACF0F092F3D379BBF2575A7692CB6
:10A84000F1676ABC19FE710AC76647FF1874583C65
:10A850004CB4470D43E2DB22E08082ACAD6947890E
:10A86000A5E781D72BADAFD7D999BCBA59FC1C2B22
:10A870000A1F79E07F9D5CE8145F1E468F5035F615
:10A880008EBC069318DE57C0F3A2B2C0DD349EBE64
:10A890009B64EB19C2818D04D3B47EBED050ED9E73
:10A8A000047E6B80888CBDFF5E1F54A925CE957EEB
:10A8B000C44296A3872B8ED23A4511CBD63C6393E4
:10A8C000A5BF359CC85BF413EF4DC90D34D19F6A09
:10A8D0008636772762CC536FCCEDB3FCED146DB7A1
:10A8E0006F42913823FCA6F402E422629EA074B069
:10A8F0001E8947BECBEF4D842FF3E01775E03CB5C2
:10A90000C647C8822DB6BCB07ED1081F937D2711E3
:10A91000F874A920061B7B5AC671736BEB4D783017
:10A92000E91D4725AE0402F5DC68178734B353FAF6
:10A9300099B4ABA9945B9ECF8AA17708CE3B3760D0
:10A940000C4E11FCDB9401C2F579B91354318269C4
:10A9500060BCB80B2E115DEAE60DE34B607A380E51
:10A96000B762F67FC153FF27B2AD1C74A4830A8F70
:10A970009BB48862CE5D2AD5DD80A944AF87501D87
:10A98000CE3A349E45871CFBD4EFABF50BB3136A6C
:10A990007279548F8BE25EDDF0C791158D699CD979
:10A9A000C8D66CCD2519A725FA1017B7CD0AC379DB
:10A9B000C1E644CD7A3B1C3A987207B4567237FF11
:10A9C000B4D9DD2468D2FF353872FF7C990BDE7F65
:10A9D000D5AE682F595BB59290873FF007E41DD73D
:10A9E0008ACC728B1F6CD3CAB9AA620740A9B6B8C9
:10A9F00042C54493FBF79114EA3FC573E211DD5D54
:10AA0000A205E2FA9430C6E70D416529A69C32E121
:10AA10000024021C7AA8BFDC64BE940DAFCCD5051F
:10AA20005B8D19F0B2806D244C423B7BA8A2A5BF80
:10AA3000240ABAA912CAB5C76A964B7F9087B07923
:10AA4000D7A602230B8D4F427CBB47BCAD937C73D2
:10AA500037660A48191540EDCBDB8296F6585C9EA6
:10AA6000297F255A8F7D74A6AF06A81E1F9B6B50A9
:10AA70001DF60A6A9C61C85CC631D542B975491594
:10AA8000546E975952DC89FBCDAB91644608CA1CC1
:10AA90009129F2BF8023CC1CF194CE328EC9EB6A8F
:10AAA00026437CFBC0694DA47E313FDA0725C8668A
:10AAB000492B37B54287B25C957945540A210C661B
:10AAC0007CB17A71D86A701FE3B9E77E0C58963F63
:10AAD00006C91F9B895A4A52A54125670731F9EFDC
:10AAE000D1F171CAD2244B3CBA0AA8838822D1C8BA
:10AAF0000E358903716D74CB1E19515F5A497C3B29
:10AB000097B90BA725B264F977428C3B292546D02B
:10AB1000BB79EFBAEA7961683C3DEA2A0B5804E751
:10AB2000EC63A3E6148131CB4DBE793039320BEAA8
:10AB30009FF6CAFE0FE7ACF3C49AA7C867592E6BFD
:10AB40007A1E3B685DBAE998F5ABDF9752921781A0
:10AB50008C7A4A1D9E493376767B92DA2614362A01
:10AB6000A663EC1B886BF0FC580A63F539DB93DBBA
:10AB7000B9C939CB3D545C60E34FBD6CF9BB93045C
:10AB8000A01040E15A7215C79673DFF7161237030B
:10AB9000E5BD537F2096CF7438E3FB68778F4DDE99
:10ABA00097CF04DC4D992CFDB7AC8005DC5F6E417E
:10ABB0000CFDA4ED6BABAACFF8778D40B29B8BB5A3
:10ABC0003A0FB4B3F03C4BCA2B940AF88B7C2FF4A9
:10ABD000078D86D59B7D843C20A7361BAB80F9FB77
:10ABE000937D20257B36936A6B11778B2A47EBF494
:10ABF00078397624D992EA8642AD4D8B15BCBE4990
:10AC0000743C94922C8A43954872E4DCFC594CD0F5
:10AC1000219D3DF5BE3FEFFAC627F1551131A21D2A
:10AC20005E21FD8A7630E765D2C1D125E6E0C8E92C
:10AC30009D466AEA2DD242BFAE98A3AF54465E2F1E
:10AC40009A34E6832BFAD6C57EAB98F84362CFE4FC
:10AC50006543232093987AF84667E373816EAD913C
:10AC600070453D5C511F65DBA66D5DA8A267951719
:10AC7000B7D4F9AF3F7E4320405C97F0159BE5E0E9
:10AC8000F1EA2BB8922B976A2AF247504F5354EAB5
:10AC90009E3E36937066A43A15364A2CA99CC5B4DC
:10ACA000CD6D3499054B01E67600A1E4570FEA8794
:10ACB00045B7AD982DDDA0E1A11630EB701F57060A
:10ACC000A94B7242F3777251FC52507FAA249BF633
:10ACD0008673B99407F825BC31600D3DE5D345C9AD
:10ACE0007B9BD6721F88151F5C7A534D46FFA7CEFB
:10ACF0009ED81A793EEB0B393DD5EC79D8475F6881
:10AD0000AD97482071B430311C73AA45857C4998B1
:10AD1000F2E4571AFCD37E7DDE8B98A3FC9078CFAB
:10AD20004D3BC36CE06007FBA1996A6D59CDA81B30
:10AD3000D0BF63EE86BCA55A663C2CAE6953E9943D
:10AD4000467DBE5D97E1A15F99B2BC115960DF29D4
:10AD5000F453E0B0F5216D8F3DA6E24A7AB7EC538B
:10AD60007DDDA9E5E82A1FCBCD97532FEBE8B2E1B3
:10AD7000483B47FA58868B40C3B624B23F3D2CCBA4
:10AD80007D84BBA17F9399627A2F80990FE4649CA4
:10AD90006CD081F4EF58D4C156D9A9790BCD59FCA8
:10ADA0007C31583AA19A1D9745A877092E8C522CD0
:10ADB000A731135CA0C02DB438AAFF20167EAD0ABF
:10ADC000E0193DD62ABBD99267C8C4D10031814869
:10ADD000E9F8FEA6B86B6DDDAC63A2EC969E2CEC98
:10ADE000E4EC810FD1303F7C82D32E15AB62DCB115
:10ADF00083C0DD1D0F536A86BD8AFC580EEA32DE21
:10AE0000CB87DE66E953ABFE750109CD9E06314C5A
:10AE1000B0A9031D7D624E30D84D67C64C7FC2A4D9
:10AE200002F2487FE5E36FD8AB08DA038696541D3B
:10AE3000C24A05A8B12CFC4C2847FA3A4CA7AE658B
:10AE4000F4A80979B17F0139E131CFAC888F11873E
:10AE5000B7CC9857B22C8FEB931F353C8760DD55EC
:10AE6000F321886E5ED145325F474C2210E78C2873
:10AE7000692C9C23D4A30F29FFB0E8253FE7ECD72A
:10AE80003552BA20957DCE1949484EAC59A0A9B685
:10AE9000D1FF07C64EC579613D9F7CAB8739F1F480
:10AEA00017704F48B5F6FE981D9C5BECFA5E651F67
:10AEB000DDE19ABCE1C9072962ADC9E70B27E0D6FD
:10AEC000169EC4149751EB8BCF53FF4D59C46D3F61
:10AED0003010D15E8307FCBAD29E705C33B1909083
:10AEE00041CE1323ABC0120FC9D43AAF6D93304398
:10AEF000E2585D9AF9D0871271E44FAA688AB84384
:10AF0000A140C0B8C2375B773B4E058E238CB3E1BE
:10AF10001398F22B364570EDA5A4BC2B88A84FD111
:10AF20000EC89327C2A0EA59AC2E47E547878A3B53
:10AF300026AD7AB7BE1C871DDB137119350C79CE8F
:10AF40004084C7134EBCB1AD214E7ED9C12945FF07
:10AF500011F61CA2A942210E9A8F15998717E84570
:10AF6000E3B9B5ECE1110E6D80C5AF7B4CADAD8999
:10AF70007125A505093C43E37C8D1148EA6B49AA7C
:10AF80005871A8C58801F4AF25C6ECA9DE9F484DCD
:10AF9000297C8C81C38938B7C9FC6853F15F99B5A6
:10AFA0002913B4E0F0FB7161393861A85074D91FDE
:10AFB000D2EBEE900D9E320637D4E3EBA7016C92F4
:10AFC000A0D9110E53BC43B6FAEFEE0F008DF8DF97
:10AFD000907B6AEA5E752CAB2B1ED005891F7C34F2
:10AFE000053316130FA0249FC794CBFF155A069B59
:10AFF00016142A208AE9CBAF35CC0478A70E1FFCA3
:10B00000D20DD8A8A66EE6756B93C18E0B61B6C93A
:10B01000F2D213905E0E6D12923ABD7025A62A37B9
:10B02000A619313A801A39BCAB429E7D30D68D1AB2
:10B03000D37DC87D36AA9FDA582AAC6AFD529C554A
:10B040000789BA700294AE32D580EDB003BD5FEED1
:10B05000FB01D41EE7A321B3A0EA49A58E7E9EE999
:10B06000EAF12C15FC974CA54E364B04F19744C1E0
:10B07000C08CE16031B6AB20B5D24A7595A288315B
:10B08000CF866EBBD8B16C63F59B94E399B1462C27
:10B0900059C171FB286C7C305483B8B385B7E82C58
:10B0A000A404625424FD27F86F7AC726BEBD7B4BEB
:10B0B000E7798DED959AA86DFE03A62949728C1744
:10B0C000C88CB51BBB9D3885301E05EB62E3289B01
:10B0D000C539A2E82C848496D31EF2CADE97774540
:10B0E000D7A142B5F54D503742B4191E57EC94D351
:10B0F00064F76E1B60F0A56A882F8B66E1DCD07B5D
:10B10000749D933939A6E2CA11E49E8A1997C26EDA
:10B1100042C5295ABB9D1511A6013D3E606B85971E
:10B1200034DB88686BB6C1FCF4AB93B1DDCBAE0801
:10B130004CF2DDFF58CB96AF04FE94E1AB16B05A4B
:10B14000E8B538FF6DF3A8379514D9613216EC12C3
:10B15000B5695AD5BC7CA4E2E1A110E517BCF6F9AB
:10B16000B5198AAB6003FEB5CE11FD877FFC782D43
:10B17000E043B803AA541AF5CD46A22CB48BD24BA7
:10B18000C295325DEEF4E40109AECF4FB35EBE3A34
:10B19000301DE59C9CE97C93474756B8851F554276
:10B1A000B6D8AB31B0F10E05687001F7CE38A438CF
:10B1B00054EC9F83B9AE409229C055656EA38D6A49
:10B1C0008462F348F7102EA92F43814B3796FE3F38
:10B1D0001D88692261B6A512049016CDF66589E234
:10B1E0003893B5A6E296A012AE2A0D4D03E35A3865
:10B1F0008D3844E3DB8D58D85F1427398C5DBD5AF8
:10B20000349D3E82F3C6F9116965CBBE92FD5A8B1F
:10B21000CB05737A948C1C17CB7F8991C177A221BF
:10B22000050AFEC59B99FEBA6B052EAF327C92369D
:10B23000F7B7D7F9D992EA1E381E359C29A5F772BF
:10B24000A14E012EBD5BD462CA373C927EABECE1CD
:10B25000BF1821302551E8B5DE0B8B204318C022E2
:10B26000F115391E64270AF168F7728E648B96E532
:10B2700048DCBCB9C1827F2D018A7417175DED408F
:10B28000859FAA2087F3788542BCAADE6B02489C82
:10B290005B124D38309CE5A625F85B1B71FB82EBF9
:10B2A000E100D870652F79EF7CA845825937D9170E
:10B2B0000EF572D93C8161A63BC9D2748005476303
:10B2C000D12D34BA2D0E255B1B44211E70A9AF442D
:10B2D0004F0BF85D28F12CB9F93E13F3649C0485FB
:10B2E000C8E37F2D1C25FDD3A8ABD2D35D9EA83F1C
:10B2F000FA94CB6BD4682528E1E9FD862759374CB1
:10B3000001FAA861848789BEE38C69BBAA179D49AD
:10B310005991B4BF36F2CB33D760FCD7E8F8ACBB59
:10B320002388AD62F406D9A51C451133D80C1C55F1
:10B330007ACDA8C8D652A52A665B5FF6DC324BB63A
:10B340008B243168B7E94B236C269351CCDF3C301A
:10B350002CEA6A3652240F928A95F7ACAAE629277E
:10B36000E7D4759F1E070D393317697285E9F3110C
:10B37000D6D8BA61E3B32383EDFFA6143DBA1FF418
:10B38000CD9CA1C1F62DADD5086A3CCB8E2E87E1B0
:10B3900060436D2DC84785F095D9A03FE42BBA9640
:10B3A00043384BFAE87D04513B8210765E81565556
:10B3B0005A79D4B32935AAF955DC291377EE070356
:10B3C000E39D99883A18DF882A87D4B10DA4F7B88D
:10B3D0006D78EE974A1DCB487FB6B5D3CDE0BDA8BA
:10B3E0004AA2E096B690FF604F744042AE5C2A9F3E
:10B3F0007381DE9646C80D765BF9DB8637A2D11CD9
:10B4000068DC3FECC333D82C6A19EDEFD02FF6314E
:10B410003882D003A8617F5E43F446F24FCC23A963
:10B42000CA061E2F44255EBA1B5E0B587214A2502A
:10B43000C93B96BA4D82CF83558A602997A641BFF2
:10B440004E57FC88252636E794E5338AC6B3455A1D
:10B4500096B4644FAFDF0CAEE1B538864638C09382
:10B460005786F444E065B4604E9C850131DCD5829A
:10B47000097C477C8A70B9EC1DA8126126DAA656B1
:10B480008FBE2A1456C18073359DF0053A6264F26E
:10B49000861E34AE60125C120018B3E38C295BC1C7
:10B4A0002841053E383A30661886277EA90293EC7B
:10B4B0005FB30984BC3AF8383A72AC219912560944
:10B4C000E8C97C5BF22E21F72CD76CB89438F7A230
:10B4D000555685CE3A4CFE9D019595793F53A8DE91
:10B4E0006F81355351F7DC8956435EA2D0741D5DE0
:10B4F00091DDEFCBD8EBD7ED11B44A45DE5BA5A3C8
:10B50000B65E6F70D200E01E48ED1C98F3FE9427E3
:10B51000BC96E01C080490BA8F004DFC4ABF17751A
:10B5200091466BDD5504FADCE2E3416799EC4BABE5
:10B53000EE3C640A801B4590AB5A343E6A6E63C38E
:10B5400011EFB82252C643A7F1C0F9646CE9E33B9E
:10B5500080C433273B9F4AEA8DA19F9F516D887A13
:10B56000AE62198E302C04D5AECB050D618178C545
:10B570003F7452F1DDECAAA85F42DED2DB10D7BCEB
:10B580001938751EE7870E9CCCF83D86728AC14B30
:10B59000B8BA15B9AB722620E7DCAE344B99B94E78
:10B5A0003388A9882A1291B09704F411342C19AE6B
:10B5B000E01FAC3FD51CCB8D1819E10616F2742A9A
:10B5C0002DA4C7A4038A49F6078C039B327E1E6212
:10B5D000AA008CAF7A87BAFBA19AB610F044220178
:10B5E000CF42563667907FE1FE78508AFFA520E370
:10B5F00098A17BA1DEAA64A5505731421924B20A52
:10B60000CBB8631521ECFE5856CE999C970E42821A
:10B610007B967CA6C98580FAD9553AE73A9A100DEF
:10B620003BC6DCC600BD046FCD3FDDAC3E3D7CD1EA
:10B6300025BEF5B7308AB184C39A13F5712E8238CE
:10B64000094A96C1EE9171EA0C1B019246D97C140D
:10B650008E289A457E209672BB3E752D7CEC311D5E
:10B66000240D476674DC452CD10F8D25F8ED99919A
:10B67000245E4EAB44070DB6CA7A7E31508D70847D
:10B68000840F310F62F9FA5DA677F1CA57C64EE30F
:10B6900001C9EA1314DCA0EE6BDB895A849E24AD49
:10B6A0008EEC117D58F8686AD05FE7E3279739B8C8
:10B6B000B20A010D3DB38B5A5C827C532F6D234C33
:10B6C000BE5434EA466843BF6DF744B083016AFB59
:10B6D000203F05459FEF9B3FFEC2452B410EAE1616
:10B6E0001225FFC0AA0CCE1DBAA06CA787B6813365
:10B6F0001E6EB4FC5E704A8235D8E5E7B8AD4052A4
:10B70000D7A4AA726C4715F769B9FBC9A5B26294B0
:10B7100072DE435D5404D60B51FD61A523DB3F3738
:10B72000DDE26918756D6B4948E4CD2FF4393AAA0A
:10B730003D273C049BA778F3DDC4C8D642A5023D53
:10B740004DD86E3A4A8BD42F27E09A7E16A437DD67
:10B75000B2ED46206B7EE6F6DAB519A15FFB15FE69
:10B76000FFF411955623A066EC93BF066E10E2C15C
:10B77000A30EE07DD2A827823C45A1ACA5983CB69B
:10B780009E4B26784C126CCBD4F026E945F55C51E3
:10B79000E1A7DE3CFA21B02C76A79E01D08FF059AC
:10B7A00067B96E03764C560A798DC90F774AA38A1A
:10B7B0006AF6D0A4D511327A7DA3CE00B88A339927
:10B7C0004C6225F44B1217E81D7BEC2CFCE59A9596
:10B7D000B1467D9E374B00B4781761D58819DF5587
:10B7E00068646ABA7523E0DDBAF6438FEBFA281372
:10B7F00053E566000302A6CF77C50C7F1E24E08DBB
:10B80000C43E3B052753629B4575EFB14EEFBBD558
:10B810003AF3DCBCF1BA28BEF7FF439DA2731413C0
:10B82000823F2FF99B19B272E2099B94795B7F9456
:10B8300057B22E67C6E41669FE3AFC63F2A265278A
:10B840001B2C922ABBC15E1449C4DD5B54ADE8FBDE
:10B8500024C9C1F7DD2015822F1CECA7793C84B2E6
:10B86000EEDEE6569C4F4A23AB04B84D398CE0EE31
:10B87000F343E5629D6F2F26E503F279A7D5919AF0
:10B88000B1F48C4732EFA974B9EE0EA692EDCBF568
:10B890000D3C6DB01A8C44FB15F07EA632736156D8
:10B8A0006AF96ED61F9FC6C85FD66ADA14E363F1E1
:10B8B000E5D210933C44C99E30BA523C41B1049A3F
:10B8C0009E82788FFAA8B882AC6089F6346D43E224
:10B8D00072ACD418D06946BAACDDADF25E5B5B02E7
:10B8E0000007144D66D31E0F9D1882213D95F14926
:10B8F0008C8790E43DEC5983C30216595C34726F17
:10B900009D3D5EFB52031DA08890E8E621759BBF1C
:10B91000AAF7F030CBBF6C31A2112881F01A1E5F5C
:10B9200005F7C0365E6BA93E111FE55DDBD0590EF1
:10B93000451AFA17E4A716B220FED49FA0D994C8DE
:10B94000354CF18A76AA5C06311613D760A5931799
:10B95000ED43EA088640D8DD4BDCA064F46A465B20
:10B96000AD434340DA144362421184DB09A7945388
:10B9700037DAEFB7137A4164E6B3733B04B8611862
:10B98000540AFD10A531A5A2B770257FE127C9642F
:10B990005E922433BB6D410E0A71587169F9F974D6
:10B9A0002462BC37BAC99375FB9CB95E3BABFDEA18
:10B9B000A04540B08AA56E71CE8D51BE979C3AFECF
:10B9C000E6CCC2EAE7ABB186B0BF18A2695E3F0021
:10B9D000A116CD955E92918C5EFF999C1613678F90
:10B9E000FD061615F5767FF53614D3FFE6302C9C50
:10B9F0000CADAD787A930D898D0D16AA4A009EA0E4
:10BA00009E6D72416893D20853F511D57EABA9A8FB
:10BA10001A192725A6DBE63A70A47DC40779CDED77
:10BA2000142DCB63B1C1417FE2815CB4BB1A0142EA
:10BA3000A235CBC0AA9B3E2ACEC7BC8FBBED5E9180
:10BA400050B00DD3D400118CC3A21A03206DDE991F
:10BA500053CAD6881CB6CDF5E71467005835F8CE22
:10BA6000440392C54C1C36CA819987ADA024980323
:10BA7000B314C741117F9AFEE93312220AEA6EB766
:10BA80003726D8AA1FEBB51C32DE096496F14D4962
:10BA90007DEC593315B34C571EBD635960757DF16C
:10BAA00090D7ED6E706F72FAEDE7CB9B73FB9EDF64
:10BAB000BCBA01FF736BFCBA5D18D60BEB6F1E2B83
:10BAC0002168493A61FA46A734BCF8FBD33B96702B
:10BAD0000DD3A61E1C061BF216848276D5A26283A5
:10BAE00072DFD0FC83195F0D6CFF13159C8A23F85D
:10BAF000F6B23DCF177ABB843B31BA73958A4F1AA1
:10BB000089F5A6C9BEEF841F2A7313AB332BF34B01
:10BB1000A21A411F0816AA101A55D01B6A06BE8722
:10BB2000F0C6B41FB4E8A3C7F56197FF4C5FC9FB2B
:10BB3000C18B9C4C7F74B839252122A6F9AD8DA606
:10BB4000D2E5B471022711113D8C9E4CED56FF6E6B
:10BB5000668B2532F08C876C811F263FDC639D5AF3
:10BB600039BBD5540179FADB8E305E28AAB6A59987
:10BB70006748243B953976537CAA2BA1941EEE2668
:10BB80000E6D8504EF6F0E1A4F82E7337075A4A116
:10BB90003DFD7D9924E9C66A39B9B241ECCF060270
:10BBA00077469E61F73AADDDB3788448400E6E5A11
:10BBB000E8960C217CC7F5B0A8757AEC7E1DB281A1
:10BBC00010229FE073B4877E341390D354F357B39D
:10BBD000703CC230E3CF10BD8D5B0685D72E82A6A8
:10BBE000CD53544D3816A7BEBEDCC3D365D256F72D
:10BBF0008C664B426C7C865AC9703D3AD50360987E
:10BC00003384A6CC90168C643F1889FE5793C3FFEB
:10BC1000E839676BDD2EFDA9AE2861FD1E9F6971B5
:10BC2000B9129E8ECD4930CD8814BBFC2DC10D823A
:10BC300044BB534B5CED381FE0F16B29138CBB9078
:10BC4000DBC39F08C72C1FF640617AF02C7B2007CE
:10BC500077E7A3A4D02E5C072F98B608639DA81E93
:10BC6000680922047EC386168EA338EBCBD700303A
:10BC700068789437FA23735E3C3E6994151353E851
:10BC8000878ECE9B05B80825DAF7E1C35F31683DA2
:10BC90008844EAEF8C43E864F5BA3FF0A682BFF42B
:10BCA0005346F8B7A91F823FC5C8CCE012158B11C7
:10BCB000A1A573D044286E1E0A8CDAFAE7431DD979
:10BCC0008416BCB2183166CEDCFC79EDA2879C48A4
:10BCD000DBD39B77A939BC2E51D2BBD995217FC02C
:10BCE0008657E3128051B98087031D8DE452399342
:10BCF00011DEF117762C1E3B56D7C24ECE09A58F0A
:10BD00004AB43F5E1F5CBEADA477A872A93C91AA5D
:10BD1000ACDCA0C8AACC17F3DC1036145ABB8D9E3D
:10BD2000A55EB08DAA731426726C08270D72983C1C
:10BD3000AB4612830E97EBED9AFA109316E91FCAE1
:10BD4000C038F79C90E01EC5EC4F20618A033BA5EC
:10BD50006C42CEE960ECBA91AD9BF4258696E68AFA
:10BD6000C422BFB53F290BB788DBFB5A38AEB9CB2D
:10BD7000AC4E8483F96EC396D7AC66FA1200FEAA65
:10BD80009CC245CC79D16507C4E56E7E0295B98821
:10BD900054F319F02388A458A163D099A187314C9A
:10BDA000133BAEA9ED09AF406A76A976E5F0397884
:10BDB000BFB50B9DCE99508CCBF835E88A9342D114
:10BDC000CB05C32AFA3C9BA57C41FE331DCC89F4EC
:10BDD000691DD1DEFF5ECB6FEDAF52BD9BEC5559B7
:10BDE0003D68DB51E7E88A6FCA42DDA79E794A9336
:10BDF0004CFC03A0A09241052246C8AF611934361D
:10BE0000C926D7FD039D8749829F2DA73C34D57451
:10BE100028DA5F9F63A2C88A6F8F6767696FDC4CFF
:10BE20000CED2347B3E0EAB9B933AFEA7DC665D577
:10BE30000B810EA055FF92C30745ED21E42172BC92
:10BE400076F648AB7672EF9944B71310ACCAB2C21B
:10BE500034170CC81ECF982EC4D6DF4BDDAA451D63
:10BE600090C8B46F4D7E1415A67F7F53DD73386B79
:10BE7000608E5F1389C2227D772C48AAAD376B781C
:10BE80009FBFA5FAC0CE3ABE8579E437570BE24989
:10BE900058E26CF348526B140BAA09066660A6C2FE
:10BEA000E08141832D5609EB43F818E956FCD4266E
:10BEB0005E45694D501C5E0664EE1E15A7D35448BE
:10BEC000FBFF94A7EEBD707C4FF8F1BAF700AB4AC8
:10BED000B723B47ABFF11881E6F16C6B818F618C66
:10BEE00060F6F47CF8976B22C620E5F841A7E51CC4
:10BEF000EBDC1676ADBCA7D091CB4444032A5CEEB4
:10BF0000279E87344A2AE32F5D3075FA5FE5B4D166
:10BF1000AC05248BBB6249EAEF3074867FE5F4B050
:10BF2000FB5B1C8FF4E9B181FC1EDF96A1515B1B0A
:10BF3000A0CB700AA8729BB37DB640841F11D68037
:10BF40008CF8E8F6B486D1200C0CDBD910889488E4
:10BF5000B050275812106A7148EA97E46F6EEF0BE1
:10BF60001E23EAD96816CED4881569DC776AD90A07
:10BF7000577C7294A14CA9C5333918AEFCC62A7BF4
:10BF8000D203C189E83A2DFD54FF7F110AFA62E617
:10BF9000E6E7FFCF55720935DA169612C5710875B6
:10BFA0006B282966C5B1DBD2A87A3E0CEB673B2231
:10BFB00048134A18173B14FAA196F009DA179D1294
:10BFC000C0EF88B1F935B26CC9CDB95AFC7F8E0E7D
:10BFD000C3E8730536E3231B900DCFD499CFBA1F66
:10BFE0003D590890E226A1599FF394B71B9350BE88
:10BFF0005CE7F893FDBAE1778E19BE200C96FD2719
:10C000004293DC93101D091F3EC9FE887D05D11A9D
:10C010001C28DB85F33B405DD3465631BCF5993F88
:10C020002739B5A92A7DF828B8991B0FC7A72EE68E
:10C03000EDFD93B0771722F62F9F6D1C681DD8E891
:10C04000C5F77F0D2123F0F4D99701222F0FD0617E
:10C050007B38F27CB9EE252227AB1A6B5089E28936
:10C0600076496E53DA3B09C2E9B49BA01FE1256B08
:10C07000B36F29923A9B6805B9F4E7D4385CF5317F
:10C08000F401E5ED20B2B623680AF20E7AB16E3BF8
:10C09000C28BD6B175174DC37D20A7B248003B2196
:10C0A000C4CBAA5CE6A18B9D93C1DB897E6058F668
:10C0B0002587F67180B5F963CACC9C1A69600B16A6
:10C0C0008E3A0ED62A7542B9AB9DE9EB3F5FEE9EE4
:10C0D0003F9BCC4FBE12559964246CB6E1883E3D1F
:10C0E000A37C066F569CB158860D703E956585D52C
:10C0F0005A069946B77CE76113735EA92007B1B36E
:10C10000B93C3F3CA9265E9EC531A0EB20AEE73E80
:10C1100062B64CD87FB2FCE1F69EA53CA0756AC120
:10C1200086752CBCABB0667A69B4E5F8705BC25119
:10C13000C9F0E5C4881462E56450BCB19B597D72B6
:10C14000A233109DAE406D7ECFDE74E78C609B23E2
:10C150001AE237EFF6DFDBD8D5D04C2A8088C22828
:10C1600079BE827969D98BFA9980320F6002139A6D
:10C1700094D31717BD1D98DC1A41D143738C9E07C9
:10C18000EBFFD173F513DECD3DE760E982833040EC
:10C1900024C832DDACA622AF4D2B7CEB02BCEB18E1
:10C1A00064EC9F629A48E289B1A12EAD5E0AEC5B15
:10C1B0007C17473D71F6AFA8D4A6ED8F8098C1A13A
:10C1C000627FE23637C632143B69FF597D5A42C559
:10C1D0001BB83D7AE6EBA165D9776FAE05E7DE1FA8
:10C1E00094ED9B77C95660EB294B4F3303118B338A
:10C1F000D97F7204F9312FC482ACA134888A1180AE
:10C2000036D509C90C25AD4C4E229D7DB3E998A5C4
:10C210004EC6CAC3F32A0311A8EED104F233809AA2
:10C22000C6C12833943C4470D2B7DEBBFBC7955BD4
:10C23000D35F3114F53B35C0CDA6286070692E66FA
:10C2400094D4024DA37A126A10EF46B7070A6F35ED
:10C25000A8F6505557FF96B3AA1A29D61811E06DC3
:10C26000512E3A0169696F184FE4AF836A3CBF826F
:10C2700068430F9908A062FD109D787B1009EF4973
:10C280004BF5BAAF89A60FEBBC6764E854B85F7F83
:10C29000EDE5C14A3CED5B6399D5932279C621CF88
:10C2A0000936AF1A0B9305D67D173C93DEADD92C1A
:10C2B0007013CBCB83FD468D84E2867FA01926695F
:10C2C0008C34380AEDD5957A51E7E68B099B1E3DF3
:10C2D0005B8EC88475E910D723D6E4498440CBBB74
:10C2E000B62D736805ED818FD34141B8DF349733A4
:10C2F000B05B3E631E65418C00D727D1B6ED44C9C3
:10C3000032C49AA7F63E31FDCBA0F80E7CCEA95FD1
:10C3100002E4C59AAD8462F1664ED728A9FE99A3BE
:10C32000D75CE230CBD310D9BBAFD6ED8BC2989F90
:10C3300006F0A9CD22163683815B25B80C861740FE
:10C34000C3CBEFE29567D1DF0BDB2D3E715FA45DC0
:10C35000F0DA7636CC85766902762CA27EDB90CB3D
:10C36000B51B3E1638586817BB620DE10FAE6C93D3
:10C37000AF916187B3220DE2B0B5BB6E6A941C51D8
:10C38000A958316C94432CFAFA049AA73C8CE9CA58
:10C39000C00C119BF0F321C158355CF16BF9B8C8A2
:10C3A000BB10369BA8FE242A81CF5DD2C50DB3CE2B
:10C3B000E9D667E654DE512BCACA9595EACA2367C7
:10C3C000D77BF8158F94539569D46C380FD195337A
:10C3D000B70757EA30E3CB8CE1D1DCDCAF696036DC
:10C3E000860618E45EF252E241EA215744BC1F453A
:10C3F000C03058C04527533BD4DF65FF93F9591926
:10C400006738B2737248443A30B4DBDEFC722EE710
:10C41000B263C18AD00148C068DB20AB608A88570C
:10C4200057AD6FD3FFE0EB9B55081E0A616B1EC42E
:10C43000FF9E593E6D9DED0ADFB6538E7205DCC13D
:10C440009905FD861D6CD8507BB62F30C7377833E1
:10C450009A2EC94812B0BC4A5D5131D831189BA4FC
:10C460000AE9DFE985B9D3E7211B6B1DFC8EE86F74
:10C47000B4B72CC0AAFD7F673F037AC3B0B5E722EB
:10C48000F843259B0C1B4DA37378188461EF33612F
:10C490009CE6E9481F4D0C3AE326852B85FE74D2B5
:10C4A000B94B755949B3A9798544E6B5EAAC292950
:10C4B000B0EB20E474CEC3AC1829779D2D1D7C9E73
:10C4C00039E851253CFB46E76CD526F52201641777
:10C4D0003D03D5B719D7603CF40B40BF44534482A9
:10C4E0009CDB385BD97932B23E2074A78CF10AA666
:10C4F000CD4D4DD6578C6A91E8FF079EE60ADE7552
:10C50000E515929D2AF6374B9378C4F6E9B51BC022
:10C51000BEB258CBCEC89C75805C5596DD71D7BE37
:10C520003F886DFA132EF326B7F896361B6328FE64
:10C5300065E5CE1CAF72B7989EBA43E2B6D5465DAC
:10C54000A7F0267815B72B05C29B1CAAFB13009AEF
:10C55000DE732FCE4DA638A3FB7C657BEAC3C507EF
:10C56000CC9B8CFCE951F1DFF3FD74155EA2BA3A65
:10C570005F0FB0D20E512E43E6C30F058FF6B63DC6
:10C58000FFFF6751C14C1DFDCC31D073B4579C9D4A
:10C5900060AF03725AB6A292B6F25DAAA33B419A6B
:10C5A000EDFE69982E41724FF5B9C852C5BC069A86
:10C5B0009B20526CD00DCB1643361744F66DAE88D7
:10C5C0001AD19A5913A7A517FAC4686259D5387AAF
:10C5D000C6D3DC1CE50C36FB379BDDB945BBC3007D
:10C5E000A26DB44CADACE09315790FCC01D77DDCD6
:10C5F000895073B3BFB272993A81C3BE9605C072B7
:10C60000EA129257938F385CE8C9070F7DEFAC169A
:10C61000E696F15B193EA0E815C84E98A5CE36A166
:10C620006E57302B35C5C6E89140352F8362E4C183
:10C6300066073485B7CD1523B6F8264D43BF1003E2
:10C64000FA79A3B50FB419914BD8042B50541A851D
:10C65000D65EB0BB3FF1DA4A59C28A02D2C4F5FCB9
:10C6600005A0EEA1F278218B1D0CB5F2508739069A
:10C670008FDCD79C221C4D69D1A899B4D23837F5EC
:10C6800078945D50F54D1E74C25F84A638B5044B96
:10C6900091ECD5F158B104F0ECA658E9937852C466
:10C6A000E7F7614932BB9541BD64910B3046E0A08C
:10C6B00037C27387C94FC9BE777A198B519A0AC797
:10C6C000CAC1710D25B7009426671332EE2D9CB6B2
:10C6D00035855069A73307E7000291FCCEAA05AD66
:10C6E00019B437EAE2CD2F7D6097BD88747E8DE85E
:10C6F00056045EA56BF90C68C2310A0AF1691F9CE9
:10C70000632C466C4BC588819C57FE10B75BD3DC0D
:10C71000B0EB4078BB81D33D47F14A7303A9C41203
:10C72000CC834AF65BACABD77DEB2025C026A82393
:10C73000C1382B1410FE020DAFAFF36B54779A3A49
:10C740008A6C483C56CB33C29A2684AF7BC55A6F5D
:10C750000D258E4E7D88C5F7BDDC5F37005B356BE0
:10C76000FDACA4724F12E026D883B4529AE5D112E0
:10C770007679E9BC19DFA9565D982937FD706A32D0
:10C78000D9AD6EE690E5DB9BBC08A65B48014E2167
:10C790003CBE17FCB7187094B16037D135AFD4EDFB
:10C7A000D78297E3FA6B411DB89E0AFCB0890CF161
:10C7B000822245F23B629A4AB9AB22D388A5414412
:10C7C000893BE99E5FA05072004E6FD7DD099ED174
:10C7D000E4EA6656546DE6FFC6798D6A35645EA05C
:10C7E00096593EB77D885AE7219EAA13630695069F
:10C7F00086623A2038845A0880FEE0A6A68623CFB7
:10C80000517ADB343BD3E686F9BB15A324426ED4C0
:10C810006EE4BBFCC268FAE3E2E59E6900B53A8DBE
:10C820002CD87DF6E517ACE5DB06735C49E93C6185
:10C83000DE277FD1397EEF622FF22035448A05074B
:10C84000616D308396759E22DF383B73FF77FEF172
:10C85000A68FD89D1D588C1E3DEA02E631DFE57F8C
:10C86000E61BEE3D6C3A315E135FA1BFEE7A76D7E0
:10C87000BF22CA9DC4637BEC9B8AC822CBF2C0C78F
:10C88000C403E21D907C7E83C188D2D424544F1C03
:10C89000B0C744DAA5E0989FE7C68B7F0EF1AAF5F2
:10C8A000549DC0C2BAFC10DEF8CDCA3DA4EC7BBEDC
:10C8B0002EE51BE55E2F5D9ABEA1020256E14A6E8F
:10C8C0008D1F84DB6BE09DD497BE4DDEB73ED83D17
:10C8D00048F97E3705C86AD28C0A84E1FE113E21F0
:10C8E000B86C227C44433ECE8CF8CE53768535031B
:10C8F000043C6F27368DF83DAB96F0E87AD8317F4F
:10C90000EAA6D91F91918DA922BC080BF30DBE890F
:10C91000BA1572BC0E072CA23ACBCE43DB8D254153
:10C92000604FEA6DCC7F083F6C8DF01F2728A9E08F
:10C93000CC7395FB15CB07F7BBFDEB37E7BD2D3A65
:10C94000AB1DCB842EB443380A08CBB3F603A657ED
:10C9500008B3D9A8B879CD3B5D9782BE2FC9FE1127
:10C96000F46C6BE9F2354B21D354439009298DE5E2
:10C9700080976BDF30CF73C30B48D2180D41A38370
:10C980006EDC019C3B9F9CADED997DE72912FF1C5D
:10C99000AC4EF3F8991B4B06661E5A146FC6C79C23
:10C9A0009681F9AD5438E0FCC63F0FF4F0FCDA8B09
:10C9B000BAB135D1EEAFFF3A6642D67C0C92271859
:10C9C00085A35BEF62AB48252A4049D6C0CFB77537
:10C9D00037EE7BF77C4C2C97ED182F82103A05CF61
:10C9E000635C69C5E4796BA2220E9BDE840DD9FFDE
:10C9F0004B31F2623125E140E8ADEBEA9C38C13FB2
:10CA00008730641FCBDE2F6A50F7C3B76A7EBDBA8A
:10CA1000E3849D1010926185341EEE190EC4D53F3B
:10CA2000E604A31782AA48908A545174C9E6718D0E
:10CA30007F62C313407A7948EFD524852793B5AA3E
:10CA4000924BA7828BC570FFCB3FC5388D9CECE91C
:10CA5000B662E8743229AEA7148355FF83C3AF9E34
:10CA6000B91B730CB15B58A9AE76FB827767F736BA
:10CA7000CED979E96CE97AB2AA5A4F21493811CB5B
:10CA8000E2A98553DF0ABED1884C6E6EC87367D3A6
:10CA9000A075742732FA3BD21792E863DBBFC367F5
:10CAA000490F0ABA50F7DB91ECC1900A982FD5B51F
:10CAB000C2864093EFAD94887E72209E4ADC56A0D9
:10CAC000B29F76C4F3F07606EF369A65B1B247C6E8
:10CAD000D3FC1D3AFE1BBA3EF69F1BB2D6607A8885
:10CAE000FBEE0CFF04A179028816EAF1C200AB66E6
:10CAF000B4698AD4F4BD015E264E55BFA682339830
:10CB0000D37B49C76C28CFDBF91EE5C7EA25D4E300
:10CB1000A93416926EA82E27A88C78219098F2E25C
:10CB2000D959A8910D04B04749E386AA3B41E68252
:10CB3000ED344EF7DAD5BE3278FDBBC9E3E7A47D0C
:10CB4000A894C58D9E2D5300092822036FDFE8F8B5
:10CB5000EAD1EB71CA938EF2DF50FA9F366CAB527A
:10CB6000D6F8DA919AA5D056BBAB4F2573F53F3C6A
:10CB7000DEF2D119A6B2D285982280D0E9CF08BBC7
:10CB8000CC7C4DE35E74F01F058C7B0E921839331C
:10CB9000D09085C0BC9B4127BF4E5A3F723AA8E453
:10CBA000B9446C1ED360E5820DAA4909D4FD47E95A
:10CBB000CE25A19D1C6D52D4FF5E95D470F08F766A
:10CBC000FFE85594BE7AF8A170DDA8523E6D16B408
:10CBD0004ECDC091CDCEBF2309BC8F4A87484CB4FF
:10CBE00087CB8A4F91472A85E5B2907A8464AF0E4D
:10CBF00092970A108A752409F6A0FDE4888701DB64
:10CC00009954BD5686D8157520250A920EE980D014
:10CC1000C880279C350EFF87F3674230BC1803811C
:10CC20006A4C0226F7403E9F89763E9E3F1830E0D0
:10CC30006D42ED3139E250A3EF6522484367523827
:10CC400062BE0D273DC8982826534C20B63C7BC2B7
:10CC5000048579ACEA1C2D247B5357BC1793F8D27A
:10CC600068AD24B32BE77D8AB0C59A814E385A7AD5
:10CC7000A33CAE7F6E26631BC1A4267A62FC57F6E6
:10CC80009C7CB4B7F319A6AF964F7396F0162FACF1
:10CC900019F0FADC12D6F9C8E7B594D9454491C128
:10CCA000E2110FE1668AA9B56C1C4B2C6DA699D6D2
:10CCB00023CBF3351F95F4985F4641D57C43CCECEC
:10CCC0008AF1D946EE0AF6EEA9F8051B338251CA5D
:10CCD000DDD8A1FAE94EA92B735365DDD36C852C01
:10CCE0001839C6EACB992338EF18F475701DFE1277
:10CCF000D61BC149883693485479A31ED58C625DF2
:10CD0000BC096775C1295CF281D3B5240FF4914643
:10CD10002A6EEFCB55E86210676FFF948E1B0B50A5
:10CD2000435D61F6BF0AB2791903B9172CAECF087B
:10CD300088D3BC80760695A154C6D1AE96B66179EB
:10CD40006221C8734608FA26D838047DA746DA90CF
:10CD500057AC7E2D13E42DE612872FAFFD1DAC8A54
:10CD600005C18239622ED5F43C8B3547672F05BB50
:10CD7000C5C07100566D71BA3CE8C3F35A9F97E481
:10CD80006611734FDAFC75AA268CD99E53982C63D2
:10CD9000ECDBA070B900A82C69DF1B07D3B2AE2F63
:10CDA000A476BC7B6E0C50998875F8A4288F20B9A6
:10CDB000A22133F59DDD356660A0A97B148C0C6340
:10CDC0009FEEEF55CE61EBC5C6DB1C7C8334068538
:10CDD000483C8B995A5F4910A0475435A6DC29B4CA
:10CDE000134662D4323A5E92F37DF29948DB3EC933
:10CDF000F25196F7DDC268B4905392558C38A2A4D4
:10CE000074F17CE56DC17E7C828D04F05A9FC3096C
:10CE1000003888B28107597A7E1578E4FB559B501B
:10CE200070203253C1FC36C99ED7CF33B4AF24F241
:10CE30005823B006FBEF103A8F5CD6330ACF73BF8E
:10CE40001440392DCF0E593F2A0D7EFF2FFB0AD3F8
:10CE50001121ED18D6805E510855F13DEA1D255C83
:10CE6000F505479B95EA9634D88EE307EFC5F6EBB8
:10CE7000B1D49C6F468C4938C59E6E4574B4F04160
:10CE800070985A850EB08AAD1A7676FE957B74330B
:10CE900036EC9F0FD1875846552B8F251AFCB83D8D
:10CEA000E0B2C571D4CB4048FEA04090EAB61E0463
:10CEB0004151BAEE42133A09F2DAD9097616ADE5D4
:10CEC0001AFAC4942E5CDDAAC9FE2A6AFCD3F4EFD8
:10CED000D41355113685F86DA1E765FAE807F53DDD
:10CEE000F2D1CEC03BEFE97C439F9552DDF936503D
:10CEF0007A8DC16DED20153F83DBB0C1326CC8DE89
:10CF00002C6593F22825C41B80C7290F9B5869689C
:10CF1000E66588B823476A5BACAC994A93DC750533
:10CF20007616EAA71DA4E0B79E209B4100A2C1533C
:10CF3000561846D64E023F2EE0D864EAC8C73BDA00
:10CF40003E5C0FBC975B078DDF8BEDF63E278B09B0
:10CF500038576487F9E15FCF9382B835C6A13C06A4
:10CF60002C429DF2369E45BFAA79D057388D42D4C7
:10CF7000EE4603D07A73C9A45E4B987B4D9A600E3F
:10CF80008200B011DBE7757A19328F30223E98C6E5
:10CF9000B63DC392BD9DFCC23E804F30DC7269102D
:10CFA0006A668EBAE8767A0DD656D76239C36703B9
:10CFB000D68636BCFC4EDCDCBA1CF59C8E17A094E1
:10CFC00003ACF34BFB7186A0FF026CA02E1A56EB4C
:10CFD0009DEFD88D0B14CE4ECCB5B24FC97F983C87
:10CFE0000B5F0A89A1DC1B9AAAC9D88326BCB47B33
:10CFF0004E769D49924E719B2BB7C564B53B6B2114
:10D00000D3D77761CFB1AFD99F03EB58C6E981FB86
:10D01000CB7E2D4D72BCC3CED81D2CD73951A1D19A
:10D02000E8E3B77EFC00D8D3842E25F2B797EB7FD8
:10D0300085A5EF83B91582BB38032223824744CAF2
:10D0400040E9A47F4D901445DAB763706CBC755805
:10D05000CA945DEE3F02CE9851EBBCA79E50467E2F
:10D0600014E83D622ED438650667886B82967C9BF7
:10D07000E1678BF2C2D1148970576FF12A9515B10F
:10D080000D1A7AEA4716E9E17477085A95F11560A6
:10D090000607EAACF6A32DE2A9E52875B90E1EE550
:10D0A000C43D5851B8DA130E9C36482504FDF6D21B
:10D0B00012EC31B57DFC6B252724F24C8D63A777EC
:10D0C000F571805FAB90946AFE53F37092D58FEE4A
:10D0D0003AC997E73C9CE908E3DF201C9B5EACC79C
:10D0E000FFE1B1B4E43CC6B90A6428C97D0635F352
:10D0F0009A4A6ADD825E946AB4E373CA35D316B382
:10D100005AC160ADFAC121A0376DD4306981862B38
:10D1100068CDD02247543D8830D1954F503A9B2757
:10D12000B5A6F3C5B33182DF2EF019713443F298FE
:10D1300033FE92673E19206462E99ABF7C9C4B766D
:10D14000E389BA16BFBB2B740D6F0E9FF193425249
:10D1500057E79AD3E9F4C41306815E8997B907BFEC
:10D1600094FE4F6CEF4AA454E1D9EA2A20B1B7DC0F
:10D170008D90A6E16E4C3A65A1B61A9FAB6D6F4DCE
:10D18000246589CACCD10128C89F034E49E23211D7
:10D19000C0540F99A2C54B484A55CCC84FE7B0F5CB
:10D1A000398B6E0EE6E85848419C88106042C7F8FB
:10D1B000D2D8AF3FF95CF6C03B4B4AD60B86FCE6B3
:10D1C0005950820C0A0F40E0D7759BA685489B1EDC
:10D1D000418908EEF24A36FDD7434734E1A19E4D1E
:10D1E0006A882D860596CF35FD23D0F7F6CCD8D4A6
:10D1F00037F30891F487218DE015BC87EEAA320041
:10D20000870A7CEBD8C4676F37BD2E3281F081E787
:10D210004F6A305540707C407CB65BAB7F3B644DC1
:10D22000BE98C4AB4D02B8FE53B2580088298ACDCF
:10D23000BF0480D819CCA5AA367737F6376E1F31D0
:10D24000033933D436D04271E23FF0FED01F6494EC
:10D25000B1C403A0583B3DDDFE4232F5B149307FF9
:10D2600006BA8CFFCFFDFFC98E3E5387EBC31FDD8F
:10D27000FCCDE275581DD5BF134D3EBA303F18DEC8
:10D28000F5E7E50622DE4DE3743F17AE4A016880FC
:10D29000EDEC09003862105CC1E2D899C1F47FA1BD
:10D2A000C1C4CF0B72BAA4D7DD7A4F2C76FAC7E689
:10D2B000424E126B3E5A5F3F50C0EA2475775AA027
:10D2C000F5E808CD44B6C56D4A1C75B0317A26958F
:10D2D0008D38651A7814036F724451281C8D619E35
:10D2E000141C9D0CCD3ECEA2CC7A1482B0838D92BC
:10D2F00007AA32041F9286CC9A647A17938DBBE9F1
:10D3000068B7E5C16D7B21FB0AF6A5E8E1CF81B7DF
:10D310005C55CD66B7465F740BD70FD384B17045AB
:10D320009B63A59371A64D576AF3A900AC1192EACD
:10D330007ACBE920207F11391A04889365E1548C57
:10D34000BDE09A2AE4EA6C6B823F5820F73EEFB7C3
:10D35000BCDF1E151EA22E18E5444A92B61CBBD394
:10D3600052F8E791E1D25ABB9B61C9E41A36C6CCA8
:10D3700040F4A330B8D68C2349F75D92FAFDD17EF4
:10D38000A80EF85A8FC0E5AD4D379F9D84DB5398AA
:10D3900079094789C75362106101D920E87F5AE1B2
:10D3A0005AED4352DAABA4468725A5EDE703C375D2
:10D3B00007AF2FF77CC22905E775B34213FE9182B0
:10D3C00086658B194DFC4FF29D32A1457DD5767750
:10D3D0009FFFF344F371AC7A12FF30CB82F01AFA5C
:10D3E000FA40C77CD96018EE7DE286773DC5F0A78C
:10D3F0004F040A54941B85147F3E6D984BA9EC8B07
:10D400007E11424EFBA3C78027131BE286F0577E96
:10D410008E16BE871B8DC0B37359ACFB6BE98EFCB7
:10D420008B42CC47526EDAA0CDDE7ADDFC9AF4ACAA
:10D43000D9427731178A2C2FFFB0F67506CBFAFB4D
:10D44000473BDE10AC4E96F43D20F379088660F63B
:10D45000D1C560DC37DDA21D1168739CD2643CAA83
:10D460009E96069AD006DC6FCC17E5821590405E3A
:10D4700041DE4C0544C2F7056624AB542F030DDF93
:10D480006B49FC3B6519CAE4BEC1EB901B32FD6ED3
:10D49000AFA967E136951F588E9B614AF4E520E7F6
:10D4A000FB2D3B1B717A290648DEF45EB222185D23
:10D4B0008F9B1B3F71DC75E11148970AFF066639A7
:10D4C000702459E1B6BEF7ACEC55470BC75203F7D1
:10D4D000578C5C2CEAC49578EB327A571CF0A40880
:10D4E000661667C5E824CAB2896EBD4BED18BB3F0E
:10D4F0005553DCAB6BFB95701BE997B881DC9C72D4
:10D5000021FC4B4AEF80F00D645C57BCB611FD5412
:10D51000C024E52325F3FF65C9A46273697B7E59A6
:10D520009432051103599C19EF566B67240947B8CB
:10D53000D4E3FA354601E4E1B9FDDD24E0CD63A68C
:10D5400074C259F40FD530BE2B1DDD273D0DD29A84
:10D55000D3F1A279D08AB5C7B19C336F29384391F2
:10D56000E838347A14EDD7CE296E79609B1D152CDE
:10D57000B4B3AB79E7320FAFF3BD9F78B88F78DBE8
:10D58000FB24A4C566A600EE625B1A888DF4DE2B30
:10D59000B384C8EF96A40FBB446EB14F009B5E519D
:10D5A000E7E7602B92923076418A544AB0A31CABD5
:10D5B0007DEB74184766EE1B79AD55BD9E8E5EB748
:10D5C0001DA02E6D6ED46AF9ADFF2454AC80916419
:10D5D0009802C9A65229EC291A5A74629514E424B7
:10D5E0003D8493A585A90404D1605472B481CB1401
:10D5F000D2E3CC10A727366356465D5EFEE27BC4BD
:10D600000DAA71963D01B10FAC8D765B521AE238CE
:10D61000A40ED42CBB60C7A93C2D996D22D3CEC8D3
:10D6200044D048EBF3ABA1BB21D6B70F4423D3BA08
:10D63000A9964D7A892BC4F7C994045A2F8C1F3AA6
:10D6400035B31A69904BB3FCA07C9212020D998EEF
:10D65000198B834538046B31E0C115922C901E6301
:10D66000C6DA4A500DBE253E6EC436EBA7B2C600E0
:10D67000A0EF56EFA2813FB9F625612F436CE5700C
:10D68000EB4002671500509326AF95DD071276AF89
:10D69000A4F3F122B55FC0742D8016936EE12825A6
:10D6A0001B9885B8F89601493C862263078632EDBF
:10D6B000212E5CE0EB9BBE50E8202A9F8E522E0864
:10D6C0002A8878B84B8BB7AD2B81BF160517F64467
:10D6D000FD2D27B78DD953BF91E77DCFCE76D95594
:10D6E00089D86F70C86D25FB04A4A66D64159D755F
:10D6F0005FF8E2DE8AAA9DE081F84131B682C2E19C
:10D700002E5D7A5B27E8D5F13549621BD48CF1C0D8
:10D71000EA5F35340547A11CEDF25E2BCD9BF392F9
:10D72000BB4CED39A2112CA5FDF697909E508512A9
:10D73000B28257E3BD2071EE86117F92A463A922C5
:10D74000ACE226BB2770949E540888B3BCDBC26051
:10D75000279C3CBC3B9A36E09EDCD8DE084CDA17AE
:10D760003974E0708F5F26F8E08F5DB596911A22CC
:10D77000920C7B71BB1C97256637E70E693442FD1E
:10D78000E7E16141C763443503AFDB26B295DF3B78
:10D790009143F90190D8518E2AEBFF51ABEC85787B
:10D7A000A05AB6A48BD605097A6176F65A20D70915
:10D7B000E40923A7F372F9E82723050C17B66017CD
:10D7C000C428A64CF687BF4A61AD2FE0DBC9EA50FA
:10D7D000DACB2D436DB11D54FA8C4DC5821024BB9C
:10D7E00065F3C5575D49D87F6B373B1517F9A4F32F
:10D7F000F8B9479F8AA2BDBBD85432F3403537BC35
:10D80000E3BBE2CF4E19A7C2F0EF2CB808F4825A5E
:10D810004C901A605E7F25D2F29AC7DB39F18F8F68
:10D82000A43850E536718A2B7D0C5183DB8989AA97
:10D8300059F424DF2943ADAA44BBD2564537696861
:10D84000C1B65B7DDD608EAE8E118DA821EFEE86B8
:10D85000D4F17B8C23FB16DED0B8D0A0180DEEC817
:10D860004FFAE9612D34D7911E22639124445BF273
:10D8700022B9C70675ED3E2B472600F04FCA63E17B
:10D88000395714F17C1E70A11DB5A52C3917186DE0
:10D8900096BE5DA5239366C0984162A788C724A75A
:10D8A000121ACD161B0E89AAA0555E29663615BD23
:10D8B000343841C89D7B64A11423E521294C49F5E6
:10D8C000326A0E06EE844D500947140A05A48EF9FB
:10D8D000F6AA0929509FB0012F16B53CAC235CCEA7
:10D8E0001471CF2FE0C85591D8CF05AA83AFC98155
:10D8F000F0B0B982264CB15DCB8010E4D638FA9DE9
:10D9000015EF3938AAEEBBD572800443CDB8B409FF
:10D910001DF2CA5ADC5803E5C83D3D316E188A82B3
:10D9200065330FFFEFB674A14414D53D8287531EB3
:10D93000947E3B63AAA005863598BACB8B936A790F
:10D94000D4D7DD6EF59CCF32B414A0BFC73C57BF0F
:10D95000F205626D2FAB1131FF4AE0E91CBB108864
:10D960006E52562D3C718891A9FE3901105F0879DD
:10D97000720B976CF780FB8F9F2F2904F98D34AEC3
:10D9800092EA6C3D6922649C8FC332919BE7D8ADCB
:10D9900058F2773DC705457C798234E6F120A877B7
:10D9A000BBBE8C0FD7A385D650DF0EE6283319C235
:10D9B000203F65FEA9C07AED83640AA99B733AA152
:10D9C0007A3107563ED9E8CF27C8BF5CBBC788DF8E
:10D9D00024ECE57E46806EE4F7D8E9DF916ADC76D8
:10D9E000787885EE7677DC5D662494E53585346E4F
:10D9F000429CD6F5F468DD30ADEFC1E8349548BC03
:10DA0000041166E9722D6C8009F80A0200C775BA24
:10DA10004F72AFD2481F76609A27D8D467C805DF07
:10DA2000D0DF542B3CC10D2155FBBDD9BEBB736764
:10DA3000AA86EF984653AB81BF5F11FA95298129D9
:10DA400087FED98D46A19BD38EE4D971AB01A2D0BC
:10DA50000EED67465F1D8465C8025DF78323B33909
:10DA600095A89ADF0ED189D4AA6CC2BC13CFB07F1F
:10DA70008EEF2B5F1326B3AE5D1104841494607295
:10DA8000FD50D682E35D011D9E1C166A2809449054
:10DA90009F5DE964DC3AF5B0BA463E3D78749E522B
:10DAA0007C5612C70EE209FE7C491EC62D0D9AE86F
:10DAB00097B750901688DE7E0487AE332DD47291CE
:10DAC000E54C322CEBF7D91537F4F2D8304947281A
:10DAD000860D50FFE8828CE29EACD8BCBE8C6D8374
:10DAE00048510B6D3B059949BBD74282B0FA1819D2
:10DAF000A0732D62DDFBD002902EBABB264845A54F
:10DB0000C25FF20DACF030611DBF5AE4358C1F5C72
:10DB10009B50215A82F57BC147E0F74B769C67F515
:10DB2000DF10C585C8F51B1D1B9473928BE2E2A024
:10DB3000197DA356FE4B9748C5E8D12D9BDA9DB0C1
:10DB4000F74C0DC1F4AC709A33E802425524EDB69F
:10DB500014180FEA821D3B5D256ADB67F62A72B650
:10DB60008C39BDA833C11F0B2B6F68220840A41746
:10DB70002F10F64C6777FBEB579D98B5C123BDD3AB
:10DB800000FC81558FBC283977F698A76097336DD4
:10DB9000D4A1D3C0D3CB7AD0647FCBA788C73EE4CF
:10DBA00041CB58D9D8937A326835EF7E62947B0D99
:10DBB000DC10416EDF04917F756F99E72F19515B7F
:10DBC000FFBA4FC0D0C8E77D660B8A6A7043D5EABA
:10DBD000A300DD4988E3891D358A21087A4A682B2C
:10DBE00087986DEE597B7F8BEB8F9BB821BCA38B05
:10DBF0002B36A7520203EE6C6EF17B4AD4C60E1B85
:10DC0000EEDBEF5B07BF3F27DD6FF24F678FED0263
:10DC10000879DC2CFC700219B1DAD33F4190213530
:10DC2000D039A3D495FAEB1389EE7160BE188CB28B
:10DC30000361E7927B19BC3D89CC0F36C5AFDDA3EC
:10DC400088DCF21E78F4F54FE4A97C77AF9E6B5127
:10DC5000F14DCFA01D39D10A769DAD6423B5B0C674
:10DC6000DDCB2AC83C22BFF2A9A7435073345B7BAB
:10DC7000FC5562A24CE4448F512E1F355C3FC7B661
:10DC800092B3E02D84CE4841F0AE17458CF0AEA59E
:10DC9000EA5A9FE92D747E5F61C4C198C31E06B421
:10DCA000E2D1FF5F4A756F04C25535DAB782B280A0
:10DCB000355A9CF7E475B55762BAFEDBDED7A4A4EB
:10DCC000CE60D65059066ABE5597800093769273FF
:10DCD00097729E63B358F528268C1029B3F09ABF2B
:10DCE000DD6EA047EBD549DDD443EBAC5458BDC144
:10DCF0005938E9E8B9CFA5B93BC5AA93D36E7D2DB4
:10DD0000A10A89A2803617830286CFB306632B5EF1
:10DD1000BA53CA07915ABFE32B33CC82264C180A58
:10DD20007298D922E514F6A4D5FB95F5ACCA276FF5
:10DD3000226D6260FE71A137B3162FF6A61EC22CAB
:10DD400012B8B959C08E9E3BB339FA7A0617C6ACE1
:10DD500083CA63EE0E1CCE8C9BE194D3053E2095C6
:10DD60003FD48E3BCF07739581598BB64687E77FAB
:10DD7000F07CD99CA650E5726A21D6537FFCE196CF
:10DD80003306289185C439AB7054CFD6888AA9EC64
:10DD9000F51389E3FA47265755A0B963995C13E058
:10DDA000E5360DA374AF545AB61A65965FBA3312AE
:10DDB000D356CE68C709E3079FC29D29280389FE71
:10DDC0001B8994B7D6DEF65415D5B4A1967432DF0C
:10DDD000883A1D31045475F7EE37CBCE945401E2E6
:10DDE0006192B477CA66B5D0BAAAB1F51E3FE946CA
:10DDF000D2543B5D9C0D58CE972D6C5E7FCB8187B6
:10DE0000E9CF4F0A107301DBDCDFC5459E3562A305
:10DE1000C4E7FC62D86F807C932F2574742A6097C6
:10DE2000F01F2A5D6C6EC6928D0F2993C0BB923C89
:10DE30007BC27F258BD69B53CC0289048C13611A3D
:10DE4000F06B83D5FBA65E54781EAA82B171367D35
:10DE5000D119FE7BE868E498BCB50A4216CDDF46CE
:10DE6000C766860D680F747775E7335BA462A843B5
:10DE7000210FD0FB8580CDF4675102C89A16274E3A
:10DE8000F0F0E4E4F0B1ABE8C45EFFC6B0D7EDC794
:10DE900047F9DBE077C6EA101B634B7F8DA45CA3D8
:10DEA00082903049E91D9F5590AD6DC21F72A673D7
:10DEB0008426B447C48F0D011BEC0569386F288890
:10DEC0004B82CC60B4D76556D56536212DEB0E7DDF
:10DED0003DABF63FA977FC6A3809BD36646C15C0C6
:10DEE0008845A2DFCBD00ED3E4654B075A897A620E
:10DEF000E5AABCFD5E50F1CD283A4206DD1681E070
:10DF0000E441EFE2EA5C555D8F15EA3B7FB714E729
:10DF1000A76CCBC8B27A973E792EAD8812AF80221B
:10DF2000149A4F792A37E74BD9DD681D51AA09DDCC
:10DF3000DC33D1E6CBDCC2F6A5283CE03DED744AEB
:10DF40004927E8048AEDF461CF98284DC00DEFC44D
:10DF5000926518EA3E1BDCC8866D41E2266DAB5324
:10DF6000BF38793E22631C8DB681A039D38FDA5732
:10DF7000EFFC1344BF022D075627B58A46B3F5A21E
:10DF800016E88D70C2E2274AB45D671C9BAD7847E6
:10DF900004BAB945198C240D95A7CE3B1DF79B39C2
:10DFA000403FB49303262EF1869B5378A501622E41
:10DFB000F79D7960E16F0B7467E9BD128545310A01
:10DFC00008DB7899F2C2203DF12CA6ED555DDE56B6
:10DFD000AFD064E06DE6A1E362FEDA3783B32DEEE5
:10DFE000B59EA69C467173025222EDB3E9D6F1C6E6
:10DFF0000250BEF5C772BBB9BE9A7AE917E286A293
:10E00000912E81B54E2B8B6B2648D3BEFC9B99027B
:10E010008945FA038D2B4617680F96DAC568204E9E
:10E0200088AB87B10E93B3DDD02C2B6430ECB8767F
:10E03000B0AB03970DC3CA152DA1E3C6E68CBA9504
:10E040004CFDE1353E0E261BD4E6E70E9CD9B2719D
:10E05000408C88A0F585AE27515D75D007FB1A5B13
:10E06000A6EADDC81874717EB06740B5621056D656
:10E07000FDC94E5A9B969BB59D550E2F956E9AF4F1
:10E080005F20633FB757340BE58F89D5CC54C96CFB
:10E090003884010AFF574E4282FA6CDE4C8F368379
:10E0A0009CEA077D639B221B5825E84FC7389CBE1E
:10E0B000129B1675E7EBE30EFACCBC5EBCA7536966
:10E0C000F9C2EE17D2D60407FE70CF32DA542E9C76
:10E0D00084ACDC53B3CB118826D6468A4E84C55512
:10E0E000F7B51B0070AF5E9B2CA9D84C764177D258
:10E0F000D66D9FA0AC33801E48DAD21F5C7A0DF437
:10E10000618570998CDC0F9C36484507A34D4AE623
:10E110001D57FAD58142398673C877DE157B8C8FFF
:10E120007AB659DC20DDA1A0D1B3A8D55B0AD3F320
:10E130009085379ABDF5B53E6E00A3517B15CC99FD
:10E14000806B3F8705A14EB4699FC92D39531A676B
:10E15000DB78073720747F0B54F4CDCBF43380E5A4
:10E16000EC48A44A474130C656D1F20B3A3F71768B
:10E17000A9B3B1E8B46183B0157DE59BB92A8B0CD6
:10E18000FCF840EB062133D6221A728550958F0F8A
:10E190002D968D909FDD5662796DBC50D8FB9946C7
:10E1A000B6469B98F1E0AB3D62F0ED2C6A6ED5224D
:10E1B0005837D78DC88AAA51C955079388C0847E1D
:10E1C0004C341767406462FF3FBE5F4915EAF87838
:10E1D000F1AC10220C6095784DD5AE347CCF63D76E
:10E1E000A46D30520032C923D81638B365D56D0DF1
:10E1F0001FA5E2CD084D89539C86D861BB9A3BF29E
:10E20000B808D54FA2C0809AF0BF85957B9872FF61
:10E21000AEF7A8C9CF92A3EE50DE7ADDAF5B95FBD7
:10E22000F1A518D14AC2756F7F444E06F282883D2F
:10E23000636BF639CFEA83272A18D9CCD238422A21
:10E24000DFBADA21C51D1D80E0A01BFD596BE71A5E
:10E25000C1E1E185962B656722E8E70C057CD3A731
:10E26000F334A867A2724FC3392263453BCFE5421E
:10E2700097AD06B15E1AC0633CF80CBBDCF2BECDB4
:10E28000448A522870D531272F5323919EF60115C9
:10E29000FFBB5A1F72B7EC20B59C589C4728563BD1
:10E2A000DD14B38FD7468DF301D5C411168B74B02E
:10E2B00025648B56A7AB449EF84D71C6C2EC7D9881
:10E2C000F1E792149EBC02CD6530F759E55CAB9D39
:10E2D000503365B001AAE451195B43487D3969CCDC
:10E2E000620C7D6A019AA806169154BFE122C6C449
:10E2F000AD4467DC955DF7705746F87A3A18F862D6
:10E300005E3E253B272466411C19255CFC4164B513
:10E31000A1BBCF56BDCA0F36308FED85F910432B08
:10E32000E26E73C145D8F8404FCB86FC485CE0B341
:10E3300076E92127E796892A80EF42AAA9A999EAD6
:10E340006455E7DD52132F2AF3EB179BB5C9094635
:10E35000AAF6F40FC14AE2F5C15129E65A02CA42AF
:10E360009D2E568851B2E9C5E68E40028B3BFFC117
:10E3700047C6C2065797F52DABA930DB11E61D1431
:10E380006C085A9EDE9446D9E1259C452AD6B8945D
:10E39000D1060DD2C57062AF1ADEFDB762D65159F3
:10E3A000D08CEBDA9E0732C6EFF9A417A04A60289A
:10E3B0009F1A93F558F70E6E6CC71AC9A54BB8672C
:10E3C000FB27F1B154015AEB1507E0677A20E333DC
:10E3D00064972638D0C2466A20D41904A10C1C7751
:10E3E00075449D65EBF6EB8BC26E8E7E3D8DC9410B
:10E3F000C6EA75453830F44E8AF40B73224DA1827B
:10E4000077AAFE75B68DF623E8F6865E1CC8676BA4
:10E41000CB9879952C301DC26EF98D5E153EE5D7EF
:10E42000023A50370BC2D48F8DE4652F75F7FF0386
:10E43000EC7F2526EC753794989F0B29970AE7D235
:10E44000C7797B726B1545FE857B7D51F1CB6704E7
:10E4500031BC0B495128A36FC53354BB02490E93FD
:10E460008B94C6CDA07BAE1B14983B096002E8E1FB
:10E47000B6C55DD04866C4805686CD8960EA3E59EF
:10E48000A24283E9C3419D7C2192A93CD034232A36
:10E490007A9E8E135EF6DC99EA4D79B63F00427C97
:10E4A000EC8FED18E506363E7F0517959C0051FC74
:10E4B000BCC611703249452E3E41D547E32DE77069
:10E4C000A757118649D6294E4C726E35820D0D1212
:10E4D000966651CE6D555BEF3F3359E5BA6B32907E
:10E4E00020761832E3F0CF3124BCDC136A338A493A
:10E4F000ACF2ADC2ED983A6BC989B7D6D1315D099E
:10E50000FC04C1F7C24662DF90A4B648C687CEB805
:10E510004B088490B1D23FFEFC268BAA62D8E6FC61
:10E5200032EECCFE2B960A66DA6C064F06D3F56007
:10E5300031A8A928AAE56968157AB07340CDBD4D08
:10E54000F53B73B9A623B2E143EBA244E0EC61676B
:10E55000CC09A039929A6F318FAD1667081F496CAC
:10E56000A29DCF0F300B9467C87CA9D137307B15A3
:10E5700078B46BA40FC37975A367F727B07F8FFFBB
:10E580005EA981D6B0A3EB632D38B7C81FC632573A
:10E590003D003417D20B7AD1E3A098CF367774D9E7
:10E5A00090D1B65C8720A5252FB298AACC661AEF29
:10E5B0001A4C705030BF0C75A286B56D7D6D453A12
:10E5C000222AC159011A8CA1A8BD453BB68A5C9F7D
:10E5D000AD38ADE978B9B6C6C7FAF24E3DABC07DED
:10E5E000C4279661B69E6C7CCF0F8B0073934783D4
:10E5F00080F88D1927DFFD7817B90EA4AF87F7E0F3
:10E600007FC69A266116D17FCC9EA8538AC6127AFD
:10E61000E764E70267A6380FD51B1EA3481AF2511C
:10E6200094D56D341598620255E18B3802AB55775D
:10E63000C632E819F1677301F07629E1D198E09EBE
:10E64000B9F9A65D968FB7C5455D5F52DFE2C86038
:10E650002386BD05C1F6CCC9BE91C565F5A517C910
:10E660000FC45354096142596B9D8B67AEBAE52BB9
:10E67000A9EEC718BBF153288358EBC98A9DC2DAAB
:10E680007991619AAC620E9F40E18C8A173153F800
:10E69000D0451AF259E3D91FB2861B42070E913BAF
:10E6A0001D87D4C4D73E00377B46B1221F03036EBB
:10E6B000C6E11918E91E8CB6649A61BDEB08BFF477
:10E6C000AB8224F35D90EA43B5E4D588E63FED855F
:10E6D000B995B08F40CCED6C49A9AB2C2D6BCA3EDF
:10E6E000D31F0DB9F783166C3C4E6721FA014B041A
:10E6F00052EF74173BCB3FA93DB4F85986353334FC
:10E700002494F4C0F5E57FD53EA7E3F3A3736855E1
:10E71000FC7F088F73D790EFFF5794D29FE4733933
:10E720007F09283AA4EF3798C5D499051443EB59CB
:10E73000887BD3AA6643ADECAD385E0BCB7A5FC164
:10E740009583CEB4A77E155FF5372F36C37F03DDE3
:10E75000B5DA49D75E0D444D6466AAF6EB61DF5722
:10E760005A93983AA9DD34182FB0D34B6117C3C818
:10E77000D586457A0651EEBD5FAA0442B903D01C86
:10E7800026871C3DAF028FA9F1778AD1BEA364AD65
:10E79000C247D48C6DD2CF07CB4DAFFE41D7DF241B
:10E7A0000BD32B950C1E185C7748A9AA39CA93275E
:10E7B0001460084198174E7CFA8FE99AB237C64C1C
:10E7C000FA868FDD850BFE899D68615FDD01051589
:10E7D0003B543EFE6AF6E755B2E943EC5B8E0772A6
:10E7E00005F1C8D5E6739B22A616BE7F9901DF25E9
:10E7F0002DC553F1BD899F17DD7BDCC3C9F8037CB0
:10E80000BE1909E8FEE9FABF2457F94019535CB76D
:10E8100031DFCC5EBFD9C4DD37A7E682F7D6CC6E38
:10E820004FCEBC01D481108C6924A9E432B1AB1B5A
:10E830006CC0A1B73A3753274925AE92904D3DC3DE
:10E840001A5CBC4C4E27BBBF0DB66BCE4257886FCF
:10E85000AB1FE1C845FA424DA060C03A72CA2F769C
:10E86000286E26339D6A214AB1E75FF2EC0B5DF911
:10E870000D0F6BF01329251776CA07D6E2BAB43EFE
:10E88000DC54B931E5886D1C80CE6E1D75DE9D0EA1
:10E890000126E66551C0594D4FB7A6E90A42B46654
:10E8A00079FA9F4693CEEE267D6457E85EFB082BEF
:10E8B0004B6875D6A79C7BFB8599BDBEDAA2738495
:10E8C000A08965DFF2AF79E5DD0095575B8CA8BFC5
:10E8D0008C6474A3A6C6CDD8578873698F93FB85C3
:10E8E0008D053B3942DAB983514B7DBC84C34B560D
:10E8F000FA60DA1B42A99EF9884FF7ADBFE2169E77
:10E900008D0AC6CE561D8CA4A895FDF4A92F518260
:10E91000E1B79384AC2CA787BE69EBFE8EED71D96D
:10E92000444F4179F559CA1A3E8F0743FD21E595B9
:10E93000E391B616DC8D0070CCC6A663681B5BEF56
:10E9400048D15ABFCDFABB4187E4789670EAAD83CF
:10E95000BBBC7533F00A13E2B9259E438EC115FA8C
:10E960007A47F655A09E329BBDF10FC9F8669BF918
:10E97000108EBCE3C92122EF521DE94DF81C091885
:10E980002509A12368514E923C599815C8F23BD6EF
:10E99000560911A7B323D66BEF16C316D9B0EC0BEB
:10E9A000B845CA782388BBB3348D79025422C9E3B1
:10E9B00028EEB532732EE02B795B8682174A090563
:10E9C000BAEF4DFAD88CFBD6C4DFC5807FBB1EF6EC
:10E9D000C45E193B566DBB8553ACD56A16349E5543
:10E9E000E977B7E6D88D23E189F60C2F8B95A555ED
:10E9F0001DE9A0F3070DCB34FE9BCBFCBD0DB69BF0
:10EA0000A27A229F280C00674D7D7B03D8341F64B7
:10EA1000128885125DC0A0D8C9C3576B11F5803B21
:10EA20003CE9AA6EF8A03511D917DC41E31902E5DB
:10EA30006A7A43B3CE0FAC9C16C2458A9EDB5FFD5B
:10EA4000477374260DC97DCC3A0894FAA1D3F1849A
:10EA50004DDA6E9C56715658E07D0F4ABA5786E4DF
:10EA6000184A705E8D5B0DDF895DA38A4B4CD284A2
:10EA7000A3BAA177435FD7A11285481502B3083125
:10EA8000DCB3B3763FB9409E8CAE64F6E79F180BBB
:10EA90006C8A434438AA71605FE6AF98E7F221CCF4
:10EAA000B3AE027ADDD8281575A93A31097A025039
:10EAB00064381E96D93D4305C9709F4252D2B8CBE7
:10EAC000DCD86BFE092BD73D64CAE71ECD04A20B30
:10EAD000FE9A3BE97DB9BBBD4BD3CE23B9BE904F67
:10EAE00042802B98DE74DFAC0642AFBBAA248613AB
:10EAF0009CBC988A3C13227F5FE3F9633CB69CA6DA
:10EB000062C91E921D05E3325EFC9935A3FF5EC308
:10EB10006306AE6AD82BEFA84C3C8CF7D616169835
:10EB2000D2FA9B671D890AA01D204FB6580AF151E1
:10EB30002D88DE596B8152CC082819DB57E4E2CDD1
:10EB40003CF7DE36E398D222E38669EF21166E3A6F
:10EB5000A6DFF47549EF47B32A4C5F72FA469DFD74
:10EB6000FA7272AF9A0B35F0B960BC68DCF7288591
:10EB7000BE7292480D79BCFD7A441EED252F18C255
:10EB8000FCCCB403654FE354931F1C31F587722B03
:10EB9000684B229C196EDBB335AAF51BE5EBD97BDC
:10EBA000BBBE81EA6598E5FDF9A05B84AF37360A04
:10EBB0005D32BCE044F8595B54814D33EFA7577880
:10EBC000FA124AFB010112CA368B4C540A72303CCD
:10EBD0008E98CB7399E6443AEEBAFFDE3FB40B262B
:10EBE000E38FB1857CEB89A492257C7F2949E64699
:10EBF000F4E2E9F0C902E4535FE4BF56DD52D663A4
:10EC0000462A0901C389CEE3212C5CDD14174D7D12
:10EC100067B1EDE584DB5F362F6F593F42F4A6ED17
:10EC20000324AA04A76130EAFABFC7BE055EC21F6B
:10EC300098F5F42616D986942B0A812C9F4802FD5C
:10EC40001B09616563585C1BF0019C42123695E913
:10EC5000FAE236446340B656A3F675D1AB54575525
:10EC600030CAE282D963184BF2C58FD5921583EC76
:10EC70005AB651C471A4432221956AFAF3B39C3F5A
:10EC8000ED5E43C04A295DC9CAB51B56B2BB3C0DF7
:10EC9000FC0932E3DB6E3281F6A85FC9077F286882
:10ECA000922F0C95A39B9BE18850992DE161D87C14
:10ECB000F430C431DE24412FBB70504E7159057BB6
:10ECC0001496FDE3AEB5605B81BC85662FDE05EB77
:10ECD000F63119FBE8F307CC37408A00196D13AC05
:10ECE0005ED16BF533DA8752435578A467458DB70B
:10ECF000446F5475854B71CB51C39782240A736E50
:10ED000035613C092B0C55C67DD2E862506D5FB36E
:10ED10004B2BB786ADD79F911B95634A1D6740AEBD
:10ED2000EC1913134DF9542A9DF97DA275749BA714
:10ED30002EEE50CDF039AAA2E578D057D98E619C3D
:10ED4000312A94CF9F3740435375D320E47670A780
:10ED50009F71760140F624225EEA154272F99BB655
:10ED6000DD3167F96C64E19F528E1D4803033E4F0D
:10ED70004AA353B5ED438FFE9B83D5482F1F235FD6
:10ED800099C6F5DF843FDAE9D86CC89098F9DA8F34
:10ED9000665DF86EE473B084DA66F2609C00167407
:10EDA000718281F246B5179EF0C8D05F04A9941510
:10EDB00077C55ED7819D84E38625D440647C263B5D
:10EDC000C701B92A75A00091A69EBCB935456D6DE5
:10EDD00021019BFDC0CBE6862615D9FD4B287B1E65
:10EDE00006940CC3BCA9B198FE42F3BAA0B6B29D7A
:10EDF0007515DA05B7144DFEA72C80161AD06C22B3
:10EE0000699640927AF2A56D1612DD8F0260242970
:10EE10004DE6BC621EEDE26066668A1F0B4A3DBA93
:10EE2000FBC49F6CD5B0C2ED8539FF1DDB7A015C58
:10EE30008E1788C1FA0A41F49FEC7B83305E270568
:10EE40004B2A149CAF8F049E766B60E671F35FE9EA
:10EE50005FDB31BDEDBDA700AF0611F56B87B44890
:10EE60002581447D0FFE48A1E8321A927C70A5529C
:10EE700024DCF4423052B1934D695D248371455BCB
:10EE8000110544862DBE9E626D1C1B3BBF507FC486
:10EE90007B23258338580B4DB1620076EA0D972904
:10EEA000C3EBB72B462C7F916E6F62CC0CD53343EE
:10EEB0000CFF58F31AC2E315FAA92AF5FFE44DB284
:10EEC000C79F8887236A7A9D56A9DDADA06932E97C
:10EED000734C417E1A8F8188D610129613DBE0E6C0
:10EEE0002AA1C5075C37340E9538E7C1ED1376E3E8
:10EEF0008F0DE6C0CEA8ACA6A8D42919BBC9878EB1
:10EF0000C2311B441B786BC922B87822F419BE2683
:10EF1000C1376909DDFA1644AAD0842BDADFBDA215
:10EF2000D2BEC1CF03BE3ABBB9DA4FF3BB885FC0D4
:10EF30005842636C19DFC6FC24265C3DEA4D7379A8
:10EF4000359ECF7063AE69F2581DD0722D194D6E8B
:10EF50007EE864DA79984FC7FB12ACAD7871B06483
:10EF6000DE7EA0EDF9E4CCD3EB36490692F41D1613
:10EF7000303BCBC214320679F0D2B3A5A0479648F5
:10EF8000C90D173E250BF6DE99686BCA6BF782A791
:10EF90002E4D736A36421DEF3B158F554FA1DFFD95
:10EFA0005B51FB2801F3C5538C0158309589177FBD
:10EFB0007E6FA8E911C037CB0A204EDF5FEABE1092
:10EFC000B6B025DA223089FCE4DF07605E56D7E36D
:10EFD000948C63B82A451AAC3B33ECDDE5E66A5500
:10EFE00005D7944780E3B7A43C581B616D66331383
:10EFF000CA8D4DC7F6FD88CDEC279FBA092814BBF2
:10F000003757737E2D602E17EF70F3F50F375DBE07
:10F010004E66E5F990574410381B625B527B4C6694
:10F0200089E8830C64C28813F3B47B1C870ADF3041
:10F03000FDC7F9CDB08A94515749ECF9A269706BBC
:10F040007A816C09E8E7A3409012FF560A13BF4982
:10F050004087B27CBD8612F21919B4FDDC13B06A88
:10F06000A89AA5FA9EB5B1C64BD41DE75FDDFF9CFB
:10F07000DA10DA034BCBECC4390CBBCF04DB28C06D
:10F080007E481D1D4FAA845E7511C9E730C0EC642F
:10F090006FCD6A17DC54775A56EF3FB97E8AC6BAED
:10F0A00061740C599D59CC0984F8E6801D92D7549F
:10F0B00087F307768BA05EFB48552E75DEFDF80FB3
:10F0C000D4A524A43071239189CDE2B79955A9879D
:10F0D000F12A74DB9CC745C71CAD1779CF185CB605
:10F0E0008D9772DAFA1E8BC81BBC4765AAD6DACD9B
:10F0F0000C20F691A9E75F70891A2C07B9A89E8E9B
:10F100004312B5E3B43CAF9E552FBB3FF2E57B5DA8
:10F11000A95251BD45393BFD4B85EF32382FE7AA47
:10F120009CD5735D7B11B4A687EF8D7E945D55E50C
:10F130008BC56CEBA1847697EBD815180B2D508EF0
:10F140006199EF07278DCAA8D55F597FAB465F6FDE
:10F150007EB2B1F14D7B44E9287CB24EC601477FB7
:10F160005129FF9E465CABAE671273F32A0630B39B
:10F170000E94C22874D91ECADCFDC100754F09CB9C
:10F1800038512F93E7524E5BB8A15153EAF06773A1
:10F190004AA09C023E1A186C7791A1C6DF3659F935
:10F1A000D97A9B7FD3ACA5FCFF130390E439714C53
:10F1B00045F8021FF5341B0C5E7E1DAA2FDB1CC90F
:10F1C00071F8BBAA3DE4FA8347E0479EEFA0050330
:10F1D000D878991CB01E6AF6F1F2597842AE8B725B
:10F1E000FED22F58C225347C50862B29380CBD6E98
:10F1F000AE9699DDF790B2A6CB31DD3F565EA47294
:10F2000065125E8A9B6D38980703761D26A3B31797
:10F2100062D71FECB0E22351B1A613C7AB15E8B219
:10F220007AB2D518DFB5EA331E3B35D4D6A87B5663
:10F2300093BCAD1FC0C902582796BA8729256AD446
:10F24000E4EC45DA9383A4BEAA38E3271E88DD1DCB
:10F25000A7B82FDC9970A78DB2B4D56AA6998EE6AF
:10F2600037F91EC180B548AE26A9BB743DAFC3FDBA
:10F27000ADBEA6D562F06354A113C28F807F978084
:10F280004C07A013FE9B3BF7471F6CE6BB04E0F75F
:10F29000284A75868BA7CDC9F6DEBB560064D12AF5
:10F2A000FCF3E9E55CCD633936EB65E0F72537AE75
:10F2B000FC18CC94E32EBB8CD6F47FFE87AC798609
:10F2C000A3ADAD3E9C8CF53B2E7B5666B56005B577
:10F2D000C8195177DC02D7B45FE8A1399BC437EE77
:10F2E000AD50096A5AD60D89B454D91C445F9204B2
:10F2F0007C60976F987D5742E3F17843C4895A97B1
:10F300004F5EC1AEA5189653FA0ACB8ACFCFADABEC
:00000001FF
