:10D10000380C0020612F0200CD2E0200918E02000B
:10D110009D8E0200A98E0200C18E0200B58E020013
:10D12000000000000000000000000000AD3502001B
:10D13000DD2E02000000000059350200E12E020041
:10D14000E52E0200E92E020031240200813802009F
:10D15000ED2E0200F12E0200F52E0200F92E020043
:10D16000FD2E0200012F0200052F0200092F0200F0
:10D170000D2F0200112F0200152F0200192F02009F
:10D180001D2F0200212F0200252F0200292F02004F
:10D190002D2F0200312F0200352F0200392F0200FF
:10D1A0003D2F0200A1380200412F020091380200F9
:10D1B000452F0200492F02004D2F0200512F02007F
:0CD1C000552F0200592F02005D2F0200C5
:10D1FC0000015F5F00000000FE0B0000153702000D
:10D20C00000400000000000000000000000000000E
:10D21C000000000000000000407100200000000031
:10D22C0001015F5F01000000FF0300007537020081
:10D23C0000010000000000000000000000000000E1
:10D24C0000000000000000004075002000000000FD
:10D25C0001015F5F050100001F010000C5F1000026
:10D26C0000070000000000000100000001000000A9
:10D27C000000000000000000102D00200000000045
:10D28C00800000AE941B030020000000030F000080
:10D29C000100000009F100000100000001015F5FC6
:10D2AC002D0100000F030000091001000010000008
:10D2BC00000000000000000005000000000000005D
:10D2CC0003000000A049002000000000AC1B03007C
:10D2DC00800000AE000F0000010000000000000004
:10D2EC0010000000C01B03007000000000050000CF
:10D2FC00010000000000000020000000CC1B030017
:10D30C00710000000005000001000000000000009A
:10D31C0040000000D81B0300720000000005000054
:10D32C00010000000000000080000000EC1B030066
:10D33C007300000000050000010000000000000068
:10D34C00000100009D370200B13802002D010000E1
:10D35C000300000000000080E9370200C938020019
:10D36C002D0100001B0000000000004035380200B9
:10D37C00BD3802002D010000190000000000002043
:10D38C0001015F5F2C0100000F03000095230200D8
:10D39C000010000000000000000000000100000070
:10D3AC000000000000000000680C002000000000DD
:10D3BC00FC1B0300700000AE000500000100000023
:10D3CC00000000001000000001015F5F2E01000052
:10D3DC000F020000050C010000100000000000000E
:10D3EC00000000000100000000000000010000002F
:10D3FC00681C002000000000101C0300000500AE9B
:10D40C0000050000010000000000000010000000FA
:10D41C00E5230200412402002E010000020000005E
:04D42C00000000807C
:10D44000F8B50D4617460446C0E9265700F1A00777
:10D4500048220021ED0F38461E461BF0DDFF002359
:10D460009FED157BC4F8D8500225069A204606CABF
:10D47000C4F8C06084ED347BC4E9373384F8C85005
:10D4800024F00AF82146384602F05CF9054638B126
:10D4900003280BD019280CBF012503252846F8BD09
:10D4A0002046052124F066F82846F8BD04252846C4
:10D4B000F8BD00BFAFF300805D81FF7F000000007A
:10D4C0009FED357B4FF4C2039FED356B70B504467D
:10D4D00086B04FF0FF308DED006B8DED027B049335
:10D4E00012F0BEFD002839D12F4D4FF0FF3012F061
:10D4F000E9FD2E4AD2F8003FD907FBD44FF0E06196
:10D5000001202B4B19600199596002999960039988
:10D51000D960049919612549C2F8000FD1F8003F7C
:10D520009B07FBD5224B1A68002A4FF00202A2BFCC
:10D530005B68002623601D4BB8BF4FF0FF36C3F871
:10D54000002F12F0CBFD0023C5F8083212F094FD35
:10D55000012002F079FE304606B070BD0026124D63
:10D560004FF4807231462846C5F808621BF054FF1C
:10D570004FF480723146A8181BF04EFF04F024F9D6
:10D5800018B9012002F03CFEAFE7C5F8086212F0BE
:10D5900073FDAAE7AFF30080000000000000000068
:10D5A0000000000747365A4F1034002000300F406B
:10D5B00000000F400000000070B50546164C4FF407
:10D5C0008072002120462E691BF026FF4FF48072E6
:10D5D0000021A0181BF020FF0DA1D1E90001EB6A8A
:10D5E000326923610023C4E909336361E362636341
:10D5F0004FF0C8532263AA6BC4E90201A2616A6CAE
:10D6000023602262B5F84820C2F30B02E26170BDCC
:10D610002E00080808000000103400200000000060
:10D6200070B50546184C4FF48072002120462E69D3
:10D630001BF0F2FE4FF480720021A0181BF0ECFEEC
:10D64000002233694FF0C8512363AB6B6262A36160
:10D65000B5F84830E262C3F30B0343F49003E3618F
:10D66000626300230022686C503520622160C4E9A7
:10D67000042303A1D1E90001A562C4E9020170BD40
:10D680002F000808080000001034002000000000EF
:10D6900070B5826FC36E04469A42474B474A0D46A7
:10D6A000DA62037E84B020D0042B01D00F295ED82B
:10D6B0000026636B404AC2F89030A36BC2F89430E6
:10D6C000E36BC2F89830236CC2F89C30002E37D040
:10D6D000237E022B02D0002004B070BDEFF305833F
:10D6E000002B51D0606904B070BD042B01D00F290C
:10D6F00050D800269FED2E7B94F88120E16AC2F17C
:10D700000E030DF101008DED007B8DED027B8DF898
:10D7100000301BF043FE0121009B274A8DF80F10BB
:10D72000C2F89030019BC2F89430029BC2F8983046
:10D73000039BC2F89C30D069C307FCD4002EC7D12C
:10D74000D4E9090133462A4608F0EEF9A26F1A4BD4
:10D75000521BA267D3F890206263D3F89420A2638F
:10D76000D3F89820E263D3F89C302364B3E70B46E8
:10D77000D0E9091208F0B4F9A36F01261B1AA367B8
:10D78000636E1B1A636694E74FF0FF310C4812F08A
:10D79000F5FBA7E70B46D0E9091208F0A1F9A36F42
:10D7A00001261B1AA367636E1B1A6366A2E700BFFC
:10D7B000000000000000000000000C402A002A01C8
:10D7C000406300200000000030B5C36905460C46E8
:10D7D00085B0002B3ED1284B284ADA629FED247B8E
:10D7E00095F820202969C2F10E030DF101008DED9D
:10D7F000007B8DED027B8DF800301BF0CFFD00210A
:10D80000009A1D4B8DF80F10C3F89020019AC3F8B1
:10D810009420029AC3F89820039AC3F89C20DA69EE
:10D82000D207FCD42168EA69C3F880106168C3F8A4
:10D830008410A168C3F88810E168C3F88C10196FD0
:10D840002160596F6160996FA160DB6FE3602AB955
:10D8500005B030BD084B0A4ADA62BFE70123D5E9BB
:10D86000020105B0BDE8304008F05EB9AFF30080BA
:10D87000000000000000000000000C4028002A0109
:10D880002A002A01000000002DE9F0470468DDE9C4
:10D890000889D4F8E050002D78D11E4694F8F03075
:10D8A000002B73D18E464FF0010A04F1040CD645CB
:10D8B00007460FCA8CE80F006561C4E91A68C4F80E
:10D8C000DC6084F87CE084F88090256784F87F50E1
:10D8D000C4F8D88084F8F0A051D02022002104F1AF
:10D8E00082001BF099FD1022002104F1A2001BF020
:10D8F00093FD1022002104F1C4001BF08DFD1022C5
:10D90000002104F1B2001BF087FD0023227923637C
:10D91000282AA36503D1204605F09CFC0546102E5D
:10D9200005D9D4F8E4304BB12846BDE8F087B8F10A
:10D93000100FF9D9D4F8E430002BF5D1394620681E
:10D9400004F0D2F940B33C68302294F87C30012BCB
:10D9500019BF15A1D1E900010021114804F000FB15
:10D960003A4604200F4904F0F5F990B904F03AFA68
:10D9700078B9656904F0E0F92846BDE8F087B9F1A7
:10D98000000FAAD1102384F88030A6E74FF0FF35AE
:10D99000CAE74FF0FF35EDE76FF00105C4E700BFC0
:10D9A0000228140075310100022824000000000044
:10D9B0002DE9F84F0B680D461A780646022A5DD00D
:10D9C000082A5BD0222A02D0282A40F0968095F8B7
:10D9D00020903468A9F10702062A00F28E80D4F85C
:10D9E000E020002A40F08980D5E9067E17EB0E0F73
:10D9F00000F0838094F8F080B8F1000F7DD101220F
:10DA000004F1040C84F87C200FCBC4F81480A565C5
:10DA10008CE80F006B68D5E902BAD5E9042CC4E99B
:10DA2000083BC4E90AA2C4F830C0C4F85CE0C4F8FA
:10DA30006CE095F821303146002B08BF1023C4F864
:10DA4000D8E0206884F88190C4F8E480C4F8D470E9
:10DA5000A766C4F8DC7084F8803004F045F900282B
:10DA60004ED0EB69102B01D91B070ED12379282B3F
:10DA700025D03046BDE8F84F06F0E6BA29463046D4
:10DA8000BDE8F84F012206F0E3B93568302295F879
:10DA90007C30012B19BF1FA1D1E9000100211A48D8
:10DAA00004F05EFA32460420184904F053F90028C5
:10DAB000DCD104F097F90028D8D16B69D6E720466D
:10DAC00005F0C8FB04460028D3D03568D5F8E4003B
:10DAD00020B904F031F92046BDE8F88F04F070FA5F
:10DAE000324604200A4904F035F90028F1D104F047
:10DAF00079F90028EDD16B69EBE74FF0FF34EAE7E5
:10DB00006FF00104E7E700BF02281400753101003F
:10DB10005531010002282400000000000000000030
:10DB20002DE9F84F0B680D461A780646022A59D09F
:10DB3000082A57D0222A02D0282A40F0928095F84D
:10DB400020903468A9F10702062A00F28A80D4F8EE
:10DB5000E020002A40F08580D5E9067E17EB0E0F05
:10DB60007FD094F8F080B8F1000F7AD1022204F14E
:10DB7000040C84F87C200FCBC4F81480A5658CE8D5
:10DB80000F006B68D5E902BAD5E9042CC4E9083B5B
:10DB9000C4E90AA2C4F830C0C4F85CE0C4F86CE080
:10DBA00095F821303146C4F8D8E0206884F88030F8
:10DBB00084F88190C4F8E480C4F8D470A766C4F8EF
:10DBC000DC7004F091F800284ED0EB69102B01D9DD
:10DBD0001B070ED12379282B25D03046BDE8F84FFE
:10DBE00006F032BA29463046BDE8F84F022206F068
:10DBF0002FB93568302295F87C30012B19BF1FA151
:10DC0000D1E9000100211A4804F0AAF932460420A3
:10DC1000184904F09FF80028DCD104F0E3F800284C
:10DC2000D8D16B69D6E7204605F014FB04460028DE
:10DC3000D3D03568D5F8E40020B904F07DF820464B
:10DC4000BDE8F88F04F0BCF9324604200A4904F01C
:10DC500081F80028F1D104F0C5F80028EDD16B69F6
:10DC6000EBE74FF0FF34EAE76FF00104E7E700BFAE
:10DC700002281400753101005531010002282400EA
:10DC8000000000000000000030B50468054660692F
:10DC900083B0002854D1C1B194F87CC06267BCF154
:10DCA000010FA267A166C4F8DC10E26684F8803038
:10DCB000206784F87F00C4F8D82044D0102917D9F1
:10DCC000D4F8E430D3B103B030BD002A4DD094F87D
:10DCD0007C1062670129A267A066C4F8DC00E266D6
:10DCE00084F88030206784F87F00C4F8D82030D0D2
:10DCF000102AE8D9D4F8E430002BE4D12946206872
:10DD000003F0F2FF70B32C68302294F87C30012BC2
:10DD100019BF19A1D1E900010021154804F020F92B
:10DD20002A460420134904F015F8C0B904F05AF843
:10DD3000A8B96069019003F0FFFF019803B030BDFE
:10DD4000606903B030BD002BB8D1102384F8803057
:10DD5000B4E7002BCCD1102384F88030C8E74FF013
:10DD6000FF30E7E76FF00100ADE74FF0FF30AAE7C3
:10DD70000228140075310100022824000000000070
:10DD80002DE9F04104684A4A94F84810494B11F0D3
:10DD9000100F94F8491005460CBF4FF400604FF483
:10DDA0008060012908BF134622798AB0222A09D04F
:10DDB000282A50D0A26D62B14FF0FF3630460AB02B
:10DDC000BDE8F081A36DA768002BF5D12646F26867
:10DDD00001E026461746012919BF33A1D1E9000108
:10DDE0000021354804F0BCF82A460420334903F0EA
:10DDF000B1FF0028E0D103F0F5FF0028DCD17669FF
:10DE0000002EDBD1206812F05DF9002845D00123F7
:10DE1000D5F8008084F8613098F80430222B36D091
:10DE2000282B14BF3146D8F808103846D8F85820A7
:10DE300004F0AAF82A460420214903F08BFF48BBCE
:10DE400003F0D0FF30BBD8F8146012F047F9304629
:10DE50000AB0BDE8F08101900093202204F158033C
:10DE600002A9201D03F050FA06460028A6D1A26D93
:10DE700052B92E68337996F84910222B12D0282BEC
:10DE800002AFA8D1B268A6E784F8610096E7D8F897
:10DE90000C10CAE74FF0FF36D7E703F04DFF6FF0E5
:10DEA00001068BE702AF92E701281208000000008C
:10DEB0000002C0030001C00301281200254A01002E
:10DEC000D9490100000000002DE9F047046806462A
:10DED00094F84830676C13F0EF0336D0626D002A77
:10DEE0004AD04FF000094FF0FF385D1EBB6818BFE5
:10DEF00001250F2B30D93A68E2641A071CBF0025B0
:10DF000023F00F0320462A464946236504F016FDF8
:10DF1000206812F0D7F800284CD032463249207ED3
:10DF200003F018FF38B903F05DFF20B9D4F814806E
:10DF30004046BDE8F08712F0D1F8304606F0C8FD43
:10DF400003F0FAFE4046BDE8F0870125BB684FF0BC
:10DF5000FF380F2BA946CED804F1300A1022002139
:10DF600050461BF059FA5046BA6839681BF016FA49
:10DF7000BB68C4F84CA0C5E794F849301022012BC7
:10DF800019BF17A1D1E900010021184803F0E8FFEB
:10DF900032460420164903F0DDFE80B903F022FF6B
:10DFA0004FF0010994F8483090B9D4F8148003F088
:10DFB000EF039AE703F0C0FE6FF00108B8E794F8AA
:10DFC00048304FF001094FF0FF3803F0EF038CE7C2
:10DFD0004FF0FF3803F0EF0387E700BFAFF3008097
:10DFE0000228120800000000694B010002281200FC
:10DFF000454A010000000000F8B50468E66D751C94
:10E000003AD00F4694F849100546022936D0F968EF
:10E0100001390F2935D894F8606096BB84F84830F0
:10E0200004F1040C0FCA676466618CE80F001023CA
:10E0300004F12000194632466665A6650BF056FCD1
:10E040002946206803F050FE002839D02846FFF703
:10E0500097FEBB680646102B01D91B0714D136B9B1
:10E060002846BDE8F840FFF72FBF4FF0FF3628469F
:10E0700006F02EFD03F060FE3046F8BDB9680029B9
:10E08000C5D14FF0FF36F7E72C68102294F84930DD
:10E09000012B19BF0EA1D1E9000100210A4803F0AC
:10E0A0005FFF2A460420094903F054FE0028DCD112
:10E0B00003F098FE0028D8D16669002ED0D0D6E7AC
:10E0C0006FF00106D8E700BF02281200454A0100A0
:10E0D00002281208000000002DE9F8430468DDF86A
:10E0E0002080D4F8EC50002D72D11E4694F8FC30FC
:10E0F000002B6DD18E464FF0100904F1040C074639
:10E100000FCA8CE80F0084F898E065612022294648
:10E11000C4F89080C4F88860C4F88C80C4F8946017
:10E12000E567C4F8805084F8999004F19B001BF0D7
:10E1300073F94A46294604F1BB001BF06DF94A46C3
:10E14000294604F1DC001BF067F94A46294604F130
:10E15000CB001BF061F9012384F8FC30237925639F
:10E16000282BA56703D1204608F06AFC0546102E2F
:10E1700005D9D4F8F4304BB12846BDE8F883B8F19E
:10E18000100FF9D9D4F8F430002BF5D139462068B6
:10E1900003F0AAFD20B33C68302294F89830012B9C
:10E1A00007BF12A1D1E9000112A1D1E9000103F0DA
:10E1B000D7FE3A4604200C4903F0CCFD58B903F0D1
:10E1C00011FE40B9656903F0B7FD2846BDE8F88344
:10E1D0004FF0FF35D0E703F0AFFD4FF0FF35F2E72A
:10E1E0006FF00105C8E700BF5D690100022814084F
:10E1F00000000000022824080000000000000000C9
:10E200002DE9F843D1E9067E1EEB070F046800F004
:10E210009780D4F8EC30002B40F0928094F8FC808A
:10E22000B8F1000F40F08C8001230D4684F898303F
:10E230000B6804F1040CC4F81480A16706460FCBE8
:10E240008CE80F006B68D5E90290D5E9042CC4E98D
:10E250000839C4E90A02C4F830C0C4F87CE0C4F844
:10E260008CE095F82130C4F88070002B08BF102393
:10E27000C4F8887095F820203146C4F890E084F8FE
:10E280009A20C4F89470C4F8F48084F89930206817
:10E2900003F02AFD002856D0EB69102B0ED8237905
:10E2A00004F13405282B28D01022002128461BF029
:10E2B000B3F83046BDE8F84308F056BD1B07EED072
:10E2C0003568302295F89830012B07BF24A1D1E999
:10E2D000000125A1D1E9000103F042FE32460420ED
:10E2E0001D4903F037FD88BB03F07CFD70BB6B69F3
:10E2F000237904F13405282BD6D1204608F0A0FB61
:10E3000004461022002128461BF086F8002CD0D0AD
:10E310003568D5F8F40020B903F00EFD2046BDE8BD
:10E32000F88303F04DFE324604200C4903F012FD41
:10E330000028F1D103F056FD0028EDD16B69EBE721
:10E340004FF0FF34EAE76FF00104E7E703F0F4FC75
:10E35000A5E700BFAFF300805D69010041690100DE
:10E360000228140800000000022824080000000011
:10E370002DE9F843D1E9067E1EEB070F046800F093
:10E380009480D4F8EC30002B40F08F8094F8FC801F
:10E39000B8F1000F40F0898002230D46064684F84C
:10E3A00098300B6804F1040CC4F81480A1670FCBFB
:10E3B0008CE80F006B68D5E90290D5E9042CC4E91C
:10E3C0000839C4E90A02C4F830C0C4F87CE0C4F8D3
:10E3D0008CE095F82130C4F8807084F89930C4F846
:10E3E000887095F820303146C4F890E084F89A306F
:10E3F000C4F89470C4F8F480206803F075FC002819
:10E4000056D0EB69102B0ED8237904F13405282B54
:10E4100028D01022002128461AF0FEFF3046BDE821
:10E42000F84308F0A1BC1B07EED03568302295F800
:10E430009830012B07BF24A1D1E9000124A1D1E923
:10E44000000103F08DFD324604201D4903F082FCDB
:10E4500088BB03F0C7FC70BB6B69237904F13405FA
:10E46000282BD6D1204608F0EBFA044610220021D2
:10E4700028461AF0D1FF002CD0D03568D5F8F4002A
:10E4800020B903F059FC2046BDE8F88303F098FD5D
:10E49000324604200B4903F05DFC0028F1D103F063
:10E4A000A1FC0028EDD16B69EBE74FF0FF34EAE700
:10E4B0006FF00104E7E703F03FFCA5E7AFF300804E
:10E4C0005D69010041690100022814080000000094
:10E4D000022824080000000030B50368044658698B
:10E4E00083B000283FD181BB002A47D0C3E9220274
:10E4F000C3F89400C3F89020102A32D9D3F8F4203E
:10E500007ABB2146186803F0EFFB002833D025685A
:10E51000302295F89830012B07BF1CA1D1E90001EA
:10E520001CA1D1E9000103F01BFD2246042016497D
:10E5300003F010FCD0B903F055FCB8B9686901903C
:10E5400003F0FAFB019803B030BD1029C3F8941012
:10E55000C3E92212C3F89020CED9D3F8F420002AC0
:10E56000CFD003B030BD586903B030BD03F0E4FB39
:10E570004FF0FF30E3E76FF00100F2E74FF0FF30BC
:10E58000EFE700BFAFF300805D69010002281408C7
:10E590000000000002282408000000000000000025
:10E5A0002DE9F047046894B0A36A013300F040837A
:10E5B0000022237F0746012B228201D0022B44D167
:10E5C000A3695E68002E40D0A34D31682B68994244
:10E5D0004BD1B269AB699A4247D1696870680BF058
:10E5E00067F9002840D0B269296930690BF060F9F9
:10E5F000002839D0E023012019466074E38120739C
:10E6000004F1400304F13C0220F056FD002800F024
:10E6100097822268137803F0DF01022902D0282BA9
:10E6200040F024826068257F0178012D01F0DF0130
:10E6300048D002293AD06FF02205284614B0BDE830
:10E64000F087607C002840F07283207B431E072BFC
:10E6500000F26F83DFE813F0DB00C600BC00EF00C0
:10E66000C600BC00E600E00031687C4D2B688B42A0
:10E6700040F0F980B269AB699A4240F0F480696871
:10E6800070680BF015F9002800F0EC80B269296978
:10E6900030690BF00DF9002800F0E4804FF4807130
:10E6A00001200223E18160742373A9E7A16809783E
:10E6B00001F0DF01042907D06FF02305284614B0CC
:10E6C000BDE8F0870429B6D11B07E38954BF9168E0
:10E6D00051680733B1EBD30F4FEAD30640F0B7824E
:10E6E000A37F8268002B55D149000131914240F04F
:10E6F0008480022D00F08480012D66D100214068C5
:10E700001AF08AFE0021902204F144001AF084FEDF
:10E710003946206A03F0E8FA002800F0BF82206A38
:10E7200011F0D0FC002800F0B7823E6833681A78F8
:10E73000282A00F09E8135464FF00008D3F8049057
:10E74000EA892B7B1F325209082B02F1010207BF15
:10E750003DA1D1E900013EA1D1E90001920003F001
:10E76000FFFB3A4604203E4903F0F4FA002840F04B
:10E77000E28103F037FB002840F0DD81AD6A002D17
:10E7800000F0928003F0B0F811F0A8FC284614B015
:10E79000BDE8F087237B082B2DD0B2EB410F2CD1A5
:10E7A000022DA9D1A36899688E4200F03281B1EBA5
:10E7B000460F4FEA460203D00132914240F0718287
:10E7C000002158681AF028FE9CE7A3689A68F7E7CA
:10E7D0004FF4C0710328E18109D040F201230220E7
:10E7E00023820DE74FF480710228E181F5D10123E6
:10E7F0001846637404E79142D2D06FF025051CE7F8
:10E8000043681B78042BCDD06FF0280515E7E02175
:10E810000123E1816374F3E6FF2303201946E381BA
:10E820006074EDE64FF4007340F2012202201946B5
:10E83000E3812282E4E640F2092301201946E381C4
:10E840006074DDE6AFF30080014841040000000081
:10E850000148210400000000841F0200682002001B
:10E86000717301003168BA4D2B688B4240F02981E9
:10E87000B269AB699A4240F02481696870680BF014
:10E8800017F8002800F01C81B269296930690BF083
:10E890000FF8002800F014814FF4C0710120032309
:10E8A000E18160742373ABE60123D7F800A086F8FA
:10E8B000D430BAF80E501F356D091D44AD00B8F1C3
:10E8C000000F00F0A8809AF80C30082B0BD199F8B3
:10E8D000043023F0070389F8043099F8233043F01B
:10E8E000400389F8233029464846DAF82C2003F003
:10E8F0004BFB3A460420974903F02CFA002840F0DD
:10E900001A8103F06FFA002840F01581DAF82850D8
:10E91000002D7FF437AFD7F80080B8F80E2098F8B4
:10E920000C301F325209082B02F1010200F0C380A3
:10E9300000218948D20003F013FB3A46042087499E
:10E9400003F008FA002840F0F68003F04BFA0028A4
:10E9500040F0F180D8F82850002D7FF413AF98F8DC
:10E960001C80B8F1020F00F0298102F0BDFF0028E1
:10E9700040F0C480337F022B00F0C0803D6800214E
:10E980002A6C774803F0ECFA3A460420754903F004
:10E99000E1F9002840F0CF8003F024FA002840F08D
:10E9A000CA80AD6A002D7FF4EDAE3E68D6E90F0156
:10E9B000B26B03F0E9FA3A4604206B4903F0CAF956
:10E9C000002840F0898103F00DFA0546002840F048
:10E9D0008381B66A02F088FF002840F03E81002E55
:10E9E00040F0A381237B082B3FF427AE3C682046F0
:10E9F00003F0A0FB3A4604205C4903F0ABF9002881
:10EA000040F09E8003F0EEF9002840F09980A56A5E
:10EA100013E63246D4E641460AF144082A46404607
:10EA20001AF0FAFCDAF800309AF810205868BAF8B0
:10EA30000E109AF81E30CDF8008011F09FFB9AF866
:10EA40000C30082B0BD19AF8483023F007038AF8D2
:10EA500048309AF8673043F040038AF86730294617
:10EA60004046DAF82C2003F08FFA42E76FF02105D8
:10EA7000E3E511F033FB4FF480453346DFF8F8C08F
:10EA800053F82C0B4822CDE900C502A902F03CFC4A
:10EA90000546306A11F016FB8046002800F0D2804F
:10EAA000002D7FF46FAEF36A002B40F0D3803D68F9
:10EAB0000DF1080944E6920023A1D1E900013AE7EB
:10EAC00031682B4D2B688B4259D1B269AB699A42A0
:10EAD00055D1696870680AF0EBFE00284ED0B26923
:10EAE000296930690AF0E4FE002847D040F2092184
:10EAF00001200423E1816074237381E53D68EA8984
:10EB00002B7F1F32012B4FEA521200F094809200AB
:10EB100040F20140002103F023FA3A46042015494F
:10EB200003F018F938B903F05DF920B9AD6A002D8A
:10EB30003FF424AF26E64FF0FF3523E611F0CEFA7E
:10EB40004FF0FF3579E500BF0140410000000000B3
:10EB5000401E0200CD7201000140210091730100AE
:10EB600001440F00D1730100F1730100E57201004F
:10EB7000841C0200B17301000000020931686F4D6E
:10EB80002B688B4271D1B269AB699A426DD16968C9
:10EB900070680AF08DFE002866D0B2692969306974
:10EBA0000AF086FE00285FD04FF48071052240F203
:10EBB00001230220E1812273238221E529463D6859
:10EBC0009022EB8905F1440A1F335B09504603F19B
:10EBD00001091AF021FC2B7BE989082B08BF4FF0B3
:10EBE00001086B6808BF4FEA890958682B7CCDF88B
:10EBF00004A095F81EC018BF4FEAC9094246CDF8D7
:10EC000000C011F0D9FA494650462A6B03F0BCF90E
:10EC10003A4604204A4903F09DF800288BD103F0BE
:10EC2000E1F8002887D1AD6A002D7FF4ABAD9CE6FA
:10EC30006FF01F0501E52B7B0132082B3FF467AF16
:10EC4000D20065E703F078F86FF001059AE56FF000
:10EC50002405F2E486F8D4505DE611F03FFA002E68
:10EC60003FF4C0AE3546E8E43168364D2B68994232
:10EC70001BD1B269AB699A4217D1696870680AF012
:10EC800017FE88B1B269296930690AF011FE58B1DE
:10EC90004FF4C07106228AE703F04EF86FF00105C9
:10ECA000CBE46FF02605C8E43168274D2B68994204
:10ECB0001BD1B269AB699A4217D1696870680AF0D2
:10ECC000F7FD88B1B269296930690AF0F1FD58B1E0
:10ECD0004FF4007107226AE702F006FE00287FF475
:10ECE0002DAF4FF0FF354FE53168184D2B68994235
:10ECF0007FF4A7ACB269AB699A427FF4A2AC6968B1
:10ED000070680AF0D5FD00283FF49BACB269296910
:10ED100030690AF0CDFD00283FF493ACFF210320B9
:10ED20000823E181607423736AE435462CE5E189A8
:10ED300066E400236FF0200563747EE4A01B0200EC
:10ED4000CD7201005C1A0200B8180200BC17020064
:10ED50002DE9F04F05688DB06B6A013300F0D0816A
:10ED60002B7D04465A1E012A76D9032B00F04881D8
:10ED70006A68137819076DD55368202B40F08B8192
:10ED8000FF21042005F1400305F13C0220F094F935
:10ED9000002800F083812146286A02F0A5FF06467C
:10EDA000002800F07E8127683B7D5A1E012A40F230
:10EDB0009380B8467868032B72D0C1460026D0F8FD
:10EDC00004A0C6A1D1E90001242203F0C9F822461B
:10EDD0000420B94902F0BEFF002840F0F98003F09A
:10EDE00001F8002840F0F480D8F824503DBB0125FC
:10EDF00099F8142089F80A50023AAA42D4F80090EF
:10EE000040F200813B7D023B012B40F2B2800021A9
:10EE1000AA48D9F8402003F0A3F822460420A849C4
:10EE200002F098FF002840F0D38002F0DBFF0028BA
:10EE300040F0CE80D9F82450002D00F0B18020465B
:10EE400009F0B2F902F078FF28460DB0BDE8F08F66
:10EE500004281DD1936890E72A68117801F0DF003B
:10EE600002281BD0282913D15268202A40F0408163
:10EE70006968012B08780A4600F0DF00E8D00B78BB
:10EE80000A4603F0DF010229E4D0282B3FF474AFD7
:10EE90006FF0220528460DB0BDE8F08F9268E4E7D8
:10EEA0000378282B89D14FF400630193854B2422EA
:10EEB000009303A908F12C0302F026FA0546002866
:10EEC000BDD1D8F82C30002B40F01581C1460DF192
:10EED0000C0AD4F8008074E738680378282B00F017
:10EEE000BD803D464FF00009D0F804806EA1D1E905
:10EEF0000001242203F034F822460420724902F073
:10EF000029FF002864D102F06DFF002860D16D6AEE
:10EF1000002D94D14FF0010A25682B68D3F804B076
:10EF200087F809A0B9F1000F55D040462421AA6AFC
:10EF300003F02AF822460420644902F00BFF00285F
:10EF400042D102F04FFF00283ED16D6A002D7FF4C0
:10EF500076AFD4F8008098F81430022BD8F804006B
:10EF60007FF429AF0378282B7FF427AF4FF4806319
:10EF70009BE74FA1D1E90001402202F0F1FF2246B8
:10EF80000420534902F0E6FE10BB02F02BFFF8B953
:10EF9000D9F82450002D7FF452AFD4F8009036E712
:10EFA0002568D5E90F012A6B02F0EEFF2246042006
:10EFB000484902F0CFFE58B902F014FF40B96D6A1B
:10EFC000002D3FF467AF3AE7013001D102F0B4FE03
:10EFD0004FF0FF3533E705F15008494624224046FB
:10EFE0001AF01AFA584652465346FF21CDF80080CF
:10EFF00011F0C4F840462421AA6A02F0C5FF99E73F
:10F0000069683CE7002E3FD1314609F150062422C1
:10F0100030461AF001FAD9F804302A465868FF2120
:10F020002B46CDE9005611F0C7F830462421D9F817
:10F030002C2002F0A9FF22460420274902F08AFE74
:10F040000028C5D102F0CEFE0028C1D1D9F8245045
:10F05000002D7FF4F4AED4F80090D3E64FF4804254
:10F06000184B03A9CDE90032242207F1280302F04E
:10F070004BF9054600287FF4E2AEBB6A93BBB1466C
:10F0800025680DF10C0831E750462421D9F82C20D1
:10F0900002F07AFFCFE76FF00605FBE64FF0FF3591
:10F0A000F8E66FF01F05F5E6014850380000000053
:10F0B0000228D001000000000181010001440F007E
:10F0C0004181010000080006E1800100C9800100C3
:10F0D00021810100798101009181010001405038B6
:10F0E00000000000D4F80080787298F8143034E7FB
:10F0F0006FF00505CEE6D4F8009088F80A0081E6A6
:10F100006FF02005C6E600BF40F2E932F0B50368B3
:10F110000446934285B026D040F2EA3293421DD194
:10F120000369042B48D1036A042B45D18568244820
:10F130000021056002AA60681AF0D8F90428064682
:10F140003AD1029803A900F08FF9054640B901466B
:10F150003346606803AA1AF0D5F901E06FF085051F
:10F16000284605B0F0BD0669076A731E3F2B23D8F9
:10F1700017B38268124B002140681A601AF0FEF93A
:10F180000021054660681AF009FA024603A80090BB
:10F190003B462846314600F03DF905460028DFD1C0
:10F1A00029466068039A1AF001FA606829461AF045
:10F1B000EDF9284605B0F0BD6FF08605D0E700BF39
:10F1C000205D002000F018B9202230B58DB0054632
:10F1D00004A901A8019213F06FFF60B90446019BD6
:10F1E0002846074902AA04ADCDE9025300F094FA7B
:10F1F00020460DB030BD052420460DB030BD00BF07
:10F2000008DBFEFF30B50D4B83B00193054600F0DF
:10F210005BFA6A4601A900F051F9044608B9009B5F
:10F2200013B1204603B030BD284601220023044913
:10F2300000F04CFA204603B030BD00BF02DBFEFFF9
:10F2400001DBFEFF38B50025044613F003FF2B4613
:10F2500002460349204600F039FA284638BD00BF6F
:10F2600006DBFEFF30B583B0054601A800F0D2FCF6
:10F27000044628B9019A28460349D31700F026FA14
:10F28000204603B030BD00BF07DBFEFF202230B5B3
:10F290008DB0054604A901A8019213F03DFF60B9A5
:10F2A0000446019B2846074902AA04ADCDE9025352
:10F2B00000F01CFA20460DB030BD032420460DB0EE
:10F2C00030BD00BF05DBFEFF30B583B005466846A4
:10F2D00000F07EF9044620B96A462846024900F04B
:10F2E00005FA204603B030BDFFDAFEFF002230B53C
:10F2F0008BB0054602A92020CDE9002213F0F0FED4
:10F3000060B90446202302A9284600916A460549AF
:10F31000019300F0EBF920460BB030BD03242046EA
:10F320000BB030BD04DBFEFFF0B5BDB004460D46AA
:10F330002E4802A9164621F071FEA0B9BDF808308A
:10F3400003F44F42B2F5824F11D0B3F5885F0AD172
:10F35000BDF80A30B3F5C07F1AD0B3F5007F3CD0BA
:10F36000B3F5807F37D0052420463DB0F0BDDBB239
:10F37000122BF8D1BDF80A30B3F5C07F32D0B3F507
:10F38000007F2CD0B3F5807FEDD16FF0060300E055
:10F39000062300220095114602A8FEF751F8B0B9E5
:10F3A0002246134902A800F0A1F9124D05F11C07ED
:10F3B00055F8043F02A8984704460028D4D1AF422C
:10F3C000F6D1314602A800F04DF90028CCD0012832
:10F3D000C9D10224C8E70523DBE70723D9E76FF08B
:10F3E0002303D6E76FF02203D3E700BF5D81FF7FE1
:10F3F00000DBFEFF4814020008B500F0E1F8042825
:10F4000096BF034B6FF0830053F8200008BD00BF88
:10F410003814020000B587B0029221F01002202AB1
:10F4200000900191039306D0402904D06FF086002C
:10F4300007B05DF804FB002BF8D0684604AA02A9C7
:10F44000FFF772FF28B9059B089A136007B05DF8B3
:10F4500004FB042802D96FF08300E9E7014B53F85D
:10F460002000E5E73814020000236FF0004210B5D9
:10F4700086B0CDE90232009320F01003202B0C4619
:10F48000019005D0402803D06FF0860006B010BD73
:10F49000684604AA02A9FFF747FF18B9059B236035
:10F4A00006B010BD042803D96FF0830006B010BD6C
:10F4B000014B53F82000E9E7381402002DE9F04F22
:10F4C00087B0019000285AD09046002A57D00023D8
:10F4D00042F2160A1D46384F04AE07F104091360C4
:10F4E00002913B88534503D0032007B0BDE8F08F5D
:10F4F000B7F802B0BB44CB451CD9304C05E0BDF891
:10F50000123004331C44A34514D90422214630464A
:10F5100019F044FFBDF81030C3F38512AA42EED1B2
:10F5200003F03F033F2BBDF812B016D0062D0DD0CF
:10F530000135D6E7062D09D0CB4505F10105D0D818
:10F5400042F2160339F8041C9942CDD1D8F80030A4
:10F55000CBB9002007B0BDE8F08FD8F800300133F8
:10F56000012BC8F8003014D00434CDF814B0049442
:10F57000092196E80C00019821F0C4FFD6E7042089
:10F5800007B0BDE8F08F0198042122F023F8002095
:10F59000E0E7029B5BB11B6801981A460393DB17F7
:10F5A00021F092FF0421019821F0E4FFDCE704211F
:10F5B000019821F0DFFFD7E7245D0020285D0020BF
:10F5C0004FF400720120014900F02CBB245D0020A3
:10F5D00070B51D4D04462A6886B03AB1002C31D072
:10F5E00000201A4BC4E9003206B070BD184E0092DC
:10F5F00033685BB9174801A921F010FD00BB334601
:10F6000041221549134821F029FDC8B9684613491C
:10F6100021F04AFDA0B9684632680F4921F068FD23
:10F6200070B90F4E684620223146074B21F082FD0B
:10F6300030B901232A6806F8013C1A442A60CDE754
:10F640000320D1E70520CFE7285F00202C5F0020B2
:10F65000505F00205D81FF7F545F002009000002A1
:10F660002D5F002070B5044682B00D46052121F0C3
:10F67000B1FF214604F1A00000F0E6F858B10328DC
:10F6800019D0192803D10123184602B070BD0323F5
:10F69000184602B070BD6E462046314622F07AF818
:10F6A00001280346EFD050B996E8030085E803002F
:10F6B000184602B070BD0423184602B070BD022384
:10F6C000184602B070BD00BF704700BF70B5164647
:10F6D00004461D460A46CB1721F0F6FE32462B465D
:10F6E0002046BDE8704021F0EFBE00BF134670B564
:10F6F000D3E90065044682B00A46CB1721F0E4FE48
:10F7000002212046CDE9006502AB13E90C0002B0EE
:10F71000BDE8704021F0F6BE134670B5D3E9006530
:10F72000044682B00A46CB1721F0CEFE03212046C4
:10F73000CDE9006502AB13E90C0002B0BDE87040F2
:10F7400021F0E0BE2DE9F0410446AAB0006A0E4661
:10F7500000F0FCF800285BD0A36B9A0752D5042177
:10F76000304621F007FF18226B4604AD0094019249
:10F7700093E806002846276A21F08EFE05212846D8
:10F7800021F0F8FE01220023284621F09DFE3A4692
:10F79000FB17284621F098FE0521284621F01AFF84
:10F7A000284602A921F0F6FF074630BB029B039AC8
:10F7B000A361E26123B304F1180393E8030085E831
:10F7C0000300022195E80C00304621F09BFEA36B5C
:10F7D000DB0733D4D4E90F840521304621F0CAFE7B
:10F7E000DCB93046052121F0F5FE0221304621F03A
:10F7F000C1FE38462AB0BDE8F0810023C4E90633D3
:10F800000227F6E712220023304621F0A9FEA6E7E0
:10F81000012738462AB0BDE8F081B8F1000FE0D0EA
:10F8200030460422002321F04FFECDE9048402215A
:10F8300095E80C00304621F065FED2E71C273846DB
:10F840002AB0BDE8F08100BF40232DE9F0430C460B
:10F850002025ADB00DEB03061CAA14AFCDE90E7543
:10F860000C9201213246054620460D9321F01EFFE1
:10F87000A37B1BB101232374192630E0237C012BC9
:10F88000FAD0002B42D12268D5F820C05AB30DF12E
:10F890002008CDF8108002AF0EA903C987E8030045
:10F8A00096E803008DE8030005F11802604606CAD9
:10F8B00000F052F8064690B9AB6B0DF12809DB0752
:10F8C00029D599E8030012AB83E8030002210CCB91
:10F8D000204621F017FE0421204621F07BFE304611
:10F8E0002DB0BDE8F0830BAB029305F1300393E834
:10F8F00003008DE8030028350A92604695E80C0065
:10F9000000F010F90DF128090646DAE7182630460E
:10F910002DB0BDE8F083CDF8189004AA0CA903C956
:10F9200082E8030005F1280398E803000CCB87E880
:10F93000030005F1300C9CE803008DE80300286A01
:10F9400000F090F80028BCD00646C8E7C31D0CBFE5
:10F950006FF00F00002070472DE9F041BCB06F46FA
:10F9600087E8060030210AAA0292039102AA06CA79
:10F970003B4C804616A81E4621F08EFD042116A899
:10F9800021F0F8FD204622F0C7F80025CDE9084017
:10F9900008AC032194E80C0016A821F0B3FD97E809
:10F9A000030084E80300022194E80C0016A821F06B
:10F9B000A9FDCDE90855022194E80C0016A821F014
:10F9C000A1FD002E3CD1CDE90866022194E80C008F
:10F9D00016A821F097FD0125042116A821F0FAFDB3
:10F9E00016A804A921F0D6FE002835D118F1070F7A
:10F9F0000CBF6FF00F01002106A800F0BDF8E0B9C0
:10FA0000DDE904235B1B34BF0121002100291CBF59
:10FA100000230022CDE9082306A894E8060000F0A0
:10FA2000C9F842AB93E8060006A800F0C3F844AA60
:10FA3000469B06A806CA00F0CBF83CB0BDE8F081B2
:10FA400042AB93E8030084E803000B2194E80C0028
:10FA500016A821F057FDBFE715203CB0BDE8F081A6
:10FA60006814020082B010B586B008A9073081E89A
:10FA70000C0005D0012006B0BDE8104002B0704770
:10FA800005A8DDE90E41DDE90C23CDE90110009464
:10FA900023490A9821F07CFB10F1850F32DA10F12E
:10FAA000970F29DB9730112826D801A353F820F0AF
:10FAB0001BFB0000F9FA000017FB0000F9FA000038
:10FAC000F9FA0000F9FA0000F9FA0000F9FA00006A
:10FAD000F9FA0000F9FA000013FB0000F9FA00003F
:10FAE000F9FA0000F9FA0000F9FA0000F9FA00004A
:10FAF000F9FA000075FA0000172006B0BDE81040C2
:10FB000002B070470028F7D1059B109AC2E9004364
:10FB1000B1E71020AFE70D20ADE71220ABE700BF43
:10FB20000906000682B000B587B008A9073018BFE3
:10FB3000012081E80C0004D007B05DF804EB02B0AE
:10FB4000704700230A9801A9CDE90133CDE90333B9
:10FB5000059321F063FA28B1002007B05DF804EBAB
:10FB600002B07047BDF80620D308520718BF013312
:10FB70000C9A5B001360EFE74FF6FF720C4B10B569
:10FB800011F1100F14BF11461946002303600446FB
:10FB900021F08AFA606038B110F1860F05D010F1BB
:10FBA0008A0F14BF0420052010BD032010BD00BF24
:10FBB0000900000210B582B002AB03E906004368F9
:10FBC00023B919B1044621F093FA606002B010BD68
:10FBD00070B582B002AC04E90600426842B112F18D
:10FBE000860F13D08A3214BF0420052002B070BDE6
:10FBF0001D46019A04330E46044621F09BFA6060CC
:10FC000002462E600028EAD102B070BD032002B087
:10FC100070BD00BF0346024A002012681A60704798
:10FC2000205D002008B521F0A3F9003818BF01209D
:10FC300008BD00BF10F4004370B419D001224FF486
:10FC4000807140F202254FF400740020284BC3F865
:10FC50001052C3F81C22C3F8C420C3F81842C3F8DA
:10FC600000025965C3F800229965002070BC7047F6
:10FC7000C2051ED51E48D0F80822002A27DB40F214
:10FC8000DA551C4C26682260A6F5B7117339A942D3
:10FC90001DD8A2F5B7117339A94218D8921B953215
:10FCA000B2F5957F13D84FF4003242658265236028
:10FCB000DBE78303D9D50E4BD3F8C0200A2A11D035
:10FCC0000A214FF40032C3F8C0109A65CDE7002036
:10FCD00001214FF48072064BC3F80002C3F80012F2
:10FCE0009A65C2E7044A0120C3F89C20BEE700BF22
:10FCF00000100040985F002080841E802DE9F843AA
:10FD0000344C206830B10123836000F091FF002261
:10FD100023689A600022304B304D3148314CD3F883
:10FD200008802A601F69D3F81490E468C5682E49DA
:10FD3000A4B2ADB20C430D43EFF3148616F00200EB
:10FD40003ED082F31488BFF36F8F4FF0706310467C
:10FD5000DB6C9847022383F31488BFF36F8F86F31D
:10FD60001488BFF36F8F1E4A1B4BD560A2F500327B
:10FD7000D4601E4AC3F808801F61C3F81490D2F8FB
:10FD8000843043F00503C2F8843001F0CBF9184900
:10FD9000184A0B6843F002030B605378FF2B14D012
:10FDA00053780133DBB2537001F0C8F94FF40042CD
:10FDB00001200E4B10495A659A650870BDE8F8831A
:10FDC0004FF07063DB6C9847CDE701F0B7F913F0A3
:10FDD0002FFBEBE7B05F002000E002E0B45F002003
:10FDE00000ED02E000ED00E00000FA050010004028
:10FDF000346000203C600020082D0020F8B5834BC3
:10FE0000DD6C2F045D65DD6500F1908015F00A065C
:10FE100028D0D3F884207E4C22F00102C3F884203D
:10FE20005B6C180400F1D6807A4F784AD2F884309F
:10FE300043F00503C2F8843001F074F93B6843F0E5
:10FE400002033B606378FF2B00F0BF8063780133CF
:10FE5000DBB2637001F072F94FF400426B4B5A65EC
:10FE60009A659E6529074DD46B4C236813B12846CB
:10FE7000984710B9EB062ED4F8BD002601204FF0AC
:10FE80008042624B26606549C3F8B000D36A0C68B3
:10FE900043F00403D3622CB3A368DA061FD5D4E978
:10FEA0000332002110209847C8B101F03BF9584BAC
:10FEB0005A78002A00F084805A78013AD2B25A70F7
:10FEC0005B7823B9534A136823F00203136001F0EF
:10FED00035F9EB06D0D5BDE8F84013F0A9BA24688F
:10FEE000002CD9D101F01EF94D4A136843F01003DC
:10FEF000136001F023F94B4B18680028D5D000F0AF
:10FF00008DFED2E7414C01F00DF9D4F8A43023F076
:10FF10000043C4F8A430D4F8A43043F00043C4F83C
:10FF2000A43001F00BF90823A3659DE74FF40031DD
:10FF30003A4A596514685CB3A3681E0725D5D4E90D
:10FF40000332002108209847F8B1314C01F0EAF85B
:10FF5000637805F00A065BB36378013BDBB263703C
:10FF6000637823B92B4F3B6823F002033B6001F019
:10FF7000E5F8002E3FF476AF244A264FD2F88430BD
:10FF800023F00103C2F884304FE72468002CD3D15A
:10FF900001F0C8F8224A136843F00803136001F027
:10FFA000CDF8204B18680028CFD000F037FECCE702
:10FFB00001F0C4F813F03CFA002E3FF453AFDBE736
:10FFC00001F0BCF813F034FA54E701F0B7F813F07D
:10FFD0002FFA41E701F0A6F863784BB16378013B53
:10FFE000DBB26370637843B101F0A8F8094F1CE7F6
:10FFF00001F0A4F813F01CFA16E7064F3B6823F053
:020000021000EC
:1000000002033B6001F09AF80FE700BF00100040C8
:100010003C6000203460002044600020B85F002075
:10002000B45F0020B05F002070B584B001F07AF8B2
:100030002D4B1D7825B101F081F8002004B070BD72
:1000400001241C7001F07AF801A801F0ABF8274AEE
:1000500001AB132126488DF80C5001F087F80321DD
:100060004FF4826019F006F94FF0804048F20A061A
:10007000426C204B2049214D42F4801242649E651F
:100080008C650C662C66D3F8842042F00502C3F818
:10009000842001F047F81A491A4A0B6843F002031A
:1000A0000B605378FF2B1AD053780133DBB25370B7
:1000B00001F044F84FF4004210240E4B12495A65E7
:1000C0009A65D3F8A420132042F00042C3F8A4207C
:1000D000C1F8004801F048F8002004B070BD01F0FC
:1000E0002DF813F0A5F9E5E7686D0020FDFD00008F
:1000F0009C5F0020001000400020004000200240D3
:10010000346000203C6000200050004010F47F4329
:1001100008D1124BC0B21A181B5CD07FDBB2C0B240
:1001200018447047B3F5807F0BD0B3F5007F11D131
:100130000B4BC0B21A181B5CD07BDBB2C0B21844A8
:100140007047084BC0B21A181B5CD079DBB2C0B242
:10015000184470476FF00100704700BFF05F002047
:10016000C05F0020E05F002010F47F4307D1104BF8
:10017000C1EB41110B44C0B2185CC0B27047B3F57B
:10018000807F0AD0B3F5007F0FD10A4BC1EB01117C
:100190000B44C0B2185CC0B27047074BC1EBC10141
:1001A0000B44C0B2185CC0B270476FF001007047DA
:1001B000F05F0020C05F0020E05F0020034610B425
:1001C000034A044C002023605DF8044B1160704723
:1001D0003860002030600020844660B15AB1084683
:1001E00008B56146CCE90202CCF81030034800F0B3
:1001F0004FFD002008BD6FF002007047B85F00207F
:10020000042838B518D8044600F08CFF01230C49A7
:10021000A3400D680B4A2B430B60135DFF2B08D0E6
:100220000025135D0133DBB2135500F087FF28462C
:1002300038BD4FF0FF35F8E76FF00105F7E700BF75
:10024000346000203C600020042810B51AD8044611
:1002500000F068FF0D4B1A5D8AB11A5D013AD2B207
:100260001A551B5D33B901220949A2400B6823EAE4
:1002700002030B60002400F061FF204610BD4FF028
:10028000FF34F8E76FF00104F7E700BF3C6000209F
:100290003460002038B5044600F044FF14F47F4376
:1002A000054610D12B4BE4B2185D19191A5DC97FB0
:1002B000FF285FFA80FCD2B2C9B224D1284600F0F0
:1002C0003DFF002038BDB3F5807F29D0B3F5007F16
:1002D000F4D1214BE4B2185D1A19195DD27BFF28C5
:1002E0005FFA80FCC9B2D2B2E8D00CF1010C5FFA1F
:1002F0008CFC891803F804C0E0D10123A34098B214
:1003000018F0CAFFDAE70CF1010C5FFA8CFCCA4264
:1003100003F804C0D2D10123104AA3405361CDE7B2
:100320000F4BE4B2185D19191A5DC979FF285FFAFD
:1003300080FCD2B2C9B2C1D00CF1010C5FFA8CFCC6
:10034000CA4203F804C0B9D10123044AA34093610F
:10035000B4E700BFF05F0020C05F00200000024053
:10036000E05F002070B505460C4600F0DBFE15F49A
:100370007F43064612D12A4BC4EB4414EDB21C4411
:10038000615D5A195B5DD27FFF29DBB2D2B2C8B280
:1003900023D1304600F0D2FE002070BDB3F5807F3F
:1003A00025D0B3F5007FF4D11E4BC4EB0414EDB29D
:1003B0001C44625D5819595DC37BFF2AC9B2DBB288
:1003C000D0B2E6D00130C0B2C9186055E1D10123E6
:1003D000AB4098B218F060FFDBE70130C0B2D34207
:1003E0006055D6D10123104AAB405361D1E70F4B82
:1003F000C4EBC404EDB21C44615D5A195B5DD27953
:10040000FF29DBB2D2B2C8B2C3D00130C0B2D342EE
:100410006055BED10123044AAB409361B9E700BFE8
:10042000F05F0020C05F002000000240E05F00207D
:1004300070B5044600F076FE14F47F43054617D1EC
:10044000254EE1B2725C02F0FF03002A3ED0013B70
:10045000DBB220467354FFF759FE18B901231F4A37
:100460008B4013620024284600F068FE204670BDD1
:10047000B3F5807F17D0B3F5007F2AD11849E6B2D3
:100480008A5D02F0FF030AB3013BDBB220468B55C5
:10049000FFF73CFE01460028E4D10120B04080B2C5
:1004A00018F028FFDEE70F4EE1B2725C02F0FF03A6
:1004B00062B1013BDBB220467354FFF727FE0028F0
:1004C000D0D10123054A8B405362CBE74FF0FF3474
:1004D000C9E76FF00104C6E7F05F002000000240AA
:1004E000C05F0020E05F0020F8B505460C4600F034
:1004F00019FE15F47F4306461AD12A4AC4EB441468
:10050000E9B22244505C00F0FF03002844D0013BD4
:10051000DBB228465354FFF7F9FD18B90123224AEC
:100520008B4013620024304600F008FE2046F8BDE0
:10053000B3F5807F1AD0B3F5007F30D11B4BC4EBED
:100540000414EFB22344D95D01F0FF0221B3013A54
:10055000D2B22846DA55FFF7D9FD01460028E1D18D
:100560000120B84080B218F0C5FEDBE7104BC4EBA9
:10057000C404EFB22344D95D01F0FF0261B1013A36
:10058000D2B22846DA55FFF7C1FD0028CAD10123AF
:10059000054ABB405362C5E74FF0FF34C3E76FF035
:1005A0000104C0E7F05F002000000240C05F0020AF
:1005B000E05F0020F8B500F0B5FD3C4B3C4A1B68FD
:1005C0001168044611B1126812681343D9070AD49E
:1005D000384E3378012B0DD06FF00405204600F023
:1005E000ADFD2846F8BD6FF00305204600F0A6FDDE
:1005F0002846F8BD0423304A33701568002D38D0E2
:10060000AB689A0732D5D5E903320021022098471A
:1006100060B32A4A2A4B12781D78AA4298BF4FF03D
:10062000FF3E1AD80020274F00E00A46930003F14E
:10063000804303F544531B68511C9B020AD55309A0
:1006400057F8233002F01F0C23FA0CF313F0010FBC
:1006500018BF01209542E8D1F0B101234FF0FF35DA
:100660002046337000F06AFD2846F8BD2D68002D45
:10067000C6D1154D286830B10223836000F0D8FA46
:1006800000222B689A600D4A0D4B12781D78954216
:1006900005D34FF0000EC5E7BEF1000FDDD14FF0DE
:1006A00080434AF2A5529A60D7E700BF3460002029
:1006B00030600020082D0020B85F0020C12102001A
:1006C000C02102004C300240B05F002072B64FF0F3
:1006D0008042D36A43F00103D362FEE74FF08043C8
:1006E000186B20F40040562832D856282DD8DFE861
:1006F00000F02E2E2E2C2E2C2E2C2C2E2C2C2C2C96
:100700002C2C2C2C2C2C2C2C2E2C2C2C2C2C2C2C27
:100710002C2C2C2C2C2C2C2C2E2C2C2C2C2C2C2C17
:100720002C2C2C2C2C2C2C2C2E2C2C2C2C2C2C2C07
:100730002C2C2C2C2C2C2C2C2E2C2C2C2C2C2C2CF7
:100740002C2C2C2C2C2C2C2C2E004FF0FF307047F6
:10075000B0F5003FFBD0B0F5403F18BF4FF0FF3081
:10076000704700BF4FF080430122DA60704700BF3E
:1007700070B5012002241E4B1E4A1F49C3F8C04019
:10078000C3F89000116000F0CDFC1C491C4A0B68B6
:1007900023430B605378FF2B25D053780133DBB212
:1007A000537000F0CBFC00F0BDFC114B5A6C12F4FE
:1007B000004214D101214FF4807440F202264FF41C
:1007C0000075C3F81062C3F81C12C3F8C410C3F854
:1007D0001852C3F800225C65C3F800129C65BDE89E
:1007E000704000F0ABBC00F0A9FC12F021FEDAE78B
:1007F000001000404460002035FC00003460002000
:100800003C600020344BD3F84031DA0760D4334BDE
:1008100098420BD0324B984249D0A3F18B73A3F589
:10082000A633984233D06FF0010070474FF09C42DE
:1008300092F85303B2F8523392F852232949C0F385
:100840004000C3F3431302F01F025B0110B443EAFC
:100850004023254C1343204A6382D2F8443103F0ED
:1008600040430B43C2F84431D2F8403143F0050312
:10087000C2F84031936C1B03FCD5D2F84431002000
:1008800043F000435DF8044BC2F8443170474FF029
:100890009C4292F85103B2F8503392F85023134916
:1008A000C0F34000C3F3431302F01F02CDE74FF043
:1008B0009C4292F85503B2F8543392F854234FF007
:1008C000FA61C0F34000C3F3431302F01F02BCE718
:1008D0004FF0FF30704700BF00100040002062055D
:1008E0000000DC05E9DE8008001100409A999909B2
:1008F000064BD3F8442122F00042C3F84421D3F838
:10090000402122F00102C3F840217047001000404E
:10091000B0F5803F09D200F47F43B3F5807FC0B2C9
:100920000FD0B3F5007F07D00BB1002070471E2811
:100930008CBF0020012070470E288CBF00200120B2
:10094000704706288CBF00200120704710B500F0CA
:10095000E9FB0022034B1C681A6000F0EFFB204605
:1009600010BD00BFB45F0020064A08B5106010B18A
:10097000054B1B680BB9002008BD00F04FF90020A3
:1009800008BD00BFB05F0020B45F00202DE9F04734
:10099000074686B0EFF39085012383F39088EFF349
:1009A000108683F31088644C644A2168136813B17D
:1009B00013681B681943624B5B68C3F3083343B188
:1009C00086F31088002785F39088384606B0BDE886
:1009D000F08701F00400890720D50028F0D186F3C4
:1009E0001088EFF3908C012787F39088554E544878
:1009F0002368116811B1116809680B4313F00401F1
:100A000004D11B0754BFB764B16430BF4368C3F35C
:100A10000833002BECD08CF39088D3E74A49D1F807
:100A2000C03003F00303012B68D06FF4FA78DFF8CD
:100A300038C14649DCF80431FB1A43448B42CCD818
:100A4000434A44491369684623F00103136118229D
:100A5000DCF84440DCF8448118F0A0FC042140F2AA
:100A6000444018F007FC202000F070FBDFF8FC90F9
:100A7000394B963F5F62D9F80070002F46D0BB68B3
:100A8000D90740D5D7E90332002101209847002833
:100A900039D001224FF0FF37304B1A7001222E4B14
:100AA0002F49DA6020205A650B6800F04FFB2321A4
:100AB00040F24440DFF8B0A018F0DCFBDAF8403137
:100AC00003F01103012BF9D169461822214818F0CF
:100AD00065FCCAF84481CAF8444018F039FCD9F8DA
:100AE0000040D4B1A3685A0714D5D4E903320021D9
:100AF0000420984770B186F3108864E78B6C9B03E1
:100B00007FF55EAF91E73F68002FB8D1FFF7F6F8A9
:100B10000027C3E72468002CE4D1124C2068002889
:100B2000E9D00423836000F083F8002223689A60F0
:100B300086F3108847E700BF346000203060002053
:100B400000ED00E000000240001000400AFEBFFF80
:100B500000E002E04C21024000200040082D00206F
:100B600000300040B05F002000200240B85F00204D
:100B700070B4EFF3908C012686F390880D4C0E49EB
:100B80000E4D0F4823680A6812B10A6812681343B1
:100B900013F0040204D11B0754BFAE64AA6430BF33
:100BA0004368C3F30833002BECD08CF3908870BCFF
:100BB000704700BF34600020306000200000024019
:100BC00000ED00E040F661010C4A08B50C48D2F88F
:100BD000183103400B43C2F81831D2F81C310340DE
:100BE0000B43C2F81C31FFF71FFAFFF7C1FD4FF0AE
:100BF0008042536943F00103536108BD0010004077
:100C000000F0FFFF08B511F0E9FC11F04DFF4FF0C7
:100C100000414FF0FF3018F059FCF8E7034601227D
:100C200002491A73086820F091BB00BF80140200CB
:100C30000346002210B50469806824F001041A7389
:100C400064086400214622462346B7EE000AF7EE08
:100C5000000AB7EE001AF7EE001AB7EE002AF7EE18
:100C6000002AB7EE003AF7EE003AB7EE004AF7EE88
:100C7000004AB7EE005AF7EE005AB7EE006AF7EEF8
:100C8000006AB7EE007AF7EE007A20F005FF10BD9B
:100C900038B505460C4600F045FA00226B68C4E9F9
:100CA00000232BB11C606C60BDE8384000F046BAF0
:100CB0002C606C60BDE8384000F040BA38B50C4696
:100CC000054600F02FFAD4E9002332B153603BB15E
:100CD0001A60BDE8384000F031BA6B60002BF7D1E4
:100CE0002A60BDE8384000F029BA00BF38B5036873
:100CF0000C465B7E9BB10B4D20462C680FF064F8D0
:100D00002B68196AE06129B1084608F01FFF00222C
:100D10002B681A621846BDE83840FFF77FBF02F023
:100D200053F8E8E74860002038B503680C465B7E5E
:100D30009BB10B4D20462C680FF046F82B68196AC2
:100D4000E06129B1084608F001FF00222B681A6211
:100D50001846BDE83840FFF761BF03F03BFBE8E70A
:100D60004860002038B503680C465B7E9BB10B4D94
:100D700020462C680FF028F82B68196AE06129B129
:100D8000084608F0E3FE00222B681A621846BDE808
:100D90003840FFF743BF04F08DFCE8E748600020CF
:100DA00038B503680C465B7E9BB10B4D20462C6822
:100DB0000FF00AF82B68196AE06129B1084608F0BB
:100DC000C5FE00222B681A621846BDE83840FFF7BE
:100DD00025BF04F06FFCE8E74860002038B50368E1
:100DE0000C465B7E9BB10B4D20462C680EF0ECFF51
:100DF0002B68196AE06129B1084608F0A7FE0022B5
:100E00002B681A621846BDE83840FFF707BF04F0A8
:100E100063FEE8E74860002038B503680C465B7E57
:100E20009BB10B4D20462C680EF0CEFF2B68196A43
:100E3000E06129B1084608F089FE00222B681A6299
:100E40001846BDE83840FFF7E9BE05F0B7FBE8E714
:100E50004860002038B503680C465B7E9BB10B4DA3
:100E600020462C680EF0B0FF2B68196AE06129B1AA
:100E7000084608F06BFE00222B681A621846BDE88F
:100E80003840FFF7CBBE06F0CBF8E8E7486000201B
:100E900070B5114D044608462E680EF07DFF2B6894
:100EA000196AF06129B1084608F050FE00222B684B
:100EB0001A62226892F8D52022B1BDE87040184627
:100EC000FFF7ACBE204606F0F7FB2B68BDE870408C
:100ED0001846FFF7A3BE00BF4860002070B5044667
:100EE0000846A3F10201B1FA81F1104D49092E68BB
:100EF0000EF0F2FE2B68196AF06129B1084608F07D
:100F000025FE00222B681A62226892F8CD2022B1B9
:100F1000BDE870401846FFF781BE204606F0DEFFB0
:100F20002B68BDE870401846FFF778BE4860002087
:100F300070B504460846A3F10301B1FA81F1104DE2
:100F400049092E680EF0F6FE2B68196AF06129B186
:100F5000084608F0FBFD00222B681A622268127A0C
:100F600022B1BDE870401846FFF758BE204607F092
:100F7000B7FB2B68BDE870401846FFF74FBE00BFB7
:100F80004860002070B5114D044608462E680EF0EA
:100F900097FE2B68196AF06129B1084608F0D6FD62
:100FA00000222B681A62226892F8F82022B1BDE86C
:100FB00070401846FFF732BE204608F09DF82B68B7
:100FC000BDE870401846FFF729BE00BF486000200A
:100FD00010B54FF4A05201230024084888B00590B2
:100FE000074908480291079001A902A8CDE90332F8
:100FF00006940EF093FD08B010BD00BF0906000670
:10100000127100015D81FF7F00234FF4C072F0B5C3
:1010100087B0CDE90032CDE90233CDE90433FFF7E3
:10102000D1FD08F029FD002861D100F0F3F8002877
:101030006AD10EF023FE002863D16946364809F0D4
:101040004DFE002856D14FF0004018F087FA4FF0BF
:10105000005018F083FA4FF0804018F087FA2F4CB8
:101060002F4E4FF000414FF0FF3018F02FFAC3061B
:101070000FD52146102018F031FA236853B345F6F6
:10108000F022934208D06FF08001606818F046FAB1
:10109000E7E718F04BFAE4E7D4E90153002B37DA1D
:1010A0002369042B34D132460021284618F01EFA59
:1010B00003461722042B4FF0AC0130680CBF002709
:1010C0006FF0800720F0E0FB08B33946284618F09F
:1010D00025FAC6E7A068C00F09F0CEFD2046656876
:1010E00008F0EAFD0146284618F018FAB9E718F0AA
:1010F0001DFA9AE7FFF76CFF0028A4D018F016FA43
:10110000A1E718F013FA98E718F010FA91E73060A9
:101110006FF08007D9E700BF5D81FF7F4C60002042
:1011200048600020EFF39080EFF31083012282F3F8
:10113000908872B643EA0020704700BFC30700D40E
:1011400062B6000A80F39088704700BF20F030B983
:1011500020F0E4B8034B53F8203013B1D3E9012059
:10116000104770477C60002020F0C0B810B50446DE
:1011700048B153B118681B7AC4E90120084A2160BC
:1011800042F821403BB9204610BD0548626040F856
:101190002140A3602160084620F0A8F8204610BD39
:1011A0007C60002030B100214FF0FF32012301604C
:1011B00042600372704700BF00B5EFF39083EFF316
:1011C000108C4FF0010E8EF3908872B61CF0010F58
:1011D000C0E901124CEA032300D162B61B0A83F373
:1011E00090885DF804FB00BF20F0B0B8704700BFE6
:1011F0004FF0FF3108B503480EF0C0FEB0FA80F0A2
:10120000400908BD4861002001480EF0C1BE00BF82
:101210004861002038B5174D2B7813B100242046C3
:1012200038BD00F057FA00F061FB0146D8B900F074
:101230005BFDD8B119F02EFD044600F07DFD002CB9
:10124000EDD118F0BBF970B90B4C94F8503013B1D4
:1012500001232B70E2E7012120460EF089FE0123D5
:1012600084F85030F4E76FF08304D8E76FF0F904A6
:10127000D5E700BF696D0020486100202DE9F043EB
:10128000204F0446894687B04FF0FF313846164656
:1012900098460EF073FE48BB012387F8513046B3E1
:1012A000054605A92046C8F800501AF0F7FB044689
:1012B00058B110F1FA0F87F8515017D038460EF098
:1012C00067FE204607B0BDE8F08301460F9B0E9AEB
:1012D0000598CDF808800196CDF800901AF010FF1F
:1012E00010F1FA0F044687F85150E7D16FF0F90476
:1012F000E7E738466FF0890487F851600EF048FE42
:10130000DFE700BF486100202DE9F04F00240746C9
:101310004FF4C075454E8DB0884630464FF0FF31D2
:1013200091469A46CDE90844CDE90A44D7F808B079
:101330000795069404940EF021FE68B90123054632
:1013400006A9584686F851301BF01AFF10F1FA0F23
:10135000044686F8515005D16FF0F90420460DB0CF
:10136000BDE8F08F30460EF013FE002CF6D106A833
:101370000EF0F6FE054606A80EF0EEFE3B78040AD7
:10138000082B20D02CBB179B4A460193169B414645
:101390000093584604ABFFF771FF04460028DDD1E7
:1013A000002DDBD005F11F03049A5B090133B2EB7A
:1013B000830FD3D0B2EBC30FD0D07B689A4218BF53
:1013C0006FF08304CAE7002CDDD0194B169A9A42BD
:1013D0001AD1012C26D14FF0FF3114480EF0CEFD6A
:1013E0000028B9D1584605A986F851401AF056FB95
:1013F000044660B1002314F1FA0F86F85130ABD0E7
:101400000A480EF0C5FDA9E76FF08404A6E7CDE910
:101410000100DDE916230090514605981AF070FE90
:101420000446E7E76FF0850498E700BF48610020B5
:101430000001500500234FF4C072F0B52A4E89B068
:1014400007464FF0FF313046CDE90232CDE9043393
:10145000CDE906330EF092FD002839D1012305466F
:1014600002A9384686F851301BF08AFE044690B92E
:10147000039B1A0A012A2ED1DBB2802B16D002A8B8
:101480000EF06CFE10F0040510D1384601A91AF0D8
:1014900005FB044698B114F1FA0F86F8515017D0A5
:1014A00030460EF075FD204609B0F0BD00230E4811
:1014B00086F851300EF06CFD204609B0F0BD019861
:1014C0001AF042FC10F1FA0F044686F85150E7D1A9
:1014D0006FF0F904E7E7304686F851400EF058FD0A
:1014E0006FF08604DFE700BF48610020F8B5104DBB
:1014F00006460F4628464FF0FF310EF03FFD68B913
:10150000012304463946304685F851301BF038FE39
:1015100010F1FA0F85F85140044603D16FF0F90439
:101520002046F8BD28460EF033FD2046F8BD00BF2A
:101530004861002030B41B491B4C1C4A012808BFDD
:101540002146536843F00403536002F52022D2F889
:10155000003FD807FBD44FF017450120144B154C22
:101560001D605C609960C2F8000FD2F8003F9A07D6
:1015700009D40E4A1049536843F008035360D1F868
:10158000003F9B07F7D530BC02210B4B0848074AA8
:101590000068C3F8001F5368C01723F004035360AA
:1015A000704700BF04000200140002000030054034
:1015B00000000F4047365A4F00300F4010B51DF065
:1015C0003BFD04462920FFF7C1FD2920FFF7C0FDA0
:1015D00021460E481DF004FD00200D4A0D4992F8E9
:1015E00000320870022B0BD0012B00D010BDD2F8B6
:1015F0000432002BFAD0BDE81040D2F80802184798
:101600000548BDE810400EF0C3BC00BF10350020F7
:10161000103400206A6D0020EC610020F0B5DFF886
:10162000B0E064209EF800304FF0A057012B0CBFB3
:101630004FF0140C4FF0040C01260224214A2249D9
:10164000224DD2F8003F13F00103FAD10F604D6034
:10165000C1F808C0CB60C2F8006FD2F8003F9B070A
:10166000FBD50B68C2F8004FB3F1807F28D3013857
:1016700080B20028E5D113498EF80040D1F8003F30
:1016800013F00103FAD14FF0A055042201240E48B3
:1016900005600E4D456082600A4AC360C1F8004F84
:1016A000D2F8003F9B07FBD5022307490868C2F820
:1016B000003FB0F1807F4FF0FF3038BF0020F0BD19
:1016C0000020F0BD00300F4000000F4047365A4F59
:1016D000092D0020F0B585B0FFF724FD124E044619
:1016E000357825B12046FFF729FD05B0F0BD4FF054
:1016F000FF3701A8FFF756FD0C4A01AB29210C4822
:101700008DF80C500297FFF731FD0EF0BBFC0EF088
:101710008BFC294607480EF02BFC01232046337032
:10172000FFF70CFD05B0F0BD6B6D0020BD1501008D
:10173000D8610020EC610020164803780BB9002026
:10174000704770B4144AD2F8003FD907FBD44FF069
:101750009E460124114B124D0F491E605D60C2F878
:10176000004FD1F8003F9B07FBD50C4B1B68002BAB
:101770000DDB022410230B4AC1F8004F536213699A
:1017800013F01003FBD10370002070BC70474FF0C2
:10179000FF30FAE70A2D002000300F4000000F4014
:1017A00047365A4F00000240012804D0043818BFC1
:1017B0004FF0FF30704708B5FFF7BEFF003818BF85
:1017C0000120404208BD00BF70B53D4C82B020787A
:1017D00000285FD110203B493B4AD1F8FC3323F469
:1017E000E06323F0010343F4C06343F00103C1F855
:1017F000FC3390611369D806FCD540204FF00045BA
:101800000021324B324A334EC3F8106F556050609E
:10181000D3F8002F304842F00402C3F8002FC3F879
:10182000081FD3F8102F22F08802C3F8102F1DF0E4
:1018300025FA40B1FF250323012269460095ADF842
:1018400004301DF0BDFE01232370204AD2F8003F72
:10185000D907FBD44FF0BE460120204B204D1B4939
:101860001E605D60C2F8000FD1F8003F9B07FBD5FA
:101870001C4A1A4B12781B68022A03F07F431CD0C3
:10188000012A0FD04FF0FF300222104BC3F8002F77
:1018900002B070BD0128D8D0023818BF4FF0FF3019
:1018A00002B070BD2BB1B3F14A4F02D0B3F14C4F2F
:1018B000E8D1022300202370E6E7002BE2D1F8E70D
:1018C0000A2D0020004002400000024000300F407E
:1018D00000300540FCFCFFFF8814020000000F40B0
:1018E00047365A4F092D0020002070472DE9F0415E
:1018F000794C267826B1794B1D682846BDE8F081E1
:10190000FFF710FC242231460546754817F084FD88
:101910001021744AD2F8FC3323F4E06323F001036E
:1019200043F4C06343F00103C2F8FC33A2F58042E4
:1019300091611369D906FCD54FF000464020002183
:10194000694B6A4A6A4FC3F8107F56605060D3F8FB
:10195000002F42F00402C3F8002FC3F8081FD3F889
:10196000102F22F08802C3F8102FD3F8E02F8A42FC
:1019700047DBD3F8E02F12021CD52846FFF7DEFB29
:10198000002301215B4A5C48FEF726FC4FF482707D
:10199000FEF780FC1DF01EFB064600283AD04FF0F3
:1019A000FF331D464D4A13600122544B28461A70DE
:1019B000BDE8F081D3F8002FD707FBD44FF04F409C
:1019C00001214F4A10604F48506002F54052C3F861
:1019D000001FD2F8003F9E07FBD5494B1B68002B28
:1019E0005EDB0220484B4049C2F8000F01E0013B9A
:1019F00007D0D1F8E02F1002F9D5FFF70FFE00282D
:101A0000BBD04FF0FF33354C28462360FFF796FBE1
:101A10002568C9E70EF024FB28B96FF003032F4AAD
:101A20001D461360C0E7394F4FF480723146384687
:101A3000C7F8086217F0F0FC4FF480723146B8180E
:101A400017F0EAFCFFF7C0FE054620B1C7F80862B0
:101A50000EF012FBE1E70120FEF7D2FB224AD2F89A
:101A6000003FD907FBD40121254B29481E4E1860A1
:101A700028485860C2F8001FD6F8003F9B07FBD5E6
:101A80001F4B1B68002B0FDA02220023C6F8002F21
:101A9000C7F808320EF0F0FA0120FEF7D5FB7EE71A
:101AA0000223C2F8003FACE724221B490C4817F080
:101AB00075FC4FF000080223C7F80882C6F8003F03
:101AC0000EF0DAFA0120FEF7BFFB0123034A237070
:101AD000C2F8008068E700BF6C6D0020B061002094
:101AE000B46100200040024000300F40003005404B
:101AF000FCFCFFFFA91701009C610020092D0020BC
:101B000000000F4046577203FFFF0F001034002003
:101B10000000030F47365A4F04000F4070B56A4B60
:101B200084B01B78002B74D00022684B5B89039231
:101B3000180503D50025284604B070BD03A8FBF79F
:101B4000BFFC10B9039B002BF4D14FF0FF300EF017
:101B500087FA002835D15E4E4FF0FF300EF0B2FA12
:101B60005C4B64241D7800E0CCB12846FFF7E2FC12
:101B7000013CA4B20028F7D101900EF0AFFA019811
:101B8000C6F808020EF078FA0120FEF75DFB00208F
:101B90000EF066FA00283FD16FF00305CBE7022074
:101BA000FFF7C8FC05460EF099FAC6F808420EF099
:101BB00063FA0120FEF748FB002DE8D0284604B068
:101BC00070BD0024424E4FF4807221463046C6F864
:101BD000084217F021FC4FF480722146B01817F02C
:101BE0001BFCFFF7F1FD18B90120FEF709FBB3E775
:101BF000C6F808420EF040FAAEE702210023364A4A
:101C0000C2F8001FC6F808320EF036FA0120FEF7BF
:101C10001BFB4FF0FF358EE700244FF48072214606
:101C20002B48C6F8084217F0F7FB4FF480722146A4
:101C30002A4817F0F1FBFFF7C7FD20B1C6F80842AC
:101C40000EF01AFAA8E70120FEF7DAFA224AD2F8D3
:101C5000003FD907FBD401234FF03C5020490860D6
:101C6000C2F8003FD2F8003F9A070AD41D4A01F596
:101C70004051536843F008035360D1F8003F9B077D
:101C8000F7D5174B1B68002BB7DB02210023124A44
:101C9000C2F8001FC6F808320EF0EEF90120FEF778
:101CA000D3FAFFF7BBFC054600287FF444AF03A836
:101CB000FBF706FC054600287FF43DAF039DB5FA0F
:101CC00085F56D096D4236E76C6D0020B46100202A
:101CD00010340020092D002000300F401035002066
:101CE00000000F400030054070B50D460EF0B8F909
:101CF00010B90024204670BD0E4E4FF480720021B2
:101D000004463046C6F8085217F086FB4FF480723E
:101D10000021B01817F080FBFFF756FD20B9012015
:101D2000FEF76EFA204670BD0023C6F808320EF0AA
:101D3000A3F9DEE710340020002208B5044BC3F8F5
:101D400008220EF099F9BDE808400120FEF77CBAA0
:101D50001034002038B5204D204B2D781C68022D02
:101D60002BD104F07F44B4F1A05F32D0D3F8084205
:101D700094422ED1042883F80002C3F804124FF0D5
:101D8000290014D0FFF7E2F92920FFF7EDF9FFF75A
:101D9000C9F9054611481DF01FF9044680B9012212
:101DA0000F4B28461A70FFF7C9F9204638BDFFF7D8
:101DB000CDF92920FFF7CCF9E9E76FF00204F4E749
:101DC0002846FFF7BBF92920FFF7C0F92920FFF7C4
:101DD000BFF94FF0FF34E8E70A2D0020103400204F
:101DE0006A6D002010B5184C94F80032022B1BD0FD
:101DF000042B04D0012B15D04FF0FF3010BD04F59B
:101E000080701DF021F90022104B0E301A7017D08F
:101E100094F80032042B10D1D4F8043213B1D4F862
:101E200008029847002010BD4FF0FF3108480EF01F
:101E3000A5F894F80032042BEED0022BECD0F1E799
:101E40006FF0010010BD00BF103400206A6D00204B
:101E5000EC61002070B5144EFFF764F93478FCB1E2
:101E600005462920FFF772F92920FFF771F9284666
:101E7000FFF764F90D481DF0E7F800250E300CBFA0
:101E80006FF001042C4635700EF028F9084BC3F8AA
:101E900008520EF0F1F80120FEF7D6F9204670BD89
:101EA000FFF74CF9204670BD6A6D00201035002008
:101EB00010340020104B10B5D3F80031002B4FEA3E
:101EC000136403F4803207DA04F07F0464427AB1C9
:101ED0009B0305D4204610BD9B0344EA0204F9D5B8
:101EE000FFF79CFB002818BF6FF01E04204610BDB2
:101EF00024F48034ECE700BF10340020014BD3F809
:101F0000040170471034002003460A4601480221AC
:101F10001DF0B6BA103500200A46014917F03EBA46
:101F20002835002003461022022101481DF0A8BADE
:101F30001035002003460A46014802211DF0A0BAD0
:101F40001035002030B44FF08E450024034B1D6047
:101F50005C61C3E9032130BC9860704710340020F5
:101F6000D0B40F4606464FF0B8540021054BC2F3DB
:101F70000902C3E902671C601A6159619961D0BC0A
:101F8000704700BF1034002010B44FF0000C4FF029
:101F90001C540A4BC1F3090141F000611C60186137
:101FA0005DF8044B9A60C3F814C0C3F818C0C3F8B6
:101FB0001CC0C3F820C0D960704700BF1034002097
:101FC0004FF05C52014B98601A607047103400204B
:101FD00001290CD15AB910B44FF02744054B986031
:101FE0001C601046C3E903125DF8044B70474FF0C4
:101FF000FF30704710340020F8B590F8F7300446F1
:102000005A1ED2B2022A2DD8284901338E5C03F021
:10201000010294F8F6302068D4F8E470D4F8EC109B
:1020200003F00F0308B3C81C20F003000AB943F003
:1020300010034FF0985C00221D4DC5E9021768613E
:10204000C5F800C02A610EB943F02003AB61D4E9A2
:1020500001322A6203B1EB610023D4F8D420C5E930
:102060000A23F8BD01263246D3E70AB943F010032C
:102070004FF0905000220E4DC5E9021769612860AB
:102080002A610EB943F020030026AB6104F10C0273
:10209000D4F8F0300E210648EE611DF0BDF90023A2
:1020A000D4F8D420C5E90A23F8BD00BFD814020033
:1020B0001034002002464FF0C853F0B51B480024EE
:1020C000036092F8BA30B2F8B6C0022B0CBF0726F4
:1020D00006260CF11F0C164DB2F8B8304FEA5C1C06
:1020E0005FFA8CFE0CF1010C073305EACC4CD2E907
:1020F0000175C0E9064CC0E90844C462C3F3C704D3
:102100000EEB0E2E44F0804446EA0E46C46002F107
:10211000140445618660076184620C21BDE8F040CB
:10212000D2F8C820DB081DF077B900BF10340020BA
:102130000000FF0F70B4037FC46A022B4FF0000150
:10214000C38908BF066B856B0CBF002400264FF0C7
:10215000C8501F33C3F3471303EB0323084A1B0480
:1021600043F00103C2E904659461C2E9071170BC40
:10217000C2E9091193601060D160D162704700BF5D
:10218000103400204FF0C85290F80CC00021BCF170
:10219000080F0CBF4FF02A0C4FF0160C0E4B10B46A
:1021A0001A60C2890D4C1F32C2F3471202EB0222A1
:1021B0004CEA02429A60C26AC3E90711C3E90911F5
:1021C000DC60D962446B016B1A61826B1C63C3E9EA
:1021D00005215DF8044B7047103400200401008095
:1021E00038B5124C05464FF480720021204617F096
:1021F00013F94FF480720021A01817F00DF94FF475
:10220000101200234FF0C8510948E26105F1500255
:10221000C4E90833A060E360A86AA262EA6AE362E4
:102220002B6B20612160A261636138BD10340020F6
:102230002B00080838B5134C05464FF48072002176
:10224000204617F0E9F84FF480720021A01817F02B
:10225000E3F800234FF0C8520B49E360A160A96A7C
:10226000C4E90933E362B5F848302161C3F30B03D5
:10227000E3612B6B226063616B6BA3616B6C236208
:1022800038BD00BF103400202D000808F8B50E4CF2
:102290000D460646174600214FF48072204617F07F
:1022A000BBF84FF480720021A01817F0B5F8002396
:1022B0004FF0905223613523C4E90256C4E9055317
:1022C000E7612260F8BD00BF1034002038B5154C1E
:1022D00005464FF480720021204617F09DF84FF418
:1022E00080720021A01817F097F800234FF0C85211
:1022F0000D49E360A1606362E96AE362B5F84830C2
:102300002161C3F30B0343F49003E36105F1500330
:10231000A3622B6B226063616B6BA3616B6C2362A6
:1023200038BD00BF103400203000080870B50546E5
:10233000134C4FF48072002120462E6917F06CF880
:102340004FF480720021A01817F066F8F368686CEB
:102350002363AB6B0821A361B5F848304FF0C85236
:10236000C3F30B03C4E9073000230648C4E9043370
:10237000C4E9020122606362A362E362636370BD29
:1023800010340020310008082DE9F047044682B0DF
:10239000E76F8946904600214FF480724F4817F04E
:1023A0003BF84FF4807200214D4817F035F87B1E42
:1023B0000E2B237998BF1027222B00F08480282B26
:1023C00019BF6FF00F0A0026A668A6F1100A4FF099
:1023D0008072424D4FEA09332A60626A43EA482319
:1023E00043F48043EA60A26A43F07003AA61226A60
:1023F000EB62D4F88C306F612F626A62AB60B9F126
:10240000000F02D0D4F8F4302B63B8F1000F5ED087
:10241000D4F8F4306B6394F89830012B12D0082B69
:102420000BD8012202FA03F313F4AA7F07D094F821
:102430009920216B2B4816F0B1FFEA6A05E013F0F2
:10244000A80FFAD0EA6A42F40042BAF1100F8EBF28
:102450000021254B53F82A1094F899301B0603F0FD
:10246000F85313430B43EB622379222B25D0D4F886
:10247000F020D4F8F8300192C3B104221B480DEBD0
:10248000020116F08BFFEB6A43F48073EB624FF0AE
:102490008072D4F88810D4F8F43069662A6413B1D5
:1024A000D4F88030AB6602B0BDE8F087324604F164
:1024B0009B010E4816F072FFE9E73246A1680B480F
:1024C00016F06CFFE3E7E668A6F1100A7FE794F8E0
:1024D0009A20E16A064816F061FF9CE7103400205C
:1024E000103500209434002094140200543400204D
:1024F000443400202DE9F047044682B0E76D894658
:10250000904600214FF48072544816F085FF4FF436
:1025100080720021524816F07FFF7B1E94F804C0A1
:102520000E2B98BF1027BCF1220F00F08D80BCF15C
:10253000280F19BF6FF00F0A0026A668A6F1100A2F
:102540004FF08073454D4FEA09322B60636A42EACF
:102550004822EB60A36A42F48040AB61236A40F0FA
:1025600050006B62E36E6F612F62AB60E862B9F19D
:10257000000F02D0D4F8E4302B63B8F1000F02D082
:10258000D4F8E4306B6394F87C30012B48D0082BEE
:102590000ED8012101FA03F313F4AA7F3DD094F879
:1025A0008020216B2F4816F0F9FEE86A94F804C0E9
:1025B000BAF1100F8CBF00212B4B94F8802098BFEC
:1025C00053F82A1094F8813012061B0503F47003A7
:1025D00002F0F852134303430B43BCF1220FEB62AA
:1025E00036D0D4E93A230192FBB104221F480DEB07
:1025F000020116F0D3FEEB6A43F48073EB6294F8A9
:102600008120E2B9A26ED4F8E4306A6613B1D4F83E
:10261000D430AB6602B0BDE8F08713F0A80FC7D086
:1026200042F4404040F05000C2E732460F4804F107
:10263000820116F0B3FE94F88120002AE2D0E16A0C
:102640000B4816F0ABFEDDE7E668A6F1100A77E767
:102650003246A168054816F0A1FED0E710340020EC
:1026600010350020943400209414020054340020CB
:10267000843400202DE9F043036A90F804C0DF6839
:10268000BCF1220F07F1030683B026F00306D3E95D
:1026900001893FD0BCF1280F31D090F8285005F0C7
:1026A000FB03022B4BD06FF00F020023043D18BF39
:1026B0000125ED034FF0807E254C102AA760C4F859
:1026C00000E005D8DFF890E05EF8222045EA0245F8
:1026D000BCF1220FE56221D0426C0192826C1ABBE0
:1026E0001A461C4816F05AFE0023C4E90579C4F8BE
:1026F0000C8026622361E36103B0BDE8F083836848
:10270000A3F1100290F8285005F0FB04022CCDD163
:102710000025CFE7C368A3F11002F3E70A460C488F
:1027200011211CF079FEDFE704220A480DEB0201BB
:1027300016F034FEE36A43F48073E362D4E70023C7
:102740004FF08072024CA7602260E362C4E700BFD2
:102750001034002054340020DC1402002DE9F04134
:10276000866B044600790F3626F00F062228B04605
:1027700082B047D028283AD094F8485005F0EF03AB
:10278000022B54D06FF00F020023222D48F22007B5
:1027900008BF20274FF0807C294D102AAE60C5F875
:1027A00000C005D8DFF8A0C05CF8222047EA024745
:1027B0002228EF622AD0226D0192626D62BB1A4616
:1027C000204816F0EBFD04F1200210230D211C48D7
:1027D0001CF022FED4E90C32EB6000236E61AA618A
:1027E000C5F820802B61EB6102B0BDE8F081A368E1
:1027F000A3F1100294F8485005F0EF07022FC4D15E
:102800002027C7E7E368A3F11002F3E70A460C4864
:1028100011211CF001FED6E704220A480DEB02014B
:1028200016F0BCFDEB6A43F48073EB62CBE74FF02C
:102830008073034D2B602023AE60EB620023BAE768
:102840001034002054340020DC140200F0B5476C32
:1028500090F804C0FE1CBCF1220F044683B026F0A1
:10286000030646D0BCF1280F38D090F8400000F0A5
:10287000FB03022B52D06FF00F0E0023042848F206
:10288000100008BF10204FF08072294DBEF1100FCC
:10289000AF602A6004D8274A52F82E2040EA02404E
:1028A000BCF1220FE86228D0E26C0192226D52BB8B
:1028B0001A46214816F072FD04F1200210230D2162
:1028C0001B481CF0A9FDD4E90C32EB6000236F61BA
:1028D000AA612E622B61EB6103B0F0BD8368A3F1A6
:1028E000100E94F8400000F0FB02022AC6D110201E
:1028F000C9E7C368A3F1100EF3E70A460C4811219B
:102900001CF08AFDD8E704220B480DEB020116F0FB
:1029100045FDEB6A43F48073EB62CDE74FF08073C3
:10292000034D2B601023AF60EB620023BCE700BFB8
:1029300010340020DC14020054340020F8B50546A1
:102940000C46164600214FF4807223482F6D16F076
:1029500063FD4FF480720021204816F05DFD95F86C
:102960004930022B2B6D1ED00F2B25D908224FF09A
:10297000000C4FF09851184B84F0010486F00106CA
:10298000240144EA46141960E96C1443082AD9600A
:102990009C61D5E915019F60C3E907015F6108BF2C
:1029A000C3F828C0F8BD0F2B4FF0090210D8C7F1AB
:1029B000100C4FB11027DCE78021EA6CC7F1100C36
:1029C000D1540822002FF5D167464FF00F0CD0E705
:1029D0004FF0000CCDE700BF103400201035002070
:1029E00010B400224FF08064044B89B21C60C3E92C
:1029F00003025DF8044B9960704700BF103400205B
:102A000000234FF4C07270B5046890B005460146CB
:102A10002068CDE90232CDE90433CDE90633FFF772
:102A200063F9002857D02379222B39D0282B55D190
:102A300094F8403003F0FD02012A15D0052BE06820
:102A400002A914BF4FF400764FF48076FEF74EFDD6
:102A500090B188300CBF6FF004046FF00504FFF7ED
:102A60006BF9204610B070BDE06802A94FF4807683
:102A7000FEF73CFD0028ECD120221B4B0196009371
:102A80000DEB020104F14C03201DFEF73DFC002874
:102A9000DFD102A80DF060FB000A08A9206500E064
:102AA000A1682046FFF7D2FE20680DF00BFB80B135
:102AB0002A460E49207EFFF74DF930B9FFF792F90B
:102AC00018B96469204610B070BD0DF007FB0024F2
:102AD000C5E7FFF731F96FF00104C2E7FFF72CF902
:102AE0006FF00604BDE700BF00404004712C0100F8
:102AF0002DE9F04104681E4623790546022B0F4656
:102B000090468AB027D0082B40F09F8094F8403040
:102B100003F0FD02012A1BD0052B14BF4FF40073F4
:102B20004FF4807301934A4B2022009302A904F1D1
:102B30004C03201DFEF7E8FB00285DD0883014BF51
:102B40006FF005066FF0040630460AB0BDE8F0816C
:102B50004FF48073E6E7102E04F1040071D03D4974
:102B60000DF092FD3C4804F1200114F099FE237E03
:102B7000042B01D00F2E5DD83346204642463946FD
:102B800003F0ACFD2C6894F84030012B24D0227E59
:102B9000E16B042A896801D00F2924D8052B35D090
:102BA0002E4B1A6F22625A6F62629A6FA262DB6FBB
:102BB000E362204666690DF0F3FD237E012BC3D14D
:102BC00028463146A56B94F84030E26BA8470026B2
:102BD00030460AB0BDE8F081227E042A16D0E36BAD
:102BE0001B690F2B12D9022AF1D14FF0FF311C487B
:102BF0000DF0C4F96669A7E71A4802A914F050FE5F
:102C0000102E164B0CD0134ADA62ABE710230022C9
:102C1000194604F1200006F069FE0023E376C8E7B8
:102C2000114ADA620C4804F1200114F039FE237EC7
:102C3000042BA1D06B6829461A780C480DF0F0FDE2
:102C40009AE709490DF020FDECE76FF006067BE7F7
:102C5000004040043A00000170000C4000000C40AD
:102C60004063002050000C4038000001E52C0100BA
:102C700070B506460468FFF71DF910F0FF052BD06C
:102C80004FF0FF350DF02AFA33681A79282A10D050
:102C90006561FFF751F894F8403023F00402013ADF
:102CA000012A9CBF002284F85420227E012A0BD0E6
:102CB00070BD1A6D012AEBD1D868FEF7BBFB002866
:102CC00018BF4FF0FF35E3E7D4E90E523046AC466B
:102CD0006169BDE87040604704F12000FFF722F908
:102CE000D0E700BF2DE9F0411E4E0468D6F80C7104
:102CF000054620460DF0B4FD3B0701D4BDE8F08148
:102D00002022194BC3F8042594F8403003F0FB034C
:102D1000012B17D0336F2362736F6362B36FA362AB
:102D2000F36FE36220460DF03BFD237E022B13D0B0
:102D30002846A56B6169AC4694F84030E26BBDE86B
:102D4000F041604710230022194604F1200006F0EC
:102D5000CDFD0023E376E5E70448BDE8F0410DF042
:102D600017B900BF00000C4000400C404063002039
:102D700008B5FEF7AFFCBDE808400DF03BBC00BF56
:102D800070B5056806460C46FEF7B0FD00230D4AF7
:102D900085F854309C4208BF1446C31A18BF01235B
:102DA000012162685B42AA63A268AB6485F84110A6
:102DB000284621780DF028FC00280CBF3046002062
:102DC00070BD00BF6016020000680DF043BC00BF7C
:102DD000006810B5446934B9102A07D1203016F0C4
:102DE000DDFA204610BD4469204610BD4FF0FF3487
:102DF000F7E700BF2DE9F0410B680C461A7806464C
:102E0000022A2AD0082A28D0222A01D0282A5ED1D4
:102E10003568AA6C002A5AD12769002F57D095F837
:102E20005420002A53D16A61012205F1040C85F86F
:102E300040200FCBEC638CE80F00D4E90123C5E9F7
:102E40000C2305F12000E16810226F6416F0A6FA49
:102E50003046BDE8F041FFF7D3BDD4E901018B074F
:102E600053EA80733568226936D182B313072ED1B5
:102E70002B7E042B02D00DF0B3FC40B328460DF09E
:102E8000EFFB074628BB95F841302BB128680DF0C1
:102E9000B9F820B30123AB76012385F84030E1680F
:102EA0001022EC6305F1200016F078FA4FF0000CC8
:102EB00023682F1D0FCB87E80F00D4E90112236987
:102EC0003046C5F814C0BDE8F041FFF711BE4FF021
:102ED000FF373846BDE8F0816FF00707F9E7EF7676
:102EE0006FF00107F5E700BFF8B50B680D461A78DB
:102EF0000746222A01D0282A24D13C68A26CF2B9C4
:102F00002E69E6B194F85420CAB96261022204F134
:102F1000040C84F840200FCBE5638CE80F00D5E962
:102F20000123C4E90C2304F12000E968102266643F
:102F300016F034FA3846BDE8F840FFF761BD4FF0AF
:102F4000FF30F8BD6FF00600F8BD00BF38B50B7854
:102F50000468022B1BD0082B19D0222B01D0282B60
:102F60001BD1A36CCBB994F85450B5B90FC94FF02D
:102F7000010E04F1040C8CE80F00656184F854E044
:102F80000322002384F840201846E36338BD20461E
:102F90000DF008FC0028F3D038BD4FF0FF3038BDED
:102FA00070B50B780468222B04D0282B02D06FF068
:102FB000060512E0A56C9DB994F8543083B90FC989
:102FC00001264FF0040E04F1040C8CE80F0065613B
:102FD000E56384F8546084F840E06561284670BD7C
:102FE0004FF0FF35FAE700BF70B5056806462B794C
:102FF0000C46222B24D0282B22D06B690BB1686998
:1030000070BDD1E900018B0753EA8073A2682FD10C
:103010005AB3130729D12B7E042B22D195F84130C6
:103020002BB128680CF0EEFF28B30123AB76D4E96E
:10303000012330462168EC63BDE87040FFF758BDBE
:10304000AB6C93B96B69002BD9D1D4E90012A3689A
:103050003046C5E90C12EC636B64BDE87040FFF7C5
:10306000CFBC0DF0BDFB0028D8D14FF0FF3070BDB4
:103070006FF0070070BD6FF0010070BD70B504689F
:10308000064623790D46222B26D0282B24D06369AF
:1030900023BB8A682AB30868830754D149688B0721
:1030A00051D113073FD1237E042B38D194F84130FE
:1030B00033B120680CF0A6FF002847D00123A37687
:1030C000052384F840303046D5E901232968E563BB
:1030D000BDE87040FFF70CBD63696BB161690846DC
:1030E00070BD237E6169012BE276F8D105232A4663
:1030F000A46BA0470021F2E794F84030AA68032BA4
:1031000014BF062305238AB984F85420227E6169FE
:10311000012AE4D12A463046A46BA047EAE70DF025
:103120005FFB0028C2D14FF0FF31D8E784F8403070
:1031300029686B683046C4E90C13E5636264BDE836
:103140007040FFF75DBC6FF00701C8E76FF0010149
:10315000C5E700BF10B50468FEF7ACFE40B220B969
:103160000346C4F8E400636110BD4FF0FF336361B0
:1031700010BD00BF38B50568FEF79CFE44B21CB117
:103180004FF0FF346C6138BDFEF7B8FE6C61C5F8D6
:10319000E40038BD38B505680446D5F8E40008B940
:1031A000002038BDFEF70CFF224604200549FEF73B
:1031B000D1FD0028F4D1FEF715FE0028F0D1686992
:1031C00038BD00BF553101002DE9F04104680646C5
:1031D00094F87C305A1E012A08D9073B012B05D9E7
:1031E000D4E916239268A2EB030801E0D4F8D88052
:1031F00004F1A20510220021284616F00DF9E36D16
:10320000616A4246194404F1C407284616F0C6F81C
:1032100010220021384616F0FFF800210122204636
:10322000C4F8D4106562A762C4F85C80FFF762F945
:1032300032460749207EFEF78DFD28B9FEF7D2FD04
:1032400010B96069BDE8F0814FF0FF30FAE700BFC8
:103250007935010000234FF4C07230B589B0CDE953
:103260000232CDE90433CDE9063390F87C300446D0
:10327000022B2CD0082B2DD84FF4A87222FA03F37E
:1032800013F0010F14BF4FF400754FF48075E06820
:1032900002A9FEF72BF930B1883013D06FF0050585
:1032A000284609B030BD114B2022CDE9003504F18C
:1032B000820104F1E803201DFEF726F8054660B1FF
:1032C0008835EBD16FF00405284609B030BD4FF4C6
:1032D0000075DCE74FF48075D9E702A80CF03CFFDD
:1032E000000AC4F8EC00284609B030BD00015005C2
:1032F00030B50022054600231D4C1E4985B0E16211
:10330000CDE90023CDE9022395F88120E96AC2F1D5
:103310000E030DF101008DF8003016F03FF8002289
:10332000009B8DF80F20C4F89030019BC4F89430B6
:10333000029BC4F89830039BC4F89C30E369DB0718
:10334000FCD46B6CC4F88030AB6CC4F88430EB6C8C
:10335000C4F888302B6DC4F88C30236F6B64636FB6
:10336000AB64A36FEB64E36F2B6505B030BD00BFAA
:1033700000000C4028002A012DE9F04104680546B0
:103380000E4694F87C3039B9012B48D0072B33D046
:10339000052B5ED012324BD0073B012B31D90CF0FC
:1033A0009DFE2F6897F87C30033B032B09D93B79AE
:1033B000282B03D1D7F8EC30012B44D0D7F8E40008
:1033C00038B96661FEF7B8FC237E012B1DD0BDE83D
:1033D000F081FEF7F5FD2A4604202849FEF7BAFCE5
:1033E0000028EED1FEF7FEFC0028EAD17B69002B15
:1033F000E7D04FF0FF36E4E7E36D9BBBD4F8D43061
:1034000083BB002384F8F030C9E72846656D616905
:10341000AC4694F87C30A26DBDE8F0416047A36DE6
:1034200093F821105869FEF777FD94F87C30B3E7E4
:10343000082BB4D84FF4A272DA4012F0010F18BF73
:103440006FF00306A8E7F868FDF7F4FF90B92F685E
:10345000B4E794F8801004F14400FEF75DFD94F8A1
:103460007C3099E7A36D197C9868FEF755FD94F8B8
:103470007C3091E72846FFF78DFEBAE75531010011
:1034800070B506460468FEF715FD45B255B115F155
:10349000120F42D04FF0FF312A463046BDE870404F
:1034A000FFF76ABFD4F8DC30D4F8D4209B1AC4F8F4
:1034B000DC30D4F8D820E36DD21A94F87C30C4F80C
:1034C000D8205A1E012A1FD9DA1F012A42D9053BEA
:1034D000012B20D8A36D9A68110701D0102A32D889
:1034E0000F2A18D8A16A586815F058FF13E0D4F8CD
:1034F000DC30D4F8D4209B1AC4F8DC30D4F8D830AF
:10350000E26D9B1AC4F8D830D4F8D830A06DD3B986
:10351000C2690F2A2BD90021BEE794F87C30022B18
:10352000E5D0062B01D0082BB4D1D4F8DC20D4F898
:10353000D410521AC4F8DC20D4F8D820E16D521A05
:10354000C4F8D820C0E73046FFF73EFE0146002809
:10355000A2D170BDD4F8D830A06D002BF3D1C268D1
:103560000F2AD8D8A16A406815F018FFD3E7A16ADE
:10357000C06815F013FFCEE770B506460568FEF784
:1035800099FC44B254B114F1120F32D022463046A5
:10359000BDE870404FF0FF31FFF7EEBED5F8D830F0
:1035A000EA6D9B1AC5F8D83095F87C30591E012970
:1035B00019D9053BA96D012B94BF8B68CB6848686E
:1035C0009B1A184405F1C40115F0E8FE2246304666
:1035D000BDE870400021FFF7CFBED5F8D830EA6DC6
:1035E0009B1AC5F8D830AB6DD868EB6E9B1A18449F
:1035F000E8E795F87C30022BEFD0062B01D0082BA2
:10360000C4D1D5F8D810EA6D891AC5F8D810D0E71A
:103610002DE9F043DFF8ACC2A94C1F46036FCCF88C
:103620002C400E460446154685B01BB9426FC36E4A
:103630009A426AD0636CA34A1367A36C5367E36C26
:103640009367236DD36716B3236F002B00F0898037
:10365000B046002294F87F10002940F0CA8038F06C
:103660000F0940F0F280A26E4344934200F02E8195
:10367000B8F1020F40F04F81236A023E9A5D334455
:1036800084F87D205B7884F87F8084F87E305DB399
:10369000237E022FD4F8248008BFD4F82880042B7E
:1036A00025F00F0602D00F2E00F2818026BB2A469D
:1036B0008449CB69D807FCD4824EF369DB07FCD47C
:1036C0000123F76A414627F00F0CC6F82CC07E484C
:1036D000B36115F063FE03233361F762236E5B1B56
:1036E0002366636F5B1B636704F1440001F05AFDBE
:1036F000002005B0BDE8F0834046314601F062FD90
:10370000AA1B18BFB044E9D0D2E70222CCF8182097
:1037100090F8801090F8812002394908C2F10E001B
:1037200040EAC100A16ED4F82CC009B140F04000BD
:103730001BBA03930023009061460DF10100CDE90F
:10374000013315F02BFE009A5E4BC3F89020019ACE
:10375000C3F89420029AC3F89820039AC3F89C20D7
:1037600071E7CDE90033CDE90233A36E012E8DF868
:103770000130C3F30723216A8DF8003000F0848004
:103780000E2E00F2858032460DF1020015F006FE85
:10379000009A4C4BC3F89020019AC3F89420029AE7
:1037A000C3F89820039AC3F89C2026676FE7454D1D
:1037B0002121EB6A204623F08073EB620DF044F880
:1037C000314640460DF00AF804230822C5F80431BA
:1037D000236E9B1B2366636F9B1B63672A61237E9B
:1037E000022B85D1EFF30583002B00F08E806069FA
:1037F0007FE74FF00009B4F87D30216AB8F10D0F72
:10380000CDF80090CDE901991144ADF80030CDF824
:103810000C9029D90E220DF1020015F0BFFD236F87
:10382000684610331021A8F10E08236701F0CAFC86
:1038300084F87F9038F00F0905D1B8F1000F3FF4FC
:1038400026AF236F0FE7A6EB0802206A4946104413
:1038500001F0B8FC236FA8EB09084B442367B8F1CB
:10386000000F3FF414AFECE742460DF1020015F0F3
:1038700095FD236F1021023343446846236701F00E
:10388000A1FC84F87F9002E70B788DF802307FE787
:103890000E220DF1020015F081FD0E230099094A58
:1038A000A6F10E08C2F890100199C2F8941002997E
:1038B000C2F898100399C2F89C101A462367C9E60B
:1038C0003400000100000C4090000C40216AA6EB7F
:1038D0000806144A3144D369D807FCD4114EF36961
:1038E000DB07FCD40123D6F82C90424629F00F00C8
:1038F000F062B3610C4815F051FD03233361236F6F
:10390000C6F82C9043442367C1E64FF0FF310748C7
:103910000CF034FB6BE70122024B4FF0FF305A6191
:10392000E7E600BF00000C4090000C404063002020
:103930002DE9F04F04687A4B064681B02046D3F853
:103940000C710CF08DFF94F87C3003F0FB02022A1E
:103950000AD0082B08D017F0040540F087803B07F9
:103960006AD54FF001092CE017F0040525D010228C
:103970006C4BA16AC3F80425236E4FF00209002B9B
:103980007ED104F14405284601F00CFCD4F8748083
:10399000B8F1000F53D0B9F1020F63D02046E16DAA
:1039A000F9F776FEE36D07F008070F2B606140F230
:1039B0009080002F40D0002503E03F073CD54FF01A
:1039C00002092022574BC3F80425636E002B40F0F8
:1039D0008380A36F63B1524BD3F890206263D3F816
:1039E0009420A263D3F89820E263D3F89C30236438
:1039F000B9F1010F0AD0022300212046E26DFFF742
:103A000007FEE36D60610F2B00D9ADB1A36F626F4C
:103A10009B1800D1E37620460CF0C2FE237E022BD9
:103A20006BD0656D3046AC46616994F87C30A26D10
:103A300001B0BDE8F04F604701B0BDE8F08F20460F
:103A4000FFF756FC206B00285DD0B9F1010F94F808
:103A500080205AD00146284605F02AFF00285AD077
:103A6000C4F814803A07D1D50125AAE710222D4BBE
:103A7000616AC3F80425236E4FF00109002B80D042
:103A8000D4F860A0E36D2648A3EB0A031944C36988
:103A9000DD07FCD4DFF88880D8F81C5015F001054C
:103AA000FAD10123D8F82CB052462BF00F00C8F8F9
:103AB0002C00C8F818301C4815F070FC0323C8F817
:103AC0001030C8F82CB0636FA3EB0A036367256658
:103AD00057E7002FC8D199E7676EE36DA16A606A66
:103AE000DB1B3A4619441844012302F01DF800225A
:103AF000A36FDB1BA36762666BE70C4801B0BDE8F0
:103B0000F04F0CF045BA606145E7294615F046FCD8
:103B1000C4F8148042E76FF003036361A2E700BFBB
:103B200000000C4000400C4090000C40406300201E
:103B30002DE9F0470468994601F0FD03052B07467F
:103B4000206814BF4FF400754FF480750E469246FE
:103B5000DDF824800CF056FA002800F0988001234C
:103B6000A3762379022B4AD0082B40F088802A467E
:103B70004849201D0CF09EFD054600285CD1089B9D
:103B8000227EA3624FF4A073F34013F00105C4F842
:103B900058A084F87C60C4F8249015D1042A02D07F
:103BA000B8F10F0F2FD80123424600212046FFF71E
:103BB0002FFD054600285CD0636F204665610CF040
:103BC000EFFD2846BDE8F087042A02D0B8F10F0FB8
:103BD0003AD841462046F9F75BFD05460028EBD16F
:103BE0000146022342462046FFF712FD0546666F56
:103BF0002E43E2D12046FFF77BFB3546DDE7201D53
:103C00000CF050FDBBE73E687B68C6F86080C6F8E4
:103C10005C80C6F864801A7839461F480CF000FEB4
:103C20002946012342463046FFF7F2FC0546002DA7
:103C3000C3D12846BDE8F0870023E376A3760CF0D5
:103C4000EDF92846BDE8F087D7E90053C5F8608054
:103C5000C5F85C80C5F8648039461A780E480CF0C7
:103C6000DFFD28464146F9F713FD0546002DE0D05B
:103C7000A3E741462046F9F70BFD0546B7E70023C9
:103C8000E376A3766FF006050CF0C8F999E76FF0BC
:103C9000010596E700015005313901002DE9F04199
:103CA0000225684B684C1746DC6204469D6190F81B
:103CB000213090F82020023B0E46C56901695B085F
:103CC000C2F10E0040EAC303A06986B008B143F018
:103CD00040034FF000082DBA0DF10900029305953D
:103CE000CDF80C80574DCDF8108015F057FB029B96
:103CF000C5F89030039BC5F89430049BC5F8983004
:103D0000059BC5F89C30A36933BBE569F5B1012F6C
:103D1000D4F8088018BFD4F80C8035F00F073DD1D7
:103D2000484AD369D907FCD4464CE369DB07FCD485
:103D30000123E76A2A4627F00F00E0624146A361AB
:103D4000424815F02BFB03232361E762304606B09F
:103D5000BDE8F04101F026BAC3F30722012BCDE9FB
:103D60000288CDE9048861688DF809308DF8082053
:103D700056D00E2B1ED81A460DF10A0015F00EFB78
:103D8000029A304BC3F89020039AC3F89420049A07
:103D9000C3F89820059AC3F89C20B6E739464046F8
:103DA00001F010FAEA1BD1D07B1B1546E2691344DF
:103DB0009844B5E70E220DF10A00019315F0EEFAD2
:103DC000029A019BC5F89020039AA3F10E08C5F84A
:103DD0009420049AC5F89820059AC5F89C2038F0DC
:103DE0000F0521D1A3696168A3EB0803154A1944A3
:103DF000D369DD07FCD4134DEB69D807FCD401234C
:103E00004246D5F82C80114828F00F0CC5F82CC07C
:103E1000AB6115F0C3FA03232B61C5F82C8074E75E
:103E20000B788DF80A30ABE7A26960680E32D21ABF
:103E30002946104401F0C6F9B8EB05083FF465AF18
:103E4000D0E700BF00000C403400000190000C409F
:103E50002DE9F04780468868012A0CBF4FF480792D
:103E60004FF400798307D8F8005040F0DB800C460F
:103E7000C9688B0740F0D68094F82030073B062BAA
:103E800000F2CD801746D4E90632DA4200F0C7804E
:103E90002B7E042B04D00CF0A3FC002800F0BF8084
:103EA00028460CF0DDFB064610B13046BDE8F08731
:103EB00028680CF0A7F8002800F0BE8001232068D5
:103EC000AB766E610378022B00F08480082B40F003
:103ED000AC804A465A490CF0EDFB814600287CD163
:103EE0002B7E042B3CD0D4F81C90B9F10F0F37D99E
:103EF000002285F87C706368D4E9041CD4E902E0F0
:103F0000C5E90A01C5E9083EAC65C5F830C094F8BA
:103F1000203085F88130A169C5F87490C5E91A1977
:103F2000C5F8789094F821302A6785F8803085F8B4
:103F30007F20002966D1D8E90043C4F86090C4F816
:103F40005C90C4F8649041461A783E480CF068FCD6
:103F5000012F48D049462046BDE8F047F9F798BB05
:103F6000012F05F1440A25D005F1340994F82120E8
:103F70006169484615F012FA49462046F9F724FCD3
:103F8000514602222046FFF789FE5046494694F8E2
:103F9000212005F08DFC6FF0030A08B14FF0000AF4
:103FA00000232846EB760CF0FBFB2B7E012B22D066
:103FB00056467AE73A4651462046FFF76FFE51468D
:103FC0002046F9F701FC514694F82120606915F06C
:103FD000E5F9E3E70CF066FB82E7EE76AE760CF0EF
:103FE0001DF84E4661E73B464A462046BDE8F0478D
:103FF0000021FFF70DBB22463B46514640466C6D03
:10400000A04752E73B462846FFF702FBD4F81C9036
:104010008246B9F1000FC3D00028C1D18BE74FF021
:10402000FF3642E76FF007063FE7EE76AE760BF01D
:10403000F5FF6FF0060638E7EE766FF0010634E71D
:1040400000015005313901002DE9F04104680546B1
:1040500094F87C30A66D5A1E012A62D9DA1E012A14
:104060002BD9053B012BD4F8DC3040F29480002B97
:104070006ED11A46C4F8D430F3682262002B71D096
:104080000F2B40F2DA80D6E90012C4E909121A07B0
:1040900018BF23F00F03D4F8E420E365002A4AD0C8
:1040A000D4F8DC20A16E914200F0B5800122D4F852
:1040B000D810C91A18BF01211AE00021D6E900233F
:1040C00013F00F00C4E90911E16522624DD1D4F863
:1040D000DC20C4F8D430934200F0C680D4F8E43039
:1040E0004BB3D4F8DC30A26E0121D21A18BF0122E2
:1040F0002046FEF7FFF920680BF0E4FF002800F0EF
:10410000CD802A467149207EFDF724FE002840F02C
:104110008980FDF767FE002840F084806069BDE873
:10412000F081F3690F2B5CD9190707D1D6E9021288
:10413000C4E90912E36500221146D9E723F00F0311
:10414000D6E90221E3656262A16200220121CFE784
:1041500094F87F3004F1B202C4F8D430F3682262DC
:10416000002B8DD1C4E9093395E704F1B20784F837
:104170007F001022384623F00F03C4F8D43015F026
:104180004BF93168D4F8D430384694F87F2019447C
:1041900015F004F9A2E7002B3BD094F87F3004F12E
:1041A000B202C4F8D430B3682262002BDAD00F2BED
:1041B0003FF669AF04F1A20710220021384615F03E
:1041C0002BF904F1C408B2683168384615F0E6F8F6
:1041D00010220021404615F01FF9B368C4E90978A0
:1041E00059E704F1A20710220021384615F014F90E
:1041F00004F1C408F269B168384615F0CFF810220E
:104200000021404615F008F9F369C4E90978E3652F
:1042100091E71A46C5E7D4F8D810E26E521A18BFD3
:10422000012244E70BF05AFF2C68D4F8E40030BBBD
:10423000FDF782FD4FF0FF3071E704F1A207102275
:104240000021384615F0E8F804F1C408F268316836
:10425000384615F0A3F810220021404615F0DCF88E
:10426000F368C4E9097816E71022103B04F1B2079D
:104270000146C4F8D430384684F87F207FE7FDF744
:104280009FFE2A4604201249FDF764FD0028CFD185
:10429000FDF7A8FD0028CBD16369C9E72C68D4F8E5
:1042A000E40020B9FDF748FD6FF0010037E7FDF7A6
:1042B00087FE2A4604200649FDF74CFD0028F1D16F
:1042C000FDF790FD0028EDD16369EBE78134010033
:1042D0005531010070B50468064663690D46002B30
:1042E0003ED1D4F8E030002B45D1D4F8D830D16895
:1042F000994240D1D4F8D800E16E884204BFD2E997
:104300000001C4E9090190682063117C84F88010E1
:1043100013B9D4F8DC307BB1D4F8E0305BBB314664
:10432000206884F87C50A265FDF7DEFC30B330468F
:10433000BDE87040FFF788BE072D84F87C5014D08C
:1043400031462068FDF7D0FCC0B1002530462A4632
:104350002946C4F8D450E565FFF70EF8284670BD2D
:1043600060690028FBD1D368C4E70A4604F1440120
:1043700015F014F8E4E74FF0FF3070BD6FF0010066
:1043800070BD00BF08B5FDF7A5F9BDE808400CF009
:1043900031B900BF70B505460C460668FDF7A6FAB0
:1043A00098B986F8F0000A4BC6F8E000002C08BF68
:1043B0001C46636830467365A26821780CF024F9C6
:1043C00000280CBF2846002070BD4FF0FF30EAE700
:1043D0007016020000680CF03DB900BF70B51D46B4
:1043E0000B780C46222B164682B019D0282B17D0FA
:1043F000046820460CF0D6F980B90123069AC4E976
:104400001A65A56784F880206567206784F87F00B7
:104410002063A0656062A06284F87C3002B070BD49
:104420002246069C33460121CDE90054F9F72CFAC7
:1044300002B070BD70B51D460B780C46222B164697
:1044400082B019D0282B17D0046820460CF0AAF9A6
:1044500080B90223069AC4E91A65A56784F880200A
:104460006567206784F87F002063A0656062A062B2
:1044700084F87C3002B070BD2246069C334602218F
:10448000CDE90054F9F700FA02B070BD036858692D
:1044900050B9A2F1070CBCF1060F8EBF4FF0FF30F0
:1044A000D96283F881207047586970472DE9F84335
:1044B0000468074623790D46222B5BD0282B59D060
:1044C0006369A165002B5DD14A68236F94F87F1062
:1044D00013440B44002A5BD01207A16E56D08B42C6
:1044E00056D194F87C90B9F1020F78D0B9F1040F4D
:1044F00071D04FF003084FF0010920680BF082FDE6
:10450000002800F094800122A2762279022A69D044
:10451000082A40F08F80B9F1010F0CBF4FF4807270
:104520004FF400724749201D0CF0C4F806460028DD
:104530005CD184F87C802A684B46226220460022A7
:104540006968FFF765F8064628B9E36E1BB9226F64
:10455000A36E9A4252D020460CF022F9237E666167
:10456000012B10D143462A4631463846646DA04798
:10457000002608E0A36EA56553B1D4F8E0303BB93E
:10458000636943B166693046BDE8F8838B42A8D9B8
:104590004FF0FF36F7E76A68110703D0D4F8DC3034
:1045A0009A42F5D194F87C30022B25D0042B18BF09
:1045B0000323102A84F87C3003D8D4F8DC309A42E4
:1045C00020D039462068FDF78FFB80B33846BDE820
:1045D000F843FFF739BDC8464FF002098DE74FF0A9
:1045E00004088AE7201D0CF05DF8A2E70023E376BB
:1045F000A3760BF013FDC6E70423DAE72046FEF7A7
:1046000077FEA8E7296804F1B20014F0C7FE002283
:10461000237E6968012B84F87F106261A8D1384637
:104620006169656D94F87C30A26DA847A0E76FF0D2
:104630000106A8E70023E376A3766FF006060BF0E9
:10464000EDFCA0E700015005F0B5046883B0636994
:10465000002B4FD1064608680D4683077FD1D1F85D
:1046600004E05FEA8E737AD123798A68222B0DD019
:10467000282B0BD03AB1110702D0676F974202D1B5
:10468000676F97420AD24FF0FF3031E0002AFAD02C
:1046900017074CD1D4F8D8709742F4D3276FA16E86
:1046A0008F4203D0022BEED0082BECD094F818C028
:1046B000BCF1040F05D071460CF092F80028E2D04E
:1046C000237994F87C2002F0FB0102292DD0042AE2
:1046D00014BF05270627022B0FD0082B0DD0222B45
:1046E0002AD0282B28D0237E4FF0FF30012B11D069
:1046F00003B0F0BD606903B0F0BDAB682A4601931A
:104700006B68394600932B683046FFF711FA237E19
:10471000012BEDD1AB680F2BEAD801463B46304662
:104720002A46646DA0470020E2E70627D3E7D4F8C5
:10473000D8709742AED0A6E73368D3F8E020002ABD
:10474000A1D13146186883F87C709D65FDF7CCFADD
:1047500040B1304603B0BDE8F040FFF775BC6FF0E4
:104760000700C5E76FF00100C2E700BFF0B50468BD
:10477000064623790D46222B83B036D0282B34D021
:104780006369002B2CD1086883075FD149688B07C8
:104790005CD1226FA36E9A4255D1636FEA689A4248
:1047A00051D1237E042B28D00CF01AF800284AD0CF
:1047B000EA68002A44D100272A7CA86804F1440151
:1047C00014F0ECFD237E0020012BE7760BD101468F
:1047D0002A4630460723646DA047384603B0F0BD33
:1047E00060690028E4D003B0F0BD2A4607213046B6
:1047F00003B0BDE8F040FFF76DBD002ADBD00346F3
:10480000A8682063287C84F88000CDE90012304637
:104810002A460721FFF78CF9237E042B0AD0EA6889
:104820000F2AE0D80028C6D00027012B6061E77668
:10483000D9D1CCE70028BED000236061E376D2E76F
:10484000D5E90001DBE74FF0FF30CCE76FF0070060
:10485000C9E700BFF0B50468064623790D46222B50
:1048600083B038D0282B36D06369002B2ED108684E
:10487000830761D149688B075ED1226FA36E9A428C
:1048800057D1636FEA689A4253D1237E042B2AD012
:104890000BF0A6FF00284CD0EA68002A46D12A7CFB
:1048A000A96804F1440005F003F8002834D0002082
:1048B000237E0027012BE7760BD101462A4630469E
:1048C0000823646DA047384603B0F0BD6069002836
:1048D000E2D003B0F0BD2A460821304603B0BDE85F
:1048E000F040FFF7F7BC002AD9D00346A868206340
:1048F000287C84F88000CDE9001230462A46082141
:10490000FFF716F9237E042B0AD0EA680F2AE0D8B5
:104910000028C4D06061CCE76FF00300237EC8E7B5
:104920000028BCD000236061E376D2E7D5E900011E
:10493000DBE74FF0FF30CCE76FF00700C9E700BFBF
:1049400070B54369456C90F84810FBB9037904468B
:10495000022B01F00F001AD0082B18D0012815D017
:10496000CB066868EA6804F120052FD40146284682
:1049700004F09EFF10B96FF0030363611023284613
:10498000BDE870400022194604F0B0BF70BD012898
:104990000FD0236B0F4AC2F89030636BC2F894308B
:1049A000A36BC2F89830E36BC2F89C30D369DB0785
:1049B000FCD4084AD369DE07FCD4136F2362536F1B
:1049C0006362936FA362D36FE362C7E7294614F073
:1049D000E5FCD3E700000C4010B50468FDF76AFA67
:1049E00040B2003818BF01204042E06510BD00BF52
:1049F00070B504460568FDF75DFA40B230B14FF07E
:104A0000FF322B7E6A61012B02D070BD686170BDE0
:104A100020462C6C6969A44695F848306A6CBDE85C
:104A20007040604738B50568FDF744FA44B21CB1E0
:104A30004FF0FF346C6138BDFDF760FA6C61A8651A
:104A400038BD00BF38B50568FDF734FA44B21CB173
:104A50004FF0FF346C6138BDFDF750FA6C6168654A
:104A600038BD00BF174B70B50468D3F80C6105461C
:104A700020460BF0F5FE730700D470BD1022124BD8
:104A80002046C3F80425FFF75BFF94F84830204622
:104A900003F0EF03012B1CBF0023E3760BF080FE35
:104AA000237E022B09D02846256C6169AC4694F818
:104AB0004830626CBDE8704060470448BDE8704013
:104AC0000BF066BA00000C4000400C404063002030
:104AD000012270B5046894F84830A27603F0EF0321
:104AE000934216D00546A06D28B9636D0020D3B956
:104AF0000023A37670BD94F8613063B1FDF760FACE
:104B00002A4604201749FDF725F910B30023A365B1
:104B1000EBE7002070BDE068FCF78CFC0028F5D0C6
:104B2000636D002BE4D018462E68FDF749FA2A463B
:104B300004200C49FDF70EF918B1002318466365EF
:104B4000D6E7FDF74FF90028F7D170690028CFD1DB
:104B5000F3E7FDF747F90028D8D160690028DFD1D5
:104B6000D4E700BFF149010003682DE9F04705468D
:104B70005C6CFDF79FF946B22EBBA3682C68102B26
:104B800001D91A072DD1102104F12000FDF7D2F927
:104B90002046FFF7D5FE6669331D18BF00260BF0CF
:104BA0009DFA2846FFF794FF0023984218BF4FF064
:104BB000FF3684F860306661FDF7BEF8237E012B76
:104BC00005D0BDE8F0874FF0FF362C68E7E72846B0
:104BD000256C6169AC4694F84830626CBDE8F047DA
:104BE0006047D4F84490236DD9F8082004F13007C9
:104BF000A2EB030831461022384614F00DFC236D59
:104C0000D9F8001042461944384614F0C7FB314623
:104C100020460122E764C4F85080FDF78FFE2A4643
:104C20000649207EFDF796F80028CCD1FDF7DAF88A
:104C30000028C8D16669002EC3D0C6E7414E0100E6
:104C400000232DE9F04F7C4A7C4C87B0D462C2F837
:104C50009030C2F89430C2F89830C2F89C30D369D2
:104C6000DB07FCD4166F16F0800F0E6014BF4FF0F8
:104C7000870A4FF0000A556FC6F307274D60936F00
:104C8000C6F3C0398B60D46FC6F3C058C4F3074273
:104C9000520002EBD472C6F3074C5FFA82FB09EBB9
:104CA000460908EB4708F20F370EC5F3C01606EBAE
:104CB0004706F6B20096CE70C5F3C03606EB450641
:104CC00006F0FF0602EB4C020196C5F3072C0E71AD
:104CD000C5F3C05606EB4C06F6B2C5F3074702967D
:104CE0004E712E0EED0F05EB4705EDB203958D715C
:104CF000C3F3C01505EB4605EDB2C3F3072CC3F3B0
:104D0000C037C3F3C05607EB430706EB4C060495C8
:104D10004FEA136CCD71C3F30745DB0F03EB45037B
:104D2000DBB2C4F3C015C4F3C03E05EB4C050EEB7B
:104D3000440EC4F3C05C05938B72C4F30723E40DE7
:104D40000CEB430C04F0FE0409F0FF095FFA88F84D
:104D5000D2B207F0FF07F6B2EDB20EF0FF0E84EA12
:104D60000A045FFA8CFC012881F80EB081F80090EB
:104D700081F801808A700F724E72CD7281F80CE05A
:104D800081F80DC0CC7302D007B0BDE8F08F19F0E8
:104D9000800F14BF4FF0870A4FF0000A4FEAD81077
:104DA00000EB4900009B0870D00900EB48004870F8
:104DB000D80900EB4200887001988AEA440AC209C7
:104DC00002EB4302029BCA70DA0902EB400203982D
:104DD0000A71C20902EB4302049B4A71DA0902EB31
:104DE00040028A71FA0902EB4302CA71059BF2097B
:104DF00002EB47020A72DA0902EB46024A72EA093A
:104E000002EB43038B724FEADE1303EB4503CB72D5
:104E10004FEADC1303EB4E030B734FEADB124FEA4E
:104E20004B0302EB4C0203EBD41381F80FA04A733F
:104E30008B7307B0BDE8F08F00000C402800000124
:104E400070B50646FDF736F840B2A8B14FF0FF3511
:104E500034680BF043F93046FFF73AFE00239842DE
:104E600018BF4FF0FF3584F860306561FCF764FFD0
:104E7000237E012B0ED070BD3468102104F1200078
:104E8000FDF758F82046FFF75BFD65692B1D18BF3D
:104E90000025DEE7256C3046AC46616994F8483061
:104EA000626CBDE8704060472DE9F0470468054634
:104EB0002379676C022B94F84880BE688EB000F0AE
:104EC0008280082B40F0288194F849009449954B42
:104ED00018F0100F0CBF4FF400624FF480620128ED
:104EE00008BF0B4606A9CDE90032201D202204F19F
:104EF0005803FCF709FA48B1883014BF6FF0050871
:104F00006FF0040840460EB0BDE8F087864806A959
:104F100012F0C6FC08F00F08B8F1010F20D01023E2
:104F2000D4F844A004F1300800224046194604F0A9
:104F3000DDFCDAF80860002E49D016F00F0908BF32
:104F40004FF01009DAF80010A6EB090640464A4671
:104F5000314414F023FA94F84930012B00F0C78053
:104F6000DFF8D881714BC8F82C30236AC8F870304C
:104F7000636AC8F87430A36AC8F87830E36AC8F87E
:104F80007C30002E75D0237E042B00F088800F2EFD
:104F900039D8D7F800805FEA887300F087804146EF
:104FA000634812F07DFC2C68237E94F84860042B43
:104FB00044D0626C92680F2A40D9022B00F0A48082
:104FC0004FF000089EE7201D0BF06CFBA2E794F861
:104FD0004930012BC4D1012002A9FFF731FE802303
:104FE00088F800300298D4E90C12414021630399FB
:104FF000A36B4A406263049A5340A363E26B059B30
:105000005340E363ACE76B6829461A7849480BF0D4
:1050100007FCD8F82C30204623F08073C8F82C30D9
:1050200021210BF011FC314638680BF0D7FB04222C
:105030000823C8F80421C8F81030B4E7204606F069
:105040000F06FFF77DFC012E18BF0023D4F8148053
:10505000204618BFE3760BF0A3FB237E012B7FF4E1
:1050600051AF28464146256C94F84830626CA847F9
:10507000A6E72046FFF764FCD4F814802046E676C5
:1050800094F848600BF08CFB237E012B7FF43AAF41
:1050900033463A4641462846246CA04790E7D7F865
:1050A000008006F01F0A5FEA887304D14046310988
:1050B00012F0BEFB77E736F01F0608BF344610D06B
:1050C00000241B4F08F1100908EB0401384612F0C8
:1050D000E7FB09EB04013846203412F0E1FBA6425D
:1050E000F2D8BAF1000F3FF45EAFA04457E7DAF808
:1050F00008303BB1B9F1100F04D1002002A9FFF72D
:105100009FFD6FE7C84466E74FF0FF310A480AF099
:1051100035FFD4F81480F5E64FF0FF38F2E600BF13
:105120000002C0030001C00350000C403400000125
:1051300090000C40654A01004063002000000C40D4
:1051400008B5FCF7C7FABDE808400BF053BA00BF3A
:1051500070B5056806460C46FCF7C8FB00220346FE
:105160000F496A65944208BF0C469B1A18BF012379
:1051700001215B42AA6585F86020EB6563782846CB
:1051800085F84930636885F862102B64A26821783D
:105190000BF03AFA00280CBF3046002070BD00BF6B
:1051A00080160200064AD369DB07FCD4136F036044
:1051B000536F4360936F8360D36FC360704700BFCA
:1051C00000000C402DE9F8438307894620D031F0D8
:1051D0001F07064608BF3C460FD000240F4D00F1C4
:1051E00010083119284612F05BFB08EB0401284631
:1051F000203412F055FBA742F3D819F01F0F01D14C
:10520000BDE8F88331190548BDE8F84312F048BB02
:105210000909BDE8F84312F00BBB00BF90000C4039
:105220002DE9F04113781446022B07460D460DD0A8
:10523000082B0BD0222B01D0282B50D122462946F7
:105240003846BDE8F0411023F8F7D6BE3E6896F820
:105250004930022B40D02B689B0743D1EB68102BC1
:105260003DD830460BF0FCF9804658BB96F86230CA
:105270002BB130680AF0C6FEB8B30123B3764FF005
:10528000100E4FF0000C756486F848E0351D94E868
:105290000F00C6F814C085E80F00734662467146D9
:1052A00006F1200004F022FB3379022B0DD0082BED
:1052B0000BD04FF0FF38B37E23B10AF0AFFE0023CE
:1052C000B376F3764046BDE8F0813846FFF7ECFD53
:1052D00080460028F6D0EEE7AB68002BBBD14FF03C
:1052E000FF38EFE76FF00708ECE786F81B806FF0F8
:1052F0000108E7E72DE9F04113781446022B074631
:105300000D460DD0082B0BD0222B01D0282B4ED1CF
:10531000224629463846BDE8F0410023F8F76CBE26
:105320003E6896F84930022B3ED02B689B0741D14E
:10533000EB68102B3BD830460BF092F9804648BB07
:1053400096F862302BB130680AF05CFEA8B30123F6
:10535000B3764FF0000C756486F848C0351D94E8AC
:105360000F00C6F814C085E80F00102362461946E6
:1053700006F1200004F0BAFA3379022B0DD0082B85
:105380000BD04FF0FF38B37E23B10AF047FE002365
:10539000B376F3764046BDE8F0813846FFF784FDEA
:1053A00080460028F6D0EEE7AB68002BBDD14FF069
:1053B000FF38EFE76FF00708ECE786F81B806FF027
:1053C0000108E7E7F8B50B780D46022B074604689D
:1053D0003DD0082B3BD0222B01D0282B44D194F870
:1053E00060C0BCF1000F3FD195E80F004FF0010EF7
:1053F000261D86E80F00C4F814C0C4F854C0C4F8D1
:1054000058C084F860E0102300261946324604F1A3
:105410002000666404F06AFA112384F848302B787F
:10542000222B03D0282B01D03046F8BDE36D013389
:105430001AD039462068FCF757FCC0B13846F8F757
:105440009FFC064660B9FCF777FC3046F8BD29465C
:1054500020460BF0A7F906460028D4D03046F8BD08
:105460003846FFF735FBEEE74FF0FF36DCE76FF02D
:105470000106D9E7F8B50B780D46022B07460468FC
:105480003DD0082B3BD0222B01D0282B44D194F8BF
:1054900060C0BCF1000F3FD195E80F004FF0010E46
:1054A000261D86E80F00C4F814C0C4F854C0C4F820
:1054B00058C084F860E0102300261946324604F1F3
:1054C0002000666404F012FA012384F848302B7837
:1054D000222B03D0282B01D03046F8BDE36D0133D9
:1054E0001AD039462068FCF7FFFBC0B13846F8F700
:1054F00047FC064660B9FCF71FFC3046F8BD29465C
:1055000020460BF04FF906460028D4D03046F8BDAF
:105510003846FFF7DDFAEEE74FF0FF36DCE76FF0D5
:105520000106D9E770B50468064623790D46222B9B
:1055300082B01AD0282B18D06269DAB90A689207AB
:1055400049D18A68002A40D012073ED194F86220DF
:10555000002A32D1022B65640FD0082B0DD0A37E18
:105560004FF0FF308BB902B070BDE06D431CFAD034
:10557000636993B1606902B070BD3046FFF794FC77
:105580000028F0D0A37E002BEDD001900AF046FD5C
:1055900000230198A37602B070BDAB68ABB11907C8
:1055A00013D1314620686564FCF79EFB80B130461C
:1055B00002B0BDE87040F8F787BC20680AF022FD11
:1055C00030B101222379A276C4E74FF0FF30CAE759
:1055D0006FF00100C7E76FF00700C4E770B504681B
:1055E000064623790D46222B82B023D0282B21D0CA
:1055F000626922BB0A68920759D1CA68102A50D83A
:105600008A68002A4DD094F86220002A41D194F88B
:1056100048206564112A14BF02221222022B84F84A
:1056200048200FD0082B0DD0A37E4FF0FF308BB950
:1056300002B070BDE06D431CFAD0636993B160693C
:1056400002B070BD3046FFF72FFC0028F0D0A37EDB
:10565000002BEDD001900AF0E1FC00230198A37625
:1056600002B070BDAB68E3B194F84830314613F036
:10567000100F0CBF022312232068656484F84830A1
:10568000FCF732FB80B1304602B0BDE87040F8F75D
:105690001BBC20680AF0B6FC30B101222379A27647
:1056A000B5E74FF0FF30C3E76FF00100C0E76FF0E0
:1056B0000700BDE710B5046823799B0604D4204693
:1056C000BDE810400AF0C6BFFFF702FA2046BDE869
:1056D00010400AF0BFBF00BF38B504680546FBF7AD
:1056E00021FD22790346920601D4E27E1AB31846C0
:1056F000FBF724FDFCF7AEFB0022237984F8602041
:105700009B0614D4002120460BF072F8237E012B57
:1057100001D0002038BD626C002AFAD028466FF014
:105720000201256C94F84830A847002038BD28466F
:10573000FFF7CEF9E6E7FBF701FD002038BD00BF1B
:1057400000234FF4C07270B5046890B0CDE9023206
:10575000CDE90433CDE9063394F84830054603F02B
:105760000F03012B0146206814BF4FF400764FF45D
:105770008076FCF7B9FA00284CD02379222B21D06F
:10578000282B40D1E06802A9FBF7B0FE40B1883079
:1057900015D06FF00506FCF7CFFA304610B070BD9B
:1057A00020221E4B019600930DEB020104F15003E1
:1057B000201DFBF7A9FD0646F0B18836E9D16FF050
:1057C0000406E8E74FF0FF36A1682046FCF7C6FF65
:1057D00020680AF077FCD8B12A461149207EFCF7F0
:1057E000B9FA30B9FCF7FEFA18B96669304610B05C
:1057F00070BD0AF073FCCEE702A80AF0ADFC000A07
:1058000008A96065E1E7FCF797FA6FF00606C4E7C0
:10581000FCF792FA6FF00106BFE700BF0010C0046A
:105820002558010070B506460468FCF743FB10F0EC
:10583000FF052BD04FF0FF350AF050FC33681A7982
:10584000282A10D06561FCF777FA94F8483023F0E5
:105850002002013A012A9CBF002284F85820227EAF
:10586000012A0BD070BD5A6D012AEBD1D868FBF725
:10587000E1FD002818BF4FF0FF35E3E7D4E910251C
:105880003046AC466169BDE87040604704F12000D5
:10589000FCF748FBD0E700BF2DE9F041754E0468E6
:1058A000D6F80C71054620460AF0DAFF3B072BD5E7
:1058B0002021E36B704AC2F804155A1E0E2A25D91E
:1058C0006C4B94F84820D3F8901012F0100221622B
:1058D000D3F8941020466162D3F89810A162D3F8EF
:1058E0009C3008BFE276E3620AF05AFF237E022B67
:1058F00000F0BA802846656C6169AC4694F848307F
:10590000226CBDE8F0416047BDE8F081A26B206BDE
:10591000D21A815C676B86F8801096F87010012BA4
:10592000B95400F09E80511C10F801C0022B86F87B
:1059300081C096F871C007F801C000F09280911CF8
:1059400010F801C0032B86F882C096F872C007F8E1
:1059500001C000F08680D11C10F801C0042B86F82D
:1059600083C096F873C007F801C07AD0111D10F8F3
:1059700001C0052B86F884C096F874C007F801C0F2
:105980006FD0511D10F801C0062B86F885C096F81F
:1059900075C007F801C064D0911D10F801C0072B35
:1059A00086F886C096F876C007F801C059D0D11D98
:1059B00010F801C0082B86F887C096F877607E54EF
:1059C0004FD002F1080610F806C02A49092B81F8C9
:1059D00088C091F878C007F806C042D002F10906E5
:1059E00010F806C00A2B81F889C091F879C007F831
:1059F00006C036D002F10A0610F806C00B2B81F85B
:105A00008AC091F87AC007F806C02AD002F10B06C6
:105A100010F806C00C2B81F88BC091F87BC007F8FA
:105A200006C01ED002F10C0610F806C00D2B81F83E
:105A30008CC091F87CC007F806C012D002F10D06A8
:105A400010F806C00F2B81F88DC091F87DC007F8C3
:105A500006C006D10E32835C81F88E3091F87E301C
:105A6000BB540023E3632BE70448BDE8F0410AF090
:105A70008FBA00BF00000C4000400C404063002083
:105A800008B5FBF727FEBDE808400AF0B3BD00BF2C
:105A900070B5056806460C46FBF728FF00230D4A43
:105AA00085F858309C4208BF1446C31A18BF01231A
:105AB000012162685B426A64A268EB6485F8491060
:105AC000284621780AF0A0FD00280CBF30460020AF
:105AD00070BD00BF9016020000680AF0BBBD00BF99
:105AE00070B50F4D0E46EC6A24F08074EC621546DA
:105AF00023F00F041B0714BF40F2123109490AF0CA
:105B0000A3FE214630460AF069FE284621460AF0E7
:105B10006DFE0822024B2046C3F8042170BD00BF71
:105B200000000C4012030100F8B532F00F041546D6
:105B300006460F4617D0151B220993B9ADB9012AA5
:105B400005D9013A11F07CFE103C26442744104B45
:105B5000104C39463046DC620122BDE8F84011F0B5
:105B60006FBE11F06DFE15B9F8BD11F069FE0A4B5C
:105B7000013C30193919EA1810F801CF013303F844
:105B800001CC13F811CC934201F801CFF4D1F8BD48
:105B900000000C4028002A0180000C402DE9F04153
:105BA0000468054694F84820207902F00F02012A83
:105BB00014BF4FF400734FF4807302280E468AB06E
:105BC00068D0082840F0A1800193554B2022009313
:105BD00002A904F15003201DFBF796FB48B1883061
:105BE00014BF6FF005066FF0040630460AB0BDE83A
:105BF000F0814C4802A911F053FE4B4B4B4ADA623C
:105C0000237EA26B042B01D00F2A48D8206A464974
:105C10003346C1F89000606AC1F89400A06AC1F8E8
:105C20009800E06AC1F89C00D4E90C01FFF77CFF02
:105C30000023E3632C68237E042B09D0A26B0F2A78
:105C400006D9022B64D0002630460AB0BDE8F081A8
:105C5000354B94F84820D3F8901012F010022162CE
:105C6000D3F8941020466162D3F89810A162D3F85B
:105C70009C306669E36208BFE2760AF091FD237EFC
:105C8000012BB2D128463146656C94F84830226C1D
:105C9000A847D8E72549201D0AF0F6FCB0E76B6855
:105CA00023481A7829460AF0BBFD1F49A26BCB6A2C
:105CB000276B23F08073D4F83480CB62130722F073
:105CC0000F060DBF204640F21231204619490AF056
:105CD000BBFD384631460AF081FD314640460AF0A8
:105CE00085FD0821E26B104B921BC3F80411E2639F
:105CF000226AC3F89020626AC3F89420A26AC3F8AB
:105D00009820E26AC3F89C2094E76FF006066CE7DF
:105D10004FF0FF3108480AF031F9666965E700BFC6
:105D20000010C00450000C4000000C402A002A0162
:105D30009958010012030100406300202DE9F04151
:105D4000064648683568830749D10C4689688B0741
:105D500045D12B7E9046042B22692ED192B3284642
:105D60000AF07EFC074678BB95F849302BB12868CD
:105D70000AF048F9B0B30123AB76002285F84880D9
:105D800023682F1DD4F810C02C646A610FCB87E8FC
:105D90000F00D4E90123C5E90C23E16805F1200EC9
:105DA00010227046C5E90ECC89B113F0F7FA3046DF
:105DB000BDE8F0410121FFF7F1BE0AF011FD08B185
:105DC0002269CBE74FF0FF373846BDE8F08113F08A
:105DD00023FB3046BDE8F0410121FFF7DFBE6FF045
:105DE0000707F1E7EF766FF00107EDE7F8B50B680D
:105DF0000C461A780646022A29D0082A27D0222AD9
:105E000001D0282A31D13568EA6C72BB276967B3A3
:105E100095F858204ABB6A61012205F1040C85F807
:105E200048200FCB2C648CE80F00D4E90123C5E98E
:105E30000C23E16805F1200E10227046AF6369B1B2
:105E400013F0ACFA3046BDE8F840FFF779BC2146C4
:105E50003046BDE8F8400122FFF770BF13F0DCFACE
:105E60003046BDE8F840FFF76BBC4FF0FF30F8BD9F
:105E7000F8B50B680C461A780646022A29D0082A7B
:105E800027D0222A01D0282A31D13568EA6C72BB8A
:105E9000276967B395F858204ABB6A61022205F169
:105EA000040C85F848200FCB2C648CE80F00D4E953
:105EB0000123C5E90C23E16805F1200E102270468C
:105EC000AF6369B113F06AFA3046BDE8F840FFF7F6
:105ED00037BC21463046BDE8F8400222FFF72EBF0E
:105EE00013F09AFA3046BDE8F840FFF729BC4FF0AE
:105EF000FF30F8BD70B50468064623790D46222BA5
:105F00002BD0282B29D063695BBB086883073CD161
:105F100049688B0739D1AA68002A33D0130731D1D9
:105F2000237E042B02D00AF05BFC58B394F849306E
:105F30002BB120680AF066F850B30123A376AB6852
:105F4000D5E9001230462163C4E90E33256462634B
:105F50000021BDE87040FFF721BEE36C93B963698F
:105F60000BB1606970BDAB6863B11A070AD12968CB
:105F70006A683046C4E90C122564A363BDE870402A
:105F8000FFF7DEBB4FF0FF3070BD6FF0070070BD54
:105F90006FF0010070BD00BF70B50B781546222B65
:105FA000046808D0282B06D0022B23D0082B21D040
:105FB0004FF0FF3070BDE36C002BF9D194F85860BE
:105FC000002EF5D10FC94FF0010E04F1040C8CE83E
:105FD0000F0010222946666184F858E004F1200081
:105FE0009DB113F0DBF91122002384F848201846F4
:105FF000236470BD20460AF0D5FB0028DAD11022B8
:10600000294604F12000002DEBD113F005FAEAE750
:1060100070B50B781546222B046808D0282B06D0C3
:10602000022B23D0082B21D04FF0FF3070BDE36C42
:10603000002BF9D194F85860002EF5D10FC94FF01C
:10604000010E04F1040C8CE80F0010222946666151
:1060500084F858E004F120009DB113F09FF912225A
:10606000002384F848201846236470BD20460AF0B7
:1060700099FB0028DAD11022294604F12000002DD6
:10608000EBD113F0C9F9EAE738B504680546FBF728
:1060900049F822790346920601D4E27E52B31846AB
:1060A000FBF74CF8012120460AF0A2FB23799B065E
:1060B00010D4237E012B01D0002038BD226C002A91
:1060C000FAD028466FF00201656C94F84830A84772
:1060D000002038BDFBF7BEFE00222B6884F8582054
:1060E0001A79282AE5D15A6D012AE2D1D868FBF73E
:1060F000A1F9DEE7FBF722F8002038BD38B50468C7
:10610000E36C33BB63690BBB94F848308D68112B8B
:106110000A4614BF2223212365B994F818C0616987
:10612000BCF1010F84F8585002D1646CA047294695
:10613000084638BD84F84830096853682264C4E9C9
:106140000C13A563BDE83840FFF7FABA6169084649
:1061500038BD4FF0FF31EBE72DE9F041046806460A
:1061600023790D46222B29D0282B27D0636913BB16
:10617000086883074FD149688B074CD194F818C041
:10618000AA68BCF1040F23D0F2B994F84830112B5F
:106190000CBF212722274FF00008BCF1010F6069D6
:1061A00084F81B8008D101463B4630462A46646C81
:1061B000A047404600E06069BDE8F08129463046CE
:1061C000BDE8F041FFF79ABF0AF00AFB48B3AA689E
:1061D00094F84830112B0CBF21272227C2B194F824
:1061E000493033B1206809F00DFFB8B10123AA6826
:1061F000A37684F8487029686B6830462163C4E947
:106200000E22256463630121BDE8F041FFF7C6BC9F
:1062100094F818C0BFE76FF00700CDE76FF00100FA
:10622000CAE74FF0FF30C7E700234FF4C07230B524
:10623000046891B0054601462068CDE90232CDE9F7
:106240000433CDE90633FBF74FFD00285AD02379FC
:10625000222B41D0282B4ED1E06802A9FBF746F94A
:10626000C0B994F82820052A3BD82A23D34013F03C
:10627000010F14BF4FF480734FF400732022019379
:10628000244B0DEB02010093201D04F14403FBF7A6
:106290003BF838B1883038D0FBF74EFD6FF0050081
:1062A00011B030BD02A809F057FF03461B0A204673
:1062B00008A9A364FCF7DEF9206809F003FFF8B130
:1062C0002A461549207EFBF745FD68B9FBF78AFD94
:1062D00050B9606911B030BD2046A168FCF7CAF919
:1062E000EAE74FF40073C9E709F0F8FEFBF724FD75
:1062F0004FF0FF30D4E7FBF71FFD6FF00600CFE74C
:10630000FBF71AFD6FF00100CAE7FBF715FD6FF010
:106310000400C5E70044400485630100164B70B5D6
:106320000468D3F80C61054620460AF099FA330751
:106330001BD52022114B2046C3F8042594F82830A1
:1063400003F0FB03012B04BF0023E3760AF028FAD5
:10635000237E022B0AD02846656A6169AC4694F810
:106360002830226ABDE87040604770BD0448BDE82F
:10637000704009F00DBE00BF00000C4000400C4012
:106380004063002070B506460568FBF793FD0446A0
:1063900009F0A4FE33681A79282A15D0E3B2003B2D
:1063A00018BF01235B426B61FBF7C6FC95F82830F0
:1063B00023F00402013A012A9CBF002285F84C20F8
:1063C0002A7E012A0BD070BD9A6C012AE6D1D868CA
:1063D000FBF730F80028E1D04FF0FF33E3E7D5E9D1
:1063E00008243046A4466969BDE87040604700BF94
:1063F0002DE9F043054608680C4603782E68022B09
:106400008BB02FD0082B40F09A8096F82820052AD0
:1064100000F28B802A23D34013F0010F14BF4FF4F6
:1064200080734FF400730193464B2022009302A91E
:1064300006F14403FAF768FF48B1883014BF6FF0E3
:1064400005066FF0040630460BB0BDE8F0833E4809
:1064500002A911F025FAE7683C4B102F3CD03C4ACA
:10646000DA6208E0CB68301D102B0CBF394938497F
:106470000AF00AF9E768337E042B01D00F2F30D8D9
:10648000D4E90198414648463A0911F0E5F92C68EB
:10649000237E042B0AD0226AD2680F2A06D9022B47
:1064A00046D0002630460BB0BDE8F08394F8283083
:1064B0006669032B18BF0023204618BFE3760AF055
:1064C0006FF9237E012BBED128463146656A94F8C8
:1064D0002830226AA847E4E71E4ADA62337E042B9A
:1064E000CED06B6829461A781B480AF099F9D4E98E
:1064F0000198337EE768042BC4D00F2FC2D9134C08
:106500003046E36A154923F08073E3620AF09CF990
:10651000394648460AF062F9394640460AF066F9BB
:106520000823C4F804312361B1E74FF400737AE71C
:106530004FF0FF310A4809F021FD666983E76FF0EB
:10654000060680E70044400450000C4000000C4068
:106550002A000001280000011D6301002102020041
:106560004063002008B5FBF7B5F8BDE808400AF025
:1065700041B800BF70B5056806460C46FBF7B6F992
:1065800000230D4A85F84C309C4208BF1446C31ABC
:1065900018BF0123012162685B426A62A2682B6412
:1065A00085F82910284621780AF02EF800280CBF1B
:1065B0003046002070BD00BFA016020000680AF03F
:1065C00049B800BFF8B50B680C461A780546022A90
:1065D0001BD0082A19D0222A01D0282A47D12E6898
:1065E000326C002A43D196F84C70002F3FD1012223
:1065F000346286F82820341D0FCB84E80F0028462B
:106600007761BDE8F840FFF70FBE60682E6883072A
:1066100031D1A1688B072ED1E26842B3130726D18E
:10662000337E042B02D00AF0DBF800B330460AF0C8
:1066300017F80746E8B996F829302BB1306809F009
:10664000E1FCD8B10123B37601234FF0000C86F8AA
:1066500028302368371D0FCB346287E80F002146AE
:106660002846C6F814C0BDE8F840FFF7C1BE4FF099
:10667000FF373846F8BD6FF00707FAE7F7766FF097
:106680000107F6E70B681A78022A23D0082A21D0DE
:10669000222A844601D0282A16D130B5DCF80040E1
:1066A000226CA2B994F84C508DB9022204F1040E68
:1066B00084F8282021620FCB8EE80F0065616046C8
:1066C000BDE83040FFF7B0BD4FF0FF3070474FF0EE
:1066D000FF3030BD6FF00600704700BFF8B590F88E
:1066E00018C00E46BCF1040F15461C4601D00F2BF6
:1066F00006D8294630462209BDE8F84011F0ACB86A
:106700000A4F0B49FB6A23F08073FB620AF09CF886
:10671000214630460AF062F8214628460AF066F81B
:106720000823C7F804313B61F8BD00BF00000C40EE
:106730002102020038B50B780468022B1ED0082B0A
:106740001CD0222B07D0282B05D04FF0FF3003237D
:1067500084F8283038BD236CB3B994F84C509DB9F7
:106760000FC94FF0010E04F1040C8CE80F006561B5
:1067700084F84CE0002318462362E8E720460AF03C
:1067800011F80028F6D0E2E74FF0FF3038BD00BF27
:1067900070B50B780468222B01D0282B14D1256CFE
:1067A000BDB994F84C30A3B90FC904264FF0010EBF
:1067B00004F1040C8CE80F006561256284F8286000
:1067C00084F84CE0284670BD6FF006031D466361F7
:1067D000F8E74FF0FF35F5E770B50B680C461B780E
:1067E0000546222B066822D0282B20D073690BB1D6
:1067F000706970BD486883072BD189688B0728D1E1
:10680000E2681AB3130721D1337E042B1AD196F80C
:1068100029302BB1306809F0F5FBE8B10123B376DC
:10682000214628463462BDE87040FFF7E1BD336C75
:1068300063B97369002BDBD128463462BDE8704030
:10684000FFF7F2BC09F0CCFF0028E0D14FF0FF3099
:1068500070BD6FF0070070BD6FF0010070BD00BF2C
:1068600070B50B680C461B780646222B056824D0B1
:10687000282B22D06B692BBBCA685AB348688307A0
:1068800057D189688B0754D113074FD12B7E042B26
:106890001AD195F8293033B1286809F0B3FB0028E4
:1068A0004AD00123AB76052385F8283021463046AF
:1068B0002C62BDE87040FFF79BBD2B6C002B35D1DF
:1068C0006B69ABB1686970BD09F08AFF70B3E368AA
:1068D000002BDED100222B7E6869012BEA76F2D1F3
:1068E0000523224601466C6A3046A047002070BD51
:1068F00095F82830032B0ED0042B03D10622134623
:1069000085F82820E2685AB985F84C202A7E686903
:10691000012AE6D070BD0522134685F82820F1E74C
:1069200030462C62BDE87040FFF77EBC4FF0FF3070
:1069300070BD6FF0070070BD6FF0010070BD00BF4B
:1069400010B50468FBF7B6FA18B9C4F8F400606132
:1069500010BD4FF0FF30606110BD00BF38B5056855
:10696000FBF7A8FA10F0FF0403D04FF0FF346C617E
:1069700038BDFBF7C3FA6C61C5F8F40038BD00BF41
:1069800038B505680446D5F8F40008B9002038BDCC
:10699000FBF716FB224604200549FBF7DBF900282C
:1069A000F4D1FBF71FFA0028F0D1686938BD00BFA9
:1069B000416901002DE9F0410468064694F89830D9
:1069C0005A1E012A08D9073B012B05D9D4E91E23F9
:1069D0009268A2EB030801E0D4F8908004F1BB05B3
:1069E00010220021284612F017FDE36F616A42462B
:1069F000194404F1DC07284612F0D0FC10220021D3
:106A0000384612F009FD002101222046C4F880100A
:106A10006562A762C4F87C80FBF7B6FC3246074982
:106A2000207EFBF797F928B9FBF7DCF910B960690C
:106A3000BDE8F0814FF0FF30FAE700BFCD6C0100F8
:106A400000234FF4C07230B589B0CDE90232CDE9F0
:106A50000433CDE9063390F89830044603F0FB0286
:106A6000022A25D0042B14BF4FF480754FF4007513
:106A7000E06802A9FAF73AFD30B1883013D06FF020
:106A80000505284609B030BD0F4B2022CDE9003561
:106A900004F19B0104F1F003201DFAF735FC0546D3
:106AA00048B18835EBD16FF00405284609B030BDF8
:106AB0004FF40075DCE702A809F04EFB000AC4F8A9
:106AC000F800284609B030BD000150052DE9F0411D
:106AD000046805460E4694F8983039B9012B48D021
:106AE000072B33D0052B5ED012324BD0073B012B46
:106AF00031D909F0F3FA2F6897F89830033B032B4C
:106B000009D93B79282B03D1D7F8F830012B44D091
:106B1000D7F8F40038B96661FBF70EF9237E012B34
:106B20001DD0BDE8F081FBF74BFA2A460420284926
:106B3000FBF710F90028EED1FBF754F90028EAD151
:106B40007B69002BE7D04FF0FF36E4E7E36F9BBB98
:106B5000D4F8803083BB002384F8FC30C9E7284692
:106B6000656F6169AC4694F89830A26FBDE8F0415A
:106B70006047A36F93F821105869FBF7CDF994F89B
:106B80009830B3E7082BB4D84FF4A272DA4012F071
:106B9000010F18BF6FF00306A8E7F868FAF74AFC80
:106BA00090B92F68B4E794F8991004F14400FBF70A
:106BB000B3F994F8983099E7A36F197C9868FBF7BC
:106BC000ABF994F8983091E72846FFF7D9FEBAE779
:106BD0004169010070B506460468FBF76BF945B2E0
:106BE00055B115F1120F42D04FF0FF312A46304611
:106BF000BDE87040FFF76ABFD4F89430D4F8802025
:106C00009B1AC4F89430D4F89020E36FD21A94F809
:106C10009830C4F890205A1E012A1FD9DA1F012A81
:106C200042D9053B012B20D8A36F9A68110701D0E8
:106C3000102A32D80F2A18D8A16A586812F0AEFB71
:106C400013E0D4F89430D4F880209B1AC4F8943020
:106C5000D4F89030E26F9B1AC4F89030D4F890309A
:106C6000A06FD3B9C2690F2A2BD90021BEE794F8CF
:106C70009830022BE5D0062B01D0082BB4D1D4F8E4
:106C80009420D4F88010521AC4F89420D4F890209C
:106C9000E16F521AC4F89020C0E73046FFF78AFE31
:106CA00001460028A2D170BDD4F89030A06F002B0F
:106CB000F3D1C2680F2AD8D8A16A406812F06EFBDF
:106CC000D3E7A16AC06812F069FBCEE770B506464B
:106CD0000568FBF7EFF844B254B114F1120F33D04A
:106CE00022463046BDE870404FF0FF31FFF7EEBE60
:106CF000D5F89030EA6F9B1AC5F8903095F8983027
:106D0000591E012919D9053BA96F012B94BF8B6826
:106D1000CB6848689B1A184405F1DC0112F03EFB71
:106D200022463046BDE870400021FFF7CFBED5F8BF
:106D30009030EA6F9B1AC5F89030AB6FD868D5F8E1
:106D40008C309B1A1844E7E795F89830022BEED068
:106D5000062B01D0082BC3D1D5F89010EA6F891A01
:106D6000C5F89010CFE700BF2DE9F0410468054653
:106D700094F89830A66F5A1E012A64D9DA1E012AA7
:106D80002CD9053B012BD4F8943040F29680002B8F
:106D900070D11A46C4F88030F3682262002B73D099
:106DA0000F2B40F2DD80D6E90012C4E909121A0760
:106DB00018BF23F00F03D4F8F420E367002A4CD067
:106DC000D4F89420D4F88810914200F0B6800122C3
:106DD000D4F89010C91A18BF01211BE00021D6E990
:106DE000002313F00F00C4E90911E16722624ED1BC
:106DF000D4F89420C4F88030934200F0C880D4F8CE
:106E0000F43053B3D4F89430D4F888200121D21A46
:106E100018BF01222046FBF7B7FA206809F052F9A3
:106E2000002800F0CE802A466849207EFAF792FFBB
:106E3000002840F08A80FAF7D5FF002840F08580CE
:106E40006069BDE8F081F3690F2B5CD9190707D1A0
:106E5000D6E90212C4E90912E36700221146D9E714
:106E600023F00F03D6E90221E3676262A1620022E8
:106E70000121CFE794F8843004F1CB02C4F88030CC
:106E8000F3682262002B8BD1C4E9093393E704F144
:106E9000CB0784F884001022384623F00F03C4F88F
:106EA000803012F0B9FA3168D4F88030384694F85E
:106EB0008420194412F072FAA1E7002B3BD094F819
:106EC000843004F1CB02C4F88030B3682262002B16
:106ED000DAD00F2B3FF667AF04F1BB071022002179
:106EE000384612F099FA04F1DC08B2683168384685
:106EF00012F054FA10220021404612F08DFAB368C5
:106F0000C4E9097857E704F1BB071022002138468D
:106F100012F082FA04F1DC08F269B168384612F026
:106F20003DFA10220021404612F076FAF369C4E9D6
:106F30000978E36791E71A46C5E7D4F89010D4F8CA
:106F40008C20521A18BF012242E709F0C7F82C68BA
:106F5000D4F8F40030BBFAF7EFFE4FF0FF3070E7E3
:106F600004F1BB0710220021384612F055FA04F153
:106F7000DC08F2683168384612F010FA102200215D
:106F8000404612F049FAF368C4E9097813E7102281
:106F9000103B04F1CB070146C4F88030384684F832
:106FA00084207EE7FBF70CF82A4604200849FAF70C
:106FB000D1FE0028CFD1FAF715FF0028CBD16369A5
:106FC000C9E7FAF7B9FE6FF001003AE7D56B0100A7
:106FD00041690100FAF77EBB70B505460C460668AC
:106FE000FAF784FC98B90D4BC6F8EC00002C08BFEA
:106FF0001C466368002273672378022B337614BF24
:107000000346A3682846336086F8FC2070BD4FF025
:10701000FF330020C6F8EC3070BD00BFB016020090
:10702000704700BF10B594468E461C4682B00121C1
:10703000724663460094F7F74FF802B010BD00BFE8
:1070400010B594468E461C4682B0022172466346B5
:107050000094F7F741F802B010BD00BF036858690B
:1070600018B9D96283F89A2070475869704700BFF1
:10707000F8B50468D4F88830A167002B3BD0D4F869
:10708000EC30002B37D16769EFB994F8983005469A
:10709000022B0E4615D0042B18BF032384F898301A
:1070A0007268102A03D8D4F894309A420ED0294638
:1070B0002068FAF719FE08B32846BDE8F840FFF744
:1070C00053BE0423EAE767693846F8BD316804F126
:1070D000CB0012F063F900227368626184F8843097
:1070E000237E012BF0D128466169656F94F89830B2
:1070F000A26FA847E8E74FF0FF37E5E76FF0010719
:10710000E2E700BF03680A46596979BB51688907FD
:1071100031D1916891B310B5044688071DD1D3F8D9
:10712000900081421DD893F8981001F0FB000228CE
:107130001AD0042914BF05200620D3F8EC1081B919
:1071400083F89800214618689A67FAF7CDFD78B160
:107150002046BDE81040FFF707BED3F890008142FB
:10716000DDD04FF0FF3010BD0620E6E758697047CC
:107170006FF0010010BD6FF0070070474FF0FF3057
:10718000704700BF70B50468054662690B46002A67
:1071900041D1D4F8EC20002A42D1D4F89060CA68DA
:1071A000B2423DD1D4F88C20D4F89010914204BF63
:1071B000D3E90012C4E90912986820631A7C84F8A4
:1071C000992016B9D4F8941081B1D4F8EC203ABBC8
:1071D000072229462068A36784F89820FAF784FDDF
:1071E00008B32846BDE87040FFF7BEBD072304F191
:1071F000440184F8983012F0D1F829462068FAF753
:1072000073FD80B1284632463146C4E91F66FFF758
:107210005DFC304670BD60690028FBD1CE68C1E7D7
:107220004FF0FF3070BD6FF0010070BD70B50468A5
:10723000064662690B46002A3DD1D4F8EC20002AAC
:107240003ED1D4F89050CA68AA4239D1D4F88C20E3
:10725000D4F89010914204BFD3E90012C4E9091296
:107260009A6822631A7C84F8992015B9D4F894207E
:1072700082B1D4F8EC201ABB082231462068A367FB
:1072800084F89820FAF730FDE8B13046BDE8704048
:10729000FFF76ABD08233146206884F89830FAF772
:1072A00023FD80B130462A462946C4E91F55FFF721
:1072B0000DFC284670BD60690028FBD1CD68C5E78C
:1072C0004FF0FF3070BD6FF0010070BD10B5046865
:1072D000FAF7F0FDC0B2003818BF01204042A062AA
:1072E00010BD00BF10B50468FAF7E4FD10F0FF0010
:1072F00018BF6FF02700A06210BD00BF70B5054633
:107300000468902204F144060021304612F084F80B
:10731000E28931461F32D208606B02F0FC02FAF7B4
:1073200011FE2A4600210420FAF714FDE8B9FAF705
:1073300059FDD0B9FAF7BEFD10F0FF0515D1A268CE
:10734000A37F50683BB1E28931460732D20808F08A
:1073500009FF284670BD00F8015BE289314607321B
:10736000D20812F01BF8284670BD4FF0FF35F0E749
:1073700038B50568FAF79EFD10F0FF0403D04FF012
:10738000FF34AC6238BDFAF7B9FDAC62E86238BDD3
:1073900038B50568FAF78EFD10F0FF0403D04FF002
:1073A000FF34AC6238BDFAF7A9FDAC62286338BD82
:1073B00038B50568FAF77EFD10F0FF0403D04FF0F2
:1073C000FF34AC6238BDFAF799FDAC62686338BD32
:1073D00038B50568FAF76EFD10F0FF0403D04FF0E2
:1073E000FF34AC6238BDFAF789FDAC62A86338BDE2
:1073F00010B50468FAF75EFDC0B2003818BF01206E
:107400004042A06210BD00BF10B50468FAF752FDFB
:10741000C0B2003818BF01204042A06210BD00BFBA
:10742000F8B504680546E06A48B90026206B0028D4
:107430003CD1606B50BBA06BB8B93046F8BD94F836
:10744000D430002B42D0FAF7BBFD2A46042028494D
:10745000FAF780FC002848D1FAF7C4FC002844D190
:10746000A66A002EE2D1E662DFE72F68FAF7A8FDF0
:107470002A4604201E49FAF76DFC98BBFAF7B2FCC5
:1074800080BBBB6A73BB3046A363F8BD2F68FAF7B5
:1074900097FD2A4604201649FAF75CFCF8B9FAF77A
:1074A000A1FCE0B9BB6AD3B96363C4E72F68FAF7FC
:1074B00087FD2A4604200E49FAF74CFC60B9FAF71A
:1074C00091FC48B9BB6A3BB92363B2E7236898686B
:1074D000F9F7B0FF0646C4E74FF0FF36A9E74FF0D3
:1074E000FF36A8E74FF0FF36A7E74FF0FF369DE7DE
:1074F000097401002DE9F04383B004460668FAF7E9
:10750000D9FC0546FAF7F0F9002862D0737F022B08
:1075100002D0042B40F088804FF0FF3008F0D2FDFD
:10752000002800F08680EDB2002D3ED196F81C8038
:10753000B8F1010F5FD127680021FD893B7B1F3522
:107540006D09082B05F101050CBFAD00ED0007F139
:1075500044092A46484618BF4FF0020811F05CFF64
:107560004946786B05F0FC02FAF7ECFC2246002154
:107570000420FAF7EFFBC0B9FAF734FCA8B9FAF720
:1075800099FCC0B288B9424648467B68F9895D6873
:10759000BB7F009508F070FE73681A78042A0CBF50
:1075A000022222221A70002501E04FF0FF352668E2
:1075B00008F094FD2046FFF733FF002818BF05466A
:1075C0007562FAF7B9FB737F012B22D003B0BDE8D7
:1075D000F083EDB2002DE8D1327F012A0BD1317B4F
:1075E000B37F0829716818BF02224868F1890090AA
:1075F00006F14400CEE72046FFF780FE054600284E
:10760000D5D1B3681A78042A14BF222202221A7034
:10761000C9E7204674692946A446B269337F1268D7
:1076200003B0BDE8F043604708F076FD00287FF422
:107630007AAF292003B0BDE8F043F9F795BD00BF4C
:10764000FAF748B88446024B0FCB8CE80F0070471E
:1076500064210200F8B506460D460468FAF746F9BB
:10766000F8B9144BA062002D08BF1D46F9F75AFD6A
:1076700094F8D570D7B9012384F8D530F9F75EFDB9
:107680002B7830466377022B4FF000036A6808BFFF
:10769000AF686261C4E90873E36223636363A36351
:1076A000F8BD4FF0FF33A3620020F8BDF9F746FDA7
:1076B000FAE700BF6421020010B50468637F012B64
:1076C00003D0002384F8D53010BDFAF7C3FB0023A4
:1076D00084F8D53010BD00BF4FF0020CF8B5D1E9E9
:1076E0000372002304688D68A260C4E900570A7819
:1076F00084F81CC022730A7DC4E90C33A161A2770F
:107700006362E362A3630646F6F74AFF70B9204658
:10771000FAF738FD32460F49607FFAF71BFB78B95C
:10772000FAF760FB60B9656A2846F8BD054608F0BF
:10773000D5FC3046FFF774FEFAF7FEFA2846F8BD8E
:1077400008F0CCFC3046FFF76BFE4FF0FF35FAF740
:10775000F3FAE9E7F574010010B50468FAF7AAFB3B
:10776000C0B2003818BF01204042C4F8A80010BDC4
:1077700038B50568FAF79EFB10F0FF0404D04FF00F
:10778000FF34C5F8A84038BDFAF7B8FBC5F8A840E3
:10779000686038BD38B50568FAF78CFB10F0FF0457
:1077A00004D04FF0FF34C5F8A84038BDFAF7A6FB67
:1077B000C5F8A840A86038BD38B50568FAF77AFB67
:1077C00010F0FF0404D04FF0FF34C5F8A84038BDD6
:1077D000FAF794FBC5F8A840E86038BD2DE9F04FF2
:1077E00004680546236894F8BA201978012A01F044
:1077F000DF0014BF4FF400664FF480660228CFB05C
:1078000073D0282940F004814FF00627D3F8049064
:1078100008F064FC2346902253F8040B06A9CDE936
:107820000076F9F771FD0646D4F8B00008F04AFC7E
:107830000746002800F0E480002E52D163680DF165
:10784000180813B1374684F8CC6094F8BA20012A9E
:1078500051D1B4F8B6300733B9EBD30F5FD12368F9
:107860001B78282B00F0A8802E68B6F8B63096F862
:10787000BA101F335B09013302294FEA830251D04A
:107880004FF0000C0129E3466146E146E24650D143
:10789000654BDFF8ACE1059303F17043039303F10B
:1078A00060430493B6F8B8306048B3F5C07F50D059
:1078B00052D8E02B56D0B3F5807F56D1FAF750FB63
:1078C0002A4604205A49FAF745FA002840F09D80DC
:1078D000FAF788FA002840F09880D6F8A860002EC1
:1078E00046D030464FB0BDE8F08F012A4FF0000778
:1078F000D3E90189ADD0022AB1D1B4F8B63007334B
:10790000DB085B0001334B4509D123681B78282B2A
:1079100070D0002FA8D198F80030042BA4D06FF0BD
:107920000906DEE74FF0000CE3466146E146E24619
:10793000DA00404BDFF80CE1059303F17043039349
:1079400003F160430493B6F8B8303B48B3F5C07F09
:10795000AED159460598B1E7B3F5007F05D1704621
:107960006146ABE749460398A8E751460498A5E766
:1079700001222E68B6F8B63084F8CC201F335B099C
:10798000134496F8BA20012A0CBF9C00DC00CFB14A
:10799000214640467268FAF7F7FA2A46042027493A
:1079A000FAF7D8F988BBFAF71DFA70BBD6F8A860C9
:1079B00030464FB0BDE8F08F6368002B3FF454AF02
:1079C00000268EE7394622462AA811F025FD96F8B2
:1079D000BA30012B1FD096F8B520B6F8B61008F1D2
:1079E00001002AAB08F058FD214672682AA8FAF770
:1079F000CBFAD2E76368002BE2D1002F8BD033E7BC
:107A0000FAF79AF96FF001066BE74FF0FF3668E777
:107A10006FF0200665E7404696F8B520B6F8B61038
:107A20002AAB08F0BDFDDFE70148303001483028BF
:107A30007177010001403030014030285977010052
:107A400001483038014030382DE9F047046882B0F1
:107A5000D4F8A830013300F013810022054694F8D1
:107A6000B40084F8B520431E062B00F21181DFE834
:107A700003F07F51046051046F004FF4C071B4F8FB
:107A8000B830A4F8B610002B08BF0B460328A4F8A2
:107A9000B8304CD00123022084F8B53004F1100333
:107AA00004F1C40217F008FB002800F0E680294624
:107AB000D4F8B000FAF718F9002800F0D280D4F812
:107AC000B00008F0FFFA002800F0CB802846FFF74E
:107AD00085FE0446B0B92C6800216F482269FAF788
:107AE0003FFA2A4604206D49FAF734F9002840F09D
:107AF000C180FAF777F9002840F0BC80D4F8A8409C
:107B0000002C40D0F9F7F0FE08F0E8FA204602B069
:107B1000BDE8F0874FF48071B4F8B830A4F8B6101F
:107B2000002B08BF0B460228A4F8B830B2D10120C0
:107B3000B4E7B4F8B83040F20922002B08BF4FF484
:107B4000007301201146A4F8B620A4F8B830A5E7C8
:107B50004FF40071B4F8B8300122002B08BF0B4677
:107B60000220A4F8B610A4F8B83084F8B52095E740
:107B7000E021B4F8B830A4F8B610002B08BF0B46CB
:107B8000A4F8B8308AE72C682169D4F8C400A26848
:107B9000FAF7FAF92A4604204149FAF7DBF80028F7
:107BA00068D1FAF71FF9002864D1D4F8A840002C56
:107BB000A8D1F9F799FE20B9F9F796FE0028A5D0CB
:107BC000A2E72E6840F20140B6F8B62000211F322D
:107BD00052090132D200FAF7C3F92A46042031498A
:107BE000FAF7B8F800283FD1FAF7FCF8E0BBD6F86E
:107BF000A870DFBB96F8BA30022BDDD1D5F8008033
:107C00009022B8F8B66008F1140A1F36D8F8BC9074
:107C1000760939465046013611F0FEFBD9E90401D8
:107C2000B8F8B6303A46F600CDF800A008F094FB5C
:107C300031465046D8F80C20FAF7A6F92A46042017
:107C40001749FAF787F8F0B9FAF7CCF8D8B9D8F8A5
:107C5000A850F9F749FE10B9002D3FF457AF2C4654
:107C600052E76FF0010451E74FF0FF37F9F73CFEA0
:107C70003C4649E74FF0FF3444E74FF0FF3445E717
:107C80006FF0210442E7F9F72FFE4FF0FF343BE796
:107C90006FF01F043AE700BF01440F009577010021
:107CA00059770100B977010010B50468FAF702F9B5
:107CB000C0B2003818BF01204042C4F8A80010BD6F
:107CC000F8B505680446686830B90026A86860BB46
:107CD000E868B8B93046F8BD95F8CC30002B37D0FD
:107CE000FAF76EF9224604201E49FAF733F8002805
:107CF00034D1FAF777F888BBD5F8A860002EE5D123
:107D00006E60E2E72568FAF75BF922460420154920
:107D1000FAF720F830B9FAF765F818B9D5F8A830AD
:107D2000002BD7D04FF0FF36D4E72768FAF748F991
:107D3000224604200B49FAF70DF830B9FAF752F849
:107D400018B9D7F8A830002BC2D04FF0FF36BFE7E4
:107D50002B689868F9F76EFB0646CFE74FF0FF36C1
:107D6000B4E700BFA97C01002DE9F0430668044692
:107D700096F8BA3083B0012B30D0FAF79BF8276819
:107D8000064608F0ABF92046FFF79AFF054650B1CA
:107D9000C7F8A450F9F7D0FF97F8AC30012B0FD0FB
:107DA00003B0BDE8F083F0B2003818BF01204542AF
:107DB000C7F8A450F9F7C0FF97F8AC30012BEFD10A
:107DC00029462046D7F8BC20D7F8C04097F8BA30EB
:107DD000A446126803B0BDE8F0436047FAF76AF8BA
:107DE0000546F9F781FDF0B915F0FF0530D04FF0E9
:107DF000FF35266808F072F92046FFF761FF00287A
:107E000018BF0546C6F8A450F9F796FF96F8AC30AF
:107E1000012BC5D120462946D6F8BC20D6F8C04053
:107E200096F8BA30D4E796F8AC30022B0BD0042B7E
:107E300009D008F071F9C0B115F0FF0526681AD015
:107E40004FF0FF35D6E74FF0FF3008F03BF9F2E78F
:107E5000D6F8BC20B6F8B610D2E9053206F1140007
:107E600000922A4608F046FAC3E7292003B0BDE88D
:107E7000F043F9F779B9B6F8B67006F114081F3770
:107E80007F090137FF003A4629464046D6F8BC90A4
:107E900011F0C2FA4146F06807F0F802FAF752F81A
:107EA000224629460420F9F755FF90B9F9F79AFFC1
:107EB00078B9F9F7FFFF10F0FF050AD1D9E90532CB
:107EC000B6F8B610404600922A4608F013FA266823
:107ED00090E72668B4E700BFF9F7FCBB002203680F
:107EE00083F8CD20704700BFF8B506460C460768FA
:107EF000F9F7FCFC20BB154BC7F8A800002C08BF05
:107F00001C46F9F70FF997F8CD50ADB9012387F862
:107F1000CD30F9F713F92378304687F8AC30022BCF
:107F20004FF0000308BFA5686268C7F8B050C7F8F3
:107F3000C0207B60BB60F8BDF9F700F90020F8BDF8
:107F40004FF0FF33C7F8A830F8E700BF74210200F4
:107F500070B501260022CB680468054623600B78C3
:107F600084F8BA6084F8B4304B68C4F8BC1009696E
:107F7000DB00C4F8C81023F480716260A260C4F80A
:107F8000A42039B1E02B05D0B3F5C07F02D0B3F502
:107F9000007F27D12846A4F8B830FFF755FD0646E4
:107FA00080B92046FAF786F82A46104994F8AC00C2
:107FB000F9F7D0FE78B9F9F715FF60B9D4F8A460E5
:107FC000304670BD08F08AF82846FFF779FEF9F7C9
:107FD000B3FE304670BD08F081F82846FFF770FE0A
:107FE000F9F7AAFE4FF0FF36EAE700BF697D01000E
:107FF0002DE9F041022700228B6804680D462360BA
:108000000B7884F8BA7084F8B4304B68C4F8BC10AC
:10801000DB00C9686260A260C4F8A42023F4807207
:10802000064682B0C4F8C8103AB1E02B05D0B3F5CB
:10803000C07F02D0B3F5007F40D13046A4F8B830FD
:10804000FFF702FD074638BBF9F74EFC074690B133
:108050002046FAF72FF832461A4994F8AC00F9F79F
:1080600079FE20BBF9F7BEFE08BBD4F8A4703846F1
:1080700002B0BDE8F08104F11408014690224046A8
:1080800011F0CAF9B4F8B630CDF800803A46D5E917
:10809000040108F061F9DBE708F020F83046FFF74B
:1080A0000FFEF9F749FE384602B0BDE8F08108F04E
:1080B00015F83046FFF704FEF9F73EFE4FF0FF37A4
:1080C000D5E700BF697D010010B50468F9F7F2FE3D
:1080D000C0B2003818BF01204042606210BD00BF2E
:1080E00038B50568F9F7E6FE10F0FF0403D04FF04D
:1080F000FF346C6238BDF9F701FF6C62A86238BDCD
:1081000038B50568F9F7D6FE10F0FF0403D04FF03C
:10811000FF346C6238BDF9F7F1FE6C62E86238BD7D
:1081200038B50568F9F7C6FE10F0FF0403D04FF02C
:10813000FF346C6238BDF9F7E1FE6C62686338BDEC
:1081400038B50568F9F7B6FE10F0FF0403D04FF01C
:10815000FF346C6238BDF9F7D1FE6C62286338BD1C
:1081600010B50468F9F7A6FEC0B2003818BF0120A8
:108170004042606210BD00BF10B50468F9F79AFE76
:10818000C0B2003818BF01204042606210BD00BF7D
:1081900010B50468F9F78EFEC0B2003818BF012090
:1081A0004042606210BD00BFF8B504680546A06A91
:1081B00028BB0026E06A90B1A37AD3B12E68F9F704
:1081C000FFFE2A4604203B49F9F7C4FD00286BD185
:1081D000F9F708FE002867D1766A06B9E662606B97
:1081E000002842D1206B00282FD1A06BE0B9304687
:1081F000F8BD63689868F9F71DF90646EDE7637AFC
:10820000002B42D0F9F7DCFE2A4604202949F9F771
:10821000A1FD00284BD1F9F7E5FD002847D1666A9A
:10822000002EC7D1A662C4E72F68F9F7C9FE2A4617
:1082300004202049F9F78EFD98BBF9F7D3FD80BBE8
:108240007B6A73BB3046A363F8BD2F68F9F7B8FEAD
:108250002A4604201749F9F77DFDF8B9F9F7C2FD60
:10826000E0B97B6AD3B92363BFE72F68F9F7A8FEAB
:108270002A4604200F49F9F76DFD60B9F9F7B2FD00
:1082800048B97B6A3BB96363ACE723689868F9F740
:10829000D1F80646C4E74FF0FF36A3E74FF0FF36AC
:1082A000A3E74FF0FF36A2E74FF0FF3697E74FF016
:1082B000FF367FE76181010070B582B00546046832
:1082C000F9F7F8FD40B238B9237DA063012B1FD028
:1082D000022B2FD0002601E04FF0FF362846FFF793
:1082E00063FF002818BF4FF0FF36E660F9F724FD62
:1082F000237F012B01D002B070BD2846A56931460D
:10830000AC462269237D126802B0BDE87040604728
:108310002669FF21B26804F15000526800921A46A3
:1083200007F0AAFFB3681A78042A14BF2222022297
:108330001A70CFE72269FF21D2E9053204F150001B
:108340000092012207F0D6FFC4E700BF70B50E46C9
:1083500005460468E36C626BA3F58073B3F5001FF8
:108360002CBF0E4923F07F01606CA164F9F78EFFEA
:108370002A463146207FF9F7EDFC20B9F9F732FDA6
:1083800008B9E06870BD013004D12846FFF70CFF42
:10839000F9F7D2FC6FF0020070BD00BF80FD1F0036
:1083A00038B5046805462269E16CD2E9033211B19F
:1083B000501A0A4603442046C4E91132F5F7FCF886
:1083C0002A460A49207FF9F7C5FC20B9F9F70AFDCA
:1083D00008B9E06838BD013004D12846FFF7E4FE53
:1083E000F9F7AAFC4FF0FF3038BD00BFA5840100AB
:1083F00070B5056804462E69F9F75CFD40B260B1BE
:108400000D3014BF4FF0FF366FF007062046FFF720
:10841000CBFEF9F791FCEE6070BDF9F76FFDF368E4
:10842000AA6C316913446B64EB6CB1F5835FA3EB09
:108430000203A863EB64204607D30749FFF786FFD2
:108440000646002EE2D1EE6070BDFFF7A9FF06469A
:10845000002EF8D0DAE700BF5D84010070B5044655
:108460000568F9F727FD40B2B8B9D5E912239B1A80
:10847000B3F5805F2046EB640BD30949FFF766FF35
:10848000064626B12046FFF78FFEF9F755FCEE6051
:1084900070BDFFF785FF0646F3E76FF00206F1E7D0
:1084A0005D84010070B5046805462669F9F702FD90
:1084B00040B200283AD1D6E90323402B6264A3647A
:1084C000E3641FD82E683169F26C0B699A4204D0BC
:1084D000C9689B1A0B44C6E911323046F5F7A0F87B
:1084E0002A461449307FF9F735FCC0B9F9F77AFC10
:1084F000A8B9F66826B12846FFF756FEF9F71CFC26
:10850000E66070BD403B4032B3F5805F6264E36477
:10851000D8D328460849FFF719FF0646EAE7013095
:1085200004D12846FFF740FEF9F706FC4FF0FF366E
:10853000E1E700BFB98201004186010038B5046857
:1085400005462269E16CD2E9023211B1501A0A469D
:1085500003442046C4E91132F9F7E8FE2A460A49E5
:10856000207FF9F7F7FB20B9F9F73CFC08B9E06880
:1085700038BD013004D12846FFF716FEF9F7DCFBC1
:108580004FF0FF3038BD00BFB982010070B50568FB
:1085900004462E69F9F78EFC40B260B10D3014BF6D
:1085A0004FF0FF366FF007062046FFF7FDFDF9F7A5
:1085B000C3FBEE6070BDF9F7A1FCB368AA6CF1686B
:1085C00013446B64EB6CB1F5825FA3EB0203A86309
:1085D000EB64204607D30749FFF7B8FE0646002E96
:1085E000E2D1EE6070BDFFF7A9FF0646002EF8D07D
:1085F000DAE700BFF985010070B504460568F9F7B0
:1086000059FC40B2B8B9D5E912239B1AB3F5805F83
:108610002046EB640BD30949FFF798FE064626B1C6
:108620002046FFF7C1FDF9F787FBEE6070BDFFF74D
:1086300085FF0646F3E76FF00206F1E7F9850100D2
:1086400070B504460568F9F735FC40B260BBD5E962
:1086500012239B1AB3F5805FEB641FD22668316941
:10866000F26C0B699A4204D0C9689B1A0B44C6E9A4
:1086700011323046F4F7D4FF22461249307FF9F721
:1086800069FBA0B9F9F7AEFB88B9F66826B12046B8
:10869000FFF78AFDF9F750FBEE6070BD20460A49EE
:1086A000FFF754FE0646F1E76FF00206EFE70130F0
:1086B00004D12046FFF778FDF9F73EFB4FF0FF3677
:1086C000E5E700BFB98201004186010008B5F9F76E
:1086D00001F80122014B1A7008BD00BF6D6D00202A
:1086E000002203681A72704770B506460C4605688A
:1086F000F9F7FCF828BB154B6862002C08BF1C4634
:10870000F8F710FD124B1A780346AAB12A7A9AB9E3
:1087100001232B72F8F712FD237830462B77012BBB
:1087200008BF6368A26808BFAB6100232A62AB621E
:10873000EB622B636B6370BD1846F8F7FFFC0020FB
:1087400070BD4FF0FF336B62F9E700BF8421020078
:108750006D6D0020F8B5D1E9017500230122046890
:108760000646C4E90075C4E90A33C4E90C3322752E
:108770002161F6F7EDFA054608B12846F8BD204616
:10878000F9F72EFD32460949207FF9F7E3FA38B1AF
:108790000130F2D13046FFF707FDF9F7CDFAECE7EB
:1087A000F9F720FB0028F3D1E568E6E7B98201007C
:1087B0004FF0020C0022036870B5D1E9016583F81F
:1087C00014C019610969C3E90065C3E90A22C3E954
:1087D0000C2239B30446F6F7BBFA00B170BD256828
:1087E0002A692846D2E90313602B1A4628BF602263
:1087F0006964AA64EB64F9F71DFD22460B49287FE2
:10880000F9F7A8FA20B9F9F7EDFA08B9E86870BDE8
:10881000013004D12046FFF7C7FCF9F78DFA4FF07D
:10882000FF3070BD6FF0210070BD00BFF18301000B
:10883000F0B50326002403684A681E755A60CA68AA
:1088400083B01C6019619C62DC621C635C63002A5B
:1088500036D00546F6F77CFA08B103B0F0BD2C68B7
:108860000146266904F15007B36848226364F3683F
:108870003846402BE36428BF4023A36410F0CCFDAE
:10888000D6E904010122FF23009707F065FD204689
:10889000F9F71CFD2A460C49207FF9F75BFA28B945
:1088A000F9F7A0FA10B9E06803B0F0BD013004D1C7
:1088B0002846FFF779FCF9F73FFA4FF0FF30CCE795
:1088C0006FF02100C9E700BF8D85010070B5044637
:1088D0000568F9F7EFFA10F0FF0008D04FF0FF310C
:1088E00095F8E030C5F8D810012B03D070BDC5F85D
:1088F000D80070BD2046D5F8DC30BDE87040184780
:1089000010B50468F9F7D6FA003818BF01204042C4
:10891000C4F8D80010BD00BF38B50468054694F807
:10892000E130032B09D8DFE803F0025D564F022245
:10893000202384F8F620C4F8F030B4F8F430D4F8EA
:10894000D02004F14C00C4E93901C4F8EC3022B164
:10895000002B55D00120134400E0104684F8F700A6
:108960002946D4F8CC00C4F8D430F9F7BDF9002872
:108970004BD02046F9F740FB94F8E13003B3022BCB
:1089800004BF3023C4F8F030D4F8CC0007F09AFBD1
:10899000C8B3F8F7C7FB03462A461D4994F8E00020
:1089A0001D46F9F7D7F920BB0123284684F8F93092
:1089B000F8F7C4FBF9F716FAF0B9D4F8D80038BDC7
:1089C0001C23C4F8F030DFE70522402384F8F620AA
:1089D000C4F8F030B1E70422402384F8F620C4F84C
:1089E000F030AAE70322202384F8F620C4F8F03000
:1089F000A3E72846F8F7A2FB07F070FBF9F79CF90C
:108A00004FF0FF3038BDF9F797F96FF0010038BD2E
:108A1000498C010070B506460568F9F74BFA10F06D
:108A2000FF0415D04FF0FF3407F058FB0023C5F8C2
:108A3000D84085F8F930F9F77FF995F8E030012B47
:108A400000D070BD3046D5E93613BDE870401847F8
:108A5000D5F8F010D5F8E800F9F756FAE4E700BFCA
:108A600038B50568F9F726FA20B14FF0FF34C5F89C
:108A7000D84038BD0446F9F741FAC5F8D840A86097
:108A800038BD00BF38B50568F9F714FA20B14FF0CA
:108A9000FF34C5F8D84038BD0446F9F72FFAC5F8B9
:108AA000D840686038BD00BF2DE9F0410568A2B02C
:108AB00095F8E130032B21D8064628680278222A4F
:108AC00018D0282A1AD14FF4806403F16073083358
:108AD00000930194802202A905F10803F8F714FC21
:108AE000044618B9AA687AB185F8FA00204622B07F
:108AF000BDE8F081AA684768002A4BD04FF0FF34E8
:108B0000204622B0BDE8F0813468206894F8E13056
:108B10000178222945D0282908BF4268032B02AFDB
:108B20003AD900212448F9F71BFA32460420234998
:108B3000F9F710F90028E1D1F9F754F90028DDD14F
:108B4000D4F8D840002CD1D1D5F8CC0007F0BAFA2F
:108B500070B30123D6F80080D8F8002085F8FA30E9
:108B60001378222B1FD0282B14BF2146516838467A
:108B7000D8F80820F9F708FA324604201049F9F726
:108B8000E9F890B9F9F72EF978B9D8F8D84007F094
:108B9000A5FAABE72C4682680A489B0500211844D9
:108BA000C1E78268BAE79168E1E74FF0FF34EEE78A
:108BB0006FF001049AE700BF01281100618A0100EB
:108BC000018901000128110170B505680446A868F3
:108BD00018B900206B68A3B970BD95F8FA301BB3C3
:108BE000F9F7EEF9224604201649F9F7B3F830BB3D
:108BF000F9F7F8F818BBD5F8D8000028EAD1A86032
:108C0000E7E718462668F9F7DBF9224604200D4904
:108C1000F9F7A0F880B9F9F7E5F868B9D6F8D800FF
:108C20000028D9D1686070BD2B689868F8F702FCFD
:108C30000028CFD1A860CCE74FF0FF3070BD4FF0D7
:108C4000FF30C7E7CD88010070B505460468F9F725
:108C500031F910F0FF0329D04FF0FF33C4F8D830BA
:108C600007F03CFA0023164816492268C4F8D030B1
:108C7000A4F8F43003600B601AB12846FFF7A4FF94
:108C800048B9F9F759F8002294F8E03084F8F9204F
:108C9000012B05D070BD4FF0FF33C4F8D830F0E79A
:108CA0002846D4E93613BDE870401847D4F8F010D0
:108CB000D4F8E800C4F8D830F9F726F9D0E700BFB7
:108CC000446200204062002070B505460668F9F74E
:108CD000F1F810F0FF0419D04FF0FF3407F0FEF95F
:108CE0002846FFF771FF002818BF4FF0FF34C6F881
:108CF000D840F9F721F896F8E030012B00D070BD8C
:108D00002846D6E93613BDE870401847D6F8F0106B
:108D1000D6F8E800F9F7F8F8E0E700BF2DE9F047EA
:108D20000468834E94F8E1300546F75CF9F7C2F821
:108D300010F0FF006BD194F8E110C4F8D8000129BD
:108D40003BD9023901298CBF00210121890104F19D
:108D50000C00F9F7D9F8774BDFF8E4811A68D4F8FA
:108D6000D0301344C4F8D030D8F80030BB4213D808
:108D700007F0B4F9D8F80020002A40F08A800026D5
:108D8000C4F8D860F8F7D8FF94F8E03084F8F960B8
:108D9000012B77D0BDE8F0872F6897F8E110705C61
:108DA000B3FBF0F200FB02F2934208BF121A032950
:108DB0000BD8DFE801F0045260592021C7E70223F5
:108DC00087F8F6302023C7F8F0300323DFF86C91E2
:108DD000C7F8EC20D9F800203846C7F8E42087F817
:108DE000F730F9F709F92A46534997F8E000F8F700
:108DF000B1FF0646002877D1F8F7F4FF002840F0CD
:108E00008F80D7F8D830C4F8D830BDE8F0874FF05D
:108E1000FF33C4F8D83007F061F92F6897F8F930BC
:108E2000002B41D1DFF81491DFF814810026A7F858
:108E3000F460C7F8D060C9F80060C8F80060F8F7BF
:108E40007BFF94F8E03084F8F960012BA2D1D4E9DB
:108E500036132846BDE8F0471847032387F8F63055
:108E60002023C7F8F030B0E7052387F8F630402319
:108E7000C7F8F030A9E7042387F8F6304023C7F895
:108E8000F030A2E731462846D4F8DC30BDE8F047A0
:108E900018472A4B04F14C00196810F07FFAD8F8F3
:108EA0000030A4F8F4306AE70023DFF89090DFF890
:108EB000908097F8F920A7F8F430C7F8D030C9F8B7
:108EC0000030C8F80030002AB0D087F8F930F8F741
:108ED000C1FF97F8E030012BA8D16FF002012846BE
:108EE000D7F8DC309847A1E70026A7F8F460C7F868
:108EF000D060C9F80060C8F8006007F0EFF8F8F734
:108F00001BFF97F8E03087F8F960012B05D14FF08F
:108F1000FF312846D7F8DC3098474FF0FF3372E72F
:108F200007F0DCF887F8F960F8F706FFF5E700BF0F
:108F3000201502003C620020458F010044620020A1
:108F4000406200202DE9F0410468454A94F8E13080
:108F5000444F82B006463D6812F80380F8F7AAFF36
:108F6000C0B2F0B107F0BAF84FF0FF32356895F8AB
:108F7000F930C4F8D820002B54D13B4A00231360A9
:108F8000A5F8F430C5F8D0303B60F8F7D5FE0022E4
:108F900094F8E03084F8F920012B3CD002B0BDE811
:108FA000F0813B68B5FBF8F5B3FBF8F208FB123330
:108FB00008FB05F50BB9A5EB080594F8E1100129AC
:108FC00022D8202104F10C00F8F79EFFD4F8D0300D
:108FD0003A682B44AA42C4F8D0300ED0224B521B20
:108FE000196804F14C00294410F0D8F9B4F8F420C1
:108FF0003B6813445B1BA4F8F43000253D6007F088
:109000006DF8C4F8D850C0E7023901298CBF00219F
:1090100001218901D6E73046D4E9361302B0BDE814
:10902000F04118470023104A95F8F910A5F8F430DC
:10903000C5F8D03013603B6000299FD085F8F93027
:109040000192F8F707FF95F8E030019A012B95D1CE
:109050006FF002013046D5F8DC309847019A8DE771
:1090600020150200406200204462002008B5F8F795
:1090700031FB0122014B1A7008BD00BF6E6D00204C
:1090800070B5046806460D46F8F74CF894F8F820D9
:10909000034642BB1649097829B3012384F8F92015
:1090A00084F8F830F8F74AF8124B002D08BF1D4637
:1090B000F8F71CFCD0B9A4F8F400C4F8D0006B7821
:1090C000022B84F8E03018BF03466A68C4F8DC203D
:1090D0002A786060A06084F8E12008BFAB68304661
:1090E000C4F8CC3070BD1846F8F728F8002070BDE1
:1090F0006E6D00209421020038B50568044695F88D
:10910000F9307BB92146D5F8CC00F8F7EDFD00B970
:1091100038BD2046FFF758FDF8F70EFE002385F80E
:10912000F83038BD00230D480D4995F8F920A5F811
:10913000F430C5F8D03003600B60002AE2D085F827
:10914000F930F8F787FE95F8E030012BDAD16FF0AF
:1091500002012046D5F8DC309847D3E7446200206E
:10916000406200202DE9F04F0468DFF838C294F81F
:10917000E13006460F4683B00146D4F8CC001546D0
:109180001CF80380F8F7B0FD002800F0FA8085B3E2
:10919000B4F8F400C24605EB0009C84500F0B880F9
:1091A00019D2B9FBF8FB08FB0BFBBBF5001F80F0E5
:1091B000EB8090BBD94508BFABEB080BB5EB0B05BB
:1091C00040F08B80DA4694F8E130032B40D8DFE89A
:1091D00003F0397D6F764C302A463946204410F032
:1091E000DDF80022B4F8F4301D446A4BA4F8F450C2
:1091F0001A600025C4F8D85006F070FFF8F79CFDFF
:1092000094F8E030012B04D129463046D4F8DC3004
:109210009847002003B0BDE8F08FA8EB00054C3064
:109220002A463946204410F0B9F800223D44A4F8FB
:10923000F420584F584AA9EB08033B60156004F12D
:109240004C07C0E70223202284F8F630C4F8F0204F
:10925000D4F8D0302046002B0CBF02230323C4F8DF
:10926000E47084F8F730C4F8ECA0F8F7C5FE4B4B77
:10927000D4F8CC00C3F800A006F024FF00287ED06C
:10928000F7F750FF32460746454994F8E000F8F7F3
:1092900061FD054658BB0123384684F8F930F7F7DD
:1092A0004DFFF8F79FFD002841D1D4F8D800B1E771
:1092B0000423402284F8F630C4F8F020C8E70523E0
:1092C000402284F8F630C4F8F020C1E703232022BE
:1092D00084F8F630C4F8F020BAE72A4607EB0B0111
:1092E00004F14C0010F05AF8A4F8F4506AE738463C
:1092F000F7F724FF356895F8F9300BBB254F264A60
:1093000000231360A5F8F430C5F8D0303B6070E757
:109310004C3039462A46204410F040F80021B4F879
:10932000F4301C4A2B44A4F8F430116061E784F84F
:10933000F95006F0D3FEF8F7FFFC4FF0FF3069E775
:109340000023154A134F95F8F910A5F8F430C5F825
:10935000D03013603B600029D2D085F8F9300192FB
:10936000F8F778FD95F8E030019A012BC8D16FF03D
:1093700002013046D5F8DC309847019AC0E7F8F78B
:10938000DBFC6FF0010045E7F8F7D6FC6FF0050055
:1093900040E700BF40620020446200203C620020A1
:1093A0001D8D010020150200FFF7B6BAB2F5001FAF
:1093B0002DE9F04104686BD2054688460146D4F891
:1093C000CC0016461F46F8F78FFC002865D094F8AD
:1093D000E120032A09D8DFE802F0434A023C0423D3
:1093E00084F8F6303023C4F8F03000232C4A2D499D
:1093F0002046C4E93A76C4F8E480C4F8D460A4F8FE
:10940000F430C4F8D03084F8F7302360C4F8D83092
:109410000B601360F8F7F0FDD4F8CC0006F052FEB4
:10942000C8B3F7F77FFE03462A461F4994F8E000C9
:109430001D46F8F78FFC08BB0123284684F8F93055
:10944000F7F77CFEF8F7CEFCD8B9D4F8D800BDE821
:10945000F081052384F8F6304023C4F8F030C4E7E7
:10946000022384F8F6301C23C4F8F030BDE7032350
:1094700084F8F6302023C4F8F030B6E72846F7F732
:109480005DFE06F02BFEF8F757FC4FF0FF30DEE7ED
:109490006FF00500DBE7F8F74FFC6FF00100D6E74F
:1094A0004462002040620020158A0100F8B504687B
:1094B00094F8F9304BB9134F134E0023A4F8F4304D
:1094C000C4F8D0303B603360F8BD00230D4F0E4E22
:1094D00094F8F920A4F8F430C4F8D0303B6033603D
:1094E000002AEAD084F8F9300546F8F7B3FC94F87E
:1094F000E030012BE1D128466FF00201D4F8DC30D6
:109500009847DAE74462002040620020036893F83D
:10951000F9202AB9D3F8D00010B983F8E1107047C8
:109520004FF0FF30704700BFF8B50468054694F867
:10953000E130032B09D8DFE803F002504942022250
:10954000202384F8F620C4F8F030002302222160A2
:10955000636084F8F720A360C4F8D8300B78222B1E
:1095600001D0282B4ED12946D4F8CC00F8F7BCFB0B
:1095700000284DD02846FFF797FA0646C0B92F6855
:1095800097F8E130032B2FD8002123489B0518447E
:10959000D7F8F020F8F7E4FC2A4604201F49F8F732
:1095A000D9FB90BBF8F71EFC78BBD7F8D860F6B1B2
:1095B0002846FFF709FBF8F7BFFB3046F8BD052248
:1095C000402384F8F620C4F8F030BEE7042240239C
:1095D00084F8F620C4F8F030B7E70322202384F89B
:1095E000F620C4F8F030B0E701460D48D0E7F8F7B0
:1095F000A3FB94F8E030012BDFD1D4E936132846E1
:109600009847DAE74FF0FF36D7E74FF0FF36CFE75E
:109610006FF00106D1E700BF02281101858A010021
:1096200002281100FFF778B938B50468054694F8A8
:10963000E100032809D8DFE800F05C55024E042061
:1096400084F8F6003020C4F8F000C4F8E420049A4E
:10965000C4F8D430C4E93A2300232F4A2160A4F887
:10966000F430C4F8D03084F8F7306360A360C4F8F5
:10967000D83013600A782948222A036001D0282AAA
:1096800042D12946D4F8CC00F8F72EFB002840D070
:109690002846FFF709FA0446B0B92C682046F8F7C7
:1096A000ABFCD4F8CC0006F00DFD80B32A461C4973
:1096B00094F8E000F8F74EFB10BBF8F793FBF8B90D
:1096C000D4F8D840204638BD2846FFF77DFAF8F791
:1096D00033FB204638BD052084F8F6004020C4F84E
:1096E000F000B2E7032084F8F6002020C4F8F00070
:1096F000ABE7022084F8F6001C20C4F8F000A4E7D1
:1097000006F0ECFCF8F718FB4FF0FF34DAE7F8F757
:1097100013FB6FF00104D5E7406200204462002093
:10972000C98C01002DE9F0478646002B37D0002A6E
:1097300074D05D485D4B013A05681E6800204FF605
:10974000FF730EEB020423E0B14273D0AE4569D043
:10975000B64566D011F802C02778A7EB0C071FFAB0
:1097600087F85FFA87FC4CEA182C4CEA1C1C4CEA80
:109770009C0C4CEA5C0C1F400CF0010C07430CF1F4
:10978000FF3C38B203EA0C03013C002A47D0013AFF
:10979000A942D9D12778B8463FB2C446E3E7002AA8
:1097A0003CD01846404B76461F68404B4FF6FF753D
:1097B0000446D3F800C002F1FF3826E0614543D0EB
:1097C000BE454AD0E64551D00B5D96F80090A9EB16
:1097D00003091FFA89FA5FFA89F343EA1A2343EA75
:1097E000131343EA930343EA530309EA050903F019
:1097F0000103013440EA0909013BA2420FFA89F052
:1098000005EA030506F1010609D0B942D6D196F85A
:109810000090CA460FFA89F95346DEE71046BDE8C4
:10982000F087BAB31EF802707F421FFA87F85FFA1A
:1098300087FC98E7002AADD19EF80070013F1FFA1F
:1098400087F85FFA87FC8EE7444596F800901AD0B7
:10985000CA460FFA89F95346BFE71EF80490C9F1CA
:1098600000091FFA89FA5FFA89F3B6E71EF8049037
:1098700044450CBFC9F10109C9F100091FFA89FA71
:109880005FFA89F3A9E709F1FF391FFA89FA5FFA4C
:1098900089F3A2E79EF80070C7F101071FFA87F865
:1098A0005FFA87FC5FE700BF042D0020002D002039
:1098B000002384B0019000918DF80F3072B10198AF
:1098C0000099C05C11F803C09DF80F1080EA0C00ED
:1098D000013301439A428DF80F10F0D19DF80F002B
:1098E000B0FA80F0400904B0704700BF00B583B003
:1098F000019071B16BB1481EA1EB030E01E0E6458A
:1099000007D0019B8446591C013801911A70431CF1
:10991000F5D103B05DF804FB2DE9F0435FEA92094D
:1099200002F0030819D00244A1F1040CA2EB89074C
:10993000002312F8016C12F8025C12F8034C66F373
:10994000070312F804ED65F30F2364F317436EF376
:109950001F63BA424CF8043FEAD1B8F1010F4FF04F
:1099600000031CD0B8F1020F0FD0B8F1030F14D1CF
:109970008278447862F30703027864F30F2362F37A
:10998000174341F82930BDE8F0834478027864F346
:10999000070362F30F2341F82930BDE8F083027812
:1099A00062F3070341F82930BDE8F08310B541EABE
:1099B000020E1EF0030F0AD042B103461144821872
:1099C00013F8010B934201F8010DF9D110BDBDE868
:1099D0001040FFF7A1BF00BF2DE9F041069C073101
:1099E000064690461D46CF08002C38D020F00103D3
:1099F00002331DD0B44234D0214643463A46304665
:109A0000FFF790FE0446C4F3C03475B126F001039D
:109A1000023317D0AE4208D043463A462946304674
:109A2000FFF780FE0028B8BF00242046BDE8F08183
:109A300024F001030233DDD10E4B1B689C4214D08D
:109A40008DB1002425F001030233E3D1094B1B68DB
:109A50009D42EAD1701B18BF4FF0FF30E2E70124AE
:109A6000D3E70024D1E72C46DFE7041B18BF4FF0F3
:109A7000FF34C8E7002D002008B54FF49C520021A8
:109A800002480FF0C9FC002008BD00BF20360020AE
:109A90000023F0B583B001930B68002B4ED1144620
:109AA000002A4ED00646136001A80D4600F0AAF821
:109AB000D8B9254B1A686AB3D3F8702262B3D3F8C9
:109AC000E02462B3D3F8502762B3D3F8C02972B14F
:109AD000D3F8302C4AB3D3F8A02E4AB303F5805202
:109AE000D2F810213AB36FF0840003B0F0BD05271F
:109AF00004224FF41C7101FB02F2012102F1100C4F
:109B0000995001991A446344C2E901162F602360F9
:109B100003B0F0BD0127ECE702270122E9E70327A4
:109B20000222E6E704270322E3E706270522E0E70F
:109B300007270622DDE708270722DAE76FF088000B
:109B4000D3E76FF08600D0E7203600200023F0B581
:109B5000046883B0013C072C019303601FD801A85F
:109B600000F050F80546B8B94FF41C7303FB04F439
:109B70000D4E33593719012B11D17A68019B9A4246
:109B80000DD104F110004FF41872294630440FF043
:109B900043FCC7E901553551284603B0F0BD6FF0CD
:109BA0008605284603B0F0BD20360020002370B59E
:109BB0004C1E82B0072C01931BD81546EAB106460D
:109BC00001A800F01FF890B94FF41C7202FB04F4D6
:109BD0000B4B19591A1901290BD19168B14208D1BF
:109BE0005168019A914204D110341C442C6002B097
:109BF00070BD6FF0880002B070BD6FF08600F6E7B0
:109C0000203600200346024A002012681A6070477E
:109C100048620020002110B582B0CDE90011114644
:109C2000D0E90042302A3ED194F82C200346022A83
:109C300035D01AB900F0F8FB02B010BD1D482468F9
:109C40000068013ACDE90040072A2FD8DFE802F08A
:109C500022271D18130E090418466A4600F050F911
:109C6000EAE718466A4607F015FAE5E718466A4635
:109C700007F0BEF9E0E718466A4607F08BF8DBE725
:109C800018466A4607F042FAD6E718466A4600F0D8
:109C90000BFBD1E718466A4600F004FACCE71846F9
:109CA00007F012FBC8E76FF08000C5E76FF0850092
:109CB000C2E700BF486200202DE9F0439DB0044692
:109CC0002022002168460FF0A7FB202200210DEB87
:109CD00002000FF0A1FB3022002110A80FF09CFB26
:109CE000E3698BB9A369002B40F0BD806369002B49
:109CF00040F0D0802369002B40F0E4806FF08309AE
:109D000048461DB0BDE8F083E36A002B40F0F280C6
:109D1000A36A4FF00408002B40F0CC80636A02274E
:109D20001BB9276A003F18BF012730230021606854
:109D300010AA0FF0DBFB3028E0D110ABB8F1010F17
:109D4000CDE9003014D06069039000285BD1B8F1F0
:109D5000020F02900CD0A069059000285DD1B8F1E7
:109D6000040F049061D1E0690790002871D106903A
:109D7000002F5ED0206A099000283FD1012F089063
:109D800012D0606A0B90002842D1022F0A900BD0AB
:109D9000A06A0D90002857D1042F0C9004D1E06ADE
:109DA0000F9000285AD10E90A268544B41461A6079
:109DB000684608AA3B461646FFF72CFF0025814659
:109DC000336823B12946726860680FF0EFFB0135F4
:109DD000AF4206F10806F3D1B8F1010F90D001258A
:109DE0005DF835301BB1294660680FF0CFFB0135B7
:109DF0004545F5D148461DB0BDE8F08300216068B7
:109E00000FF0CCFBBAE7012160680FF0B7FB9EE7CB
:109E1000012160680FF0C2FBB7E7022160680FF014
:109E2000ADFBB8F1040F04909DD04FF00308002F54
:109E3000A0D1A06831493B46086008AA414668465F
:109E4000FFF7E8FE8146C7E7022160680FF0A6FB36
:109E5000A2E7032160680FF091FB88E703216068A7
:109E60000FF09CFB9FE7E36A03BBA36A4FF0030874
:109E7000002B3FF453AF0327B8463023002160681E
:109E800010AA0FF033FB30287FF438AF10ABCDE9C8
:109E9000003058E7E36A8BB9A36A4FF00208002B41
:109EA0003FF43CAF03274FF00208E6E704274FF0EA
:109EB0000308E2E703274FF00408DEE704274FF02A
:109EC0000208DAE7E36A2BB9A36A03271BB94FF04C
:109ED000010823E7042730230021606810AA0FF04F
:109EE00005FB30287FF40AAF10AB4FF00108CDE935
:109EF00000303FE70427B846BFE700BF48620020B4
:109F000000232DE9F043D0F800908DB00746884635
:109F100050681168B9F82C501646049300F098F96F
:109F2000082D05906FD0B5F5847FD9F808304CD056
:109F30001946042004AAFFF739FE044668B140F62A
:109F400008139D4205D1D9F80820D8F800301A60CE
:109F5000002420460DB0BDE8F083B5F5C16F79D07F
:109F60001BD8B5F5816F6CD00AD9B5F5A16F5ED15C
:109F7000059AB9F82E10049805F0A2FC0446E8E70B
:109F8000B5F5027F56D0B5F5427F50D1D9F80C1007
:109F9000049805F0EFFB0446DBE740F608039D421A
:109FA00063D040F608139D4223D1D8F80050D9F869
:109FB000083004982B6005F0B7FB04462846FFF7ED
:109FC000C5FD20460DB0BDE8F083D8F80050042050
:109FD00029462B6004AAFFF75BFD04460028B8D190
:109FE000D9F80410049805F03FFC04460028AFD0CF
:109FF000E4E7B5F5E16F1AD1D8E90012049805F04D
:10A00000CDFB0446A5E708F10403D9F80420029328
:10A01000D8E90043019301461046D7E90223009492
:10A0200005F064FC044620460DB0BDE8F0836FF0F7
:10A0300085048EE7D8F80010049805F087FB0446E5
:10A0400087E7B9F82E100498D7E9022305F020FC21
:10A0500004467EE7D7E90234B9F82E10DDE90402A0
:10A06000009405F02BFD044673E74FF4C07371684C
:10A07000B86806AACDE90844CDE90A440694D8F8A0
:10A080000050079300F0E6F8044600287FF461AF23
:10A09000049906A805AA05F085FB059B04462B60DC
:10A0A00057E700BFF0B5076889B004460D46D2E90E
:10A0B0000016304600F0CCF840F20162BB8D0090F3
:10A0C000934269D028D940F6011293426CD017D937
:10A0D00040F6012293424BD100234FF4C077A06891
:10A0E000314602AACDE90237CDE90433CDE9063382
:10A0F0002C6800F0AFF8002800F09F8009B0F0BD98
:10A1000040F20172934270D040F6010293422FD187
:10A1100000F0D4FD09B0F0BD40F2014293426FD08F
:10A1200007D940F20152934222D100F0ABFD09B0B1
:10A13000F0BD012B20D040F20112934218D1002330
:10A140004FF4C0772C683146204602AACDE9023789
:10A15000CDE90433CDE9063300F07CF80028CDD1F9
:10A1600002A800F0D1FD214602A800F089F8C5E759
:10A170006FF0850009B0F0BD00234FF4C07202A952
:10A18000CDE90232CDE90433CDE906332C6800F085
:10A19000A5FD0028B2D1E6E72B1DD5E9001200F09D
:10A1A000B5FD48BB0020A9E700214FF4C073084665
:10A1B000CDE90213CDE90411CDE90611A4682D689B
:10A1C00000F046F803463146204602AA019300F00B
:10A1D00041F8002892D1009802A901AA00F046FE99
:10A1E00000288BD1019B2B60DCE72B1DD5E90012E9
:10A1F00000F0A2FD0028D5D000236B6009B0F0BDAF
:10A2000000234FF4C0723146D4E90467CDE902322D
:10A21000A06802AACDE90433CDE906332C6800F02A
:10A2200019F800287FF46AAF6B463A46314602A817
:10A2300000F0A4FD009B236060E7694602A805F0DA
:10A240006DFC00287FF45AAF009B2360AAE700BF93
:10A250000846704780B17AB1034600201968106142
:10A2600070B4D3E903545E68D460C2E9016570BC80
:10A270009B681160536170476FF08000704700BFAA
:10A2800071B168B1D0E9022330B4D0E9005440691B
:10A29000C1E9005430BC8860C1E903230020704745
:10A2A0006FF08000704700BF2DE9F0474FF00009C4
:10A2B000D0F8008086B0B8F82C5006460F46D2E998
:10A2C0000010CDF81490FFF7C3FF032D64D040F2C7
:10A2D00003139D4200F0858040F203239D42824695
:10A2E000D8F8081041D040F203339D4216D13D68A2
:10A2F0000220296005AA2946FFF7CAFB044648B98F
:10A300005146D8F80420059801F078FA0446002850
:10A310003ED10024204606B0BDE8F087022005AA01
:10A32000FFF744FC40F203539D42044646D040F2FE
:10A3300003639D420CD040F203739D4267D0002816
:10A34000E8D140F203439D425AD06FF08504E1E723
:10A35000D8F808203B681A600028DBD1D6E9021241
:10A36000059801F0B7FC0446D4E73D680220296057
:10A3700005AA2946FFF78CFB04460028CAD151469E
:10A38000D8F80420059801F05BF904460028C0D0F5
:10A390002846FFF7DBFBBDE77B68D8F80410019384
:10A3A0003B6800933B1D0293D6E9022301F044FD74
:10A3B00004460028ADD0C7F80490ABE7D8F80820D1
:10A3C0003B681A600028A5D1D7E90212059807F169
:10A3D0000C0301F001FC044600289AD0C7F80C9049
:10A3E00098E7D6E90432D8F80410CDE90032D6E96E
:10A3F000022301F053FE0446204606B0BDE8F08774
:10A400000598D6E9021201F01BFB044682E73D687D
:10A41000D8F808302B6000287FF47BAF059801F056
:10A42000CBFA0446B4E700BFD1E9000105F04ABB0E
:10A4300030B422F4FF737A4C23F00103A3422BD0F3
:10A4400004F5885422F0FF03A34225D0754D22F471
:10A450007F7424F00304AC421ED0734CA3421BD083
:10A4600001F0FE43B3F1A06F42D102F0FE43B3F11D
:10A47000A06F32D182EA010333F47E132DD111F49F
:10A48000004007D0C1F30540C2F3054290428CBFA3
:10A490000020012030BC7047644C21F0FF03A34230
:10A4A00013D0634CA34210D0A4F58854A3420CD01F
:10A4B00021F4FF7424F00104B4F1062F05D05A4DA5
:10A4C000AB4202D0574B9C42CAD111F0FF00E1D001
:10A4D000584B40F00070984202D030BC00207047CA
:10A4E0004A40FF2A88BF002030BC98BF0120704737
:10A4F000B3F1407F29D102F0FE43B3F1407FECD1AC
:10A5000082EA010333F47E13E7D14B4C0C40B4F1E3
:10A51000607F55D0B0F5105F55D1474C12F47C15D3
:10A5200004EA020435D0B4F1607FC2F305455FD080
:10A53000B4F1707F68D011F47C1FC1F305441BD1C6
:10A54000581BB0FA80F04009A4E7B3F1106FC4D1F2
:10A5500021F01F6020F470200028BED102F0FE43DD
:10A56000B3F1106F96D13548104040F01060401A9A
:10A57000B0FA80F040098DE712F47C1F01D19C42B3
:10A5800021D011F4004085D0AC428CBF00200120C6
:10A5900080E7B4F1607F18D0B4F1707F01D02B4612
:10A5A000C9E700F4E043B3F5005FF8D10125C0F33B
:10A5B00002239D40000A012300F007008340BAE710
:10A5C000B0F5885FA9D0012064E71D48D3B243F0FD
:10A5D000007383421FD003F17E43043B0F2BDED870
:10A5E0001846184C54F82350174B53F82030A2E764
:10A5F000134CD0B240F00070A0420FD000F17E406A
:10A6000004380F2897D8EFE700F4E044B4F5005F72
:10A6100091D1000ACFE710231D468CE710238AE76B
:10A620000002000600040006000900060003000600
:10A6300000130006FF0000020000C07F0000FFF6CC
:10A64000030000023415020034150200F8B5D0E909
:10A65000023531EA03030688076948D11446B2B3CC
:10A6600022F0FF03254A934220D0254A93421DD071
:10A67000A2F58852934219D024F4FF7222F001020D
:10A68000B2F1062F12D01F498B420FD01E4B9A42B7
:10A690000CD004F0FE43B3F1407F02D0B3F1A06FC1
:10A6A00028D123040AD56FF0860511E014F0FF03CA
:10A6B00004D0164A43F000739342F4D0A54206D06A
:10A6C000294622463046FFF7B3FE054610B1002565
:10A6D0002846F8BDBC42FBD0224639463046FFF73B
:10A6E000A7FE002808BF6FF084052846F8BD6FF06C
:10A6F0008405EDE7054B9C42E0D1D4E7000300065A
:10A70000001300060009000600040006FF00000216
:10A7100000F0FE43B3F1407F1CD12C4B0340B3F15A
:10A72000607F1FD0B1F5105F14D110F47C1F07D1EA
:10A73000B3F1707F46D0002313606FF0850070473F
:10A74000C0F30541000C10F03C0F1160F5D0B3F1DF
:10A75000707F02D06FF08600704710238B42F9D3D0
:10A7600000207047B1F5885FF4D110F47C1F14D13C
:10A77000174BC0B240F00070984223D000F17E40E9
:10A7800004380F28D7D8134B53F820100329116031
:10A79000D3D9114B53F82030E0E7030CC0F3054147
:10A7A00013F03C0F1160C8D0094BC0B240F00070EC
:10A7B0009842D2D000F17E4004380F28E9D96FF0DA
:10A7C0008600704710231360CAE700BF0000C07FF7
:10A7D0000300000234150200341502002DE9F04395
:10A7E00004465A4D006F85B0A84217461E469DF894
:10A7F00030C00AD0564B98423ED0564B984222D099
:10A800006FF0850005B0BDE8F083DFF84C810D01E5
:10A8100098F8003004F19C09BCF1000F5ED0002BC9
:10A8200000F08B80684606F07FF869462046CDE947
:10A8300002650197CDF80090FBF7CEFF05F0C4FA52
:10A8400005B0BDE8F083DFF810810D0198F8003005
:10A85000BCF1000F58D0002B73D0684606F024F8E6
:10A8600069462046CDE901650097F8F7BDFB05F084
:10A87000ABFA05B0BDE8F083DFF8DC800D0198F895
:10A880000030BCF1000F10D0002B52D0684606F00B
:10A890003FF869462046CDE901650097FBF72AFBA2
:10A8A00005F092FA05B0BDE8F083042223686846FB
:10A8B0001A7606F02DF86946204600970295019613
:10A8C000FBF718FB05F080FA98F80030002B99D0C0
:10A8D000012223681A7605B0BDE8F08304222368BC
:10A8E00068461A7606F020F869462046CDE90097BA
:10A8F00003950296FBF770FF05F066FA98F80030B2
:10A90000002B3FF47FAFE3E70422236868461A7602
:10A9100005F0CAFF69462046009702950196F8F7B0
:10A9200063FB05F051FA98F80030002B3FF46AAF52
:10A93000CEE7042223681A76A8E7042223681A7651
:10A9400070E7042223681A7687E700BF00444004BA
:10A950000010C004004040046F6D0020F0B5354D7C
:10A9600021F47E1183B0A942044617461E469DF885
:10A9700020C028D0304B994258D1304D2B78BCF1B3
:10A98000000F0ED0002B47D0684605F0DDFF69466A
:10A990002046CDE90076FCF76BFB05F015FA03B015
:10A9A000F0BD0422036868461A7605F0CDFF6946BB
:10A9B000204600970196FCF75BFB05F005FA2B7823
:10A9C0002BBB03B0F0BD1D4D2B78BCF1000F0DD09B
:10A9D0003BB3684605F078FF69462046CDE900762E
:10A9E000F9F764FD05F0F0F903B0F0BD0422036847
:10A9F00068461A7605F068FF69462046009701967A
:10AA0000F9F754FD05F0E0F92B78002BC7D00122AF
:10AA100023681A7603B0F0BD0422036868461A76EC
:10AA2000B3E70422036868461A76D3E76FF085001F
:10AA3000B5E700BF00014005000240056F6D002032
:10AA4000F0B53B4D21F47E1185B0A942044617466E
:10AA50001E469DF82CC02DD0364B994264D1364D00
:10AA60002B78BCF1000F10D0002B51D001A805F0BD
:10AA70006FFF0A9B01A92046CDE902360197FCF73A
:10AA800041FB05F0A1F905B0F0BD042203680DEB10
:10AA900002001A7605F05CFF0A9B01A92046CDE969
:10AAA00002360197FCF72EFB05F08EF92B7853BB8D
:10AAB00005B0F0BD204D2B78BCF1000F0FD06BB36B
:10AAC00001A805F005FF0A9B01A92046CDE9023641
:10AAD0000197F9F7B9FD05F077F905B0F0BD04224B
:10AAE00003680DEB02001A7605F0F2FE0A9B01A93D
:10AAF0002046CDE902360197F9F7A6FD05F064F985
:10AB00002B78002BBFD0012223681A7605B0F0BD48
:10AB1000042203680DEB02001A76A8E704220368FA
:10AB20000DEB02001A76CCE76FF08500ABE700BFB3
:10AB300000014005000240056F6D00202DE9F8433B
:10AB40005FFA81FCDFF82CE14CF0007CF4451F46F5
:10AB50000C4605461646DDF8248001F0FE432ED053
:10AB60000CF17E4CACF1040CBCF10F0F18D8404A2C
:10AB7000B3F1007F52F82C906ED10A9BC3F800907D
:10AB8000B8F1000F2DD1C84522D3002D6AD004F1B1
:10AB90007E410839032968D8DFE801F05459452976
:10ABA000B3F1007F58D100230A9A1360B8F1000F67
:10ABB000EBD04246212108980EF02EFCE5E7B3F1D8
:10ABC000007F49D110230A9A1360B8F1000F07D112
:10ABD0002846FEF791FA6FF089042046BDE8F88315
:10ABE00099464246212108980EF016FCCBE7032136
:10ABF0002846FEF78BFC05F063F80446E0B93A46B8
:10AC0000089B31462846FEF7D1FB05F059F82B6822
:10AC1000044693F8E020012A0ED10022204683F852
:10AC2000F820BDE8F88302212846FEF76FFC05F006
:10AC300047F804460028E2D02846FEF75DFA204691
:10AC4000BDE8F88300212846FEF760FCD3E7012128
:10AC50002846FEF75BFCCEE72846FEF74DFA6FF07C
:10AC60008504BAE76FF08804E6E76FF00300C2E7F7
:10AC70003415020003000002014B1870704700BF3A
:10AC80006F6D002010B5002104464FF0FF30F7F73C
:10AC90002BF878B1F6F7ACFA28B96FF08304F7F720
:10ACA0004BF8204610BD204612F00EF80446F6F789
:10ACB000ABFAF4E76FF08304F3E700BF10B5044686
:10ACC000F6F796FA38B1204612F0A8F90446F6F7DE
:10ACD0009BFA204610BD6FF08304FAE738B50546AD
:10ACE0000C46F6F785FA58B12846214612F048FA84
:10ACF0000546F6F789FA0DB92369E360284638BDA1
:10AD00006FF08305FAE700BF12F0A4BBF8B5044664
:10AD10000D4616461F46F6F76BFA50B120463B46E5
:10AD20003246294612F018FE0446F6F76DFA204620
:10AD3000F8BD6FF08304FAE78C46F8B500210746AA
:10AD40004FF0FF30644615461E46F6F7CDFF90B132
:10AD5000F6F74EFA28B96FF08304F6F7EDFF2046B8
:10AD6000F8BD214633462A46384613F025F80446F6
:10AD7000F6F74AFAF1E76FF08304F0E78446F0B59E
:10AD8000DCF80C4089B017460E461822614602A82E
:10AD90001D460EF003FB04F0FE43B3F1A06F1CD080
:10ADA0002C4B2340B3F1707F0CD000214FF0FF30CB
:10ADB0000694F6F799FF20BB6FF0830000232B6009
:10ADC00009B0F0BD244A24F47E13934203D0A2F5C7
:10ADD000807293420DD10593E7E7204A24F47E1355
:10ADE00093420BD002F58072934205D01C4B9C42DB
:10ADF000DBD06FF08500E1E71A4BECE71A4B0593C7
:10AE0000D3E7F6F7F5F910B344F20102BDF80830C4
:10AE100023F44051914208D042F20402934204D0FC
:10AE200003F44F43B3F5844F02D1002303930793F8
:10AE30002B463A46314602A811F0FAFC0190F6F78B
:10AE4000E3F9F6F779FF01980028B9D0B6E7F6F7ED
:10AE500073FFB1E70000C07F0002C003000140059E
:10AE600000051005000250050001500570B5CC68C2
:10AE700088B00646154602A818220EF08FFA04F094
:10AE8000FE43B3F1A06F1CD0224B2340B3F1707F7F
:10AE90000CD000214FF0FF300694F6F725FF20BBC1
:10AEA0006FF0830000232B6008B070BD1A4A24F4B1
:10AEB0007E13934203D0A2F5807293420DD1059385
:10AEC000E7E7164A24F47E1393420BD002F5807212
:10AED000934205D0124B9C42DBD06FF08500E1E736
:10AEE000104BECE7104B0593D3E7F6F781F910B957
:10AEF000F6F722FFD4E72A4602A9304612F0AEFA4E
:10AF00000190F6F781F9F6F717FF01980028CBD0EA
:10AF1000C8E700BF0000C07F0002C0030001400579
:10AF2000000510050002500500015005D0F8103151
:10AF30009BB190F808316BB110B500F108042046C0
:10AF4000FEF7DAF84FF48672002120460EF064FA1C
:10AF5000002010BD6FF0880070470020704700BFD0
:10AF6000D0F80C31002B4FD12DE9F041D0F8103141
:10AF7000044684B0002B44D1264B01AF1B7800F16E
:10AF8000080800F110060D463846D3B905F014FD47
:10AF900004238DF805300021FC2230460EF03CFAE7
:10AFA0001D4B39464046A660E360FEF769F840B3A2
:10AFB00005F17E43083B032B29D8DFE803F01E1A76
:10AFC000160A05F0F9FC01238DF80530134B0293A6
:10AFD000E1E70321FEF79AFA04F072FE10B90123AB
:10AFE000C4E9433504B0BDE8F0810221FEF78EFAD2
:10AFF000F2E70121FEF78AFAEEE70021FEF786FA72
:10B00000EAE76FF08800EDE76FF0880070476FF0B7
:10B010000300E1E76F6D00204C620020850F010006
:10B0200010B5D0F80C419CB182B1D0F8103103F1C9
:10B030007E43083B032B0ED890F8083143B108300B
:10B04000FEF790F8BDE8104004F03ABE012010BDB4
:10B050006FF0880010BD6FF0850010BD90F810C132
:10B06000F8B5264F4CF0007CBC4504460E4615460C
:10B070002AD00CF17E4CACF1040CBCF10F0F10D8AF
:10B080001F4A52F82C701F6015BBBD420CD26FF0E6
:10B0900089001C4B1B781BB10022A36883F8F820A1
:10B0A000F8BD00211960E2B9D4F80C314BB1D4F8E5
:10B0B000103103F17E43083B032B0FD894F808317D
:10B0C000A3B96FF08800E4E710271F60002ADED0E4
:10B0D0002A46212130460EF09FF9D6E76FF0850011
:10B0E000D7E7212130460EF097F9DDE7314604F12C
:10B0F0000800FEF759F904F0E3FDCAE70300000277
:10B10000341502006F6D0020852A2DE9F04100F210
:10B11000C280624E04464022002161480EF07CF954
:10B1200037786FB35F4A94F8103111685E4A43F084
:10B130000073934201F1240800F0978003F17E43ED
:10B14000043B0F2B5FD94022212140460EF064F9C9
:10B150000027D4F80C31002B7FD0D4F8103103F144
:10B160007E42083A032A00F28E8094F80831002BC0
:10B1700040F08F803378002B51D16FF088053FE08D
:10B1800094F81031484A43F00073934274D003F1AD
:10B190007E43043B0F2B4ED94022212140480EF024
:10B1A0003BF9D4F80C31002B57D0D4F8103103F10F
:10B1B0007E42083A032A66D894F80831002BD9D089
:10B1C000374904F10800FEF7EFF804F079FD337811
:10B1D000054623BB4DB315F18A0F08BF6FF09405E8
:10B1E000D4F8103163B194F808314BB108342046DB
:10B1F000FDF782FF4FF48672002120460EF00CF915
:10B200002846BDE8F081294A212152F823704046A2
:10B2100040220EF001F9402F9BD93378C3B10022B0
:10B22000A36883F8F820002DD5D11E4B28461B6853
:10B230005F61BDE8F0811D49402251F82370184834
:10B2400021210EF0E9F8402FABD93378002BE6D15D
:10B250006FF09405D4F81031C4E73378002BDED1B9
:10B260006FF08805D4F81031BCE740222121404618
:10B270000EF0D2F810276CE74022212108480EF08A
:10B28000CBF810278DE73278002AC8D16FF08505FA
:10B29000A8E7414695E76FF08C05B1E76F6D002098
:10B2A000A462002048600020030000023415020060
:10B2B0002DE9F047604CC4B025780F46044690460F
:10B2C0001E46DDF83091002D52D002AD284605F023
:10B2D00073FB01236B70594B6B600DF1140AFC2258
:10B2E000002150460EF098F8554B29466846CDF897
:10B2F00000A00193FDF7C4FE0546002800F09680EB
:10B30000504A5FFA84FC4CF0007C944504F0FE4304
:10B3100036D00CF17E4CACF1040CBCF10F0F18D8F8
:10B32000494AB3F1007F52F82CA079D14D9BC3F864
:10B3300000A0B9F1000F36D1D1452AD304F17E4CDB
:10B34000ACF1080CBCF1030F73D8DFE80CF05F64BC
:10B350004F32B3F1007F63D100234D9A1360B9F1EE
:10B36000000FEBD04A46212130460EF055F8E5E7B4
:10B3700002AD284605F020FB04238DF80930ACE728
:10B38000B3F1007F4CD110234D9A1360B9F1000F37
:10B3900008D12846FDF7B0FE6FF08904204644B07E
:10B3A000BDE8F0879A464A46212130460EF034F82F
:10B3B000C2E703212846FEF7A9F804F081FC044601
:10B3C000E8B93346424639462846FDF7EFFF04F018
:10B3D00077FC2B68044693F8E020012A0FD1002265
:10B3E000204683F8F82044B0BDE8F08702212846C3
:10B3F000FEF78CF804F064FC04460028E1D02846EF
:10B40000FDF77AFE204644B0BDE8F08700212846CB
:10B41000FEF77CF8D1E701212846FEF777F8CCE764
:10B420002846FDF769FE6FF08504B7E76FF08804E2
:10B43000B4E76FF00300C0E76F6D0020850F0100D7
:10B440004C62002003000002341502002DE9F04791
:10B45000044600F0FE40D6B0B0F1007F5E9D61D1A1
:10B460009846334B0E461F7891463FBB07A805F020
:10B47000A3FA0423394617AFFC2238468DF81D3055
:10B480000DF0CAFF2B4B05A807A905970693FDF7FA
:10B49000F7FD002849D0214607AC009404AC4B4688
:10B4A000324601950294FFF749FB78B310F18A0FF9
:10B4B00008BF6FF0860056B0BDE8F0871E4B07A8A6
:10B4C0001B6817AF03F1240A03F1140805F074FA9E
:10B4D00001238DF81D30194B0021FC2238460893BA
:10B4E0000DF09AFF134B07A905A805970693FDF7E2
:10B4F000C7FDD0B14B4632462146CDE90158CDF8C3
:10B5000000A0FFF71BFB56B0BDE8F0872A46414676
:10B5100007A815F0FDFC002818BF6FF0940056B086
:10B52000BDE8F0876FF08500C5E76FF08800C2E7DF
:10B530006F6D00204C62002048600020850F0100E4
:10B540002DE9F041D0F80C3184B0002B6BD0D1F84C
:10B550000C310C46002B66D1D1F81031002B62D192
:10B56000344B01AD1B78064601F10808284601F16D
:10B570001007EBB905F020FA04238DF805300021FF
:10B58000FC2238460DF048FF2B4B29464046A76069
:10B59000E360FDF775FD002845D0D6F8103103F1C2
:10B5A0007E43083B032B41D8DFE803F03935150A09
:10B5B00005F002FA01238DF80530204B0293DEE7F7
:10B5C0000321FDF7A3FF04F07BFB054658B1284695
:10B5D00004B0BDE8F0810221FDF798FF04F070FB94
:10B5E00005460028F3D1D6F810313846C4F810319A
:10B5F0000123FC2206F11001C4F80C310DF0CEFE3F
:10B600002846C4F8F450C4F8F850256184F809516C
:10B6100004B0BDE8F0810121FDF778FFD3E70021F8
:10B62000FDF774FFCFE76FF08805D0E76FF00300F8
:10B63000C9E700BF6F6D00204C620020850F01003C
:10B640002DE9F04F00234FF4C0748BB0CDE90434E2
:10B65000CDE90633CDE90833D0F80C31002B40F0AA
:10B66000AF8005460F461646F5F7C2FD002800F0EC
:10B67000A480384604A911F083FD0446F5F7C4FD03
:10B68000A4B9089B3046BDF8101005F588720793E1
:10B69000FFF73EF805F10808044638B932464FF482
:10B6A000806104A8FEF7D2FF044618B120460BB013
:10B6B000BDE8F08FBDF8122005F5A07907320346EA
:10B6C0003946D208484604F039FD0122454B26F49C
:10B6D0007E179F4285F850215FD0A3F580739F426B
:10B6E0005BD0414B3340B3F1607F77D1F6B246F087
:10B6F000007404F17E43083B032B6CD83B4E0DF1E4
:10B70000040B3378584608F1080A002B4DD105F098
:10B7100053F904238DF80530FC22002150460DF02A
:10B720007BFE334B40465946C5F808A0EB60FDF759
:10B73000A7FC8046002843D02E4B9C4247D00133C3
:10B740009C4240D0023B9C4214BF00210121FDF7E6
:10B75000DDFE04F0B5FA04460028A7D10422D8F88B
:10B760000030494683F8E0204046FDF7DDFE04F056
:10B77000A7FA3378044623B10122D8F8003083F8C1
:10B78000E020002C92D1012305F58E72C5E94574A5
:10B79000C5F83C21C5F80C3188E749464046F9F721
:10B7A00011FE04F011FB0446EBE705F005F9012357
:10B7B0008DF80530104B0293AEE76FF0830475E708
:10B7C0006FF0880472E70321FDF7A0FEC1E70221B4
:10B7D000FDF79CFEBDE76FF0850467E76FF0860418
:10B7E00064E700BF0002C0030000C07F6F6D00204F
:10B7F0004C6200200A000002850F01002DE9F04F85
:10B8000000234FF4C0748BB0CDE90434CDE9063386
:10B81000CDE90833D0F80C31002B40F0B08005465C
:10B820000F461646F5F7E4FC002800F0A5803846E0
:10B8300004A911F0A5FC0446F5F7E6FCA4B9089BA1
:10B840003046BDF8101005F588720793FEF760FFCB
:10B8500005F10808044638B932464FF4006104A8DF
:10B86000FEF7F4FE044618B120460BB0BDE8F08F99
:10B87000BDF8122005F5A07907320346394648463F
:10B88000D20804F05BFC464B26F47E179F4285F8F5
:10B89000504161D0A3F580739F425DD0414B33404E
:10B8A000B3F1607F79D1F6B246F0007606F17E43BF
:10B8B000083B032B6ED8DFF8FCA001AC9AF80030EF
:10B8C000204608F1080B002B4ED105F075F8042333
:10B8D0008DF80530FC22002158460DF09DFD324BBD
:10B8E00040462146C5F808B0EB60FDF7C9FB80462D
:10B8F000002844D02D4B9E4248D001339E4241D077
:10B90000023B9E4214BF00210121FDF7FFFD04F020
:10B91000D7F904460028A7D10422D8F800304946B8
:10B9200083F8E0204046FDF7FFFD04F0C9F99AF8DE
:10B930000030044623B10122D8F8003083F8E0201B
:10B94000002C91D1012305F58E72C5E94574C5F827
:10B950003C21C5F80C3187E749464046F9F78AFD96
:10B9600004F032FA0446EBE705F026F801238DF8DF
:10B9700005300F4B0293ADE76FF0830474E76FF06F
:10B98000880471E70321FDF7C1FDC0E70221FDF73F
:10B99000BDFDBCE76FF0850466E76FF0860463E7E2
:10B9A0000002C0030000C07F4C6200200A000002B9
:10B9B000850F01006F6D002070B5D0F80C51C5B136
:10B9C000D0F814311B4A0446934214D0A2F5807279
:10B9D000934210D0184A1A40B2F1607F24D06FF021
:10B9E000860500F108064FF4A672002130460DF0DE
:10B9F00013FD284670BD114D04F108062B7833B9AC
:10BA00003046F9F769FE2B7853B90025EBE704229D
:10BA1000A36830461A76F9F75FFE2B78002BF4D036
:10BA20000122A3681A76F0E700F108063046FDF718
:10BA30003DFDEAE70002C0030000C07F6F6D0020FB
:10BA40002DE9F0470446D0F80C0184B0002800F03E
:10BA5000B4801346002A00F09080D4F81401002826
:10BA600000F0AB8000F0FE46B6F1407F40F0A880C9
:10BA7000564E0D46B04217D0A6F58076B04213D090
:10BA8000534B0340B3F1607F40F09D8094F8083140
:10BA9000002B00F0928004F10800FDF763FB04B076
:10BAA000BDE8F04704F00CB9D4F81861D4F83C01B3
:10BAB000F7180F2F30445AD9C6F1100632462946DE
:10BAC0000DF06CFCD4F81831103F3344C4F8183131
:10BAD00053D06846D4F83C9104F00AFF102327F0B5
:10BAE0000F08CDF80090029304F10809B8F1000F97
:10BAF00047D0DFF8E0A09AF80030002B53D1694618
:10BB00004846F9F70FFD04F05FF99AF8003013B1D9
:10BB10000122A3681A7688BBD4F83C31C4F8180116
:10BB200004F58E70834208BF04F596703B0714BF7E
:10BB3000C246A8F1100AC4F83C013544BAF1000F1E
:10BB400026D0A7EB0A073A4605EB0A010DF026FCC2
:10BB50006846C4F8187104F0CBFE69464846009563
:10BB6000CDF808A0F9F7DEFC04F02EF906E01A463D
:10BB700029460DF013FCC4F81871012004B0BDE88B
:10BB8000F08769464846F9F7CDFC04F01DF9C2E795
:10BB900029463A460DF002FCB8F1000018BF01201A
:10BBA000C4F81871EAE70422A36869461A76484681
:10BBB000F9F7B8FC04F008F9A7E76FF08800DDE7B3
:10BBC0006FF08500DAE76FF08600D7E70002C00368
:10BBD0000000C07F6F6D002070B5D0F80C310446B6
:10BBE00084B0CBB190F85031B3B1D0F810319BB1E3
:10BBF00093421DD8D0F81431324A0D4693421AD0E0
:10BC0000A2F58072934216D02F4A1A40B2F1607F9B
:10BC100043D06FF0860501E06FF0880500231A46D7
:10BC2000C4F810312846294B1B685A6104B070BD16
:10BC30006FF08905F2E7684604F05AFED4F83C211B
:10BC4000D4F818310092D4F81021CDE9015304F151
:10BC500008060392C3B91E4D2B7813B10422A368C2
:10BC60001A763046F9F738FD2B7893B96946304695
:10BC700004F5A072F9F7D4FA04F0A6F80546002DF1
:10BC8000CCD1D4F81021CDE769463046F9F7A6FCAF
:10BC9000F2E70122A3681A76E8E700F108063046C9
:10BCA000FDF7C0FC04F00CF8094B05461B7823B1E6
:10BCB0000022A36883F8F820E1E73046FDF71CFA7C
:10BCC000DDE700BF0002C0030000C07F4860002025
:10BCD0006F6D00202DE9F043D0F80C31A5B0002B9A
:10BCE00000F0998090F850310446002B40F093808A
:10BCF000D0F81031002B00F08E80934240F08E80FF
:10BD0000D0F81431484A0E46934230D0A2F58072E2
:10BD100093422CD0454A1A40B2F1607F40F08180B6
:10BD200090F80831002B76D0DFF8089100F1080870
:10BD300099F8001000294BD16F468C2201A8009180
:10BD40000DF06AFB39464046FDF76CFC03F0B8FF86
:10BD50000546002854D099F80030002B45D0002229
:10BD60002846A36883F8F82025B0BDE8F0836F4625
:10BD7000384604F0BDFDD4F83C21D4F818310092C7
:10BD8000D4F81021CDE9016304F10805039253B101
:10BD900039462846F9F722FC04F016F805462846ED
:10BDA00025B0BDE8F083DFF88C9099F8003013B12E
:10BDB0000422A3681A762846F9F78EFC99F8003019
:10BDC000D3B93946284604F5A072F9F793FAE3E7A8
:10BDD000174B404619682431FDF724FC03F070FF2F
:10BDE00099F800300546002BB9D14046FDF784F99B
:10BDF000284625B0BDE8F0830122A3681A76E0E763
:10BE000031463846D4F8102115F082F8051E18BFC7
:10BE10006FF094059FE76FF08805C0E76FF0940519
:10BE2000BDE76FF08605BAE70002C0030000C07FDF
:10BE3000486000206F6D00202DE9F04700244FF48A
:10BE4000C075D2B00E9506460D4617469846CDE908
:10BE50000F44CDE911440D940294F5F7C9F9002877
:10BE600000F0D58030460DA911F08AF90446F5F7A7
:10BE7000CBF94CB9119B2A464FF480610DA8109361
:10BE8000FEF7E4FB044618B1204652B0BDE8F08747
:10BE90002846BDF8341002AABDF836A0FEF738FCDB
:10BEA00004460028F0D1DDF808905B9B994500F22C
:10BEB000DA800AF107020346D208314605A804F0E9
:10BEC0003DF96D4A25F47E13934238D0A2F5807275
:10BED000934200F0A380694B2B40B3F1607F40F0A8
:10BEE000BF80674BEDB21B7809AC204645F000756A
:10BEF000F3B904F061FD0423637013AEFC2200214A
:10BF000030460DF089FA5F4B214603A8039604934F
:10BF1000FDF7B6F80646002800F0A88005F17E453A
:10BF2000083D032D00F2A580DFE805F05A56524285
:10BF300004F042FD01236370534B6360DDE7504B17
:10BF400009AC1B782046002B7BD104F0C9FC0423EC
:10BF5000237013AD6422002128460DF05DFA4B4B8F
:10BF60000395214603A80493F9F7F2F80546002843
:10BF70007CD0204604F0BCFC5A9B2146636005AA95
:10BF80002760C4F80880C4F80C902846F9F748F9EF
:10BF900003F01AFF2B6804461A7E012A3AD10022C8
:10BFA0005A76002C7FF470AF5C9BC3F800906BE76F
:10BFB0000321FDF7ABFA03F083FE0446A0B19DF820
:10BFC0002C31012B3FF460AF3046FDF795F85BE76D
:10BFD0000221FDF79BFAEEE70121FDF797FAEAE768
:10BFE0000021FDF793FAE6E75A9843463A4605A939
:10BFF00000903046FDF718FB03F062FE9DF82C31EF
:10C000000446012BCDD03046FDF776F8C9E76FF036
:10C01000830439E72846F9F74DFBC2E7184B09AC12
:10C020001B782046A3B904F05BFC4FF40173238016
:10C0300013AD6422002128460DF0EEF9144B039550
:10C040008FE704F04DFC01232370124B636080E7FF
:10C0500004F046FC40F2012323800F4B6360E7E7C6
:10C060006FF0850410E76FF089040DE76FF0880426
:10C070000AE76FF003009EE70002C0030000C07FE4
:10C080006F6D00204C620020850F010084150200B6
:10C0900080150200650D0100A10D01002DE9F0439E
:10C0A00000244FF4C075D3B00E9506460D461746D2
:10C0B0009846CDE90F44CDE911440D940294F5F76B
:10C0C00097F8002800F0CD8030460DA911F058F8FF
:10C0D0000446F5F799F84CB9119B2A464FF40061D4
:10C0E0000DA81093FEF7B2FA044618B1204653B0DB
:10C0F000BDE8F0832846BDF8341002AABDF836909A
:10C10000FEF706FB04460028F0D1029B5B9A93429F
:10C1100000F2ED8009F107020346D208314605A876
:10C1200004F00CF8754A25F47E13934239D0A2F539
:10C130008072934200F0B680714B2B40B3F1607F68
:10C1400040F0D280DFF8C49109AC99F80030204665
:10C1500003BB04F031FC0423637013AEFC22002106
:10C1600030460DF059F9674B214603A80396049316
:10C17000FCF786FF0646002876D0EDB245F0007544
:10C1800005F17E45083D032D00F2B480DFE805F09F
:10C1900065615D3D04F010FC012363705A4B6360E0
:10C1A000DBE75A4B09AC1B782046002B40F08D8012
:10C1B00004F096FB0423237013AD6422002128466B
:10C1C0000DF02AF9524B0395214603A80493F8F782
:10C1D000BFFF0546002847D0204604F089FB5A9B44
:10C1E000214663605B9B05AAE3602760C4F8088072
:10C1F0002846F9F77FF803F0E7FD2B6804461A7E1E
:10C20000012A34D100225A7670E70321FDF77EF926
:10C2100003F056FD0446A0B999F800305BB33D4ADF
:10C220004346106805A924303A4600903046FDF791
:10C23000FBF903F045FD04469DF82C31012B3FF43A
:10C2400055AF3046FCF758FF50E70221FDF75EF985
:10C25000DEE70121FDF75AF9DAE70021FDF756F98B
:10C26000D6E76FF0830441E76FF088043EE7284685
:10C27000F9F720FA3AE7284D43463A4605A93046F1
:10C280000095FDF7D1F903F01BFD04460028D3D13A
:10C29000DDE95A12284614F03BFE041E18BF6FF069
:10C2A0009404C9E7194B09AC1B782046A3B904F0E4
:10C2B00017FB4FF40173238013AD6422002128463D
:10C2C0000DF0AAF8154B03957EE704F009FB012356
:10C2D000134A237062606FE704F002FB40F201230F
:10C2E000104A23806260E7E76FF08504FEE66FF096
:10C2F0009404FBE66FF003008AE700BF0002C0036E
:10C300000000C07F4C620020850F01006F6D00208F
:10C310008415020048600020A462002080150200FD
:10C32000650D0100A10D01002DE9F04F00244FF42F
:10C33000C075ADF5137D139582460D4616461F4612
:10C34000CDE91444CDE916441294F4F751FF0028C6
:10C3500000F08681504612A910F012FF0446F4F74F
:10C3600053FF002C7BD1169B2A464FF4806112A804
:10C370001593FEF76BF90446002870D144F20103CF
:10C38000BDF84880BDF84A9028F440529A4200F027
:10C39000E98008F44F43B3F5824F73D09E9BB74AB0
:10C3A0001C6025F4FF7323F00103934225F0FF0482
:10C3B00011D0B34B9C420ED025F47F7323F00303BE
:10C3C00002F50072934206D0AE4B9C4203D0A3F517
:10C3D00080739D4241D19D9B002B00F04C8108F45D
:10C3E000E043B3F5E04F38D109F10702002351468D
:10C3F000D2080AA803F0A2FEA34B9D4200F0B6802B
:10C40000B4F1062F37D108F44F43B3F5824F32D140
:10C4100015F0FF0528D00DF1600A504604F0B0FA7F
:10C420004946404603F0DCFC45F000758AF8000000
:10C4300008B305F17E42083A032A1CD89349BDF897
:10C440004A3051F822400733B4EBD30F4FEAD302FE
:10C450001DD2402C1BD0422A19D06FF086042046F2
:10C460000DF5137DBDE8F08F18A804F089FA494650
:10C47000404603F0B5FC6FF0850420460DF5137DB2
:10C48000BDE8F08F09F10704E408640086E7DFF8EF
:10C490001C920DF17C0899F800304046002B40F0CA
:10C4A000CD8004F089FA042388F801300DF5A67BCD
:10C4B0000021FC2258460CF0AFFF754B414606A800
:10C4C000CDF818B00793FCF7DBFD002800F0C5801D
:10C4D00029460425D0F800C03B466E4F324605AED3
:10C4E0008CF8E050019400970296FEF727FB044673
:10C4F0000028B4D10AABCAE90337059B9C99CAF856
:10C5000004309E9B99F800201B680EAC01EB53038E
:10C510002046CAF81410CAF81830002A40F0A38048
:10C5200004F026FA2570D022002140460CF074FF5A
:10C53000594B214608A8CDE90883FBF7D5FC0546F1
:10C54000002800F08A805146FBF702FD002103F02D
:10C55000C3FB98F8AC300446012B80D02846FBF78B
:10C56000BDFC7CE709F10704E40817E7DFF83C911C
:10C570000DF17C0899F800304046002B67D004F09C
:10C5800007FA012388F80030444BC8F8043053AC54
:10C590009822002120460CF03FFF414B414608A85D
:10C5A00008940993FCF7A0F80546002855D00DF132
:10C5B000600A202237490EAC504604F0E1FB2046C9
:10C5C00004F0EEF90AABC4E9013A99F8003013B16E
:10C5D00004222B681A7721462846FCF7BBF899F805
:10C5E000003013B101222B681A77002103F0A2FB5F
:10C5F000044600287FF433AF404604F0D5F90AAB77
:10C60000C8E9013A9E9B9C9A1B68414602EB530382
:10C61000C8E905232846C8F80C60C8F81070FCF774
:10C62000C7F8214603F086FB9DF868310446012BCC
:10C630003FF415AF2846FCF753F810E704F0BCF9B7
:10C64000012388F80130174BC8F804302EE704F0B6
:10C650009FF9042388F8003099E76FF08804FEE61C
:10C660006FF08304FBE604F083F901230E4A8DF892
:10C6700038300F9257E76FF08904F0E600020006A9
:10C680000013000600090006000800062415020039
:10C690004C620020A462002058620020310F01008B
:10C6A00054620020850F0100DD0E01006F6D002037
:10C6B0002DE9F04F00244FF4C075ADF5117D1295B2
:10C6C00006460D4617469846CDE91344CDE9154474
:10C6D0001194F4F78DFD002800F04181304611A936
:10C6E00010F04EFD0446F4F78FFD002C72D1159B1F
:10C6F0002A464FF4006111A81493FDF7A7FF0446E2
:10C70000002867D19E4A25F4FF7323F0010393426A
:10C7100025F0FF0411D09B4B9C420ED025F47F7373
:10C7200023F0030302F50072934206D0964B9C421D
:10C7300003D0A3F580739D424AD19B9B002B00F050
:10C740001C81BDF84490BDF846A009F44F4B0AF196
:10C750000702BBF5824F4FEAD20240D052000132AD
:10C760000023314609A803F0E9FC884B9D4200F004
:10C77000B080B4F1062F40F0A580BBF5824F40F0A9
:10C78000A18015F0FF0500F0968017A804F0FCF8D2
:10C790005146484603F024FB45F000758DF85C00D7
:10C7A000002800F08F8005F17E42083A032A00F24B
:10C7B00089807749BDF8463051F822400733B4EB01
:10C7C000D30F4FEAD30210D2402C0ED0422A0CD005
:10C7D0006FF0860420460DF5117DBDE8F08FA9F1BC
:10C7E0004103DBB2012BBBD9B8E7DFF8B4911DAE32
:10C7F00099F800303046002B40F0A38004F0DCF8BC
:10C80000042373700DF5A27A0021FC2250460CF02F
:10C8100003FE604B314605A8CDF814A00693FCF743
:10C820002FFC002800F09E8043464FF00408D0F80B
:10C8300000C03A46584F294604AD8CF8E080019478
:10C8400000970295FEF77AF904460028C2D109AB99
:10C85000CDE91937049B99F800201893DDE99A3146
:10C8600003EB51039A990DAC2046CDE91B13002A26
:10C870007BD104F07DF884F80080D022002130467E
:10C880000CF0CAFD454B214607A8CDE90763FBF72D
:10C890002BFB0546002865D017A9FBF7A9FB012152
:10C8A00003F01AFA96F8AC300446012B92D02846D1
:10C8B000FBF714FB8EE717A804F066F851464846CC
:10C8C00003F08EFA6FF0850420460DF5117DBDE86A
:10C8D000F08F334B1DAE1B783046002B38D104F05F
:10C8E00057F80423337051AC9822002120460CF0F5
:10C8F00093FD2C4B314617A817941893FBF7F4FEC1
:10C90000054678B3304604F053F809AB7360DDE9AF
:10C910009A3203EB520373619A9B31463361284686
:10C92000C6E90278FBF784FF012103F003FA9DF8C2
:10C9300060310446012B3FF44DAF2846FBF7D0FE93
:10C9400048E704F039F801237370174B736059E717
:10C9500004F01EF80123154A33707260C3E76FF0CC
:10C96000830437E76FF0880434E704F001F801230B
:10C970000F4A8DF834300E927FE76FF0890429E773
:10C980000002000600130006000900060008000669
:10C99000241502004C620020A4620020586200208E
:10C9A0006F6D002054620020850F0100310F0100DF
:10C9B000DD0E01002DE9F04F4FF4C074CDB00C94A2
:10C9C0000C4600257B4E589924F0FF0BB345CDE96A
:10C9D0000D55CDE90F550B950D60904605461F4648
:10C9E00000F0A880744B9B4500F0A480A3F5885309
:10C9F0009B4500F09F8024F4FF7323F00103B3F103
:10CA0000062F00F097806D4A934500F09380A2F5C1
:10CA1000A062934200F08E80579B002B00F0BD80F7
:10CA2000F4F7E6FB002800F0B58028460BA910F0CB
:10CA3000A7FB0646F4F7E8FB002E77D10F9B2246B2
:10CA40004FF480510BA80E93FDF700FE0646002818
:10CA50006CD1BDF82C90BDF82EA029F0FF03B3F5E2
:10CA6000E24F40F08F8024F4FF7323F00103B3F111
:10CA7000062F40F09580524B9B4500F09780579BC6
:10CA80000AF10702D608B3EB460F4FEA460BC0F097
:10CA9000848014F0FF0458D1BE4201D9402F61D1E7
:10CAA00011A803F06DFF29460023324603A803F0C6
:10CAB00045FB5146484603F093F98DF844000028A1
:10CAC0006ED003ABCDE91438569B56999A193D4B5D
:10CAD00007AC1B782046129716911792002B44D171
:10CAE00003F046FF0423237018ADD022002128460E
:10CAF0000CF092FC344B214601A801950293FBF700
:10CB0000F3F9044600284ED011A9FBF721FA0021C1
:10CB100003F0E2F8064610B9589BC3F800B09DF840
:10CB20000C31012B02D02046FBF7D8F930464DB02E
:10CB3000BDE8F08F14F0FF033FF46EAF234A43F0DB
:10CB4000007393427FF468AF1CE0214B44F0007403
:10CB50009C421AD004F17E44043C0F2C0DD98FB9AD
:10CB6000002E9DD0422E9BD00CE003F001FF01234C
:10CB7000184A8DF81C300892B6E7174B53F824304A
:10CB8000BB4289D06FF08606D0E7102FFAD1102E65
:10CB9000E8D885E76FF08306C8E76FF08906C5E738
:10CBA0006FF08506C2E76FF08806BFE76FF0840676
:10CBB000BCE700BF000300060013000600090006E2
:10CBC000000700066F6D002058620020FF00000281
:10CBD00003000002DD0E0100341502002DE9F04FC4
:10CBE00000254FF4C0741F46864B21F0FF08CBB0E0
:10CBF00098450B9406460C469146CDE90C55CDE977
:10CC00000E550A954BD0804B984548D0A3F58853D4
:10CC1000984544D021F4FF7323F00103B3F1062FAC
:10CC20003DD07A4A90453AD0A2F5A062934236D0E0
:10CC3000F4F7DEFA002800F0CC8030460AA910F0A4
:10CC40009FFA0546F4F7E0FA9DBB0E9B22464FF48F
:10CC500000510AA80D93FDF7F9FC054648BB24F4E2
:10CC6000FF7424F00104B4F1062FBDF828A0BDF82C
:10CC70002AB040F0B580664B984500F0B18044F290
:10CC800001032AF440529A4217D00AF44F43B3F5F5
:10CC9000824F15D10BF10705ED086D0010E014F07F
:10CCA000FF03C5D05B4A43F000739342C0D16FF0DD
:10CCB000860528464BB0BDE8F08F0BF10705ED085F
:10CCC000559B9D42F3D10BF10703B7EBD30F4FEA0E
:10CCD000D30403D2402F01D0422CE8D10AF4E04320
:10CCE000B3F5805F22D0B3F5005F1FD00AF44F4345
:10CCF000B3F5844F1AD047F201039A4561D044F24C
:10CD000001039A4568D047F202039A456BD044F27A
:10CD100002039A456DD02AF0FF03B3F5E24F05D028
:10CD2000B3F5824F12BF00246400013410A803F051
:10CD30002BFE22463146002302A803F0FFF9594694
:10CD4000504603F04DF88DF84000002848D0DDE94A
:10CD50005431314A03EB51031593137802AACDE9FC
:10CD60001229549A06AC2046119714920BBB03F07B
:10CD7000FFFD0423237016ADD022002128460CF0BD
:10CD80004BFB264B21466846CDE90053FBF7ACF838
:10CD90000446A0B310A9FBF72BF9012102F09CFF78
:10CDA0009DF804310546012B83D02046FBF796F809
:10CDB0007FE703F0DDFD0123194A8DF81830079253
:10CDC000D9E74FEA5B040134E40804EBC4043B34C4
:10CDD000ACE76FF083056CE74FEADB041034A5E79E
:10CDE0006FF0850565E74FEADB0404EB44045A3431
:10CDF0009CE74FEADB0404EB44044A3496E76FF007
:10CE0000880556E700030006001300060009000627
:10CE100000070006FF0000026F6D0020586200202E
:10CE2000DD0E01006FF08500704700BF6FF08500D8
:10CE3000704700BF2DE9F04F4FF4C07489460027BA
:10CE4000B7B0429914941C4609F0FE43B3F1806FC9
:10CE5000CDE91577CDE91777CDE90777CDE90977E2
:10CE600013970F6040F0148205461646F4F7C0F998
:10CE7000002800F02982284613A910F081F9804685
:10CE8000F4F7C2F9B8F1000F40F0A380179B4A46AF
:10CE90004FF4807113A81693FDF7D8FB8046002845
:10CEA00040F09780BDF84C3003F4E042B2F5005FEB
:10CEB00000F0AB8042F20402934200F08E80954B6A
:10CEC000994500F0B381944B994500F0F481002717
:10CED000419B9C4200F22282904BBDF84E809945C6
:10CEE00000F0D980A3468E4B994500F031818D4BDF
:10CEF000994540F0E0814FF0040A0DF1640948467D
:10CF000003F0CEFC294608F107020BADD20800233E
:10CF1000284603F013F9409BCDE919563B441FA85E
:10CF20000FAD1B931D9403F0FFFD0822002128463E
:10CF30008DF87CA00CF070FA7B4B1FA905A8059515
:10CF4000069303F00FFE0446002800F0808107A935
:10CF5000FA0003F02FFE02F02BFF8046204603F07C
:10CF600023FEB8F1000F34D107AB1C936F4B28465A
:10CF70001B78002B40F0638103F08AFC8DF83CA005
:10CF8000582200211FA80CF047FA1FAB0593684BED
:10CF9000294605A80693F5F7F3FE0446002800F09D
:10CFA00056814946F5F726FF02F00EFF3A468046C5
:10CFB00007A940980CF0F2F923681A7E012A40F084
:10CFC000518100225C465A76B8F1000F01D1429B94
:10CFD0001C60404637B0BDE8F08F564B994500F0D5
:10CFE00071814C4B99454DD04B4B994500F08B814D
:10CFF0000746504B994541D104F10C0B419B5B45D1
:10D00000C0F08C81BDF84E806DE70127C3F302228A
:10D010009740A74205D9434929F48060884200F02F
:10D020003781002A00F037813D49894500F088802A
:10D0300001F58071894500F0228101F580718945F3
:10D0400000F01D813C49894500F01981A1F53F415F
:10D05000894500F0488101F58071894500F04B81D8
:10D0600042F20402934200F050812A4FB9450CBFAE
:10D070000D27002742F204029342BAD0254B99456E
:10D080007FF426AF419B0D34A3422CBF6FF085087F
:10D090006FF089089DE7254B0DF164091B78484620
:10D0A000002B40F0D78003F037FC04238DF8643068
:10D0B0001FAF5022002138460CF0AEF91F4B4946F5
:10D0C0000BA80B970C93F9F755FA0746002800F0C8
:10D0D000BE800FA803F028FC08F10702D2082946F9
:10D0E0000023484603F02AF8409B0FA938461193C5
:10D0F000CDF83C9010961294F9F764FA02F064FEB1
:10D100003B6880461A7E012A40F0D88000225A7679
:10D110005AE700BF0013C00400414004004440042B
:10D120000010C00400404004506200206F6D0020D9
:10D130008C1502000001800400FF400478150200F5
:10D14000419B07EB040B5B45C0F0E880BDF84E80C7
:10D15000744B0DF164091B784846002B40F0878022
:10D1600003F0CAFB04238DF864300DF17C0A5C22C5
:10D17000002150460CF050F96B4B494601A8CDF800
:10D1800004A00293F8F784FC824600285FD048464A
:10D1900003F0BAFB294608F107020BADD2080023C1
:10D1A000284602F0CBFF409B0FA83B441D941B93E5
:10D1B000CDE9195603F0B8FC042305AC0822002180
:10D1C00020468DF83C300CF027F9584B0FA903A8E6
:10D1D0000394049303F0C6FC0446002837D007A943
:10D1E000FA0003F0E7FC02F0E3FD8046204603F07E
:10D1F000DBFCB8F1000F7FF4ECAE07AB49465046BC
:10D200001C93F8F7F3FD02F0DFFD3A46804607A9CC
:10D2100040980CF0C3F8DAF800301A7E012A3FF487
:10D22000D0AE5046F8F758FC5C46CDE6419B0D3435
:10D230009C4294BF6FF085086FF08908C9E603F03F
:10D2400027FB01238DF83C30394B109398E66FF0A3
:10D250008808BEE603F060FB01238DF86430354B8F
:10D260001A9325E72046F5F7AFFD5C46ACE603F0E0
:10D2700043FB01238DF864302F4B1A9375E7419BD4
:10D280003C44A3422CBF6FF085086FF08908A0E6EC
:10D290006FF086089DE642F204018B4217D0274BBF
:10D2A00099453FF4EFAE264B99457FF410AE04EB61
:10D2B000070B0027A2E66FF085088AE63846F9F7E3
:10D2C0007DF981E60C2797E66FF0830881E61D4B18
:10D2D0009945F7D0194B99453FF4D4AE184B994571
:10D2E000E5D0174685E6419B07EB040B5B4515D35C
:10D2F000BDF84E80FFE507EB040B2BFA02FB0BFA9F
:10D3000002FBBB447AE60127D1E70E4A9145D9D00A
:10D310000A4A91457FF4DBAD0D27ABE66FF0890833
:10D3200057E600BF6F6D00207C15020050620020A0
:10D33000ED0C0100190E0100DD0D01000013C00409
:10D3400000414004000180042DE9F04F4FF4C07506
:10D350000F460024ABB0369908951D4607F0FE43F2
:10D36000B3F1806FCDE90944CDE90B4407940C601B
:10D3700040F0CB8004461646F3F73AFF002800F051
:10D380006581204607A90FF0FBFE8046F3F73CFFBE
:10D39000B8F1000F70D10B9B3A464FF4007107A80B
:10D3A0000A93FDF753F98046002865D1BDF81C307B
:10D3B00003F4E042B2F5005F62D042F2040293420D
:10D3C00079D0A84B9F4200F092808346A64BBDF8CF
:10D3D0001EA09F4200F0A480A44B9F4200F0E48076
:10D3E000A34B9F4240F08380A24B0DAF1B78384681
:10D3F000002B40F08D8003F04BFA04238DF834307D
:10D400000DF14C095822002148460CF005F89A4BC2
:10D41000394601A8CDF804900293F5F7B1FC814696
:10D42000002800F01C81384603F03AFA21460AF140
:10D43000070203ACD2080023204602F07FFE06EB71
:10D4400008030E93349B39464846CDE90F360D94B8
:10D450001195F5F749FD02F0B7FCD9F80030804688
:10D460001A7E012A49D04846F5F7AEFCB8F1000F04
:10D4700002D1369BC3F800B040462BB0BDE8F08F18
:10D480004FF00108C3F3022208FA02F87AB1774993
:10D4900027F480728A4235D001F500718F4231D075
:10D4A00076498F422ED0A1F53F418A422AD042F2DE
:10D4B0000402934202D1724A974221D0694A9742AC
:10D4C00000F0C7804FF00008359AAA42C0F0C4802F
:10D4D0000122C3F3022302FA03F3AB425FD9644B88
:10D4E00027F480629A4210D0604B9F4259D06FF06F
:10D4F000850840462BB0BDE8F08F00225A76B5E78C
:10D500004FF00C08B5EB0805DED26FF08608B3E7E4
:10D5100003F0BEF901238DF834305A4B0E936FE7B8
:10D52000544B0DAF1B783846002B7FD103F0F4F934
:10D5300004238DF834300DF14C0950220021484667
:10D540000BF06AFF504B394601A8CDF804900293C6
:10D55000F9F710F88146002800F0818003A803F055
:10D56000E3F90AF10702D20821460023384602F007
:10D57000E5FD349B464403A948460593CDE903766F
:10D580000695F9F77FF802F01FFCD9F800308046C5
:10D590001A7E012AB1D04846F9F710F866E7AB4683
:10D5A00014E7AB46BDF81EA0324B0DAF1B783846D2
:10D5B000002B43D103F0A0F904238DF834300DF192
:10D5C0004C095C22002148460BF026FF2F4B3946C0
:10D5D00001A8CDF804900293F8F75AFA8146002882
:10D5E0003DD0384603F090F921460AF1070203AC1A
:10D5F000D2080023204602F0A1FD06EB08030E939B
:10D60000349B39464846CDE90F360D941195F8F70D
:10D610002FFC02F0D9FBD9F8003080461A7E012A8F
:10D620003FF46BAF4846F8F757FA1FE703F074F979
:10D6300001238DF83430164B0E937CE703F05CF930
:10D6400001238DF83430134B0E93B8E76FF0830845
:10D6500012E74FF00D0855E76FF089080CE76FF0FF
:10D66000880809E70013C004004440040010C00407
:10D67000004040046F6D00208C15020000FF400444
:10D6800000018004ED0C0100781502007C150200F9
:10D69000190E0100DD0D01002DE9F04700234FF4C4
:10D6A000C0758AB0CDE90553CDE9073304930993DA
:10D6B00090F870301646C26E43F00403044680F8BA
:10D6C0007030002A40F03F81DBB21A0700F13B8145
:10D6D00006F0FE42B2F1806F40F029810F46F3F769
:10D6E00087FD002800F02A810DF1100841463846D8
:10D6F0000FF046FD0546F3F787FD002D44D1089B4A
:10D7000032464FF4807140460793FCF79FFF054671
:10D71000D0BBBDF81030B3F5105F94F8703040F016
:10D720001B8160F34103BDF8122084F870308F4BE9
:10D7300007329E424FEAD20204F1080A04F1800146
:10D7400004F1A4092DD094F8703043F0010384F85B
:10D750007030874B9E4267D003F580739E4207D09E
:10D7600003F580739E4203D0824B9E4240F092802C
:10D77000102363670023C4F8A01048463946E367C6
:10D7800002F0DCFC6FF0850594F87030404643F001
:10D79000080384F870300FF05DFE28460AB0BDE83B
:10D7A000F08794F87030C4F8A01060F3000360674D
:10D7B000E06784F8703039460346484602F0BEFC04
:10D7C0006D4B1B7833BB6D46284603F0A5F8042348
:10D7D0008DF800300AF108070021502238460BF07E
:10D7E0001BFE664B29465046A760E360F8F7C2FE71
:10D7F000002800F0AE804946F8F79CFF02F0E4FAFA
:10D800000546002DC0D101232846A667E3660AB06D
:10D81000BDE8F0876D46284603F07EF801238DF8B9
:10D820000030574B0193D5E70346E0671020C4F85A
:10D83000A01060673946484602F080FC4E4B0AF162
:10D8400008071B78F3B16D46284603F055F801230D
:10D850008DF800304B4B019300215C2238460BF0D1
:10D86000DBFD494B29465046A760E360F8F710F905
:10D8700000286ED049460022F8F78EFB02F0A4FA89
:10D880000546BEE76D46284603F036F804238DF8BA
:10D890000030E1E7A3F53F439E4214D003F58073C7
:10D8A0009E423FF465AF394B9E4208BF0D233FF4C3
:10D8B00060AF0023C4F8A010484639466367E367A9
:10D8C00002F03CFC5EE700231020C4F8A010606763
:10D8D0003946E367484602F031FC274B0AF1080756
:10D8E0001B78E3B16D46284602F0D2FF01238DF884
:10D8F0000030274B01930021582238460BF08CFD55
:10D90000244B29465046A760E360F5F739FA00B387
:10D910004946F5F71BFB02F057FA054671E76D46DD
:10D92000284602F0B5FF04238DF80030E3E743F00A
:10D9300008036FF0850580F870302EE76FF08305DF
:10D940000DF1100820E794F8703043F0080384F8D4
:10D9500070306FF0880520E743F00803404684F8F4
:10D9600070300FF077FD6FF0860516E70044400435
:10D970000010C00400FF40046F6D00207815020005
:10D98000190E0100DD0D01007C1502000013C0041A
:10D99000ED0C01008C1502002DE9F04700234FF437
:10D9A000C0758AB0CDE90553CDE9073304930993D7
:10D9B00090F870301646C26E6FF38203044680F80A
:10D9C0007030002A40F03F81DBB21A0700F13B8142
:10D9D00006F0FE42B2F1806F40F029810F46F3F766
:10D9E00007FC002800F02A810DF110084146384656
:10D9F0000FF0C6FB0546F3F707FC002D44D1089B4A
:10DA000032464FF4007140460793FCF71FFE05466F
:10DA1000D0BBBDF81030B3F5105F94F8703040F013
:10DA20001B8160F34103BDF8122084F870308F4BE6
:10DA300007329E424FEAD20204F1080A04F1800143
:10DA400004F1A4092DD094F8703043F0010384F858
:10DA50007030874B9E4267D003F580739E4207D09B
:10DA600003F580739E4203D0824B9E4240F0928029
:10DA7000102363670023C4F8A01048463946E367C3
:10DA800002F05CFB6FF0850594F87030404643F07F
:10DA9000080384F870300FF0DDFC28460AB0BDE8BA
:10DAA000F08794F87030C4F8A01060F3000360674A
:10DAB000E06784F8703039460346484602F03EFB82
:10DAC0006D4B1B7833BB6D46284602F025FF0423BF
:10DAD0008DF800300AF108070021502238460BF07B
:10DAE0009BFC664B29465046A760E360F8F742FD71
:10DAF000002800F0AE804946F8F74AFE02F064F9CB
:10DB00000546002DC0D101232846A667E3660AB06A
:10DB1000BDE8F0876D46284602F0FEFE01238DF831
:10DB20000030574B0193D5E70346E0671020C4F857
:10DB3000A01060673946484602F000FB4E4B0AF1E0
:10DB400008071B78F3B16D46284602F0D5FE012385
:10DB50008DF800304B4B019300215C2238460BF0CE
:10DB60005BFC494B29465046A760E360F7F790FFFE
:10DB700000286ED049460022F8F74AFA02F024F94C
:10DB80000546BEE76D46284602F0B6FE04238DF832
:10DB90000030E1E7A3F53F439E4214D003F58073C4
:10DBA0009E423FF465AF394B9E4208BF0D233FF4C0
:10DBB00060AF0023C4F8A010484639466367E367A6
:10DBC00002F0BCFA5EE700231020C4F8A0106067E2
:10DBD0003946E367484602F0B1FA274B0AF10807D5
:10DBE0001B78E3B16D46284602F052FE01238DF802
:10DBF0000030274B01930021582238460BF00CFCD3
:10DC0000244B29465046A760E360F5F7B9F800B306
:10DC10004946F5F7C5F902F0D7F8054671E76D46B4
:10DC2000284602F035FE04238DF80030E3E743F088
:10DC300008036FF0850580F870302EE76FF08305DC
:10DC40000DF1100820E794F8703043F0080384F8D1
:10DC500070306FF0880520E743F00803404684F8F1
:10DC600070300FF0F7FB6FF0860516E700444004B4
:10DC70000010C00400FF40046F6D00207815020002
:10DC8000190E0100DD0D01007C1502000013C00417
:10DC9000ED0C01008C150200F8B5C36E0446002B94
:10DCA00051D090F8703018074DD403F00303012BC6
:10DCB00049D1102A50D8636F93424DD8A36F2B4897
:10DCC000834232D02A4A934208D06FF0850094F8FC
:10DCD000703043F0080384F87030F8BD254E0D46CF
:10DCE000337813B10422A3681A7604F10807384682
:10DCF000F8F7CAF902F068F8337803BB0028E6D1D8
:10DD000094F870302A465B07384604F1A40113D416
:10DD1000F8F77EF902F058F80028D8D194F870305E
:10DD200043F0020384F87030F8BD04F10800F5F701
:10DD30004FF802F049F8EFE7F8F72EF9EAE7012289
:10DD4000A3681A76DAE794F870306FF0880043F031
:10DD5000080384F87030F8BD94F870306FF08600D6
:10DD600043F0080384F87030F8BD00BF0040400461
:10DD70000010C0046F6D00202DE9F04100251D60EA
:10DD80001F46C36E8CB00446CDE90455CDE9065557
:10DD9000002B50D090F8703013F008064BD103F0F0
:10DDA0000300012847D1656F95424DD808A88846E1
:10DDB00002F0BAFE0423314602AE082230468DF846
:10DDC00020300BF029FB254B684608A900960193EB
:10DDD00002F0C8FE064600283DD0EA0004A902F081
:10DDE000E9FE01F0E5FF0546304602F0DDFE4DB1EB
:10DDF00094F8703043F0080384F8703028460CB073
:10DE0000BDE8F0812046626F04A9FFF745FF054693
:10DE10000028EDD194F87030404643F0020384F8B6
:10DE20007030626F04A90BF0B9FA2846636F3B604B
:10DE30000CB0BDE8F08194F870306FF0880543F0C5
:10DE4000080384F87030D9E743F008036FF08905C0
:10DE500084F87030D2E76FF08805C9E7506200207F
:10DE60002DE9F047002482B0DDF82CC01F46CCF825
:10DE70000040C36E0446002B00F0918090F8703093
:10DE8000180700F18C80154603F00302012A00F008
:10DE90008680A26F002A00F082800E4602F0FE41CA
:10DEA000B1F1806F40F08480002D55D0E06F0A9B67
:10DEB000284420F00F009842CCF800007FD8444B53
:10DEC00022F4806199420DD0424B9A420AD06FF001
:10DED000850094F8703043F0080384F8703002B085
:10DEE000BDE8F087D4F87CA005EB0A030F2B4BD9D3
:10DEF00004F10808BAF1000F12D10F2D32D8D4F86E
:10DF0000A03004F18000834208BF04F190002A464B
:10DF10003146C4F8A0000BF041FAE5670020DEE7C7
:10DF2000D4F8A000CAF11009103D4A4631465044C9
:10DF300055440BF033FA0F2D8CBF002301230093BF
:10DF400001213B464046D4F8A020FCF747FC0023C3
:10DF5000E36718B10128BCD10120C0E70F2D4E4462
:10DF60000FD9103701223B46009240463246C5F396
:10DF70000711FCF733FC0028ECD125F00F031E44F9
:10DF8000ED1A002DCAD0BAE7D4F8A00031462A46CF
:10DF900050440BF003FAE36F2B44E367DCE794F89B
:10DFA00070306FF0880043F0080384F8703096E713
:10DFB00043F008036FF0860084F870308FE794F820
:10DFC00070306FF0890043F0080384F8703086E702
:10DFD000004040040010C004C36E70B513B3836FDB
:10DFE000254A0446934238D0244A93421DD0244AFD
:10DFF00093420ED0AC22002108300BF00DFA6FF0E6
:10E00000850594F87030284643F0080384F8703092
:10E0100070BD08342046F4F7D7FEAC22002120461C
:10E020000BF0FAF90025284670BD164D2B7813B178
:10E03000042283681A7604F108063046F8F724F8BB
:10E0400001F0C2FE2B7805468BB9AC220021304688
:10E050000BF0E2F9002DD4D1E4E708342046F8F7BC
:10E06000ADFAAC22002120460BF0D6F9DAE7012206
:10E07000A3681A76E9E700BF004440040010C0041A
:10E08000004040046F6D0020F0B51D46C36E04468D
:10E0900085B0002B00F0968090F8703013F00807E0
:10E0A00040F090800E4603F00301012900F08A80C1
:10E0B000806F00F0FE41B1F1806F40F08C80494BE1
:10E0C000984252D02F60E76FD7B1474B20F4806160
:10E0D000994277D0974251D803F58063984256D041
:10E0E000424B984212D06FF08506002330462B60D9
:10E0F00094F8703043F0080384F8703005B0F0BD38
:10E100003B4B984243D0394B984217D1684602F0B6
:10E11000FFFBD4F8A0306946CDE90036E36F04F187
:10E1200008000293F8F718F801F04EFE0646E36F78
:10E130002B60002ED9D1304605B0F0BD2A4B984255
:10E14000D1D1684602F0B0FB694604F1080001969F
:10E150000297F4F793FF01F037FE264B06461B7833
:10E1600063B3002384F82930E3E710230F2A2B60E0
:10E1700004D9E36F002BB6D09A42B4D294F8703031
:10E180006FF0890643F0080384F87030D3E7002766
:10E19000684602F0C9FB04F1A403694604F10800D3
:10E1A000009302960397F8F75BFB01F00DFE114B0D
:10E1B00006461B7813B184F82970BAE72046FFF7AA
:10E1C0000BFFB6E794F870306FF0880643F0080351
:10E1D00084F87030AFE743F008036FF0860684F8E8
:10E1E0007030A8E700414004004040040010C00423
:10E1F000004440046F6D002070B5D0F820610446E3
:10E2000076B390F828C11CF0030F29D10125D4F86A
:10E21000243184F87951174D23F47E13AB42C4E9BD
:10E220004B1200F118000BD0134DAB4211D06FF020
:10E23000850094F8283143F0020384F8283170BD3A
:10E24000D4F83C31EFF720FD01F0BEFD0028F0D1FD
:10E2500070BDF0F741F901F0B7FD0028F8D0E8E70C
:10E2600094F828316FF0880043F0020384F82831D5
:10E2700070BD00BF00014005000240052DE9F04FD0
:10E2800000234FF4C0748DB0CDE90634CDE90833D6
:10E29000CDE90A33D0F820310546002B40F0078144
:10E2A00090F82831980700F10281164602F0FE42EC
:10E2B000B2F1A06F40F0F1800F46F2F799FF00280D
:10E2C00000F0F0800DF11808414638460EF058FF76
:10E2D0000446F2F799FF64B195F82831404643F0BF
:10E2E000020385F828310FF0B5F820460DB0BDE8DF
:10E2F000F08F0A9B32464FF4807140460993FCF739
:10E30000A5F904460028E7D1BDF81A20BDF8184049
:10E31000073205F5B479034639464846D20801F07C
:10E320000DFF04F4E043B3F5005F0BD095F82831FE
:10E33000404643F0020385F828310FF08BF86FF068
:10E340008604D2E7C4F30224042CEFD186F0AA633A
:10E3500083F4807333F47E1326F47E1240F08A80B7
:10E36000574BC6F305479A4248D0564B9A4242D182
:10E370003A1F0C2A3CD841F61173D340DB0737D53E
:10E38000514B02AC1B78204605F1180B05F1200A11
:10E39000002B67D102F0CCFA04238DF8083000215D
:10E3A0004FF4807250460BF037F8484B21465846E0
:10E3B000C5F818A0EB61F8F70FFE002877D04946A2
:10E3C0003B460022F8F72EFE01F0FEFC0446002C2E
:10E3D00082D10123204605F5A072C5F82461C5F855
:10E3E0003C71C5F86021C5F820310DB0BDE8F08F53
:10E3F0006FF0860470E76FF085046DE7102FF7D893
:10E40000334BFB40DA07F3D52F4B02AC1B78204689
:10E4100005F1180B05F1200AE3B902F049FA0423CB
:10E420008DF808300021F42250460AF0F5FF294B00
:10E4300021465846C5F818A0EB61F5F7ABFFB0B31D
:10E44000002349461A460097F5F7C8FF01F0BCFCC7
:10E450000446BCE702F02CFA01238DF808301E4B6D
:10E460000393DFE702F064FA01238DF808301B4BB9
:10E47000039394E786F0AA6383F4007333F47E1366
:10E480003FF46EAF0E4B9A42B2D00E4B9A4214BF7D
:10E490006FF085046FF086041EE743F0020385F8F1
:10E4A00028314CE76FF083040DF1180814E795F854
:10E4B00028316FF0880443F0020385F8283114E70F
:10E4C00000014005000240056F6D00207415020038
:10E4D0005055010088150200290D0100550E01005C
:10E4E0002DE9F04F00234FF4C0748DB0CDE9063410
:10E4F000CDE90833CDE90A33D0F820310546002BA9
:10E5000040F00B8190F82831980700F106811646FB
:10E5100002F0FE42B2F1A06F40F0F5800F46F2F734
:10E5200067FE002800F0F4800DF1180841463846D7
:10E530000EF026FE0446F2F767FE64B195F8283126
:10E54000404643F0020385F828310EF083FF204651
:10E550000DB0BDE8F08F0A9B32464FF40071404683
:10E560000993FCF773F804460028E7D1BDF81A2098
:10E570003946BDF81840073205F5B4770346D2088E
:10E58000384601F0DBFD04F4E043B3F5005F0BD047
:10E5900095F82831404643F0020385F828310EF003
:10E5A00059FF6FF08604D2E7C4F30224042CEFD1A4
:10E5B00086F0AA6383F4807333F47E1326F47E120C
:10E5C00040F08E80594BC6F305499A4249D0584BCA
:10E5D0009A4243D1A9F104020C2A3CD841F61173A6
:10E5E000D340DB0737D5534B02AC1B78204605F1EF
:10E5F000180B05F1200A002B6AD102F099F90423C7
:10E600008DF8083000214FF4807250460AF004FF64
:10E61000494B21465846C5F818A0EB61F8F7DCFCD9
:10E6200000287AD0002339461A46F8F709FD01F090
:10E63000CBFB0446002C81D10123204605F5A072B6
:10E64000C5F82461C5F83C91C5F86021C5F82031B2
:10E650000DB0BDE8F08F6FF086046FE76FF08504B2
:10E660006CE7B9F1100FF6D8344B23FA09F3DA0747
:10E67000F1D5304B02AC1B78204605F1180B05F1A3
:10E68000200AEBB902F014F904238DF808300021B8
:10E69000F42250460AF0C0FE294B21465846C5F8E0
:10E6A00018A0EB61F5F776FEB8B3002339461A4699
:10E6B000CDF80090F5F7BEFE01F086FB0446B9E701
:10E6C00002F0F6F801238DF808301E4B0393DEE7C5
:10E6D00002F02EF901238DF808301B4B039391E7CC
:10E6E00086F0AA6383F4007333F47E133FF46AAFB9
:10E6F0000E4B9A42AFD00E4B9A4214BF6FF0850476
:10E700006FF086041AE743F0020385F8283148E7E2
:10E710006FF083040DF1180810E795F828316FF0B9
:10E72000880443F0020385F8283110E70001400512
:10E73000000240056F6D0020741502005055010065
:10E7400088150200290D0100550E01002DE9F04F3A
:10E75000002483B09846DDF8349090F87931C9F8F8
:10E7600000400446002B00F0A780D0F82031002B99
:10E7700000F0A28090F8283103F00303012B40F051
:10E780009B8000F1180AD0F8380116461044D4F8DE
:10E790002C31D4F83421C4F838019A42C0F0958065
:10E7A000D4F83031984200F2908094F878010F4606
:10E7B000D4F8643110B3F5180C9B25F00F0B9B4572
:10E7C000C9F800B000F28A800F2DD4F8643166D900
:10E7D00033BB0123CDF80080019350465B463A4697
:10E7E000D4F82411FCF72CF9A0BBA5EB0B055F4472
:10E7F000002D4BD1002003B0BDE8F08FD4F82411D8
:10E80000D4F8602123B100905046FCF7A7F808BB6C
:10E81000012384F8783100233546C4F86431CBE70E
:10E82000D4F86001C3F11006184432463946103D51
:10E830000AF0B4FD0F2D8CBF00230123CDF800801A
:10E84000019350461023D4F86021D4F82411FCF72A
:10E85000F7F840B194F8283143F0020384F82831E6
:10E8600003B0BDE8F08FD4F8602104F5A0739A429C
:10E8700008BF04F5A87335F00F0BC4F86401C4F8A1
:10E8800060313744B4D008F11008A2E72A4639466F
:10E89000D4F860010AF082FDC4F86451AAE7D4F804
:10E8A00060013246394618440AF078FD0120C4F868
:10E8B000645103B0BDE8F08F94F828316FF0880000
:10E8C00043F0020384F82831CAE794F828316FF046
:10E8D000860043F0020384F82831C1E794F8283118
:10E8E0006FF0890043F0020384F82831B8E700BFD5
:10E8F0002DE9F041D0F86481044690F8790184B0A4
:10E9000008EB0206002800F0A780D4F820010028B8
:10E9100000F0A28094F828E10EF00305012D40F0EC
:10E920009B8094F87801002840F096801346D4F834
:10E9300034010344D4F82C01C4F83431834200F28A
:10E9400094800F2E7DD90F4604F11805B8F1000F01
:10E9500026D126F00F08D4F82431474A23F47E1339
:10E9600093425CD0454A93424ED1454B1B7813B934
:10E970000422A3691A7602A801F0E6FF02A928463C
:10E98000CDE90278F8F774FB01F01EFA00283DD1BA
:10E99000A6EB0806474476BB002004B0BDE8F08132
:10E9A000D4F860014044C8F1100842460AF0F6FC71
:10E9B000A6F11003B3FA83F35B09009328461023F2
:10E9C000D4F86021D4F82411FBF7C8FFF0B9D4F8CB
:10E9D000602104F5A0739A42A6F1100608BF04F561
:10E9E000A873474436F00F08C4F86401C4F86031D6
:10E9F000B1D1002ED0D032463946D4F860010AF0A9
:10EA0000CDFCC4F86461C7E76FF0850094F8283145
:10EA100043F0020384F8283104B0BDE8F081184BBC
:10EA20001B7813B90422A3691A7602A801F04CFFDF
:10EA300002A92846CDE90278F5F738FD01F0C4F9BE
:10EA4000A4E7D4F8600140440AF0A8FC2846C4F8C2
:10EA5000646104B0BDE8F08194F828316FF088005B
:10EA600043F0020384F8283197E74EF0020E6FF06E
:10EA7000860084F828E190E7000140050002400587
:10EA80006F6D002038B50446D0F8200100283BD037
:10EA900094F82801830737D1D4F824011F4D20F4BE
:10EAA0007E10A84211D01E4DA84208D06FF08500FC
:10EAB00094F8283143F0020384F8283138BD531EFE
:10EAC0000C2B17D96FF08600F2E794F87901C0B1EA
:10EAD000D31F062BF6D804F11800F5F7D7FC01F088
:10EAE00073F90028E4D194F8283143F0010384F845
:10EAF000283138BD04F11800F8F7B0FA01F064F9D4
:10EB0000EFE76FF08800D3E794F828316FF08800C2
:10EB100043F0020384F8283138BD00BF00014005EE
:10EB2000000240052DE9F0411E46D0F82031044690
:10EB300088B0002B5FD090F828319B075BD1D0F8CC
:10EB40002451374B884625F47E1199424FD085F0E9
:10EB5000AA6383F4807333F47E132FD10D23934281
:10EB6000336053D804A801F0DFFF042302AD08226C
:10EB7000002128468DF810300AF04EFC294B6846DB
:10EB800004A90095019301F0EDFF6FF08805074699
:10EB900050B1802204A902F00DF801F009F90546F0
:10EBA000384602F001F89DB194F8283143F0020391
:10EBB00084F82831284608B0BDE8F08185F0AA65C0
:10EBC00085F4007535F47E131ED000233360C9E749
:10EBD000326804A940460AF0E1FB4146204632680B
:10EBE000FFF750FF0546284608B0BDE8F08190F8D1
:10EBF0007931002BABD194F828316FF0880543F0C0
:10EC0000020384F82831D5E70C23A8E794F82831CB
:10EC10006FF0890543F0020384F82831CAE700BF8A
:10EC20000001400550620020F0B500271F601D461E
:10EC3000D0F82031044689B0002B00F08C8090F889
:10EC4000283103F00303012B40F08580D0F86431B4
:10EC5000934200F289800E46D0F83C210F998A42F7
:10EC600000F2828090F8792100F118075AB1D0F8AB
:10EC70003411D0F82C21914264D3D0F83811D0F857
:10EC8000302191425ED394F87801D4F8241178B9F8
:10EC9000D4F8602133B100903846FBF75FFE88B9A5
:10ECA000D4F82411012384F878310023C4F86431A6
:10ECB000324B21F47E129A422FD0314B9A4209D026
:10ECC0006FF0850094F8283143F0020384F828316E
:10ECD00009B0F0BD03A801F03FFED4F864310E9AEC
:10ECE0000693D4F83C3138468DF81C30D4F86031A6
:10ECF00003A9049605920393F8F744FA00239DF8BC
:10ED00001C2010990A60069A2A60C4F8643101F048
:10ED10005BF80028D6D109B0F0BD03A801F0DCFDF6
:10ED2000D4F864310E9A0693D4F83C3138468DF805
:10ED30001C30D4F8603103A9049605920393F5F7CB
:10ED400015FDDBE794F828316FF0860043F00203ED
:10ED500084F82831BCE794F828316FF0880043F03C
:10ED6000020384F82831B3E794F828316FF0890062
:10ED700043F0020384F82831AAE700BF00014005F0
:10ED800000024005F0B500271F601D46D0F8203175
:10ED9000044689B0002B00F0A5800E4690F828119B
:10EDA00001F00303012B40F09D80D0F864319342C1
:10EDB00000F2A18090F8792100F1180762B1D0F833
:10EDC0003411D0F82C219142C0F08380D0F8381152
:10EDD000D0F8302191427CD3D4F82411494A21F44F
:10EDE0007E10904240D094F87821AAB9D4F86021DE
:10EDF000002B65D0002000903846FBF7AFFD80B9AE
:10EE00000122C4F86401D4F824013E4B20F47E10A2
:10EE1000984284F8782138D03B4B984209D06FF063
:10EE2000850094F8283143F0020384F8283109B0B2
:10EE3000F0BD03A801F090FDD4F864313846069384
:10EE40000E9B03A905930F9B04968DF81C30D4F8F4
:10EE500060310393F8F7EAF9069B2B6000F0B4FFEA
:10EE60000028DED109B0F0BDD4F83C210F988242D1
:10EE70002FD194F8782142B9D4F86021002BB9D170
:10EE8000C4F86431012384F8783103A801F024FD2B
:10EE9000D4F864310E9A0693D4F83C3138468DF894
:10EEA0001C30D4F8603103A9039304960592F5F75A
:10EEB000D1FC069B2B6000F087FF0028D2D0B0E782
:10EEC000C4F86431012384F878310F4B9842A6D1FD
:10EED000AFE794F828316FF0860043F0020384F81E
:10EEE0002831A4E794F828316FF0880043F002033A
:10EEF00084F828319BE741F002016FF0890084F823
:10EF0000281194E7000140050002400538B5D0F80B
:10EF100020519DB1D0F82431104A23F47E1393423E
:10EF200015D00F4A93420BD06FF0850500F11804FD
:10EF30004FF4B272002120460AF06EFA284638BD1E
:10EF400000F118042046F8F76BF80025F0E700F10F
:10EF500018042046F5F73EFAF7E700BF0001400528
:10EF6000000240052DE9F04F00254FF4C07CD9B0D8
:10EF70009846689BCDE9095C1D6001F0FE43B3F142
:10EF8000A06FCDE90B55CDE90D5555D117468D4AEA
:10EF900021F0FF0393420C46064645D08A4A93422D
:10EFA00042D0A2F5885293423ED021F4FF7222F063
:10EFB0000102B2F1062F37D084498B4234D0844B02
:10EFC0009A4231D0210437D4F2F712F9002800F028
:10EFD000A781304609A90EF0D3F80546F2F714F9D7
:10EFE000F5B90D9B22464FF4807109A80C93FBF7ED
:10EFF0002DFB0546A0B9BDF82430BDF826A003F4CA
:10F00000E041B1F5005F1AD042F20402934233D0DE
:10F01000659B679A934294BF6FF086056FF08905F0
:10F02000284659B0BDE8F08F14F0FF03CCD0694AF0
:10F0300043F000739342C7D16FF08505F0E7C3F347
:10F04000022004284FEA1322DED184F0AA6383F45D
:10F05000807333F47E1300F0668184F0AA6383F436
:10F06000007333F47E1300F05E81659B679A9342D0
:10F0700013D96FF08905D3E784F0052282F480125A
:10F0800032F47E1200F02581659A67998A42F0D8A1
:10F09000C3F30223042B40F08F80DDE965234FF09A
:10F0A000000B13440193629B002B00F0F480649BDF
:10F0B000002B00F0F780669B002B7AD0002F7BD0CE
:10F0C000454A24F47E13934200F09080434A9342D1
:10F0D000B2D1434B23FA0BF3DB076DD5414B0FAD98
:10F0E0001B782846002B40F0CF8001F021FC042340
:10F0F0002B700DF160094FF48072002148460AF030
:10F100008BF9394B294603A8CDF80C900493F7F7F7
:10F1100063FF8146002800F0CA80284601F010FCF9
:10F1200031460AF1070205AED2080023304601F04D
:10F1300005F82E604FF00006019B29466B61629B2B
:10F140002F616B60639B85F82080AB61649B85F8C1
:10F1500021B0AB60669B85F82260EB60659B4846FA
:10F16000EB61EFF74DF800F02FFED9F800300546BF
:10F170001A7E012A40F0A1805E76002D7FF450AF08
:10F1800084F0AA6383F4807333F47E1307D084F091
:10F19000AA6383F4007333F47E1340F0BF80659B51
:10F1A000C4F305441C442846689B1C6059B0BDE864
:10F1B000F08F679B002B81D06FF08605284659B0F1
:10F1C000BDE8F08F000300060013000600090006EA
:10F1D00000040006FF000002000140050002400597
:10F1E00010F101006F6D002074150200544B23FADA
:10F1F0000BF3DA07E0D5534B0FAD1B782846002BF5
:10F200005FD101F055FB04232B700DF16009F4224E
:10F21000002148460AF000F94B4B294603A8CDF8D7
:10F220000C900493F5F7B6F8814600283FD02846A5
:10F2300001F046FB31460AF1070205AED208002371
:10F24000304600F07BFF019B29466B61629B2E607C
:10F250006B60639B2F61AB61649B85F82080AB6022
:10F26000669B85F821B0EB60659B4846EB61EEF745
:10F270009FFB00F0A9FDD9F8003005461A7E012A4F
:10F2800048D100225A7678E701F052FB01232B7017
:10F290002E4B6B602DE7639B002B8DD1649B002B65
:10F2A0007FF409AF659B002B3FF405AF84E76FF057
:10F2B0008805284659B0BDE8F08F4846F7F7B0FEFC
:10F2C0005BE701F0F5FA01238DF83C30204B1093F9
:10F2D0009BE7C4F3054BBBF1100F3FF66DAF659A8A
:10F2E00067985A4482423FF6C4AEB1F5005F7FF49E
:10F2F00063AF1A0A02F00703042B7FF45DAFDDE968
:10F3000065239B1801937FF4CEAEBBF1000F3FF451
:10F31000CAAE51E74846F5F75DF82EE72C4642E7BE
:10F320006FF083057CE6C4F3054BBBF1100F3FF68D
:10F3300043AF659B67995B449942DBD299E600BF76
:10F34000505501006F6D002088150200550E010018
:10F35000290D01002DE9F04F00244FF4C076D9B0FB
:10F360009946689BCDE90946CDE90B44CDE90D44AA
:10F37000002B4DD01C6001F0FE43B3F1A06F0D4691
:10F3800054D190468B4A21F0FF039342074645D063
:10F39000894A934242D0A2F5885293423ED021F44A
:10F3A000FF7222F00102B2F1062F37D083498B425F
:10F3B00034D0834B9A4231D0290437D4F1F718FF67
:10F3C000002800F0A081384609A90DF0D9FE0446B6
:10F3D000F1F71AFFF4B90D9B2A464FF4007109A802
:10F3E0000C93FBF733F90446A0B9BDF82620BDF80D
:10F3F0002430009203F4E042B2F5005F19D042F2EB
:10F4000004018B4233D0659B679A934200F27E8160
:10F410006FF08604204659B0BDE8F08F15F0FF0369
:10F42000CCD0684A43F000739342C7D16FF0850493
:10F43000F0E7C3F302210429E1D185F0AA6181F448
:10F44000807131F47E1100F0248185F0AA6181F48D
:10F45000007131F47E1100F01C81659B679A934224
:10F4600000F254819A46649B5344019315E085F061
:10F47000052181F4801131F47E1100F00A81659A32
:10F4800067998A4200F24281C3F30223042BBFD161
:10F4900092460024649B13440193629B002B00F06E
:10F4A000F380669B002BB3D0649B002B77D0B8F120
:10F4B000000FADD0444A25F47E13934200F08E80B5
:10F4C000424A9342B2D1424BE340DB07A0D5414BC5
:10F4D0000FAE1B783046002B40F0CF8001F028FAA9
:10F4E000042333700DF1600B4FF4807200215846F5
:10F4F00009F092FF384B314603A8CDF80CB00493C5
:10F50000F7F76AFD8346002800F0E880304601F0F6
:10F5100017FA009A3946073205AFD2080023384659
:10F5200000F00CFE37604FF00007649B3146B3607B
:10F53000019B86F821407361629B58467360639B10
:10F54000C6F81CA0B361669BC6F81080F36086F80D
:10F55000209086F82270EEF70BFF00F035FCDBF808
:10F56000003004461A7E012A40F0B4805F76002CF9
:10F570007FF450AF85F0AA6383F4807333F47E1375
:10F5800011D085F0AA6383F4007333F47E130AD09C
:10F5900000252046689B1D6059B0BDE8F08F659B33
:10F5A000002B84D034E7659BC5F305459D42EFD21F
:10F5B0005D1BEEE7000300060013000600090006CD
:10F5C00000040006FF0000020001400500024005A3
:10F5D00010F101006F6D0020741502004D4BE340E7
:10F5E000DA077FF515AF4C4B0FAE1B783046002B7A
:10F5F0007DD101F05DF9042333700DF1600BF4222D
:10F600000021584609F008FF444B314603A8CDF8C5
:10F610000CB00493F4F7BEFE8346002864D0304655
:10F6200001F04EF9009A3946073205AFD20800239F
:10F63000384600F083FD649B3146B360019B86F839
:10F6400021407361629B58467360639B3760B3616E
:10F65000669BC6F81CA0F360C6F8108086F8209060
:10F66000EEF75EFA00F0B0FBDBF8003004461A7EDD
:10F67000012A44D100225A7679E701F059F9012391
:10F680003370274B73602DE7639B002B3FF409AF6A
:10F69000BEE6C5F305446599102CA1EB040A3FF6BC
:10F6A000B7AE8C423FF6B4AE67998A452ED8B2F514
:10F6B000005F7FF4ADAEC3F30223042B7FF4A8AE4A
:10F6C000649B13EB0A0301937FF4E7AE002C3FF435
:10F6D000E4AE9DE65846F7F7A3FC48E7669B649ABC
:10F6E000934201D012F078F96FF0880492E601F0AD
:10F6F000DFF801238DF83C300A4B10937DE7584624
:10F70000F4F768FE33E76FF0830483E66FF0890453
:10F7100080E600BF505501006F6D00208815020083
:10F72000550E0100290D010010B50446F1F760FDEA
:10F7300040B104F110000BF027FC0446F1F764FD22
:10F74000204610BD6FF08304FAE700BF38B50446C9
:10F750000D46F1F74DFD48B104F1100029460BF0BC
:10F760000DFB0446F1F750FD204638BD6FF08304D1
:10F77000FAE700BF38B504460D46F1F739FD48B148
:10F7800004F1100029460BF003FB0446F1F73CFDA1
:10F79000204638BD6FF08304FAE700BF6FF08500A4
:10F7A000704700BF034670B5DC6886B015466846F2
:10F7B00018220E46194609F0F1FD04F0FE43B3F19C
:10F7C000A06F20D0224B2340B3F1707F10D00021D6
:10F7D0004FF0FF300494F2F787FAA8B3F1F708FD71
:10F7E00000BB6FF08304F2F7A7FA204606B070BDA5
:10F7F000184A24F47E13934203D0A2F580729342F8
:10F800000DD10393E3E7144A24F47E13934218D0F6
:10F8100002F58072934212D0104B9C42D7D06FF009
:10F820008504E2E72A46684606F110010BF06AFB00
:10F83000044608B100232B60F1F7E6FCD3E7084B40
:10F84000DFE7084B0393C2E76FF08304CDE700BF07
:10F850000000C07F0002C003000140050005100544
:10F86000000250050001500538B504460D46F1F779
:10F87000BFFC48B104F1100029460BF05DFA0446C4
:10F88000F1F7C2FC204638BD6FF08304FAE700BFF1
:10F89000F8B504460D4616461F46F1F7A9FC58B1C7
:10F8A00004F110003B46324629460BF08BFA044621
:10F8B000F1F7AAFC2046F8BD6FF08304FAE700BF19
:10F8C00070B504460D461646F1F792FC50B104F1AE
:10F8D0001000324629460BF0C3FA0446F1F794FCB7
:10F8E000204670BD6FF08304FAE700BF2DE9F047B2
:10F8F00000244FF4C0759846694BD4B09842CDE9C6
:10F900001245CDE91444CDE9164440F0BD800546CA
:10F910000E461746F1F76CFC002800F0B880304620
:10F9200012A90DF02DFC0446F1F76EFC002C40F0FE
:10F930008980169B2A464FF4804112A81593FAF746
:10F9400085FE044600287DD1BDF848A0BDF84A9048
:10F950000AF44F43B3F5824F0CBF534600232AF0FD
:10F96000FF0209F10705B2F5E24F4FEAD505DCB217
:10F9700040F08A8018A800F0F3FF4946504600F096
:10F9800065FA8DF86000002800F08480412C76D064
:10F990003B786C00042B04F1010475D1444573D10C
:10F9A0005D9B9D4270D80DF11808314600232A4610
:10F9B000404600F0C3FB0AAE39463A4F2246304675
:10F9C00001F0D4F93B782246002B3FD102AC20460F
:10F9D000354901F0D5F93B781C940EAC2046CDE9B1
:10F9E0001A86002B3CD1F7F72DFE042323701EAEA0
:10F9F000D8220021304609F00FFD2C4B21466846E5
:10FA000000960193F7F726FE0646002845D018A970
:10FA1000F7F762FE00F0C0F93B7804465BB950B9D5
:10FA2000B9F1FF0F2A460CBF1F4921495C9809F024
:10FA3000B5FC5E9B1D6033685A7F012A18D10022F5
:10FA400083F8D520204654B0BDE8F087194B02ACAE
:10FA500019682046C1E90559243101F091F9BAE746
:10FA6000F7F7F0FD01238DF83830134B0F93BEE705
:10FA70003046F7F721FE204654B0BDE8F087012359
:10FA80002C468DF8743089E76FF08604DAE76FF062
:10FA90008304D7E76FF08504D4E76FF08804D1E7DB
:10FAA000000002096F6D0020A46200205C6200204B
:10FAB000A562002048600020910E01006FF08500D3
:10FAC000704700BF70B588B0064604A80D4601F027
:10FAD0002BF8042302AC0021082220468DF81030B8
:10FAE00009F09AFC0C4B684604A9CDE9004301F0EB
:10FAF00039F870B13146EA00044601F05BF800F0D5
:10FB000057F9034620461C4601F04EF8204608B03F
:10FB100070BD6FF08804F9E7506200202DE9F047CE
:10FB20000588B0F8028005F4E043B3F5804F8AB051
:10FB300000F09680B8F1000F00F0928008F1070203
:10FB4000B2F5866F80F08F80B3F5805F04460E4675
:10FB50004FEAD2074BD0B3F5005F48D025F0FF0342
:10FB6000B3F5E24F02D0B3F5E44F76D141462846D3
:10FB700000F0AAF9002870D0D0F810A006A800F074
:10FB8000D3FF04230DF110090822002148468DF807
:10FB9000183009F041FC354B06A902A8CDF80890B1
:10FBA000039300F0DFFF814600284AD005F44F435D
:10FBB000B3F5824F02D1EDB23F2D45D850463A46BB
:10FBC0002B49F9F7F3FE2B4ACDF80080116848461F
:10FBD000294B274A01F0BEF800F0EAF805464846EE
:10FBE00000F0E2FF25B328460AB0BDE8F08706A87A
:10FBF00000F09AFF042304AD0822002128468DF866
:10FC0000183009F009FC194B06A902A802950393C4
:10FC100000F0A8FF8046A0B11749FA0000F0CAFF23
:10FC200000F0C6F80546404600F0BEFF002DDAD1D0
:10FC300033463A46204610490AB0BDE8F047FBF784
:10FC40009DB86FF08805CEE70A4BCDF800801968A3
:10FC50005246094B01F042F8BEE76FF08505C2E756
:10FC60006FF08605BFE76FF08C05BCE7506200209F
:10FC700060620020002D0020A462002010B5F1F782
:10FC800029FDF1F733FEC0B90446F3F771F8F4F734
:10FC900079FBF5F755FAF5F7F3FEF6F763FCF7F79E
:10FCA00099F9F7F7CDFCF8F717F9F8F70FFDF9F721
:10FCB000DDF900F049FF204610BD6FF09204FAE72D
:10FCC000053005289ABF034B53F820006FF08300DE
:10FCD000704700BF4816020000F12203222B13D800
:10FCE000DFE803F01B18181212121212121212126D
:10FCF00012121212121212121212121818122518BF
:10FD0000181815151B1E17006FF0830070476FF051
:10FD1000940070476FF0860070476FF09200704754
:10FD200000290CBF6FF083006FF0940070476FF0F4
:10FD300088007047821C29D0431C14DA10300D282B
:10FD400027D8012340F21D728340134211D113F0D2
:10FD5000E00F11D143F20202134214BF6FF0920080
:10FD60006FF0830070470AD0002818BF6FF083003F
:10FD700070476FF0860070476FF09400704700295D
:10FD80000CBF6FF083006FF0940070476FF0880035
:10FD900070476FF083007047283028289ABF034BC4
:10FDA00033F910006FF08300704700BFF4150200B4
:10FDB000203020289ABF034B33F910006FF08300E6
:10FDC000704700BFB0150200073007289ABF034BE9
:10FDD00053F820006FF08300704700BF90150200B9
:10FDE00000F44F43B3F5824F01D000207047C0B2FA
:10FDF00012280DD03028F8D1B1F5C07F21D0B1F54F
:10FE0000007F1CD0B1F5807F0CBF0520002070471B
:10FE1000B1F5C07F17D008D8E0290ED0A1F58071C8
:10FE2000B1FA81F149094800704740F20923C91A23
:10FE3000B1FA81F149098800704701207047072015
:10FE40007047062070470320704700BF00F44F43FF
:10FE5000B3F5824F01D000207047C0B2302817D0D0
:10FE600041280ED01228F6D1B1F5C07F2AD01BD878
:10FE7000E02921D0A1F58071B1FA81F1490948004A
:10FE80007047A1F1FF01B1FA81F14909C80070473B
:10FE9000B1F5C07F14D0B1F5007F0FD0B1F5807FF0
:10FEA0000CBF05200020704740F20923C91AB1FA9F
:10FEB00081F1490988007047012070470720704789
:10FEC000062070470320704700F44F43B3F5824F7C
:10FED0001AD1C0B2412825D00FD8122816D0302808
:10FEE00012D1B1F5C07F29D0B1F5007F2AD0B1F58C
:10FEF000807F164818BF00207047422804D1FF2990
:10FF0000134818BF0020704700207047B1F5C07F2C
:10FF10001AD00CD8E02913D0B1F5807F0D4818BF56
:10FF200000207047FF290C4818BF0020704740F29E
:10FF300009230A48994218BF0020704708487047B3
:10FF4000084870470848704708487047A01B0200DF
:10FF5000C016020068200200BC170200841C0200C8
:10FF60005C1A0200841F0200B8180200401E020042
:10FF7000003918BF01210170704700BF02780346A5
:10FF80001AB1002210461A7070474FF0FF307047C8
:10FF900001230370704700BFFEE700BFF0B585B0D6
:10FFA000F1F7C0F8124E0446357825B12046F1F736
:10FFB000C5F805B0F0BD4FF0FF3701A8F1F7F2F832
:10FFC0000C4A01AB19210C488DF80C500297F1F73F
:10FFD000CDF801210948FFF7CBFF29460848FFF774
:10FFE000C7FF012320463370F1F7A8F805B0F0BD34
:10FFF000706D002099FF01002C63002090630020A9
:020000022000DC
:1000000040630020014608B50348FFF7B7FFB0FA88
:1000100080F0400908BD00BF906300200148FFF751
:10002000B7BF00BF9063002038B5F1F77BF80A4DE9
:1000300004462B7823B12046BDE83840F1F77EB85E
:1000400001210648FFF794FF012320462B70BDE8ED
:100050003840F1F773B800BF716D0020E0630020F5
:10006000014608B50348FFF789FFB0FA80F0400960
:1000700008BD00BFE06300200148FFF789BF00BF53
:10008000E063002070B5F1F74DF80B4D04462E7873
:1000900026B12046BDE87040F1F750B8012107486D
:1000A000FFF766FF0123064A204616702B70BDE855
:1000B0007040F1F743B800BF736D0020306400203A
:1000C000726D0020014608B50348FFF757FFB0FAEC
:1000D00080F0400908BD00BF3064002038B50C48EE
:1000E000FFF756FFF1F71EF80A4D04462B7823B9A7
:1000F0002046BDE83840F1F721B82920F1F774F81F
:10010000002320462B70BDE83840F1F717B800BF38
:1001100030640020726D002008B500210548FFF70B
:100120002DFF10B10122044B1A70B0FA80F0400983
:1001300008BD00BF30640020726D0020844600B509
:100140004FF0280E8CF800E00020CCE90121CCF81B
:100150000C305DF804FB00BF406870478068704752
:100160004088704742B103461144024411F801CD62
:1001700003F801CB9342F9D1704700BF30B4029D20
:1001800041EA0272073142F0807405F1040CCA089A
:1001900063B92C6042B1131D1044EA1810F8013DF8
:1001A0000CF8013B9445F9D130BC704701462C60F6
:1001B000604630BC09F0F2B82DE9F8431B07099EF0
:1001C00043EA02639DF820E00B43CF1D0C46154621
:1001D000814606F1040CFF084FEA02683360BEF165
:1001E000000F0ED13844FFB33A1D3244431C13F8BC
:1001F00001ED0CF801EB9445F9D1022D1CD0BDE8BE
:10020000F88360463A46494609F0C8F8022DF6D10F
:1002100004F11F0048F48038400948EA0403013023
:1002200046F8203006EB80003A4609EB070104301F
:10023000BDE8F84309F0B2B804F11F0348F4803870
:100240005B0948EA0402013346F8232006EB8303E6
:100250007A1C043302441F4412F8011D03F8011BE9
:100260009F42F9D1BDE8F883022AC8D148F480330F
:100270000B437360C3E700BFF8B5069F05461646FB
:10028000A3B904223B4603F8012BCA1DD2080CD0A7
:1002900002F1040C8444501C38441CF801ED03F8AE
:1002A00001EB8342F9D1022E14D0F8BD01F11F04F5
:1002B0006409A40022463846291D09F06FF8022E71
:1002C000F3D104F10801224629443819BDE8F84069
:1002D00009F064B801F11F035B0902EB83030833E3
:1002E0002B44024413F8011D00F8011B8242F9D18E
:1002F000F8BD00BFF8B5CD1D0F460646069CED08BB
:10030000CAB905F1030CADB12A1D0244581912F8FF
:10031000011D03F8011B9842F9D11F377F090CEB2F
:10032000870305333344254413F8012D04F8012BCA
:10033000A542F9D1F8BD2A46311D184609F02EF81C
:1003400007F11F01490902312A46204606EB8101C7
:10035000BDE8F84009F022B82DE9F04F03F11F067F
:1003600085B00E9F7609013603F107081D460C463D
:1003700007F1040E4FEAD8084FEA860907EB860A10
:10038000002A40D1A9F10403434599464FF4007275
:1003900028BFC1467A8009F1FF325FFA85FB0292DD
:1003A000C5F307250AF10402A3EB090387F800B09F
:1003B0007D700192B9F1000F3DD0F44609F10408B7
:1003C00000EB090107EB080011F8012D0CF8012BD7
:1003D0006045F9D1002B43D1029A144440F2012226
:1003E00007F826B0AAF80220019A8AF801500134D1
:1003F000D04414F8011D02F8011B9045F9D133BB1C
:1004000005B0BDE8F08F43F00073014642467046E8
:100410003B6008F0C3FF4246214609F1040045F065
:10042000007545F48035384447F8265005B0BDE8DE
:10043000F04F08F0B3BF43451DD840F2012207F842
:1004400026B08AF80150AAF80220002BD8D01A460C
:1004500000210198484405B0BDE8F04F08F0DCBF2A
:100460001A4600210EEB0900039308F0D5FF029B0A
:100470001C44039BB2E71A4670464946029308F0B3
:10048000CBFF40F2012207F826B0029B8AF8015008
:10049000AAF80220DBE700BF2DE9F04F0027160184
:1004A00001F11F0201F10708520992004FEAD80832
:1004B00042459F70174628BF474602F1040A46F09E
:1004C00002065FFA81FBC1F30725F6B203EB0A09C6
:1004D00085B01C46DE7083F800B05D70191D09F10F
:1004E000040300937B1E0290D21B0193002F4AD07D
:1004F00086467346084607F1040C3B4404EB0C0E99
:10050000039613F8016D00F8016B8645F9D1039E3F
:10051000CAB9019B02999844012304F80AB04144E6
:1005200089F8015089F8036089F80230009BCC44B7
:10053000013111F8010D03F8010B9C45F9D1D2B935
:1005400005B0BDE8F08FC8190021039208F064FFE0
:10055000019B02999844012304F80AB0039A89F890
:10056000015089F80360414489F80230002FE6D039
:1005700007F1040CDAE700210098384405B0BDE823
:10058000F04F08F049BF9045DDD3012304F80AB0CD
:1005900089F8015089F8036089F80230CFE700BF7D
:1005A000120130B542F0010401F11F02DC70520962
:1005B000CC1D9200E40894424FF0000528BF144679
:1005C0001970090A9D7059701D1D54B1294600EB20
:1005D000040C201D03441CF801ED01F801EB9942C5
:1005E000F9D1121B00D130BD28190021BDE83040DF
:1005F00008F012BF08B5FFF7D1FC0122014B1A70B9
:1006000008BD00BF746D0020F8B5164604460F46BD
:10061000F0F788FD0E4B1A78034692B1657E85B9D6
:1006200001236376F0F78AFD022F18BF0026A57616
:100630002776E576266025771020EFF72BFE2846F3
:10064000F8BD1846F0F77AFD4FF0FF30F8BD00BF57
:10065000746D00200346002210205A76EFF7E8BEA2
:1006600038B50446F0F75EFDE37E3BB903F0FF05C5
:100670000123E376F0F762FD284638BDF0F75EFD12
:100680004FF0FF3038BD00BF034610B50C4603489D
:10069000596807F005F9024BDC6210BD50000C40B0
:1006A00000000C4003460248596807F0F9B800BF43
:1006B00050000C402DE9F04300234FF4C0758768CB
:1006C00093B08846044604A938469146CDE90553BF
:1006D000CDE90733049309930393F0F707FF00284C
:1006E00056D1064604A8FFF737FD050A012D23D091
:1006F00020462022CDF80490CDF8008003AB0AA953
:10070000F0F702FE044648B188343ED06FF005048D
:10071000012D0BD0204613B0BDE8F0830398A0B99B
:100720001D480AA907F0BCF8012DF3D1F1F704FB2D
:10073000204613B0BDE8F08331463046F1F7D4FAD5
:100740000028D5D16FF00104E4E722460121F1F73A
:100750003FFC38B16FF005043846F0F76BFE002817
:10076000D4D1D5E7224621460420F1F7F3FA002838
:10077000F0D1F1F737FB04460028EBD1074BDB69DA
:1007800003F01C031C2BE5D1E6E76FF00404BFE780
:100790006FF00504BEE700BF50000C4000000C40A5
:1007A000704700BF70B504460D46F0F7BBFCE37E12
:1007B0007BB903F0FF060123E376F0F7BFFC95E871
:1007C0000F00B64604F1040C8CE80F006661704619
:1007D00070BDF0F7B3FC4FF0FF3EF8E7704700BF85
:1007E000B2F5805F8CBF002001207047704700BFCA
:1007F000037F10B504463BB96FF00202002362612B
:10080000E376A27E32B910BD002301202377EFF7F3
:100810001BFDF1E7A376BDE81040FFF7FFBB00BF6B
:1008200084460B4610B5144661461A460548F0F753
:10083000C3FC21461920F0F7D9FCBDE8104019206F
:1008400010F054BD2C630020044B10B5044619620F
:100850000120EFF7D5FC0123237710BD00000C40E9
:1008600010B400210F24094A1162C2F80411C2F821
:100870001441027F12B95DF8044B704703465DF8DE
:10088000044B01201977EFF7DFBC00BF00000C40DC
:100890008446024B0FCB8CE80F00704760160200B5
:1008A0001822002108F0B8BD0C22002108F0B4BDC8
:1008B0008446024B0FCB8CE80F0070477016020085
:1008C0002422002108F0A8BD0822002108F0A4BDC0
:1008D0000C22002108F0A0BD1422002108F09CBDCC
:1008E0008446024B0FCB8CE80F0070478016020045
:1008F0001022002108F090BD8446024B0FCB8CE8FB
:100900000F007047901602001422002108F084BDE9
:100910000C22002108F080BD8446024B0FCB8CE8EE
:100920000F007047A01602001022002108F074BDCD
:100930008446024B0FCB8CE80F007047B0160200C4
:100940002422002108F068BD0822002108F064BDBF
:100950000C22002108F060BD1422002108F05CBDCB
:10096000002343608360C36003610375704700BF69
:100970008446024B0FCB8CE80F00704774210200B5
:100980001C22002108F048BD1822002108F044BDB7
:100990008446024B0FCB8CE80F0070478421020085
:1009A0000C22002108F038BD1C22002108F034BDC3
:1009B0001822002108F030BD0346024A07CA83E826
:1009C000070070479421020000232DE9F043B2F59F
:1009D000803F83B0066801935DD805460F46014607
:1009E00070681446F1F780F9002859D07068FFF755
:1009F00069FB002852D0032C25D9A20738460CBF2A
:100A0000A04624F003084146F1F7EAFF264B2A46A8
:100A100093F8009000214846F1F79CF9C0BBF1F72C
:100A2000E1F9A8BBF1F746FA10F0FF0630D1032C2C
:100A30000ED9A30712D1FFF751FBF1F77DF930462C
:100A400003B0BDE8F0834FF004080DEB0800DAE7CF
:100A50002246384601A908F0A1FCECE7A4EB080403
:100A6000214601A8F1F7BCFF2A4631464846F1F776
:100A700071F968B9F1F7B6F950B9F1F71BFAC0B2DC
:100A800030B9224601A957FA88F008F087FCD2E76E
:100A90004FF0FF36CFE76FF00206D0E7F1F74CF9E1
:100AA0006FF00106CBE700BFC22102002DE9F04F35
:100AB00083B0DDF830A080B30C4671B3B2F5801F6F
:100AC00017462AD222B34FF00209064602F1070B5D
:100AD00098460BF0070309FA03F909F1FF394FEAC9
:100AE000DB0B5FFA89F95A4621463046FFF76CFF67
:100AF00005462078434609EA000020700022394666
:100B00002046CDF800A0F8F767FF45B90028EAD0E5
:100B10000025284603B0BDE8F08F6FF00205284697
:100B200003B0BDE8F08F00BF844610B5044C054B00
:100B300094F800E00FCB8CE80F008CF800E010BDBB
:100B4000C2210200B021020010B5054C23780BB180
:100B5000002010BDF0F7BEFD01230020237010BD62
:100B6000756D002070B5066804460D46F0F7DAFA98
:100B7000337873B901233370F0F7E0FAF0F7B6FE7B
:100B800048B955B1EB6873602B78012B03D0204630
:100B900070BDF0F7D3FA002070BD024B2046DB6831
:100BA0007360F5E7B021020010B1002203681A70EB
:100BB000704700BF2DE9F04F83B0002851D00D469B
:100BC00000294ED0B2F5801F4BD2002A79D00224E2
:100BD0000023073202F007018C40013CB2F1081FEC
:100BE0000646D0F800804FEAD2070193E4B26AD2F9
:100BF0000146D8F80400F1F777F8002868D0D8F853
:100C00000400FFF75FFA002860D0032F2FD84FF0C1
:100C100004090DEB09004946F1F7E2FE2E4B32467E
:100C200093F800A000215046F1F794F8002845D130
:100C3000F1F7D8F8002841D1F1F73CF910F0FF089E
:100C40003CD1032F1AD9BB071ED1FFF747FAF1F7A2
:100C500073F840467A1EAB5C1C40AC5403B0BDE850
:100C6000F08F6FF00208404603B0BDE8F08FBA077E
:100C700028460CBFB94627F00309CCE73A46284678
:100C800001A908F08BFBE0E7A7EB090B594601A887
:100C9000F1F7A6FE324641465046F1F75BF868B9D7
:100CA000F1F7A0F850B9F1F705F9C0B230B95A46DA
:100CB00001A955FA89F008F071FBC6E74FF0FF383B
:100CC000C3E79046CFE76FF00208C2E7F1F734F8C8
:100CD0006FF00108BDE700BFC22102002DE9F04F0F
:100CE00085B00E9D80B3994673B3B5F5801F2BD2A6
:100CF0002DB34FF002088B468246EB1D174603F0DA
:100D0000070208FA02F8DB0808F1FF385E1E5FFAF6
:100D100088F84E4403934946039A5046FFF754FE21
:100D2000044631785B4608EA010131700122294608
:100D300048460097F8F750FE44B90028EBD000244D
:100D4000204605B0BDE8F08F6FF00204204605B0E4
:100D5000BDE8F08F10B48C4614461946019A6346DC
:100D600001945DF8044BFFF7A1BE00BF03464FF0AE
:100D7000020C0020C3E9011283F800C0704700BFD5
:100D800003464FF0040C0020C3E9011283F800C0B1
:100D9000704700BF2DE9F0474FF00009D0F8008000
:100DA0008AB0B8F82C5006460F46D2E90010CDF8AC
:100DB0002490F9F74DFA052D00F0978040F20513C5
:100DC0009D4200F0AC8040F205239D428246D8F857
:100DD000081077D040F205339D4219D13D680520B7
:100DE000296009AA2946F8F753FE044660B951461E
:100DF000D8F804200998FDF773FB0446002800F09A
:100E00008C802846F8F7A2FE20460AB0BDE8F0879D
:100E1000052009AAF8F7CAFE40F605139D420446CC
:100E200000F09C8040F605239D421DD040F605331E
:100E30009D4200F0B0800028E6D140F205639D425B
:100E400000F0C08027D840F205439D4200F0AE80FC
:100E500027D940F205539D4223D1D6E902120998C1
:100E6000FDF710FE0446CFE7D8F808203B681A606B
:100E70000028C9D1D6E90231FA68CDE900310998D4
:100E8000B96807F10C03FDF77DFF0446002844D044
:100E9000C7F80C90B8E740F605039D4200F0998032
:100EA00005D96FF0850420460AB0BDE8F08740F20E
:100EB00005739D42F5D1D6E902120998FDF718FD98
:100EC0000446A1E73D680520296009AA2946F8F7EC
:100ED000DFFD0446002897D15146D8F80420099830
:100EE000FDF7CCF90446C0B18BE77C68D8F8283010
:100EF000D8F8041005943C6808F118020494F468CA
:100F00000394B468029474690194346900943C1D9C
:100F10000694FEF727F80446D0B9002474E77C68ED
:100F2000D8F82830D8F8041005943C6808F1180265
:100F30000494F4680394B468029474690194346965
:100F400000943C1D0694FEF705FA04460028E4D000
:100F50002046C7F804900AB0BDE8F087D8F808200A
:100F60003B681A6000287FF44FAFD7E9023107F1E0
:100F70000C0202927A69CDE900310998396907F1CA
:100F80001403FDF751FE04460028C6D0C7F80C90A4
:100F9000C7F8149038E73D68D8F808302B6000286F
:100FA000BBD10998FDF7B2FF04462AE709983B1D1B
:100FB000D7E90012FDF7B6FD04460028ADD00023A6
:100FC0007B6021E70998D8E90412FDF715F904467A
:100FD0001AE73C46D6E902127B680998009354F858
:100FE000043B0194FDF7B2FB0446002895D0E6E7E8
:100FF00070B504460D46D2E9001084B02668F9F7B2
:1010000027F940F20622B38D934233D00FD8062B36
:1010100020D0B3F5837F19D1D4E904327168CDE9CA
:101020000032D4E90223FBF743FB04B070BD40F269
:10103000063293420AD1D4E904327168CDE9003214
:10104000D4E90223FBF7CAFD04B070BD6FF0850040
:1010500004B070BD2B1D716802936B6801932B68FF
:101060000093D4E90223FBF75FF980B100236B60A2
:1010700004B070BD2B1D716802936B6801932B68DF
:101080000093D4E90223FBF795FC0028EED1002061
:1010900004B070BD70B5066804460D46D2E9001074
:1010A00086B0F9F7D5F8B38D072B1BD040F20712A5
:1010B000934213D12B1D716804936B6803932B68C3
:1010C00002936369019323690093D4E90223FBF738
:1010D000ADFEC0B100236B6006B070BD6FF085003F
:1010E00006B070BD2B1D716804936B6803932B6869
:1010F00002936369019323690093D4E90223FBF708
:1011000091FE0028E6D1002006B070BD2DE9F04721
:101110000027066886B0B6F82CA005468846D2E9B6
:1011200000100597F9F794F8BAF1040F00F08680E3
:10113000BAF5827F00F0AE80BAF5017F8146B168D2
:1011400053D0BAF5417F16D1D8F80050012029605C
:1011500005AA2946F8F79CFC044640B9494672683E
:101160000598FCF719FC044600283AD100242046D3
:1011700006B0BDE8F087012005AAF8F717FD40F298
:1011800004739A45044670D040F604039A451ED075
:101190000028ECD140F204539A4500F08E803ED9ED
:1011A00040F204639A4534D1D5E902124446D8F896
:1011B00004300598009354F8043B0194FCF750FE6A
:1011C00004460028D2D00023C8F80430CFE7D8F86E
:1011D0000050B3682B600028C8D10598FCF7FCFECE
:1011E00004462846F8F7B2FCC1E7D8F800500120C1
:1011F000296005AA2946F8F74BFC04460028B6D119
:10120000494672680598FCF747FA04460028ADD0B5
:10121000E7E76FF08504204606B0BDE8F08740F2AE
:1012200004439A45F5D1D8E90012059808F1040362
:10123000FCF7A2FD04460028C5D197E7D8F8043092
:1012400071680193D8F80030009308F10403029309
:10125000D5E90223FBF7EEFD0446002886D02046A0
:10126000C8F8047006B0BDE8F087B268D8F800305E
:101270001A6000287FF47BAFD8E90212059808F1C4
:101280000C03FCF701FF044600283FF46FAFC8F8D9
:101290000C706CE7D8F8043071680193D8F800300E
:1012A000009308F104030293D5E90223FCF74CF8FC
:1012B000044600283FF45AAFD1E70598D5E9021259
:1012C000FCF7EAFC044652E72DE9F0434FF0000931
:1012D000D0F8008085B0B8F82C600546022E0F4685
:1012E000CDF8089070D0B6F5817F7FD040F2022310
:1012F0009E42D8F8082026D01146032002AAF8F70B
:1013000055FC40F202539E4204462FD040F2026345
:101310009E424CD040F202739E423AD078B940F2DD
:1013200002439E4270D000F2848040F202339E421B
:101330007FD1D5E902120298F9F772FE04462046E1
:1013400005B0BDE8F0830D6803202A60294602AA93
:10135000F8F79EFB04460028F1D1D8F80410029853
:10136000F9F7FEFD0446F0B90024E8E7D8F80820B4
:101370003B681A600028E2D1D7E90212029807F10F
:101380000C03F9F76BFE04460028EDD0C7F80C906B
:10139000D5E73D68D8F808302B600028E4D10298E2
:1013A000F9F7C4FD04462846F8F7D0FBC7E7D8F89C
:1013B00008203B681A600028C1D1D5E902120298C2
:1013C000F9F7A2FE0446BAE70C464B68D8F80400C9
:1013D000009354F8043BD5E902120194F9F768FF31
:1013E00004460028C0D0C7F80490A8E7D5E9043423
:1013F000D8F80400D5E902120094FAF727F8044659
:10140000204605B0BDE8F083AB683D681B682946FF
:10141000039003AA03202B60F8F73AFB0446002848
:101420008DD1DDE90201FAF78BF80446002886D059
:10143000B9E76FF0850482E70000000070FFFFFF4E
:1014400076FFFFFF7CFFFFFF79FFFFFFEDF200005B
:10145000C9F200008DF2000065F2000045F20000C4
:1014600005F20000C9F100005369676E617475727E
:101470006531000012000000FFFFFFFF0C040000B8
:1014800032000000FF0000004549503133305F4119
:1014900049430000000001000000000000000000BF
:1014A000000000000000000000000000000000003C
:1014B000000000000000020000000000000000002A
:1014C000000000000000000000000000000000001C
:1014D0000000000000000300010000000100000007
:1014E00000000000000000000000000000000000FC
:1014F00000000000000000000000000002000000EA
:1015000000000000000000000000000000000000DB
:1015100000000000000000000000000003000000C8
:10152000404080801C0000002000000030000000CF
:101530004000000014000000140000000000000043
:10154000000000001C00000020000000300000002F
:10155000400000001C00000020000000000000000F
:10156000000000001C00000020000000300000000F
:1015700040000000FF000000FF000000FF0000002E
:10158000FF000000FF000000FF000000FF0000005F
:101590007AFFFFFF78FFFFFF78FFFFFF6BFFFFFF82
:1015A00077FFFFFF6DFFFFFF7CFFFFFF00000000E4
:1015B00079FF7CFF7CFF7CFF7CFF7CFF7CFF7CFF56
:1015C0007CFF7CFF7CFF7CFF7CFF7CFF7CFF7CFF43
:1015D0007CFF7CFF7CFF7CFF7CFF7CFF7CFF7CFF33
:1015E0007CFF7CFF7CFF7CFF77FF79FF6DFF7CFF3A
:1015F0000000000079FF79FF79FF79FF79FF79FF1B
:1016000079FF79FF6DFF7CFF7CFF7CFF7CFF7CFF17
:101610007CFF7CFF7CFF7CFF7CFF7CFF7CFF7CFFF2
:101620007CFF7CFF7CFF7CFF7CFF7CFF7CFF7CFFE2
:1016300079FF79FF77FF78FF78FF78FF78FF78FFF1
:101640006DFF7CFF0000000078FFFFFF7AFFFFFFC7
:1016500077FFFFFF6DFFFFFF7CFFFFFF0000000033
:101660000200000000000000FFFFFFFF000000007C
:101670000200000000000000FFFFFFFF000000006C
:101680000201000000000000FFFFFFFF000000005B
:101690000200000000000000FFFFFFFF000000004C
:1016A0000200000000000000FFFFFFFF000000003C
:1016B0000200000000000000FFFFFFFF000000002C
:1016C000040000005017020008170200E416020090
:1016D0002C170200080000002000000098170200EC
:1016E00074170200A3785913CA4DEB75ABD841416A
:1016F0004D0A700098E879777940C78C73FE6F2B9C
:10170000EE6C035200000000ECFFFFFFFFFFFFFF45
:10171000FFFFFFFFFFFFFFFFFFFFFFFFFFFFFFFFD9
:10172000FFFFFFFFFFFFFF7F00000000EDD3F55C30
:101730001A631258D69CF7A2DEF9DE1400000000EE
:101740000000000000000000000000100000000089
:10175000EDFFFFFFFFFFFFFFFFFFFFFFFFFFFFFFAB
:10176000FFFFFFFFFFFFFFFFFFFFFFFFFFFFFF7F09
:1017700000000000586666666666666666666666AF
:1017800066666666666666666666666666666666F9
:1017900066666666000000001AD5258F602D56C962
:1017A000B2A7259560C72C695CDCD6FD31E2A4C0E8
:1017B000FE536ECDD3366921000000000300000007
:1017C0004C1802002818020004180200E01702005A
:1017D00001000000200000009418020070180200B0
:1017E000EDD3F55C1A631258D69CF7A2DEF9DE142D
:1017F00000000000000000000000000000000010D9
:1018000000000000010000000000000000000000D7
:1018100000000000000000000000000000000000C8
:101820000000000000000000066D0700000000003E
:1018300000000000000000000000000000000000A8
:10184000000000000000000000000000EDFFFFFFAE
:10185000FFFFFFFFFFFFFFFFFFFFFFFFFFFFFFFF98
:10186000FFFFFFFFFFFFFFFFFFFFFF7F0000000004
:10187000D9D3CE7EA2C5E929B2617C6D7E4D3D9261
:101880004CD148772CDD1EE0B486A0B8A119AE205B
:10189000000000000900000000000000000000003F
:1018A0000000000000000000000000000000000038
:1018B0000000000000000000010000009C19020070
:1018C0005C1902001C190200DC1802000100000073
:1018D000400000001C1A0200DC1902006900A99CEB
:1018E000829687B5DDDA5D0881D3B11D4710AC7FE4
:1018F000196186411926A94C415C3E557008337028
:10190000CA9C63D60ED2C9B3B38D30CB07FCC933A2
:10191000AEE6D43F8BC4E9DBB89DDDAA23F7168081
:1019200063BD0928DDE5BA5EB7504098673E08DC24
:10193000CA94FC774DACC1E7B9C7F22BA717117F4A
:10194000B5C89A8BC9F12E0AA13A25A85A5DED2D8A
:10195000BC6398EACA4134A81016F93DCA94FC77D2
:101960004DACC1E7B9C7F22BA717117FB5C89A8B49
:10197000C9F12E0AA13A25A85A5DED2DBC6398EA5B
:10198000CA4134A81016F93D8DDDCB94C54C23AC6B
:10199000457132E2893B608B31A33078F3483A5885
:1019A0005660AA2885C6822D2FFF8128E680A3E6EF
:1019B0002AA1CDAE4268C69B009B4D7D7108337055
:1019C000CA9C63D60ED2C9B3B38D30CB07FCC933E2
:1019D000AEE6D43F8BC4E9DBB89DDDAA9208D83AC5
:1019E0000F1ECD780654F0A82F2BCAD1AE63278ADC
:1019F000D84BCA5B5E485F4A49DEDCB211811F8862
:101A00005BC500A01A7BA52400F709F2FD2278CF60
:101A1000A9BFEAC0EC3263565D38DE7D22F8B9BC5E
:101A20000922358B685E6A4047506D7C5F7DB993B3
:101A30007B68D1508DD4D0E2781F3BFF8E09D0F463
:101A4000EE623BB4C116D9B5709FED85936A4C9C8C
:101A50002E32215A64D92ED8BDE4AE810100000097
:101A6000101B0200E01A0200B01A0200801A0200E5
:101A70000100000030000000701B0200401B02004B
:101A8000656504E90232883B10C37F6BAFB63ACF7D
:101A9000A72504AC6C6E161FB35654ED09712F15B3
:101AA000DF41E6507E6F5D0F286D38A3821EB98C32
:101AB000114C50FA9686B73A94C9DB950239B47C3A
:101AC000D562EB3EA50E882EA6D2DC07E17DB72FAE
:101AD0007C44F01654B5398B2628CE22DDC7A804E5
:101AE0002628CE22DDC7A804EBD43A504A81A58A25
:101AF0000FF991BAEF6591138727B24F8EA2BEC23C
:101B0000A0AF05CE0A08723C0C158C3DC682C37B83
:101B100053EC073113004787711A1D9029A7D3ACE6
:101B20002311B77F19DAB112B45654ED09712F158C
:101B3000DF41E6507E6F5D0F286D38A3821EB98CA1
:101B400015533C2641038242118191772146460E6E
:101B5000282991F94F059CE16458ECFE290BB762E6
:101B600052D5CF958EEBB15CA4C2F920751DBE8A0B
:101B70001EAFD447E2B287EFAA46D63634E026E855
:101B8000E810BD0CFECA7FDBE34FF17EE7A3478878
:101B90006B3FC1B7813AA6A2FF45CF68F0641C1D18
:101BA00001000000241C0200041C0200E41B0200CF
:101BB000C41B02000100000020000000641C0200A1
:101BC000441C0200A7564897820E1E90F7A661B5E6
:101BD000A37A398C718D839D900A663EBCA9EEA1D3
:101BE000DB57FBA9B6078CFF18DCCC6BCEE1F75CAA
:101BF00029168495BF7CD7BBD9B530F3444B4AE94D
:101C00006C5CDC26D9B530F3444B4AE96C5CDC26CD
:101C1000C15580FBE7FF7A413075F6EE57302CFC5A
:101C200075095A7D77536E1F1D481320282026D52D
:101C300023F63B6E728D839D900A663EBCA9EEA191
:101C4000DB57FBA99769042FC7541D5C548EED2DFB
:101C5000134577C2C91D61141A46F897FDC4DAC34B
:101C600035F87E546232CE9ABD53443AC223BDE366
:101C7000E127DEB9AFB781FC2F484B2CCB577ECB89
:101C8000B9AED28B01000000741D0200301D0200AD
:101C9000EC1C0200A81C0200010000004200000031
:101CA000FC1D0200B81D0200096438911EB76FBB0D
:101CB000AE479C89B8C9B53BD0A509F74801CC7F90
:101CC0006B962FBF83878651FAFFFFFFFFFFFFFF51
:101CD000FFFFFFFFFFFFFFFFFFFFFFFFFFFFFFFF14
:101CE000FFFFFFFFFFFFFFFFFF010000003F506B02
:101CF000D41F45EFF1342C3D88DF733507BFB13B6E
:101D0000BDC052167B937EEC51391956E109F18E14
:101D10009189B4B8F315B3995B72DAA2EE4085B637
:101D2000A0219A921F9A1C8E61B93E955100000025
:101D3000FCFFFFFFFFFFFFFFFFFFFFFFFFFFFFFFB6
:101D4000FFFFFFFFFFFFFFFFFFFFFFFFFFFFFFFFA3
:101D5000FFFFFFFFFFFFFFFFFFFFFFFFFFFFFFFF93
:101D6000FFFFFFFFFFFFFFFFFFFFFFFFFFFFFFFF83
:101D7000FF010000FFFFFFFFFFFFFFFFFFFFFFFF6F
:101D8000FFFFFFFFFFFFFFFFFFFFFFFFFFFFFFFF63
:101D9000FFFFFFFFFFFFFFFFFFFFFFFFFFFFFFFF53
:101DA000FFFFFFFFFFFFFFFFFFFFFFFFFFFFFFFF43
:101DB000FFFFFFFFFF0100005066D19F7694BE88B1
:101DC00040C272A286703C356107AD3F01B950C573
:101DD0004026F45E9972EE972C663E2717BDAF172A
:101DE00068449B574944F598D91B7D2CB45F8A5CA5
:101DF00004C03B9A786A29391801000066BDE5C223
:101E0000317E7EF99B426A85C1B34833DEA8FFA2CA
:101E100027C11DFE2859E7EF775E4BA1BA3D4D6BF8
:101E200060AF28F821B53F053981649C42B4952301
:101E300066CB3E9ECDE90404B7068E85C600000041
:101E400001000000F41E0200C41E0200941E0200E5
:101E5000641E02000100000030000000541F020058
:101E6000241F02007329C5CC6A19ECEC7AA7B0488C
:101E7000B20D1A58DF2D37F4814D63C7FFFFFFFF06
:101E8000FFFFFFFFFFFFFFFFFFFFFFFFFFFFFFFF62
:101E9000FFFFFFFFEF2AECD3EDC8852A9DD12E8AE4
:101EA0008D3956C65A8713508F081403124181FE8C
:101EB0006E9C1D18192DF8E36B058E98E4E73EE241
:101EC000A72F31B3FCFFFFFF00000000000000005F
:101ED000FFFFFFFFFEFFFFFFFFFFFFFFFFFFFFFF13
:101EE000FFFFFFFFFFFFFFFFFFFFFFFFFFFFFFFF02
:101EF000FFFFFFFFFFFFFFFF0000000000000000EA
:101F0000FFFFFFFFFEFFFFFFFFFFFFFFFFFFFFFFE2
:101F1000FFFFFFFFFFFFFFFFFFFFFFFFFFFFFFFFD1
:101F2000FFFFFFFF5F0EEA907C1D437A9D817E1DBF
:101F3000CEB1600AC0B8F0B51331DAE97C149A2842
:101F4000BD1DF4F829DC9292BF989E5D6F2C2696F9
:101F50004ADE1736B70A7672385E543A6C2955BF96
:101F60005DF20255382A5482E041F759989BA78BBD
:101F7000623B1D6E74AD20F31EC7B18E37058BBE5C
:101F800022CA87AA0100000008200200E81F020000
:101F9000C81F0200A81F0200010000001C00000072
:101FA00048200200282002003D2A5C5C4529DD1300
:101FB0003EF0B8E0A216FFFFFFFFFFFFFFFFFFFFAD
:101FC000FFFFFFFF00000000B4FF552343390B273C
:101FD000BAD8BFD7B7B04450563241F5ABB3040CB2
:101FE000850A05B400000000FEFFFFFFFFFFFFFFB2
:101FF000FFFFFFFFFEFFFFFFFFFFFFFFFFFFFFFFF2
:10200000FFFFFFFF000000000100000000000000D3
:1020100000000000FFFFFFFFFFFFFFFFFFFFFFFFCC
:10202000FFFFFFFF00000000347E00859981D5444A
:102030006447075AA07543CDE6DF224CFB23F7B572
:10204000886337BD00000000211D5C11D68032344A
:102050002211C256D3C1034AB99013327FBFB46B69
:10206000BD0C0EB70000000001000000F8200200C7
:10207000D4200200B02002008C20020001000000E9
:1020800020000000402102001C210200512563FCB9
:10209000C2CAB9F3849E17A7ADFAE6BCFFFFFFFFE3
:1020A000FFFFFFFF00000000FFFFFFFF0000000038
:1020B0004B60D2273E3CCE3BF6B053CCB0061D65FC
:1020C000BC86987655BDEBB3E7933AAAD835C65A85
:1020D00000000000FCFFFFFFFFFFFFFFFFFFFFFF0F
:1020E00000000000000000000000000001000000EF
:1020F000FFFFFFFF00000000FFFFFFFFFFFFFFFFEC
:10210000FFFFFFFF000000000000000000000000D3
:1021100001000000FFFFFFFF00000000F551BF3786
:102120006840B6CBCE5E316B5733CE2B169E0F7CFC
:102130004AEBE78E9B7F1AFEE242E34F000000006D
:1021400096C298D84539A1F4A033EB2D817D037751
:10215000F240A463E5E6BCF847422CE1F2D1176BEC
:10216000000000000200000000000000FFFFFFFF71
:10217000000000000200000000000000FFFFFFFF61
:10218000000000000200000000000000FFFFFFFF51
:10219000000000000102000000000000FFFFFFFF40
:1021A00003000000030000000A000000E80800002F
:1021B000020000000000000000000000FFFFFFFF21
:1021C0001C000400000000000000000000000000EF
:1021D00000000000000000000000000000000000FF
:1021E0002DE9F04103680446103B84B0052B00F252
:1021F0009580DFE803F0396303032D8603690C2B18
:1022000040F08C80026A042A40F0888000214068F7
:1022100001AA07F06BF9A368002BC0F28280EEF7E9
:1022200081FFDDE90212054621F0805101980EF090
:10223000FFFF034628460093EEF780FF00216A4621
:10224000236A606807F05EF9002004B0BDE8F08101
:10225000036A042B62D14FF4006500216A4660686E
:10226000009507F04FF9EFE70369042B56D1056A93
:10227000042D53D12B460021406801AA07F036F9FE
:10228000A368002B43DB019B23F08053B3F5001FB1
:1022900073D2B3F5803F5DD20122DB0A384902FADE
:1022A00003F30A681A420CBF0125002500216A4683
:1022B000236A6068009507F025F9C5E70369042BD8
:1022C0002CD1036A042B29D10021406801AA07F010
:1022D0000DF9A368002B34DBEEF724FF00274FF045
:1022E00070630199274E9B6DD6F82484054621F032
:1022F00080512548C6F824749847C6F824840346BC
:1023000098E7036A042B09D14FF40015A5E71E22B4
:10231000294601980FF0B8FA0028B4D16FF0800078
:1023200093E71E22039901980FF0AEFA0028F5D02A
:10233000DDE9020117220FF0A7FA00287FF46FAF42
:10234000ECE717224FF4006101980FF09DFA002886
:10235000C2D1E3E7B3F5002F09D3B3F5801F0CD248
:102360000122C3F38433094902FA03F399E70122F6
:102370009B0B074902FA03F393E7052596E700BF95
:1023800010440240004002408FA0E3B718440240CE
:102390001444024010B58CB04FF000414FF0FF30B4
:1023A00007F094F8C106F7D56946102007F096F8B3
:1023B000009B9A1C04D30021019807F0AFF8EBE7CB
:1023C000002B019C07DB6846FFF70AFF0146204609
:1023D00007F0A4F8E0E76FF08001204607F09EF8D0
:1023E000DAE700BF4FF0400C30B443F6DA32042590
:1023F0000D4B0E4CC4E9000183F802C3D3F88012E0
:1024000021F00401C3F88012D3F88012C3F8805081
:1024100011F0040F14BF10460020BFF34F8FBFF31D
:102420006F8F30BC704700BF00E100E0682C0020D7
:10243000024BD3E9000102F0DBB800BF682C00209A
:1024400008B51220EEF786FE002008BD4FF47A7022
:102450002DE9F84F5C4BDFF878819B6AB8F80020D3
:10246000C3F30A0300FB03F3DFF86891803392B2F1
:10247000B2EB132FB9F800104FEA132702D289B23A
:10248000B9425AD8EEF74EFE40F2FE734E4C4FF072
:10249000000B236541F63C73A9F80030EEF74EFEC1
:1024A000A36CDFF834A123F00103A364EEF73AFE36
:1024B000C4F854B0A8F800B0EEF740FEA36C23F0C7
:1024C0000203A364DAF80050ADB12C46E6892D680A
:1024D000B74202D9A689B742F6D321465046EEF755
:1024E000EDFB314623463846A668226984F814B0CD
:1024F000B047002DE9D1EEF715FEDAF800300646B8
:10250000002B52D0002541F63C749989DA898C421F
:102510001B6828BF0C46954238BF1546002BF4D1E6
:10252000B9F800309BB29C4224D3B8F800309BB27B
:10253000AB4209D33046EEF701FE234AD36C03F0D9
:102540000303D364BDE8F88F204B2C02A3FB0434B3
:102550001D4FC4F38A14EEF7E5FD7C65A8F8005022
:10256000EEF7ECFDBB6C304643F00203BB64EEF7C4
:10257000E5FDE2E7154B2702A3FB0737BF09DFF8AC
:1025800048A0EEF7CFFDCAF85070A9F80040EEF76A
:10259000D5FDDAF8483043F00103CAF84830B8F8FE
:1025A00000309BB2AB42C5D2CEE741F63C74B9F8DD
:1025B000002092B2A24202D8B8F80030BAE71D4615
:1025C00040F2FE77DBE700BF00600040D34D6210B1
:1025D000DC2C0020600C0020702C002038B5EEF7B9
:1025E000A1FD0D4D04462B7823B12046BDE83840AF
:1025F000EEF7A4BD00F0D2FB0320084900F022FC56
:10260000074AD36ADB07FCD5012320462B70BDE8BF
:102610003840EEF793BD00BFDE2C00204D240200B1
:10262000006000404FF47A73044A906AC0F30A00D5
:1026300003FB00F08030000A704700BF00600040DC
:102640002DE9F84304461F460E461546EEF76AFD8F
:10265000089BA7602361237D0746A681E5817BB1A6
:10266000294C23889BB29E4217D3284C23889BB2C7
:10267000AB422DD33846EEF761FD0020BDE8F8836C
:1026800021462348EEF704FB0123A6892375E5893B
:102690001D4C23889BB29E42E7D21E4B4FEA062870
:1026A000A3FB0838DFF87090C8F38A18EEF73AFDFC
:1026B000C9F850802680EEF741FDD9F84830134C18
:1026C00043F00103C9F8483023889BB2AB42D1D212
:1026D000104B2E02A3FB0636DFF83C80C6F38A16A9
:1026E000EEF720FDC8F854602580EEF727FDD8F8F6
:1026F0004830384643F00203C8F84830EEF71EFD74
:102700000020BDE8F88300BF600C0020DC2C002016
:10271000702C0020D34D6210006000402DE9F0477E
:102720000446EEF7FFFC237D0646002B3FD1EEF773
:10273000F9FC394B07461B68002B45D0002541F6B4
:102740003C749989DA898C421B6828BF0C469542F3
:1027500038BF1546002BF4D1DFF8C880B8F8003038
:102760009BB29C423CD32D4C23889BB2AB4215D2EA
:102770002B4B4FEA0528A3FB0838DFF8AC90C8F3D1
:102780008A18EEF7CFFCC9F854802580EEF7D6FC06
:10279000D9F8483043F00203C9F848303846EEF71C
:1027A000CDFC3046EEF7CAFC0020BDE8F08721469C
:1027B0001948EEF783FA00232375EEF7B3FC164BA6
:1027C00007461B68002BB9D141F63C74DFF85480F2
:1027D000B8F8002092B2A2421AD8104B1B88DDE74D
:1027E0000F4B4FEA0429A3FB09394FEA9919DFF887
:1027F00038A0EEF797FCCAF85090A8F80040EEF722
:102800009DFCDAF8483043F00103CAF84830AAE7E3
:102810001D4640F2FE79EAE7702C0020DC2C0020F7
:10282000D34D6210600C002000600040034B1A681A
:1028300012B11868EEF7F2B9704700BF902C002073
:10284000F0B583B005460C46EEF76CFC0D4B064622
:102850001A7D92B91CB941F63C739D4207D00027FE
:1028600022462946084B07480097FFF7E9FE304605
:1028700003B0BDE8F040EEF761BC1846FFF74EFF2D
:10288000E8E700BF782C00202D280200014B1860DB
:10289000704700BF902C00202DE9F0412F4E0C46D0
:1028A00033881BB2834206DC2D4D2B881BB2A3421A
:1028B00029DBBDE8F0812B4B821C03FB02F22A4B83
:1028C00005469A4246DA294B1344002B04DA03F5F5
:1028D0007F1303F57F533F339B15254A03F308030A
:1028E000244F02EA0328EEF71DFCC7F85880358014
:1028F000EEF724FCBB6C1A4D43F00403BB642B8839
:102900001BB2A342D5DA174BA21E03FB02F2164BF1
:102910009A421BDA154B1344002B04DA03F57F139C
:1029200003F57F533F339B15114F03F30803114EFB
:1029300007EA0327EEF7F6FBF7652C80EEF7FEFBC0
:10294000B36C43F00803B364BDE8F0810A4B134451
:102950009B15E9E7084B13449B15BEE7640C002068
:10296000620C00203C553D003A0064FEC7FF7B012D
:1029700000FF010000600040C7FFBB012DE9F047E8
:10298000EEF7D0FB4FF47D41FF223E4C3E4BA1655C
:102990001A80EEF7D3FBA36CDFF8088123F0040361
:1029A000A364EEF7BFFB4FF47F42384BE365384B2F
:1029B0001A80EEF7C3FBA36C23F00803A364D8F8D6
:1029C0000050226BC2F38A13D2034BD56FEA4353F4
:1029D0006FEA53532F4A02FB03F32F4F1F44002F7C
:1029E0004ADBBF153FB2DDB14FF0000ADFF8B4900B
:1029F0002C46B4F90E602D68B74203DDB4F90C60C3
:102A0000BE420BDC21464846EEF758F931462346D4
:102A10003846A668226984F814A0B047002DE7D193
:102A2000EEF780FBD8F8003005466FF0FF01FF207D
:102A300063B1B3F90C40B3F90E20A0421B68A8BFE4
:102A400020469142B8BF1146002BF2D1FFF724FF78
:102A50002846EEF773FB0B4AD36C03F00C03D364E8
:102A6000BDE8F0870B490D4A01FB03F39342B4DD47
:102A70000B4F1F44BF15B5E707F57F1707F57F57C5
:102A80003F37AEE700600040640C0020000F0100FB
:102A9000620C00201CB21000DA1532FE26EAAD01ED
:102AA000DA1572FE942C002038B5EEF73BFB0D4D85
:102AB00004462B7823B12046BDE83840EEF73EBBF4
:102AC00000F06CF90C20084900F0AAF9074A536B92
:102AD000DB07FCD5012320462B70BDE83840EEF71C
:102AE0002DBB00BFDF2C00207D29020000600040CC
:102AF000114B1A6BC2F38A13D20313D56FEA4353F7
:102B00006FEA53530D4A02FB03F30D4818440028A3
:102B100001DB8015704700F57F1000F57F503F30D6
:102B2000801570470549074A01FB03F39342ECDD2A
:102B30000548184480157047006000401CB2100022
:102B4000DA1532FE26EAAD01DA1572FE2DE9F843F8
:102B500004461F460E461546EEF7E4FA089BA760AA
:102B60002361237D0746A681E5817BB13C4C238808
:102B70001BB2B34219DC3B4C23881BB2AB423EDB99
:102B80003846EEF7DBFA0020BDE8F88321463648E8
:102B9000EEF77EF80123B4F90C602375B4F90E50FA
:102BA0002F4C23881BB2B342E5DD304BB21C03FB34
:102BB00002F22F4B9A424ADA2E4B1344002B04DACE
:102BC00003F57F1303F57F533F339B152A4A03F325
:102BD0000803DFF8A88002EA0329EEF7A3FAC8F891
:102BE00058902680EEF7AAFAD8F848301D4C43F0EA
:102BF0000403C8F8483023881BB2AB42C0DA1B4B31
:102C0000AA1E03FB02F21A4B9A4224DA194B134410
:102C1000002B04DA03F57F1303F57F533F339B1535
:102C2000154A164E03F3080302EA0328EEF77AFA70
:102C3000C6F85C802580EEF781FAB36C384643F025
:102C40000803B364EEF77AFA0020BDE8F8830C4B72
:102C500013449B15BAE70A4B13449B15E0E700BFEA
:102C6000640C0020620C0020942C00203C553D0098
:102C70003A0064FEC7FF7B0100FF010000600040D6
:102C8000C7FFBB0138B50446EEF74CFA237D054675
:102C9000FBB9EEF747FA124B04461B686FF0FF01D1
:102CA000FF2063B1B3F90CC0B3F90E2060451B6877
:102CB000A8BF60469142B8BF1146002BF2D1FFF782
:102CC000EBFD2046EEF73AFA2846EEF737FA0020F9
:102CD00038BD21460248EDF7F1FF00232375D8E700
:102CE000942C0020034B1A6812B11868EDF796BFB8
:102CF000704700BFB42C0020F0B583B005460C46E9
:102D0000EEF710FA0D4B06461A7D92B914F5807F46
:102D100001D1FF2D07D0002722462946084B07483E
:102D20000097FFF713FF304603B0BDE8F040EEF721
:102D300005BA1846FFF7A6FFE8E700BF9C2C002065
:102D4000E52C0200014B1860704700BFB42C002036
:102D50000C4A0D4B10B51868D46C204003D00B4BB7
:102D60001B6803B198470A4B1868204003D0094BF1
:102D70001B6803B19847BDE81040074B1868EEF791
:102D8000E5B900BF00600040CC2C0020D42C00200E
:102D9000D02C0020D82C0020741402002DE9F04122
:102DA00084B0EEF7BFF9184E044635782DB12046B1
:102DB00004B0BDE8F041EEF7C1B94FF00108134F80
:102DC0000221B86806F056FA01A8EEF7EBF97A6826
:102DD000396801AB02920E480E4A8DF80C80EEF76E
:102DE000C5F9032120460C4B0C4A9D641960D2F8AA
:102DF000003843F00403C2F8003886F8008004B0BD
:102E0000BDE8F041EEF79AB9E02C002074140200FE
:102E1000B82C0020512D02000060004000500040FE
:102E200038B505460C46EEF77DF9044B044A1C60A4
:102E30001560BDE83840EEF781B900BFD82C0020FE
:102E4000D02C002038B505460C46EEF76BF9044B44
:102E5000044A1C601560BDE83840EEF76FB900BF4A
:102E6000D42C0020CC2C002000000000000000002A
:102E70000000000000000000000000000000000052
:082E8000345F000001000000B6
:102E8800D43B0300806D00206C000000C83B0300A9
:102E9800002D002003000000C03B0300600C002050
:102EA80002000000306F0020C60600000C2D002034
:102EB8001D100000680C002026080000400C0020AF
:102EC80008000000EFF38880EFF38981EFF3948224
:102ED800FEE700BFFEE700BFFEE700BFFEE700BF5A
:102EE800FEE700BFFEE700BFFEE700BFFEE700BF4A
:102EF800FEE700BFFEE700BFFEE700BFFEE700BF3A
:102F0800FEE700BFFEE700BFFEE700BFFEE700BF29
:102F1800FEE700BFFEE700BFFEE700BFFEE700BF19
:102F2800FEE700BFFEE700BFFEE700BFFEE700BF09
:102F3800FEE700BFFEE700BFFEE700BFFEE700BFF9
:102F4800FEE700BFFEE700BFFEE700BFFEE700BFE9
:102F5800FEE700BFFEE700BF08B572B6284B83F353
:102F68000988284B83F30A8883F30B88264B22A110
:102F7800D1E90001254CC3E9000100F04FF8244BCA
:102F8800A34238BF9C4614D2DCF808306BB1DCE9A8
:102F9800001200230439043A51F8040F013342F8AF
:102FA800040FDCF808008342F6D30CF10C0CA4459E
:102FB800EAD31848184B98421BD2002403F1FF3C6F
:102FC800ACEB000C00F110032CF0070C08309C440B
:102FD80050F8043C53B1002350F8082C043A42F846
:102FE800044F50F8041C01338B42F8D30830604575
:102FF800EED105F0DFFE00BFA5EDF5FEA5EDF5FE6F
:10300800380C002040040020380C0020AC2E0200B0
:10301800882E0200AC2E0200CC2E02000348044980
:10302800044B054A88601A60704700BF00D1000051
:1030380000ED00E0846D002000D8B805002070473E
:103048000020704700207047704700BF124B134A9A
:10305800D3F8A410914206D0D3F8A420104B9A427A
:1030680001D0002070470F4B93F8D0375A2BDAB2B3
:10307800F7D072B1C32A0CD0A52AF2D10A4BD3F8E3
:10308800103233B1023B0D2BEBD8084A52F823001B
:1030980070474FF4405070470000044E5A5A638BF3
:1030A800C3C3F0A90000024E00F00040FC55020026
:1030B800F8B50446074F0E46384621680DF040FF24
:1030C8000546394630462A4606F064F90020256050
:1030D800F8BD00BF3456020008B50C4B024693F801
:1030E800DCC00846BCF10D0F0BD85FFA8CF31B014E
:1030F800083303F0FF0303F1005106F04BF90020F9
:1031080008BD002106F046F9002008BD0000044E65
:10311800F0B50024054689B00F46102268461149CB
:10312800CDE90044CDE90244CDE90444CDE90644A3
:1031380006F030F908220C4904A806F02BF90822F9
:103148000A4906A806F026F92E686946202E28BFE7
:1031580020263846324606F01DF920462E6009B072
:10316800F0BD00BF8800004E7800004E8000004E81
:10317800034650B14FF4D04C4FF4005101220020C7
:10318800C3F800C059601A7270474CF2DA207047D1
:103198000020054B82B01B689AB262F30F001B0C2B
:1031A80063F31F4002B070478C5602000820704736
:1031B8000020704700207047022814BF6FF00300FA
:1031C800002070476FF00300704700BF014B18687C
:1031D800704700BFE4870020014B1B6858687047A0
:1031E800B06E0020F8B50446EDF798FF00224FF0C6
:1031F80070630D4E2146D6F8247405469B6D0B4826
:10320800C6F8242498470446C6F824742846EDF7DF
:1032180091FF34B1042C0CBF4FF0FF306FF0040065
:10322800F8BD2046F8BD00BF004002408FA0E3B7BC
:10323800F8B50F4605461446EDF770FF29460646D1
:10324800224638460DF0F0FF05463046EDF772FF8E
:1032580035B1042D0CBF4FF0FF306FF00400F8BDFE
:103268002046F8BD0C4B10B51B6800F1FF3E5C68AA
:103278009644D4E9013404FB03F3013B9E4584469C
:1032880006D814460846614606F084F8204610BD64
:103298006FF0040010BD00BFB06E0020BFF34F8F69
:1032A8000549064BCA6802F4E0621343CB60BFF3DA
:1032B8004F8F00BFFDE700BF00ED00E00400FA05F6
:1032C80010B5094C0020A368984723690220984745
:1032D800A46A4FF4E1310120A0472346BDE810401D
:1032E80001211520184700BF905602000020054B09
:1032F80082B01B689AB262F30F001B0C63F31F4085
:1033080002B07047C856020001207047002070477D
:1033180000207047022834BF6FF003000020704778
:1033280001B30246F0B5104E104DD6F800C02C6817
:103338000F4F0144631C2B6012F801EBB3F5807F3B
:1033480007F804E002EB0C04A4EB0004346003D09B
:10335800914205D01C46EDE7002391422B60F9D13C
:103368000020F0BD00207047E8870020EC8700208F
:10337800F08700206FF00300704700BF014B5868CA
:10338800704700BFBC6E0020014B9868704700BFB3
:10339800BC6E002000207047002382B00193019882
:1033A80002B070476FF00300704700BF002382B07F
:1033B8000193019802B07047B8B170B50E46B9B123
:1033C800002305460C4CA360206800F021F8002873
:1033D800FAD02946206800F011F8A36801350133B6
:1033E8009E42A360F0D1002070BD6FF004007047CA
:1033F8006FF0040070BD00BFBC6E002003681B683E
:103408005A68920743BF1B6800200B70042070475E
:1034180043680246186810F0010004D013681B685E
:10342800586800F002007047FFF738BF08B5114B25
:1034380083F30A88104800F049FAC0B900F0B4FADA
:10344800A8B9FFF7FBFD90B9FFF7FAFD58B9FFF7E8
:10345800FBFD00F0EFF800F0D3FA00F0D7F800F029
:103468004BF8002008BDFFF7EDFD0028EFD0FFF76F
:10347800DBFFF2E740040020FC7A0020F8B501F0F9
:103488000C030C2B0CBF154605464A060C4601F0EA
:1034980008061FD58B06B6FA86F358BF2835AA69E1
:1034A8005B0912F8026CC6F38012934206F0A0077B
:1034B80005D147B16FF083032B602046F8BDFFF7B5
:1034C800B3FF002FF6D166B1032EF3D1284600F0E2
:1034D8009DFAF2E7FFF7A8FF002EEBD1FFF7A4FF54
:1034E800E8E700F0D7FC04460248214600F0C2FA9B
:1034F800E3E700BF380C002000DF704770B52DE906
:103508001F1072B6BFF36F8F00F0C4FFEFF30B8587
:103518006E4600281FBF002282F30B88854681F380
:103528000B8862B6BFF36F8FB6E81F10E04772B61C
:10353800BFF36F8F00F0D6FF4FF0000282F30B88C5
:10354800B54685F30B8862B6BFF36F8F70BD00BFB9
:10355800402010EA0E0023D001B500F0D5FFBDE8E9
:10356800044088421CD072B6BFF36F8FEFF3098214
:103578001EF020031CBF22E9F00F083A80E804403F
:10358800B1E804401EF020031CBF0832B2E8F00F77
:103598000B6882F3098883F30B8862B6BFF36F8FD9
:1035A800704700BFEFF308807146EFF30982EFF32D
:1035B8000B830CB406B4FFF761FF8646009900F050
:1035C800080001F00801401A02DC12DB04B0704761
:1035D8001EF020031CBF2DE9F00FBDF1080D0A4CA9
:1035E800254626462746A046A146A246A34630B40D
:1035F800704704B030BC1EF020031CBF1DF1080D3D
:10360800BDE8F00F04B07047A5EDF5FE002170206D
:10361800074BDA6882F07F4282F47F0242F48042EC
:10362800DA6019765976D976D97783F82200704707
:1036380000ED00E0104AD2F8883043F47003C2F875
:103648008830BFF34F8FBFF36F8F4FF0E020D2F871
:103658008C100A4B41F44061C2F88C105A6B22F06E
:1036680080425A635A6B42F03C425A63C36843F43F
:103678002003C360704700BF00ED00E000EF00E0EA
:1036880080EA0000E1EE100A00EE100A00EE900A4F
:1036980001EE100A01EE900A02EE100A02EE900AFC
:1036A80003EE100A03EE900A04EE100A04EE900AE4
:1036B80005EE100A05EE900A06EE100A06EE900ACC
:1036C80007EE100A07EE900A08EE100A08EE900AB4
:1036D80009EE100A09EE900A0AEE100A0AEE900A9C
:1036E8000BEE100A0BEE900A0CEE100A0CEE900A84
:1036F8000DEE100A0DEE900A0EEE100A0EEE900A6C
:103708000FEE100A0FEE900A704700BF009A164B92
:103718009A4227D101229043014641EC100B41EC1B
:10372800110B41EC120B41EC130B41EC140B41EC67
:10373800150B41EC160B41EC170BEFF3148222F03A
:10374800040282F31488BFF36F8F024603460446CF
:103758000546064607468046814682468346844695
:1037680086460447FEE70000A5EDF5FE08B50021F2
:103778004FF0FF3005F0A6FE0028F8D1BFF34F8FB9
:1037880030BF00214FF0FF3005F09CFE0028EED13D
:10379800F4E700BF4FF0400C30B443F6DA320825A6
:1037A8000D4B0E4CC4E9000183F803C3D3F8801213
:1037B80021F00801C3F88012D3F88012C3F88050B2
:1037C80011F0080F14BF10460020BFF34F8FBFF34E
:1037D8006F8F30BC704700BF00E100E0147B002011
:1037E8004FF0400C30B443F6DA324FF000650D4B21
:1037F8000D4CC4E9000183F81BC3D3F8801221F0F3
:103808000061C3F88012D3F88012C3F8805011F019
:10381800006F14BF10460020BFF34F8FBFF36F8FA8
:1038280030BC704700E100E00C7B00204FF0400CFA
:1038380030B443F6DA324FF000750D4B0D4CC4E945
:10384800000183F819C3D3F8801221F00071C3F87E
:103858008012D3F88012C3F8805011F0007F14BF93
:1038680010460020BFF34F8FBFF36F8F30BC7047F7
:1038780000E100E0047B0020024BD3E9000100F0E6
:10388800B3BE00BF147B0020024BD3E9000100F057
:10389800ABBE00BF0C7B0020024BD3E9000100F057
:1038A800A3BE00BF047B002008B51320EDF74EFC33
:1038B800002008BD08B52920EDF748FC002008BD08
:1038C80008B52B20EDF742FC002008BD10B50446D2
:1038D80001F02CF810B90223236010BD43F6DA304A
:1038E80010BD00BF58B151B18368002013F4406F78
:1038F80014BF0123034643F002030B60704743F6ED
:10390800DA307047EFF3148381F00201C1F340010C
:1039180061F3000383F31488BFF36F8F00207047AF
:1039280042B38446084639B3114603F00602062A14
:1039380010B519D09B0722D51E244FF01A0E0C2261
:1039480008231CF0020F18BF1A461CF0010F06D0FE
:10395800EFF3948313F0010F14BF224672460DF063
:103968008FFF78B1002010BD17244FF0130E0522E9
:103978000123E6E7002070474CF2DA2070474CF24A
:10398800DA2010BD6FF07F0010BD00BF884208D05C
:10399800830704D581F00201C1F34000704701207C
:1039A80070470020704700BF08B500F055FF78B990
:1039B80000F05CFF60B900F08DFF48B962B6FFF710
:1039C8007FFC00F089FF18B900F0AEFF00B908BD10
:1039D80043F6DA3008BD00BF014B1868704700BFD6
:1039E800E8560200014B1B6818687047E856020049
:1039F800024B1B68586840F080507047E856020038
:103A08000122014B1A6070471C7B00202DE9F04110
:103A18000446154AD4E901761268062352683946E5
:103A280052F8140CB2B2D4F80080FFF779FF18B935
:103A38000E4B1B68012B04D06FF086052560BDE88E
:103A4800F081054600F0E4F940F205139842F3D1FD
:103A58005FFA88F8B8F1010FEED1B6B2032EEBD9B0
:103A6800034B3B60EAE700BFC47B00201C7B0020BF
:103A78001620040004460D46FFF702FEA546284717
:103A880003689962704700BF024801210160BFF3D3
:103A98004F8F7047007B00200349086800220A60A6
:103AA800BFF34F8F70470000007B00200848026872
:103AB800002A08D107484FF080510160BFF34F8FAB
:103AC800BFF36F8F704702220260BFF34F8F7047BA
:103AD800007B002004ED00E02DE9F84304681E4651
:103AE8008368DFF85CC09046A4F150029A4244F81B
:103AF80008CC44F804CC05460F46A4F108041BD3AF
:103B0800A4F1480948220021484605F081FC002319
:103B18004FF080716FF0020244E9073344F8208CBB
:103B280044F8087C44F80C6C44F8041C44F8143C31
:103B3800C5E90092BDE8F883FFF776FCE0E700BF2F
:103B4800A5EDF5FE0368283383F30988836883F3BA
:103B58000B88BFF36F8F4068704700BF30B586464B
:103B6800EFF3108572B6C06B08B34FF0000C6446D3
:103B78000EF13C0283681B685B69994208BF1446D2
:103B880000F18402D0F8840008BF0CF1010C002871
:103B9800F0D164B12068BCF1010FD0F88430236003
:103BA80005D1DEF8143023EA0103CEF8143085F38A
:103BB800108830BD70B40C4E75689DB101462B4617
:103BC800002403E098681C4650B103461A685268FE
:103BD8008A42F7D11CB19A687360A2609D6018464A
:103BE80070BC70472846FBE7A07B00200368D3E938
:103BF8000223520505D58B420CBF00206FF0FA0056
:103C080070478B422CBF00206FF0FA00704700BF4E
:103C180038B52AB10B689B68DB0517D5002038BD7D
:103C28000F4B04461B685D681C2D16D055F81C2CDC
:103C3800906958B100232C3202E00133984208D031
:103C480052F8041FA142F8D19842E7D16FF0FC0066
:103C580038BD03469842E1D1F8E7FFF7E5FBE5E711
:103C6800C47B00202DE9F047484F06463B680C46C8
:103C7800D3F804801546B8F11C0F7AD058F81C3CCC
:103C88009A68002C5DD060005FD5414B04F01F019D
:103C980053F82180B8F1000F53D0D8F8003012F44F
:103CA800406FD3F804902BD09A68D10567D5520598
:103CB800C4F3072442D5DB689C4242D1EFF3108954
:103CC80072B600F083FD044689F31088002859D0A5
:103CD800302200210C3005F09BFB3B6820465B68D6
:103CE800C4F808801C3B6360656100F043FD002355
:103CF80020612360C4F8803000203460BDE8F0877C
:103D08003B68D3F804A0BAF11C0F35D05AF81C1C34
:103D18008869002833D000232C3102E00133834224
:103D280003D051F8042F9145F8D1984227D0D8F8FC
:103D38000030C4F307249A685205BCD4DB689C425F
:103D4800BCD96FF08000BDE8F087204600F026FD62
:103D580004460028F5D000F03FFD0028F1D1636942
:103D6800AB42EED12368002BEBD1A368002BC3D163
:103D7800E7E7FFF759FB81E7FFF756FBC6E76FF068
:103D88008100BBE76FF08200B8E700BFC47B00206A
:103D9800207B002010B500F001FD044600F01CFD5A
:103DA80088B90C4B1B685B681C2B0FD053F81C3C64
:103DB80063B15A68A3685B681B685B68934218BF65
:103DC8000024204610BD0024204610BD4FF0FF32CD
:103DD800F0E700BFC47B002070B504460E461546C8
:103DE800002130220C3005F013FB084B20461B68DD
:103DF800A6605B6865611C3B636000F0BBFC002348
:103E080020612360C4F8803070BD00BFC47B0020EF
:103E1800064B1B685B681C2B04D053F81C3C0BB189
:103E2800586870474FF0FF30704700BFC47B0020D0
:103E3800084B10B51B685C681C2C08D054F81C3C57
:103E48009B6813F4406F14BF0120002010BDFFF7DA
:103E5800EBFAF3E7C47B002038B5044698B90C4B5D
:103E68001B685B681C2B08D053F81C3C2BB15D68A1
:103E7800B4EBD57F03D1284638BD4FF0FF35FFF7A7
:103E8800D3FA284638BD00F065FC0546F0E700BFC8
:103E9800C47B00202DE9F04100F088FC0023144E7B
:103EA800144FDFF8548073607B6000F057FC03E028
:103EB8002946204600F03CFA304600F01FF8044638
:103EC80090B139468023424600F08EF805462046D8
:103ED80000F044F9214651F8080BFFF703FD0028CC
:103EE800E6D0FFF7A1FAE3E7BDE8F04100F084BAB5
:103EF800B07B0020A07B0020207B0020F8B5054681
:103F0800002864D0334E346814F1290F5CD8324A43
:103F180004F1280311688B4256D2E269A36902EBC7
:103F280042020C3303EB4203226A02EB42021344BF
:103F3800626A02EB820213449B00E31801D29942A1
:103F480001D2FFF771FA236824491A0C12048A4235
:103F580028D19BB2B3F5817F2BD26368002B2DDB70
:103F68001F4A204B1768196807F144038B421360F6
:103F780027D8E269A36902EB42020C3303EB420340
:103F8800D4E9081201EB41010B4402EB820213440D
:103F980032683C6002EB83026B6838463B643260EF
:103FA8006F60F8BDFFF740FA23689BB2B3F5817FD5
:103FB800D3D3FFF739FA6368002BD1DAFFF734FA65
:103FC800CEE7FFF731FAD4E700273846F8BDFFF708
:103FD8002BFA97E7906D0020E456020000005F5F1F
:103FE8008C6D0020E05602002DE9F04F07460E4682
:103FF80090469A4683B0002859D0002957D039688E
:10400800544B01F13005D1E906201C68019105EBFC
:104018008205002845D0504A00EB4001126804EBA5
:1040280081019142196036D8002C3AD0B8F1000FBE
:1040380040D04FF0000BBAF1800FDA4664D000226E
:10404800AB68696913F4007FC4E9017225604BEA23
:10405800010B5FFA83F900930ED0FFF7E5F9009B97
:1040680013F0E00F02D158F829300BB1FFF7DCF953
:10407800019BD86948F8294073680AF1010A50453C
:10408800A36005F11805746004F10C04D7D85846EC
:1040980003B0BDE8F08FFFF7C7F9019BD869002886
:1040A800C2D14FF0000B584603B0BDE8F08FFFF7C0
:1040B800BBF9A4E7C346C246AA686B6912F4007F3D
:1040C80084E8A0014BEA030B0AF1010A009205F10A
:1040D800180511D0FFF7A8F9009AD1B212F0E00F35
:1040E8004FEA810101D10B681BB10091FFF79CF9E0
:1040F8000099019B0C60D86973685045A36074608F
:1041080004F10C04D8D8C2E75A46AB68696913F4BD
:10411800007FC4E900574BEA010BA2605FFA83F9FC
:104128000CD013F0E00F02D158F8293023B1FFF773
:104138007BF90022019BD86948F8294073680AF185
:10414800010A8245A36005F11805746004F10C04A6
:10415800DBD39CE7886D0020DC5602002DE9F04196
:104168000546002840D02F68D7E90723B96903EB33
:10417800430307F1300404EB830402EB42027B6A39
:1041880001EB420104EB810443B3002640F201181D
:104198000BE03B88B3F5807F17D0434520D07B6A7E
:1041A8000136B34204F1140418D92269EB68214698
:1041B800134328462268EB6090470028E9D0FFF7B0
:1041C80033F93B88B3F5807FE7D1E06800F020FB46
:1041D8007B6A0136B34204F11404E6D8BDE8F081E5
:1041E800E06800F025FBDAE7FFF71EF9BBE700BF40
:1041F80010B4436840781C3BEFF3108C72B61C690E
:104208005A69224007D1002C18BF02208CF310886D
:104218005DF8044B7047042A08D000240A60052082
:104228001C618CF310885DF8044B7047D868400710
:10423800F3D458699A6B20F004005861EDE700BF89
:1042480010B400240268C368C46394680B43C36055
:10425800A3054CBFD06802485DF8044B704700BF07
:10426800750F030038B51446054B02681C30D56835
:104278001860FFF7BDFB03462846236038BD00BF22
:10428800AC7B002000283CD030B58368044683B05E
:10429800002B33D01A68002A30D05B68002B2DD051
:1042A800D96B5269C0F88410D863EFF3108172B6E5
:1042B800586902435A615A691B691A4214BF6FF060
:1042C800FD00002081F31088656895B1EFF3108236
:1042D80072B66B695B0705D582F3108801232360EA
:1042E80003B030BD04232B6182F310886FF0FD000A
:1042F800F4E70190FFF798F80198E7E76FF080007E
:10430800EEE76FF08000704743689963EFF3108120
:1043180072B65A69186942F004025A615B6903422D
:1043280014BF6FF0FD00002081F31088704700BFB4
:10433800F0B5002607680446BD6A3B69BF68DFF828
:10434800B4C02B44073500F11C0E23F0070383B0DB
:1043580080F82C7025F00705C7F3C02701AAC0F81C
:1043680030E0C361836245625CF82730066280F8FA
:104378002D60C6859847236801469A68D3F818E0E7
:1043880012F4007229D1D869E6694FEA800C0CF161
:10439800130525F00705761BE661DD68B260144A4F
:1043A80037463560726068B130330CF10C0C03EBA2
:1043B8008E03B44406F10C021D69183342F8045BFD
:1043C8009445F9D1B0606FF00102019BA76104F137
:1043D8002C0000F05FF903B0F0BDE269DB68044827
:1043E800A2F11007E761786042F8103CBE60EAE786
:1043F80034370300946D002038B50D480D4D00F09A
:1044080015F90D4B0D4A28461A6000F071F92B6812
:1044180004465B6853F8141C53F81C0CFFF772FA37
:1044280008B9204638BDFEF7FFFF204638BD00BF5B
:10443800F9410200C47B0020A87B0020400C00202A
:1044480038B504460D4648B1EFF3108372B660697B
:10445800284008BF256183F3108838BDFEF7E4FFC4
:10446800F2E700BF38B504460D4678B1EFF3108285
:1044780072B6636920692B4363616369034214BFA1
:104488006FF0FD00002082F3108838BDFEF7CCFFE6
:10449800ECE700BF38B5114B1B685C681C3CEFF3B8
:1044A8000583C3F30803ABB90D4BE2691B689C682D
:1044B800A24202D9D9688A4205D91D68FFF7E4FAF1
:1044C8002846214638BD00242546FFF7DDFA284650
:1044D800214638BDFEF7A8FFE6E700BFC47B0020F1
:1044E800AC7B002010B5044600F0D6FAFFF7D4FAEA
:1044F80014F1FE0F03D0022801D0204610BDFFF7AB
:10450800D5FA204610BD00BF2DE9F843EFF3108718
:1045180072B600F091F8DFF87880A0F12C06D8F890
:1045280000305D68294698B1A5F11C09B1450FD046
:104538000446EFF30982AB682833934213D8D9F8BD
:104548000800B168FFF722FAB0B96168C8F80040FE
:104558000E4B1B6813B1B26902B11A6087F3108859
:104568002846BDE8F883FEF75FFFD9F80800B16870
:10457800FFF70CFA0028E8D0B16854F82C0CFFF7C4
:10458800C1F90028E1D0FEF74FFFDEE7A87B002045
:10459800C47B002001B34A1E0A401DD110B4D0E9E3
:1045A800064303EB430304EB430C046A00F13003B6
:1045B80004EB440403EB8403446A03EB8C0024B942
:1045C80010E0A24200F1140008D0036901328B42C6
:1045D800F7D15DF8044B70470020704700205DF864
:1045E800044B70472046F4E738B505460C46D0B171
:1045F800C9B12B68A2685B689A4201D0FEF714FF24
:1046080063681BB19847012803D038BDE06800F003
:104618000FF928462169FFF725FFFE30F5D1BDE8DF
:104628003840FFF743BAFEF7FFFEE2E7014B186098
:10463800704700BFB87B0020002370B5134A82B0D2
:1046480014680193EFF3108672B6C4B1104D03E0FD
:1046580001280FD0A46894B120462B6801A9984777
:10466800C0B205286070F3D101996068FFF708FAB5
:104678000123637086F31088204602B070BD0024C1
:1046880086F31088204602B070BD00BFBC7B0020B6
:10469800B87B00209C4670B5134E13463468054617
:1046A800624624B190F800C02078604513D3AC600E
:1046B80035606868FFF710FA01210C4B69701A68B9
:1046C80022B129781278914228BF35681D6070BDE3
:1046D8002078604503D2A646A468002CF8D1AC60C7
:1046E800CEF80850E5E700BFC07B0020BC7B002067
:1046F8000023F0B5154A83B0064614680193EFF31A
:10470800108772B6FCB1124D03E001280FD0A468DF
:10471800CCB120462B6801A99847C0B20528607023
:10472800F3D101996068FFF7ABF90123637087F350
:104738001088FFF7BBF906B13460606803B0BDE8C4
:10474800F040FFF7FFB90024F1E700BFBC7B002071
:10475800B87B00204FF0FF30704700BF08B5FFF767
:104768003BF9034B9860FFF73DF980F3888808BD53
:1047780000ED02E0074A10B41368074C013303F058
:104788000703001B591C01EBC0005DF8044B1360C4
:10479800704700BFC87B0020CC7B002018B1024BBB
:1047A800013803EBD0007047CC7B002008B58C2281
:1047B800082340F28C41044800F08CFA00B908BD87
:1047C800BDE80840FEF730BECC7B0020014800F071
:1047D800B5BA00BFCC7B0020014608B5044800F0FC
:1047E800BFFA00280CBF6FF0FC00002008BD00BF16
:1047F800CC7B0020014610B5EFF3108472B6034855
:1048080000F0A8FA84F3108810BD00BFCC7B00200C
:1048180040B2002807DB012300F01F01034A4009CA
:104828008B4042F820300020704700BF00E100E0D4
:1048380040B200280CDB01220649430900F01F00A2
:104848002033824041F82320BFF34F8FBFF36F8F8F
:104858000020704700E100E00020034BD8765A6A38
:1048680042F470225A62704700ED00E04FF0402099
:10487800154908B5CA68154B92B21343CB60D0F8F6
:10488800FC37052B08D0D0F8FC37052B04D04FF0A7
:104898007063D3F8843098470CF0A8FD6FF00102DC
:1048A8000B4BC3F81024D3F81024033209D8D3F8DB
:1048B8001034033305D84FF07063D3F88430984729
:1048C800FEE7002008BD00BF00ED00E00800FA0583
:1048D80000400240002070474FF0FF32114B00208B
:1048E800C3F88022C3F88422C3F88822C3F88C2234
:1048F800C3F89022C3F89422C3F89822C3F89C22E4
:10490800C3F8A022C3F8A422C3F8A822C3F8AC2293
:10491800C3F8B022C3F8B422C3F8B822C3F8BC2243
:10492800704700BF00E100E0002070472DE9F84320
:104938004FF070640020D4F8B430984710B9D4F818
:10494800843098474A4A4B4BD360D168994208D083
:10495800D2689A4205D04FF07063D3F884309847F4
:10496800FEE7434A444B13611169994208D0126922
:104978009A4205D04FF07063D3F884309847FEE729
:104988003B4A3E4B5361516999421CD14FF07064C8
:104998000120D4F8B430984710B9D4F88430984737
:1049A8003349374A8A608B68534033F0004313D049
:1049B8008B68534033F000430ED04FF07063D3F848
:1049C80084309847FEE752699A42DFD04FF070630F
:1049D800D3F884309847FEE74FF0030C00204FF0DF
:1049E80001094FF002086FF01E0E04270526062560
:1049F80007242449244BD1E9031222F01F0242EA7A
:104A08000C0221F01F01C3F8D800C3F8DC10C3F86A
:104A1800E0201E4AC3F8D890C3F8DC2002F5D8126B
:104A28000132C3F8E0201A4AC3F8D880C3F8DC2062
:104A3800C3F8E0E0C3F8D8C0C3F8E000C3F8D87002
:104A4800C3F8E000C3F8D860C3F8E000C3F8D85052
:104A5800C3F8E000C3F8D840C3F8E000D3F8D0208A
:104A68000C4942EA0902C3F8D0209960BDE8F883EE
:104A7800007000401BF002608300E8C07EFF016008
:104A880001010080E856020000ED00E000800310FC
:104A980000C0003000D100008230012800D97047E2
:104AA80008B5FFF7C5F900B108BDBDE80840FEF735
:104AB800BBBC00BF002070470E4B70B51B68054695
:104AC8005C680E4654F8102C1C3C0AB102420DD00A
:104AD800002E02DB6069284070BD29462046FFF79A
:104AE800AFFC002808BF6FF0FD0070BDFEF79CFC0E
:104AF800EEE700BFC47B00202DE9F04105460E46D5
:104B0800002834D0431E034231D12A4A06231168B3
:104B180030224C68314654F8140C1C3CFEF700FF58
:104B2800B0BB63698BB363692B422BD0042D21D1B1
:104B3800EFF3108872B6E36B6BB304F13C021146D5
:104B48001D4603F18402D3F88430002BF7D10B60A3
:104B5800E36BD5F888702BB388F310883022304681
:104B680005F10C0104F016FC3846BDE8F081FEF7AB
:104B78005BFCCAE729462046FEF7F0FF0546B0B1C0
:104B88000027EBE7FEF750FCD0E7FEF74DFCCAE73D
:104B9800FEF74AFCC5E7FEF747FCE36B002BCCD1D8
:104BA8001B68FFDE636923F004036361D4E76FF0D9
:104BB8008B07D9E7C47B0020F8B505460E46FFF7FA
:104BC800E9F80446002872D0A768002F74D0E3687B
:104BD800991C17D05A1C19D1002E5DD115F1810FDF
:104BE8004FD0EFF3108672B629462046FFF78CFBAC
:104BF800054686F310882368022B48D000232846F0
:104C08002360F8BD022323600025EAE7002B4BDB75
:104C1800D4F88030C3F30142012A04BF0022E266BF
:104C2800C3F30152012A04BF00222267C3F30162C1
:104C3800012A08BF0022C3F3017308BF6267012B72
:104C480004BF0023A367E36A13B1E36FE26E5A60FF
:104C5800236B13B1E36F226FDA60636B13B1E36FF9
:104C6800626F5A61A36B13B1D4E91E23DA613B6802
:104C780035469B689B0544BF0223236015F1810FCD
:104C8800AFD16369002BACDBFEF7CEFBA9E720466A
:104C9800FFF7B0FD2846F8BD16F1820F0FD016F1C8
:104CA800830F01D135469CE7FEF7BEFBACE7FEF764
:104CB800BBFBA768002F8AD1FEF7B6FB87E7022364
:104CC800354623608DE700BF08B5FEF7E7FA6FF0B9
:104CD800830008BD70B32DE9F84F1E463BB3171D7E
:104CE80003FB07FA0AF10C038B428B4691461ED14F
:104CF800804600240A46002104F08AFB08F10C03D0
:104D08009C46A64600E0AC460EF1010E7645CCF86E
:104D180000400CEB07056446F5D10020AAEB070A12
:104D28005344C8E90039C8F808B0BDE8F88F6FF0F7
:104D3800F800FAE76FF0F800704700BF034638B193
:104D4800006828B100220168196040F8042B7047F8
:104D5800704700BF02680B1F41F8042C03607047BE
:104D680000F10C0399420FD38268C91A8A420BD901
:104D780043680433B1FBF3F203FB1211A1F1040001
:104D8800B0FA80F040097047002070472DE9F04FD5
:104D98007E4C97B0CDE9010324680BB2002B6768FD
:104DA800C1F30268C1F3024AC0F292808B420C46FA
:104DB8001546C36000F09E8008EB0A03042B00F23E
:104DC80087804FEAD1794FEA49194FEAC80649F076
:104DD800020332464FEA116B57F8140C2946039325
:104DE800FEF79EFD1C3F0146002871D1202206A82F
:104DF80004F00EFB3246294606A804F0CBFA029EC0
:104E08004FEACA052A463146B86849F00603FEF754
:104E180087FD049000285BD1014620220EA804F0EB
:104E2800F7FA2A4631460EA804F0B4FA1BF0060F2A
:104E380064D0DDE9082302EB030E069B73454CD3CF
:104E4800B8F1020F5AD9DDE90A0100EB010C6345FC
:104E580048D31BF0040F00F09180DDE90C5105EBFD
:104E6800010B5B4503D2079E33449D4230D3624514
:104E780001D286452CD829448A4201D2AE4527D88A
:104E8800884278D304F00063002B039B1CBF2223C5
:104E98004FF020090393019BCDF814A006AD03F150
:104EA800180BDDE903A60AE06B68B0454BF8043F30
:104EB80055F8083BCBF83000CBF8203024D95346BE
:104EC8006A682968B8680136FEF72AFD0028EBD021
:104ED8006FF0800017B0BDE8F08F079919448A4237
:104EE800AED2F5E7079919448842B2D2F0E7DDE976
:104EF8000132DA67002017B0BDE8F08F23012CD407
:104F0800B8F1000FC7D101E0DDF814A0B9F1200F06
:104F18002BD00026019B102203F12C0500212846E6
:104F280004F076FABAF1000FE1D00EAC46F00606AE
:104F380005EB8A0A08E0636845F8043B54F8083B27
:104F4800AA45E863EB62D2D0334662682168B86844
:104F5800FEF7E6FC0028EED0BAE7B8F1000F04D05F
:104F680022234FF02009039395E7002C0CDBC4F3B0
:104F7800C0467601CEE7AC4584D9A9E7624581D21F
:104F880086457FF67FAFA3E72026C3E7C47B0020D2
:104F98002DE9F04182B098460E4617460546FEF7C1
:104FA80047FFFEF759FF2946024601A8FEF75AFEB9
:104FB800044618B1204602B0BDE8F08143463A469F
:104FC80031460198FFF7E2FE044628B16B00F1D59F
:104FD8000198FFF70FFCEDE70198FFF753F9044636
:104FE800204602B0BDE8F08140F20110704700BFD2
:104FF80070B50546FEF71CFF06462846FEF7DAFDA3
:1050080048B10446014632462846FEF701FE10B96B
:105018002368D86870BD002070BD00BF2DE9F84333
:105028000C462A49164609681F46D1F80480FEF73F
:10503800B1FE0546002843D0EB68002B3DDB032C6E
:1050480038D8D5F88020A40022FA04F39B072CD185
:10505800042305EB040903FA04F41443C5F880405B
:10506800D9F81C40D9F84C30E41A02D12046BDE8E2
:10507800F88306233A46314658F8140CFEF750FCDC
:1050880008BBBC4228BF3C46D9F84C30D9F83C1084
:1050980030461944224604F07DF9D9F84C302046B0
:1050A8002344C9F84C30BDE8F883FEF7BDF9D5F8BC
:1050B8008020CDE7FEF7B8F9C3E7FEF7B5F9BEE7FC
:1050C800FEF7B2F9B8E7FEF7AFF9DAE7C47B0020DC
:1050D80070B50C461646FEF75DFE054630B3EB6824
:1050E800002B20DB032C16D8D5F88010A40021FA59
:1050F80004F39B0712D10423A3400B432A19C5F8D4
:105108008030D36CD069C01A04D0B04228BF304672
:105118000344D36470BDFEF787F9E5E7FEF784F929
:10512800D5F88010E7E7FEF77FF9DBE7FEF77CF9B3
:10513800D5E700BF2DE9F843274C904624681F4661
:105148006468A4F11C090C46FEF724FE05460028F5
:105158003ED0EB68002B38DB032C28D805EB8406FF
:10516800F36AF26E9B1ABB422CD3D5F88020043424
:10517800A40022FA04F39B071FD10423A34013437E
:10518800D9F808003A46C5F8803041460223FEF7B0
:10519800C7FB78B9F36EF06D41463A46184404F0FF
:1051A800F9F8F36E00203B44F366BDE8F883FEF798
:1051B8003BF9D3E7FEF738F9ECE7FEF735F9D5F810
:1051C8008020DAE7FEF730F9CFE7FEF72DF9C3E7DD
:1051D800FEF72AF9BDE700BFC47B0020F8B50D46ED
:1051E800FEF7D8FD044600284FD0A368D3E900276E
:1051F8009368190524D5E368002B26DB032D28D8EE
:1052080004EB8506F369AD005BB3D4F88030EB405E
:10521800DA072DD45B0732D40223B868F269F16B40
:10522800FEF77EFB70BB01230222D4F88010AB404E
:10523800AA400B4323EA0203C4F88030F06BF8BDA0
:10524800FEF7F2F8E368002BD8DAFEF7EDF8032D45
:10525800D6D904EB8506FEF7E7F8F369AD00002B15
:10526800D3D1FEF7E1F8D4F88030EB40DA07D1D596
:10527800FEF7DAF8D4F88030EB405B07CCD5FEF7C0
:10528800D3F8C9E7FEF7D0F8CDE7FEF7CDF8ACE7DD
:1052980038B50C46FEF77EFD0546A0B3AB681B6823
:1052A8009B68190517D5EB68002B19DB032C1BD855
:1052B800D5F88010A40021FA04F3DA071CD59B075F
:1052C80015D402230122A3400B43A24023EA020380
:1052D800C5F8803038BDFEF7A7F8EB68002BE5DA93
:1052E800FEF7A2F8032CE3D9FEF79EF8E0E7FEF7F5
:1052F8009BF8D5F88010E4E7FEF796F8D5F880100B
:1053080021FA04F3DBE7FEF78FF8C7E7F8B50C4698
:10531800FEF740FD054600284AD0AB68D3E90027D0
:105328009368190525D5EB68002B27DB032C29D8B2
:1053380005EB8406F36A63B3D5F880300434A4001F
:10534800E340DA072ED45B0729D40623B868F26A4B
:10535800F16DFEF7E5FAF8B901230222D5F88010BD
:10536800A340A2400B4323EA0203C5F88030F06D46
:10537800F8BDFEF759F8EB68002BD7DAFEF754F8BA
:10538800032CD5D905EB8406FEF74EF8F36A002BFB
:10539800D2D1FEF749F8CFE7FEF746F8DCE7FEF78B
:1053A80043F8D2E7FEF740F8D5F88030E340CAE783
:1053B800FEF73AF8B1E700BFF8B50C461646FEF717
:1053C800E9FC0546002842D0AB681B689B681905B4
:1053D8001ED5EB68002B20DB032C22D805EB8407B5
:1053E800FB6AB34224D3D5F880100434A40021FA10
:1053F80004F3DA0724D59B071DD402230122A34016
:105408000B43A24023EA0203C5F88030FE66F8BDCC
:10541800FEF70AF8EB68002BDEDAFEF705F8032C36
:10542800DCD905EB8407FDF7FFFFFB6AB342DAD24C
:10543800FDF7FAFFD7E7FDF7F7FFD5F88010DCE7AF
:10544800FDF7F2FFD5F8801021FA04F3D3E7FDF752
:10545800EBFFB9E7F8B506460F46FEF7E9FC054647
:105468003046FEF7A7FB40B3036804469B689B05DC
:1054780026D42A4630462146FEF7CAFBE8B9394603
:105488002046FEF7B3FBC0B92846FEF7E5FC064602
:10549800EFF3108772B6FFF799F9054687F310887E
:1054A80088B132462146FEF797FC4FF0FF33284675
:1054B800EB60BDE8F840FEF7E5BE6FF08100F8BD8F
:1054C8006FF08000F8BD6FF08200F8BD10B504469B
:1054D80082B0FEF7ADFCA4B1630015D4FEF7BCFCA6
:1054E8002146024601A8FEF7BDFB40B901980368B2
:1054F800012B09D06FF00103C360FEF7C3FE02B0B1
:1055080010BD204602B010BD6FF08000F7E700BF65
:1055180038B50D46FEF73EFC044660B1A3681B682B
:105528009B689B0502D40020A56138BDFDF77CFF70
:105538000020A56138BDFDF777FFEFE70B4B01466B
:105548001B6810B55B6853F81C0CFFF723F804467A
:1055580020B1E068FFF75CF9002010BDFDF764FF9B
:10556800E068FFF755F9002010BD00BFC47B00209C
:105578000B4B01461B6810B55B6853F81C0CFFF712
:1055880009F8044620B1E068FFF752F9012010BD80
:10559800FDF74AFFE068FFF74BF9012010BD00BF97
:1055A800C47B002070B50546114B29461B685C6812
:1055B80054F81C0CFEF7EEFF1C3C0646A8B17368B5
:1055C80083B163692B420AD0EFF3108272B6636924
:1055D80023EA0503636182F31088002070BDFDF79C
:1055E80023FFF1E7FDF720FFEBE7FDF71DFFE6E7F7
:1055F800C47B0020004000000040000000000000C4
:105608000000000000000000000000000000000092
:105618000000000000000000000000000000000082
:105628000000000000000000005000005053415FDF
:10563800494F545F50524F46494C455F3100000076
:1056480099310200B5310200B9310200BD310200C2
:10565800C13102006D32020039320200ED31020020
:10566800CD310200D5310200E13102000000000016
:10567800000400000008000000080000010000000D
:10568800FF00000001020001F532020011330200A0
:1056980015330200193302001D33020029330200BA
:1056A800C13302007D3302008533020091330200CA
:1056B8009D330200A1330200AD330200B53302006E
:1056C800030202020040034000C2010076322E307D
:1056D8002E30000028710020C870002030D400004F
:1056E8000081031000800310FF7F1E108039030023
:0456F800C03B0300B0
:10570000009A294B9A4208D110B503F0C3FE03F06A
:105710008FFB06BC96460C46744703F007FF00BF9C
:10572000009A214B9A4208D110B503F0BBFE03F05A
:105730007FFB06BC96460C46744703F0F7FE00BF9D
:105740000CB4029A184B9A420CD14FF00043194303
:105750000CBC10B503F0AEFE03F06AFB06BC964627
:105760000C46744703F0E2FE009A0F4B9A4208D1B0
:1057700010B503F0E3FE03F05BFB06BC96460C4657
:10578000744703F0D3FE00BF009A074B9A4208D13A
:1057900010B503F0DBFE03F04BFB06BC96460C464F
:1057A000744703F0C3FE0000A5EDF5FE08B503F055
:1057B00045FCBDE80840714672467346B7EE000AE4
:1057C000F7EE000AB7EE001AF7EE001AB7EE002A5D
:1057D000F7EE002AB7EE003AF7EE003AB7EE004ACD
:1057E000F7EE004AB7EE005AF7EE005AB7EE006A3D
:1057F000F7EE006AB7EE007AF7EE007A8EF3008CCF
:1058000010B4F1EE10CA4FF66074C0F6FF740CEAE3
:10581000040CE1EE10CA10BCF446744708B503F05E
:1058200031FCBDE808407046714672467346B7EEDB
:10583000000AF7EE000AB7EE001AF7EE001AB7EE0C
:10584000002AF7EE002AB7EE003AF7EE003AB7EE7C
:10585000004AF7EE004AB7EE005AF7EE005AB7EEEC
:10586000006AF7EE006AB7EE007AF7EE007A8EF380
:10587000008C10B4F1EE10CA4FF66074C0F6FF74DD
:105880000CEA040CE1EE10CA10BCF446744700BFE9
:1058900008B503F02FFCBDE8084071467246734618
:1058A000B7EE000AF7EE000AB7EE001AF7EE001A9C
:1058B000B7EE002AF7EE002AB7EE003AF7EE003A0C
:1058C000B7EE004AF7EE004AB7EE005AF7EE005A7C
:1058D000B7EE006AF7EE006AB7EE007AF7EE007AEC
:1058E0008EF3008C10B4F1EE10CA4FF66074C0F65F
:1058F000FF740CEA040CE1EE10CA10BCF4467447C5
:105900004FF04023D3F8FC03714672467346B7EE5E
:10591000000AF7EE000AB7EE001AF7EE001AB7EE2B
:10592000002AF7EE002AB7EE003AF7EE003AB7EE9B
:10593000004AF7EE004AB7EE005AF7EE005AB7EE0B
:10594000006AF7EE006AB7EE007A000FF7EE007A11
:105950008EF3008C10B4F1EE10CA4FF66074C0F6EE
:10596000FF740CEA040CE1EE10CA10BCF446744754
:105970004FF09C43B3F88C00714672467346B7EE05
:10598000000AF7EE000AB7EE001AF7EE001AB7EEBB
:10599000002AF7EE002AB7EE003AF7EE003AB7EE2B
:1059A000004AF7EE004AB7EE005AF7EE005AB7EE9B
:1059B000006AF7EE006AB7EE007AF7EE007A8EF32F
:1059C000008C10B4F1EE10CA4FF66074C0F6FF748C
:1059D0000CEA040CE1EE10CA10BCF446744700BF98
:1059E0004FF09C43D3F88C00714672467346B7EE75
:1059F000000AF7EE000AB7EE001AF7EE001AB7EE4B
:105A0000002AF7EE002AB7EE003AF7EE003AB7EEBA
:105A1000004AF7EE004AB7EE005AF7EE005AB7EE2A
:105A2000006AF7EE006AB7EE007A20F07F40F7EEEA
:105A3000007A8EF3008C10B4F1EE10CA4FF6607449
:105A4000C0F6FF740CEA040CE1EE10CA10BCF44678
:105A5000744700BFB0F1405F10B5044603D31F4B3D
:105A6000821D9A4201D9FDF7E3FC204603F0F2FBC8
:105A7000BDE810407046714672467346B7EE000AA4
:105A8000F7EE000AB7EE001AF7EE001AB7EE002A9A
:105A9000F7EE002AB7EE003AF7EE003AB7EE004A0A
:105AA000F7EE004AB7EE005AF7EE005AB7EE006A7A
:105AB000F7EE006AB7EE007AF7EE007A8EF3008C0C
:105AC00010B4F1EE10CA4FF66074C0F6FF740CEA21
:105AD000040CE1EE10CA10BCF44674470088023092
:105AE0001D4A7046D2F88430714643F00203C2F872
:105AF0008430B7EE000A72467346F7EE000AB7EE3E
:105B0000001AF7EE001AB7EE002AF7EE002AB7EEF9
:105B1000003AF7EE003AB7EE004AF7EE004AB7EE69
:105B2000005AF7EE005AB7EE006AF7EE006AB7EED9
:105B3000007AF7EE007A8EF3008C10B4F1EE10CA02
:105B40004FF66074C0F6FF740CEA040CE1EE10CA64
:105B500010BCF446744700BF001000401D4A704658
:105B6000D2F88430714623F00203C2F88430B7EED5
:105B7000000A72467346F7EE000AB7EE001AF7EE17
:105B8000001AB7EE002AF7EE002AB7EE003AF7EE59
:105B9000003AB7EE004AF7EE004AB7EE005AF7EEC9
:105BA000005AB7EE006AF7EE006AB7EE007AF7EE39
:105BB000007A8EF3008C10B4F1EE10CA4FF66074C8
:105BC000C0F6FF740CEA040CE1EE10CA10BCF446F7
:105BD000744700BF001000404FF09C4393F8F02240
:105BE000042A38D993F83003C0EB0010400080B28B
:105BF000714672467346B7EE000AF7EE000AB7EE3A
:105C0000001AF7EE001AB7EE002AF7EE002AB7EEF8
:105C1000003AF7EE003AB7EE004AF7EE004AB7EE68
:105C2000005AF7EE005AB7EE006AF7EE006AB7EED8
:105C3000007AF7EE007A8EF3008C10B4F1EE10CA01
:105C40004FF66074C0F6FF740CEA040CE1EE10CA63
:105C500010BCF44674474FF41670C9E74FF09C43EC
:105C600093F8F0227146042A8ABF93F831034FF467
:105C7000C87000EB800072467346B7EE000AF7EE7C
:105C8000000AB7EE001AF7EE001AB7EE002AF7EE98
:105C9000002AB7EE003AF7EE003AB7EE004AF7EE08
:105CA000004AB7EE005AF7EE005AB7EE006AF7EE78
:105CB000006AB7EE007A88BF8000F7EE007A8EF3B4
:105CC000008C10B4F1EE10CA4FF66074C0F6FF7489
:105CD0000CEA040CE1EE10CA10BCF446744700BF95
:105CE0004FF09C4393F8F0227146042A8ABF93F840
:105CF00032034FF4C87000EB800072467346B7EE73
:105D0000000AF7EE000AB7EE001AF7EE001AB7EE37
:105D1000002AF7EE002AB7EE003AF7EE003AB7EEA7
:105D2000004AF7EE004AB7EE005AF7EE005AB7EE17
:105D3000006AF7EE006AB7EE007A88BF8000F7EEDF
:105D4000007A8EF3008C10B4F1EE10CA4FF6607436
:105D5000C0F6FF740CEA040CE1EE10CA10BCF44665
:105D6000744700BF1D4A1E4BC2F80833D2F80833EF
:105D7000012BFBD07046714672467346B7EE000A9F
:105D8000F7EE000AB7EE001AF7EE001AB7EE002A97
:105D9000F7EE002AB7EE003AF7EE003AB7EE004A07
:105DA000F7EE004AB7EE005AF7EE005AB7EE006A77
:105DB000F7EE006AB7EE007AF7EE007A8EF3008C09
:105DC00010B4F1EE10CA4FF66074C0F6FF740CEA1E
:105DD000040CE1EE10CA10BCF446744700100040F9
:105DE00051E5CC1A00221B4B7046C3F808237146BC
:105DF00072467346B7EE000AF7EE000AB7EE001AD5
:105E0000F7EE001AB7EE002AF7EE002AB7EE003AD6
:105E1000F7EE003AB7EE004AF7EE004AB7EE005A46
:105E2000F7EE005AB7EE006AF7EE006AB7EE007AB6
:105E3000F7EE007A8EF3008C10B4F1EE10CA4FF634
:105E40006074C0F6FF740CEA040CE1EE10CA10BCDA
:105E5000F4467447001000401B4B7146C3F8000322
:105E6000724670467346B7EE000AF7EE000AB7EEC8
:105E7000001AF7EE001AB7EE002AF7EE002AB7EE86
:105E8000003AF7EE003AB7EE004AF7EE004AB7EEF6
:105E9000005AF7EE005AB7EE006AF7EE006AB7EE66
:105EA000007AF7EE007A8EF3008C10B4F1EE10CA8F
:105EB0004FF66074C0F6FF740CEA040CE1EE10CAF1
:105EC00010BCF446744700BF001000401B4B7146E5
:105ED000C3F80403724670467346B7EE000AF7EE45
:105EE000000AB7EE001AF7EE001AB7EE002AF7EE36
:105EF000002AB7EE003AF7EE003AB7EE004AF7EEA6
:105F0000004AB7EE005AF7EE005AB7EE006AF7EE15
:105F1000006AB7EE007AF7EE007A8EF3008C10B4C8
:105F2000F1EE10CA4FF66074C0F6FF740CEA040C70
:105F3000E1EE10CA10BCF446744700BF00100040E8
:105F40001C4B00F00300C3F85401714670467246C2
:105F50007346B7EE000AF7EE000AB7EE001AF7EE46
:105F6000001AB7EE002AF7EE002AB7EE003AF7EE75
:105F7000003AB7EE004AF7EE004AB7EE005AF7EEE5
:105F8000005AB7EE006AF7EE006AB7EE007AF7EE55
:105F9000007A8EF3008C10B4F1EE10CA4FF66074E4
:105FA000C0F6FF740CEA040CE1EE10CA10BCF44613
:105FB000744700BF001000401C4B00F00700C3F8FE
:105FC00050017146704672467346B7EE000AF7EE0E
:105FD000000AB7EE001AF7EE001AB7EE002AF7EE45
:105FE000002AB7EE003AF7EE003AB7EE004AF7EEB5
:105FF000004AB7EE005AF7EE005AB7EE006AF7EE25
:10600000006AB7EE007AF7EE007A8EF3008C10B4D7
:10601000F1EE10CA4FF66074C0F6FF740CEA040C7F
:10602000E1EE10CA10BCF446744700BF00100040F7
:1060300002231C4A5361D3689B07FCD57046714606
:1060400072467346B7EE000AF7EE000AB7EE001A82
:10605000F7EE001AB7EE002AF7EE002AB7EE003A84
:10606000F7EE003AB7EE004AF7EE004AB7EE005AF4
:10607000F7EE005AB7EE006AF7EE006AB7EE007A64
:10608000F7EE007A8EF3008C10B4F1EE10CA4FF6E2
:106090006074C0F6FF740CEA040CE1EE10CA10BC88
:1060A000F44674470000024002221B4B70461A62FD
:1060B000714672467346B7EE000AF7EE000AB7EE75
:1060C000001AF7EE001AB7EE002AF7EE002AB7EE34
:1060D000003AF7EE003AB7EE004AF7EE004AB7EEA4
:1060E000005AF7EE005AB7EE006AF7EE006AB7EE14
:1060F000007AF7EE007A8EF3008C10B4F1EE10CA3D
:106100004FF66074C0F6FF740CEA040CE1EE10CA9E
:1061100010BCF446744700BF00000240F8B5A0F57B
:1061200040652C2D04460F4600F003064BD8002E88
:1061300065D140F61C439C4254D94C2F69D80123A9
:10614000354A780952F8202007F01F018B4013428E
:1061500052D03946204603F087F8BDE8F840704633
:10616000714672467346B7EE000AF7EE000AB7EEC4
:10617000001AF7EE001AB7EE002AF7EE002AB7EE83
:10618000003AF7EE003AB7EE004AF7EE004AB7EEF3
:10619000005AF7EE005AB7EE006AF7EE006AB7EE63
:1061A000007AF7EE007A8EF3008C10B4F1EE10CA8C
:1061B0004FF66074C0F6FF740CEA040CE1EE10CAEE
:1061C00010BCF4467447FDF733F9FEB90123AD085E
:1061D000AB40C3F30B030BB9FDF72AF940F61C43A0
:1061E0009C4209D80D2FB4D9FDF722F90123BB40F9
:1061F000C3F30D03002BACD1FDF71AF9A9E7FDF7A6
:1062000017F940F61C439C4297D8EBE7FDF710F9CD
:10621000DCE7FDF70DF992E7801B0300F8B5A0F26B
:106220000446F02E05460C465DD8AB075FD101272A
:10623000C6F384034C2C4FEAD61607FA03F748D866
:10624000304B53F826301F424AD001232E4A6009B2
:1062500052F8202004F01F018B4013424AD02146FF
:10626000284603F007F8BDE8F840704671467246CC
:106270007346B7EE000AF7EE000AB7EE001AF7EE23
:10628000001AB7EE002AF7EE002AB7EE003AF7EE52
:10629000003AB7EE004AF7EE004AB7EE005AF7EEC2
:1062A000005AB7EE006AF7EE006AB7EE007AF7EE32
:1062B000007A8EF3008C10B4F1EE10CA4FF66074C1
:1062C000C0F6FF740CEA040CE1EE10CA10BCF446F0
:1062D0007447FDF7ADF80B4B53F826301F420CD036
:1062E000FDF7A6F8B1E7FDF7A3F8AB079FD0FDF7E0
:1062F0009FF89CE7FDF79CF8B1E7FDF799F8FDF7EB
:1063000097F8A2E78C1B0300801B0300431EB3F128
:10631000806F10B504463BD24FF070632046D3F82F
:1063200094309847BDE810407046714672467346F7
:10633000B7EE000AF7EE000AB7EE001AF7EE001A01
:10634000B7EE002AF7EE002AB7EE003AF7EE003A71
:10635000B7EE004AF7EE004AB7EE005AF7EE005AE1
:10636000B7EE006AF7EE006AB7EE007AF7EE007A51
:106370008EF3008C10B4F1EE10CA4FF66074C0F6C4
:10638000FF740CEA040CE1EE10CA10BCF44674472A
:10639000FDF74EF8C0E700BF4FF04022D2F80C31B5
:1063A000704643F00103C2F80C31714672467346E1
:1063B000B7EE000AF7EE000AB7EE001AF7EE001A81
:1063C000B7EE002AF7EE002AB7EE003AF7EE003AF1
:1063D000B7EE004AF7EE004AB7EE005AF7EE005A61
:1063E000B7EE006AF7EE006AB7EE007AF7EE007AD1
:1063F0008EF3008C10B4F1EE10CA4FF66074C0F644
:10640000FF740CEA040CE1EE10CA10BCF4467447A9
:106410004FF04022D2F80C31704623F00103C2F84D
:106420000C31714672467346B7EE000AF7EE000A69
:10643000B7EE001AF7EE001AB7EE002AF7EE002AC0
:10644000B7EE003AF7EE003AB7EE004AF7EE004A30
:10645000B7EE005AF7EE005AB7EE006AF7EE006AA0
:10646000B7EE007AF7EE007A8EF3008C10B4F1EEFE
:1064700010CA4FF66074C0F6FF740CEA040CE1EE2B
:1064800010CA10BCF44674474FF04022D2F80C31C9
:10649000704643F40033C2F80C31714672467346BD
:1064A000B7EE000AF7EE000AB7EE001AF7EE001A90
:1064B000B7EE002AF7EE002AB7EE003AF7EE003A00
:1064C000B7EE004AF7EE004AB7EE005AF7EE005A70
:1064D000B7EE006AF7EE006AB7EE007AF7EE007AE0
:1064E0008EF3008C10B4F1EE10CA4FF66074C0F653
:1064F000FF740CEA040CE1EE10CA10BCF4467447B9
:106500004FF04022D2F80C31704623F40033C2F829
:106510000C31714672467346B7EE000AF7EE000A78
:10652000B7EE001AF7EE001AB7EE002AF7EE002ACF
:10653000B7EE003AF7EE003AB7EE004AF7EE004A3F
:10654000B7EE005AF7EE005AB7EE006AF7EE006AAF
:10655000B7EE007AF7EE007A8EF3008C10B4F1EE0D
:1065600010CA4FF66074C0F6FF740CEA040CE1EE3A
:1065700010CA10BCF44674474FF04022D2F80C31D8
:10658000704623F08073C2F80C3171467246734630
:10659000B7EE000AF7EE000AB7EE001AF7EE001A9F
:1065A000B7EE002AF7EE002AB7EE003AF7EE003A0F
:1065B000B7EE004AF7EE004AB7EE005AF7EE005A7F
:1065C000B7EE006AF7EE006AB7EE007AF7EE007AEF
:1065D0008EF3008C10B4F1EE10CA4FF66074C0F662
:1065E000FF740CEA040CE1EE10CA10BCF4467447C8
:1065F0004FF04022D2F80C31704643F48023C2F8A9
:106600000C31714672467346B7EE000AF7EE000A87
:10661000B7EE001AF7EE001AB7EE002AF7EE002ADE
:10662000B7EE003AF7EE003AB7EE004AF7EE004A4E
:10663000B7EE005AF7EE005AB7EE006AF7EE006ABE
:10664000B7EE007AF7EE007A8EF3008C10B4F1EE1C
:1066500010CA4FF66074C0F6FF740CEA040CE1EE49
:1066600010CA10BCF44674474FF04022D2F80C31E7
:10667000704623F48023C2F80C317146724673468B
:10668000B7EE000AF7EE000AB7EE001AF7EE001AAE
:10669000B7EE002AF7EE002AB7EE003AF7EE003A1E
:1066A000B7EE004AF7EE004AB7EE005AF7EE005A8E
:1066B000B7EE006AF7EE006AB7EE007AF7EE007AFE
:1066C0008EF3008C10B4F1EE10CA4FF66074C0F671
:1066D000FF740CEA040CE1EE10CA10BCF4467447D7
:1066E0004FF04022D2F80C3100F4E04023F4E043B4
:1066F0000343C2F80C317046714672467346B7EEDA
:10670000000AF7EE000AB7EE001AF7EE001AB7EE2D
:10671000002AF7EE002AB7EE003AF7EE003AB7EE9D
:10672000004AF7EE004AB7EE005AF7EE005AB7EE0D
:10673000006AF7EE006AB7EE007AF7EE007A8EF3A1
:10674000008C10B4F1EE10CA4FF66074C0F6FF74FE
:106750000CEA040CE1EE10CA10BCF446744700BF0A
:106760004FF04023D3F80C01714672467346B7EEE2
:10677000000AF7EE000AB7EE001AF7EE001AB7EEBD
:10678000002AF7EE002AB7EE003AF7EE003AB7EE2D
:10679000004AF7EE004AB7EE005AF7EE005AB7EE9D
:1067A000006AF7EE006AB7EE007AC0F30050F7EE29
:1067B000007A8EF3008C10B4F1EE10CA4FF66074BC
:1067C000C0F6FF740CEA040CE1EE10CA10BCF446EB
:1067D000744700BF4FF04022D2F80C3100F47060D3
:1067E00023F470630343C2F80C317046714672465D
:1067F0007346B7EE000AF7EE000AB7EE001AF7EE9E
:10680000001AB7EE002AF7EE002AB7EE003AF7EECC
:10681000003AB7EE004AF7EE004AB7EE005AF7EE3C
:10682000005AB7EE006AF7EE006AB7EE007AF7EEAC
:10683000007A8EF3008C10B4F1EE10CA4FF660743B
:10684000C0F6FF740CEA040CE1EE10CA10BCF4466A
:10685000744700BF4FF04022D2F80C31B0F5803FB2
:106860000CBF43F4803323F48033C2F80C317046FC
:10687000714672467346B7EE000AF7EE000AB7EEAD
:10688000001AF7EE001AB7EE002AF7EE002AB7EE6C
:10689000003AF7EE003AB7EE004AF7EE004AB7EEDC
:1068A000005AF7EE005AB7EE006AF7EE006AB7EE4C
:1068B000007AF7EE007A8EF3008C10B4F1EE10CA75
:1068C0004FF66074C0F6FF740CEA040CE1EE10CAD7
:1068D00010BCF446744700BF4FF04022D2F80C3190
:1068E00000F00E0023F00E030343C2F80C31704693
:1068F000714672467346B7EE000AF7EE000AB7EE2D
:10690000001AF7EE001AB7EE002AF7EE002AB7EEEB
:10691000003AF7EE003AB7EE004AF7EE004AB7EE5B
:10692000005AF7EE005AB7EE006AF7EE006AB7EECB
:10693000007AF7EE007A8EF3008C10B4F1EE10CAF4
:106940004FF66074C0F6FF740CEA040CE1EE10CA56
:1069500010BCF446744700BF4FF04022D2F80C310F
:1069600010280CBF43F0100323F01003C2F80C31C1
:106970007046714672467346B7EE000AF7EE000A9B
:10698000B7EE001AF7EE001AB7EE002AF7EE002A6B
:10699000B7EE003AF7EE003AB7EE004AF7EE004ADB
:1069A000B7EE005AF7EE005AB7EE006AF7EE006A4B
:1069B000B7EE007AF7EE007A8EF3008C10B4F1EEA9
:1069C00010CA4FF66074C0F6FF740CEA040CE1EED6
:1069D00010CA10BCF4467447B0F1405F10B50446CD
:1069E00003D31F4B021D9A4201D9FCF721FD20461B
:1069F00002F046FCBDE81040704671467246734690
:106A0000B7EE000AF7EE000AB7EE001AF7EE001A2A
:106A1000B7EE002AF7EE002AB7EE003AF7EE003A9A
:106A2000B7EE004AF7EE004AB7EE005AF7EE005A0A
:106A3000B7EE006AF7EE006AB7EE007AF7EE007A7A
:106A40008EF3008C10B4F1EE10CA4FF66074C0F6ED
:106A5000FF740CEA040CE1EE10CA10BCF446744753
:106A6000008802304FF08043186B714680F400407C
:106A700072467346B7EE000AF7EE000AB7EE001A48
:106A8000F7EE001AB7EE002AF7EE002AB7EE003A4A
:106A9000F7EE003AB7EE004AF7EE004AB7EE005ABA
:106AA000F7EE005AB7EE006AF7EE006AB7EE007A2A
:106AB000C0F3C030F7EE007A8EF3008C10B4F1EE24
:106AC00010CA4FF66074C0F6FF740CEA040CE1EED5
:106AD00010CA10BCF44674474FF08042136C7046E5
:106AE00043F480131364714672467346B7EE000A8E
:106AF000F7EE000AB7EE001AF7EE001AB7EE002A1A
:106B0000F7EE002AB7EE003AF7EE003AB7EE004A89
:106B1000F7EE004AB7EE005AF7EE005AB7EE006AF9
:106B2000F7EE006AB7EE007AF7EE007A8EF3008C8B
:106B300010B4F1EE10CA4FF66074C0F6FF740CEAA0
:106B4000040CE1EE10CA10BCF44674471A4B7146AF
:106B5000986972467346B7EE000AF7EE000AB7EE80
:106B6000001AF7EE001AB7EE002AF7EE002AB7EE89
:106B7000003AF7EE003AB7EE004AF7EE004AB7EEF9
:106B8000005AF7EE005AB7EE006AF7EE006AB7EE69
:106B9000007AF7EE007A8EF3008C10B4F1EE10CA92
:106BA0004FF66074C0F6FF740CEA040CE1EE10CAF4
:106BB00010BCF446744700BF002000401D4A7146D7
:106BC000D36990699BB2B3EB901F18BFD369B7EE3E
:106BD000000A72467346F7EE000AB7EE001AF7EEA7
:106BE000001AB7EE002AF7EE002AB7EE003AF7EEE9
:106BF000003AB7EE004AF7EE004AB7EE005AF7EE59
:106C0000005AB7EE006AF7EE006AB7EE007AF7EEC8
:106C1000007A8EF3008C10B4F1EE10CA4FF6607457
:106C2000C0F6FF740CEA040CE1EE10CA10BCF44686
:106C3000744700BF0020004008B5EAF76FFFBDE8C9
:106C40000840714672467346B7EE000AF7EE000A36
:106C5000B7EE001AF7EE001AB7EE002AF7EE002A98
:106C6000B7EE003AF7EE003AB7EE004AF7EE004A08
:106C7000B7EE005AF7EE005AB7EE006AF7EE006A78
:106C8000B7EE007AF7EE007A8EF3008C10B4F1EED6
:106C900010CA4FF66074C0F6FF740CEA040CE1EE03
:106CA00010CA10BCF44674472DE9F0410D46164653
:106CB00082B01E22012104460AF0E6FD00286FD0B2
:106CC0000122214601A802F069FB9DF80430082B3F
:106CD00066D8364A52F82340002C61D0D4F8188088
:106CE0004FEA48070137B7425DD817223146284698
:106CF0000AF0CAFD002853D0B8F1000F12D005EBFE
:106D000008012B468E46481EE269A0EB030C12F8E0
:106D10000C2003F8012F226A994212F80CC00EF8D9
:106D200001CFF1D104230021F21BE8192B7002F0EE
:106D300073FB002002B0B7EE000ABDE8F0417146D7
:106D400072467346F7EE000AB7EE001AF7EE001A25
:106D5000B7EE002AF7EE002AB7EE003AF7EE003A57
:106D6000B7EE004AF7EE004AB7EE005AF7EE005AC7
:106D7000B7EE006AF7EE006AB7EE007AF7EE007A37
:106D80008EF3008C10B4F1EE10CA4FF66074C0F6AA
:106D9000FF740CEA040CE1EE10CA10BCF446744710
:106DA0006FF08000C6E74FF0FF30C3E7241C0300FC
:106DB00010B50446E9F7ACFDC0B301212046E9F760
:106DC000D3F9BDE81040714672467346B7EE000A2B
:106DD000F7EE000AB7EE001AF7EE001AB7EE002A37
:106DE000F7EE002AB7EE003AF7EE003AB7EE004AA7
:106DF000F7EE004AB7EE005AF7EE005AB7EE006A17
:106E0000F7EE006AB7EE007AF7EE007A8EF3008CA8
:106E100010B4F1EE10CA4FF66074C0F6FF740CEABD
:106E2000040CE1EE10CA10BCF44674476FF0010088
:106E3000C7E700BF08B5E9F751FCBDE80840714657
:106E400072467346B7EE000AF7EE000AB7EE001A74
:106E5000F7EE001AB7EE002AF7EE002AB7EE003A76
:106E6000F7EE003AB7EE004AF7EE004AB7EE005AE6
:106E7000F7EE005AB7EE006AF7EE006AB7EE007A56
:106E8000F7EE007A8EF3008C10B4F1EE10CA4FF6D4
:106E90006074C0F6FF740CEA040CE1EE10CA10BC7A
:106EA000F4467447B0F1405F46D3034610B5244C16
:106EB0000433A3423DD8B1F1405F0A4639D30532CD
:106EC000A24236D8E9F77AF9BDE810407146724619
:106ED0007346B7EE000AF7EE000AB7EE001AF7EEB7
:106EE000001AB7EE002AF7EE002AB7EE003AF7EEE6
:106EF000003AB7EE004AF7EE004AB7EE005AF7EE56
:106F0000005AB7EE006AF7EE006AB7EE007AF7EEC5
:106F1000007A8EF3008C10B4F1EE10CA4FF6607454
:106F2000C0F6FF740CEA040CE1EE10CA10BCF44683
:106F300074476FF00200C7E76FF00200C6E700BFBA
:106F40000080043010B50446E9F7E2FCC0B301212B
:106F50002046E9F707FABDE81040714672467346CD
:106F6000B7EE000AF7EE000AB7EE001AF7EE001AC5
:106F7000B7EE002AF7EE002AB7EE003AF7EE003A35
:106F8000B7EE004AF7EE004AB7EE005AF7EE005AA5
:106F9000B7EE006AF7EE006AB7EE007AF7EE007A15
:106FA0008EF3008C10B4F1EE10CA4FF66074C0F688
:106FB000FF740CEA040CE1EE10CA10BCF4467447EE
:106FC0006FF00100C7E700BF10B50446E9F7A0FC69
:106FD000C0B301212046E9F787FABDE810407146A9
:106FE00072467346B7EE000AF7EE000AB7EE001AD3
:106FF000F7EE001AB7EE002AF7EE002AB7EE003AD5
:10700000F7EE003AB7EE004AF7EE004AB7EE005A44
:10701000F7EE005AB7EE006AF7EE006AB7EE007AB4
:10702000F7EE007A8EF3008C10B4F1EE10CA4FF632
:107030006074C0F6FF740CEA040CE1EE10CA10BCD8
:10704000F44674476FF00100C7E700BF08B5E9F7E1
:1070500089FBBDE808407046714672467346B7EE3C
:10706000000AF7EE000AB7EE001AF7EE001AB7EEC4
:10707000002AF7EE002AB7EE003AF7EE003AB7EE34
:10708000004AF7EE004AB7EE005AF7EE005AB7EEA4
:10709000006AF7EE006AB7EE007AF7EE007A8EF338
:1070A000008C10B4F1EE10CA4FF66074C0F6FF7495
:1070B0000CEA040CE1EE10CA10BCF446744700BFA1
:1070C00008B5E9F777FABDE808407146724673469D
:1070D000B7EE000AF7EE000AB7EE001AF7EE001A54
:1070E000B7EE002AF7EE002AB7EE003AF7EE003AC4
:1070F000B7EE004AF7EE004AB7EE005AF7EE005A34
:10710000B7EE006AF7EE006AB7EE007AF7EE007AA3
:107110008EF3008C10B4F1EE10CA4FF66074C0F616
:10712000FF740CEA040CE1EE10CA10BCF44674477C
:1071300008B5E9F7CBFABDE80840704671467246DB
:107140007346B7EE000AF7EE000AB7EE001AF7EE44
:10715000001AB7EE002AF7EE002AB7EE003AF7EE73
:10716000003AB7EE004AF7EE004AB7EE005AF7EEE3
:10717000005AB7EE006AF7EE006AB7EE007AF7EE53
:10718000007A8EF3008C10B4F1EE10CA4FF66074E2
:10719000C0F6FF740CEA040CE1EE10CA10BCF44611
:1071A000744700BF08B5E9F7E3FCBDE80840704646
:1071B000714672467346B7EE000AF7EE000AB7EE64
:1071C000001AF7EE001AB7EE002AF7EE002AB7EE23
:1071D000003AF7EE003AB7EE004AF7EE004AB7EE93
:1071E000005AF7EE005AB7EE006AF7EE006AB7EE03
:1071F000007AF7EE007A8EF3008C10B4F1EE10CA2C
:107200004FF66074C0F6FF740CEA040CE1EE10CA8D
:1072100010BCF446744700BF08B5E9F7F3FABDE8BF
:107220000840714672467346B7EE000AF7EE000A50
:10723000B7EE001AF7EE001AB7EE002AF7EE002AB2
:10724000B7EE003AF7EE003AB7EE004AF7EE004A22
:10725000B7EE005AF7EE005AB7EE006AF7EE006A92
:10726000B7EE007AF7EE007A8EF3008C10B4F1EEF0
:1072700010CA4FF66074C0F6FF740CEA040CE1EE1D
:1072800010CA10BCF446744708B5E9F731FBBDE8F5
:1072900008407046714672467346B7EE000AF7EE34
:1072A000000AB7EE001AF7EE001AB7EE002AF7EE62
:1072B000002AB7EE003AF7EE003AB7EE004AF7EED2
:1072C000004AB7EE005AF7EE005AB7EE006AF7EE42
:1072D000006AB7EE007AF7EE007A8EF3008C10B4F5
:1072E000F1EE10CA4FF66074C0F6FF740CEA040C9D
:1072F000E1EE10CA10BCF446744700BF08B5E9F7C8
:1073000025FBBDE80840714672467346B7EE000A99
:10731000F7EE000AB7EE001AF7EE001AB7EE002AF1
:10732000F7EE002AB7EE003AF7EE003AB7EE004A61
:10733000F7EE004AB7EE005AF7EE005AB7EE006AD1
:10734000F7EE006AB7EE007AF7EE007A8EF3008C63
:1073500010B4F1EE10CA4FF66074C0F6FF740CEA78
:10736000040CE1EE10CA10BCF4467447B0F1405F63
:1073700010B5044604D3204B00F114029A4201D9FF
:10738000FCF756F82046E9F7EFFABDE810407046E2
:10739000714672467346B7EE000AF7EE000AB7EE82
:1073A000001AF7EE001AB7EE002AF7EE002AB7EE41
:1073B000003AF7EE003AB7EE004AF7EE004AB7EEB1
:1073C000005AF7EE005AB7EE006AF7EE006AB7EE21
:1073D000007AF7EE007A8EF3008C10B4F1EE10CA4A
:1073E0004FF66074C0F6FF740CEA040CE1EE10CAAC
:1073F00010BCF446744700BF0080043008B5E9F7BC
:10740000C5FABDE80840714672467346B7EE000AF9
:10741000F7EE000AB7EE001AF7EE001AB7EE002AF0
:10742000F7EE002AB7EE003AF7EE003AB7EE004A60
:10743000F7EE004AB7EE005AF7EE005AB7EE006AD0
:10744000F7EE006AB7EE007AF7EE007A8EF3008C62
:1074500010B4F1EE10CA4FF66074C0F6FF740CEA77
:10746000040CE1EE10CA10BCF4467447B0F1405F62
:1074700010B5044604D3204B00F114029A4201D9FE
:10748000FBF7D6FF2046FBF701FABDE81040704637
:10749000714672467346B7EE000AF7EE000AB7EE81
:1074A000001AF7EE001AB7EE002AF7EE002AB7EE40
:1074B000003AF7EE003AB7EE004AF7EE004AB7EEB0
:1074C000005AF7EE005AB7EE006AF7EE006AB7EE20
:1074D000007AF7EE007A8EF3008C10B4F1EE10CA49
:1074E0004FF66074C0F6FF740CEA040CE1EE10CAAB
:1074F00010BCF446744700BF0080043008B5FBF7A9
:1075000091F8BDE80840714672467346B7EE000A2E
:10751000F7EE000AB7EE001AF7EE001AB7EE002AEF
:10752000F7EE002AB7EE003AF7EE003AB7EE004A5F
:10753000F7EE004AB7EE005AF7EE005AB7EE006ACF
:10754000F7EE006AB7EE007AF7EE007A8EF3008C61
:1075500010B4F1EE10CA4FF66074C0F6FF740CEA76
:10756000040CE1EE10CA10BCF446744738B541F67D
:107570003C73984204460D4601D8994201D9FBF765
:1075800057FF29462046FBF75BF9BDE838407046B7
:10759000714672467346B7EE000AF7EE000AB7EE80
:1075A000001AF7EE001AB7EE002AF7EE002AB7EE3F
:1075B000003AF7EE003AB7EE004AF7EE004AB7EEAF
:1075C000005AF7EE005AB7EE006AF7EE006AB7EE1F
:1075D000007AF7EE007A8EF3008C10B4F1EE10CA48
:1075E0004FF66074C0F6FF740CEA040CE1EE10CAAA
:1075F00010BCF446744700BFB0F1405F10B50446BC
:1076000004D3204B00F114029A4201D9FBF710FF7A
:107610002046FBF797FBBDE8104070467146724666
:107620007346B7EE000AF7EE000AB7EE001AF7EE5F
:10763000001AB7EE002AF7EE002AB7EE003AF7EE8E
:10764000003AB7EE004AF7EE004AB7EE005AF7EEFE
:10765000005AB7EE006AF7EE006AB7EE007AF7EE6E
:10766000007A8EF3008C10B4F1EE10CA4FF66074FD
:10767000C0F6FF740CEA040CE1EE10CA10BCF4462C
:10768000744700BF0080043008B5FBF731FABDE84D
:107690000840714672467346B7EE000AF7EE000ADC
:1076A000B7EE001AF7EE001AB7EE002AF7EE002A3E
:1076B000B7EE003AF7EE003AB7EE004AF7EE004AAE
:1076C000B7EE005AF7EE005AB7EE006AF7EE006A1E
:1076D000B7EE007AF7EE007A8EF3008C10B4F1EE7C
:1076E00010CA4FF66074C0F6FF740CEA040CE1EEA9
:1076F00010CA10BCF446744738B500F580739BB2CD
:10770000B3F5007F04460D4605D201F580739BB2A8
:10771000B3F5007F01D3FBF78BFE29462046FBF72C
:10772000EBFABDE838407046714672467346B7EED4
:10773000000AF7EE000AB7EE001AF7EE001AB7EEED
:10774000002AF7EE002AB7EE003AF7EE003AB7EE5D
:10775000004AF7EE004AB7EE005AF7EE005AB7EECD
:10776000006AF7EE006AB7EE007AF7EE007A8EF361
:10777000008C10B4F1EE10CA4FF66074C0F6FF74BE
:107780000CEA040CE1EE10CA10BCF446744700BFCA
:1077900070B517220D46096806460AF075F80028EC
:1077A00040D02968214809F0CFFB04461F493046E4
:1077B000224601F0F3FD0020B7EE000AF7EE000AC2
:1077C000B7EE001AF7EE001AB7EE002AF7EE002A1D
:1077D000B7EE003AF7EE003AB7EE004AF7EE004A8D
:1077E000B7EE005AF7EE005AB7EE006AF7EE006AFD
:1077F000B7EE007A2C60F7EE007ABDE87040714673
:10780000724673468EF3008C10B4F1EE10CA4FF638
:107810006074C0F6FF740CEA040CE1EE10CA10BCF0
:10782000F446744704464FF0FF30C5E7D4560200D3
:1078300070B478C8194A78C20139FAD170BC70475F
:10784000F0B4F0C8144BF0C3124BF0CBF0C1013AC6
:10785000F7D1F0BC704700BFF0B4F0C80F4BF0C3D5
:10786000013A07D0F0C80D4BF0C30A4BF0CBF0C182
:10787000013AF7D1064B1C680F25AC431C60054B41
:10788000F0CBF0C1F0BC7047AFF30080AFF30080E5
:107890002C000C4070000C4080000C4090000C400C
:1078A000820706D18A0704D130B43CC93CC030BC41
:1078B000704710230A78027001310130013BF9D181
:1078C000704700BF000000002DE9F04FD0E90253DF
:1078D000144603F0FE42B2F1407F8BB032D0B2F1D9
:1078E000806F1ED0B2F1A06F7BD0A94A23F0FF01B8
:1078F000914233D12168A74841F4C52242F00102E8
:10790000834222604DD0A44A934227D106F04CFD19
:1079100018B9236843F48073236000200BB0BDE8DE
:10792000F08F15F4803222D000239C4A1029C4E93C
:10793000002313D10388B3F5105F0FD115F4407FF6
:10794000E4D10BE0964A1A40B2F1607F76D010394C
:10795000102903D8934ACA40D20726D40022002314
:107960006FF08600C4E900230BB0BDE8F08F15F47A
:10797000807640F03B81AF0540F173810FF2C8196A
:10798000D9E900894FF0000C324671A7D7E90067AA
:10799000E2469FED716B9FED727BDFF84CE2824D0A
:1079A00034E1824B0B432360B0E70027804E15F48F
:1079B000406FC4E9006740F095807E4A9342CDD085
:1079C00069A7D7E900676FF086027B498B42C5D172
:1079D0000388C4E90067B3F5105FBFD1002A95D0D2
:1079E000BCE715F480329FD115F4807640F03281E7
:1079F000AD0500F1B2810FF27819D9E900890027AD
:107A00006FF086026D4E0088C4E90067B0F5105F24
:107A1000A4D110391029A1D8624820FA01F1C90770
:107A20009CD567498B42D9D001F580718B4295D1A5
:107A3000C4E90089002A3FF469AF8FE715F4406F6D
:107A40004FF0000C5BD05F4AE6460992E046E24602
:107A5000E34662466046E1469FED477B5A4D5B4EEA
:107A60000895A5F580050595A5F500050295A5F5F0
:107A700080050695564FA5F580050395CDF81CC0E9
:107A8000CDF810C0A5F580050196DBB243F0007378
:107A900003F17E43053B84ED007B0E2B3FF65EAF8A
:107AA00001A656F823F000BFD37C02005D790200E6
:107AB0005D790200CB7C0200BD7C0200AF7C02003D
:107AC000A17C02005D7902005D7902005D7902000F
:107AD0005D790200897C0200FD7C0200EF7C0200DF
:107AE000E17C02000027334A3A4E9342C4E9006722
:107AF00000F02D8122A7D7E90067002265E7364D07
:107B0000364A0895A5F580050595A5F50005344E7E
:107B10000295A5F580050695A5F5800509920395C2
:107B2000E646E046E246E3466046E1466FF08602FE
:107B30009FED157B2B4FCDF81CC0CDF810C0A5F5DF
:107B400080050196A1E700BF012823300000000056
:107B50000128230000000000012823180000000075
:107B60000128630000000000012802080000000056
:107B70000128040800000000012811000000000096
:107B80000128120800000000012801000000000088
:107B90000007000801070008090700080168010044
:107BA0000000C07F010101000128230801282600F0
:107BB000012802000002C0030001C00301280400E4
:107BC000000150050128D10201289102012851002D
:107BD0000128110201281200012881020128C10296
:107BE0000128410001280102012863084FF0000C20
:107BF0000FF2F419D9E90089E24600279FED606B86
:107C00009FED617BDFF8E8E16D4D6E4E0088C4E9C1
:107C10000067B0F5105F78D042F20135A8427FF4DA
:107C20009DAE18297FF49AAE674984ED007B8B42A4
:107C30003FF4D4AE65498B423FF490AE64498B4229
:107C40007FF48CAE7546E246C4E9005A002A3FF440
:107C50005DAE83E600270FF23819D9E900895D4E41
:107C6000D1E64FF0000C0FF23019D9E90089002756
:107C7000E2466FF086029FED4A6B9FED4B7B564EBE
:107C8000DFF870E1554DC1E70E3982293FF666AE47
:107C90003D465046C4E90050002A3FF437AE5DE649
:107CA000203960293FF65AAE5846029DF2E718394E
:107CB00068293FF653AEDDE90650EBE7103930296D
:107CC0003FF64CAEDDE90350E4E70E393229E1D945
:107CD00044E60E3932293FF641AE4846019DD9E7C8
:107CE000203928293FF63AAE6046099DD2E7183977
:107CF00050293FF633AE7046089DCBE710397829FE
:107D00003FF62CAE4046059DC4E7354883422DD052
:107D1000103910293FF622AE324820FA01F1CE0781
:107D20007FF51CAE28498B423FF458AE0AD927494B
:107D30008B4208BF84ED006B7FF410AE002A3FF445
:107D4000E5AD0BE622498B423FF47EAF06E60388A1
:107D5000B3F5105F3FF4DAAD00E632460FF250099A
:107D6000D9E9008914A7D7E900674CE620293FF438
:107D70005FAE40297FF4F2AD5AE600BFAFF300805A
:107D80000128131800000000012853000000000023
:107D90000128140800000000012803300000000042
:107DA0000128031800000000012843000000000023
:107DB0000128240800000000012824000000000021
:107DC0000128130801281300004440040010C004D7
:107DD0000040400401281400012803000128030882
:107DE00000FF4004010101000128133000000000E1
:107DF00001285308012843082DE9F04F93B007925A
:107E00004A880C4605461E46002A6DD10B8803F4AD
:107E10004F41B1F5824F00F0A38003F4E043B3F586
:107E2000E04F00F0CF80B3F5804F00F0A180E06814
:107E30006FF0860A00F0FE43B3F1C06F5DD144F2EB
:107E40000103B4F8009029F44051994200F03281C6
:107E5000DFF8D0B209EA0B03B3F5824F53D120F417
:107E6000FF7323F00103B3F1062F00F04382A84B08
:107E7000984248D19EA1D1E90001209B09F4E04736
:107E8000B7F5E04FC3E9000100F0BF83B7F5804FBD
:107E900039D15FFA89F3002D00F02385422B32D1CE
:107EA000B8F1000F2FD01F9BA3F80080079B002B79
:107EB00040F0E1831D9B6BB11E9B5BB11E9A08F1E4
:107EC0001F0311685B090133B1EB830F4FEA830293
:107ED00080F01B866FF08900002200232099C1E901
:107EE000002313B0BDE8F08F90464FF0000AE06821
:107EF00000F0FE43B3F1C06FA1D0B3F1E06F05D045
:107F0000B3F1106F69D06FF08600E5E703F50073F9
:107F100098423AD07F4B20F0FF029A42F3D176A3E9
:107F2000D3E90023209910F0FF00C1E90023EAD033
:107F300040F0007000F17E43053B062BE3D801A220
:107F400052F823F0E1820200077F0200077F02005F
:107F5000CD820200B9820200A58202009182020055
:107F6000D9B241297FF459AF4FF0FF089246BEE7DE
:107F70001C9B03F1FF384FEA58084FEAC808B8F5D0
:107F8000047F25D04FF0000AB1E720995CA3D3E924
:107F90000023C1E90023BAF1000FB4D15AA1D1E9FD
:107FA0000001238803F4E043B3F5E04F00F0528270
:107FB000B3F5804FA7D1002D00F02381B8F1000F59
:107FC000A1D06CE01C9B4FEAC308B8F5047FD9D15F
:107FD00040F209284FF0000A89E700214E4B4F4F2D
:107FE0000340209A4E4843F01063BB42C2E90001AF
:107FF00089D1238803F4E042B2F5E04F00F0A48277
:10800000B2F5804F7FF47FAF1E9A314605921D9ADC
:108010002846049223F4435222F03F02B2F5824FE5
:108020004FF0000218BF00238DF83C200FAA0392E6
:108030000CAA029209AA0192CDF800801C9ADBB228
:1080400003F0AAFE15B1FF238DF83C30238803F41A
:108050004F42B2F5824F7FF456AFDBB2302B05D0E2
:10806000412B00F0A584122B7FF44DAF209B209A6A
:108070001B68526843F4001320990B604A60002883
:108080007FF42AAF002D40F0FC849DF83C30002B9B
:108090003FF439AFBDF830801F9BA3F8008006F095
:1080A00083F928B9209B209A1B6843F480731360DE
:1080B000002016E710F0FF033FF425AF43F00073F4
:1080C00003F17E43053B062B3FF61DAF01A252F89C
:1080D00023F000BF29810200077F0200077F020012
:1080E0009B810200CF810200B5810200E98102007C
:1080F00001405038000000000140A20000000000D4
:1081000001408200000000000148820400000000DD
:1081100000080006000300070000FFF60000020947
:108120000140010000CFFFFF0027C1A3D3E90023D6
:108130000FF2043BDBE900AB9FED8B7BDFF800C364
:10814000209909F4E049B9F5E04FC1E9002300F0B6
:10815000C981B9F5804F7FF4D6AE002D00F067835A
:1081600020F48753B04A23F01F03934220F0FF000E
:1081700000F0F7820022AD4B8DF83C2098427FF44E
:10818000C2AE209BD3E9001741F4000C209BC3E949
:1081900000C7B8F1000F82D1B5E6002774A3D3E978
:1081A00000230FF2D41BDBE900AB9FED757BDFF8FA
:1081B00094C2C5E7002774A3D3E900230FF2D01BB4
:1081C000DBE900AB9FED747BDFF87CC2B8E70027EA
:1081D00073A3D3E900230FF2D01BDBE900AB9FEDC3
:1081E000747BDFF868C2ABE7002773A3D3E90023F1
:1081F0000FF2CC1BDBE900AB9FED737BDFF850C2C5
:108200009EE70FAB009330461C990CAB09AA08F00F
:10821000CFF900287FF460AE9DF83C30002B7FF44E
:1082200072AE0A9B0D9EDB009AB21F9B1A801D9BAB
:10823000002B3FF44FAE1E9B002B3FF44BAEF600DD
:1082400006F11F035B0902F11F01023303EB511317
:108250001E9908689900B0EB830FFFF43BAE1E9B9C
:108260001960618891427FF44EAE1D982A460090B5
:108270000223099803F01EF90A9A1D9904328818FE
:1082800000900223012231460C9803F013F906E70F
:1082900020994FA3D3E90023C1E900234EA1D1E9DE
:1082A00000017EE620994EA3D3E90023C1E9002313
:1082B0004DA1D1E9000174E620994DA3D3E9002333
:1082C000C1E900234CA1D1E900016AE620994CA341
:1082D000D3E90023C1E900234BA1D1E9000160E605
:1082E00020994BA3D3E90023C1E900234AA1D1E996
:1082F000000156E69FED4A7B2099FF23424681ED1F
:10830000007B03F059F800287FF4E6AD09F4E04360
:10831000B3F5E04F00F0E881B3F5804F7FF4F3ADA3
:108320001E9A0FAB05921D9A8DF83C00CDE90332E1
:108330000CAB029309AB0193314628461C9ACDF849
:1083400000805FFA89F303F027FD00287FF4C4ADB5
:108350009DF83C30002B7FF4D6AD0C9B1F9A138008
:108360009DE600BFAFF300800148800800000000D8
:1083700001400020000000000148902000000000A3
:108380000148802000000000014000300000000093
:1083900001489030000000000148803000000000DB
:1083A0000140002800000000014890280000000063
:1083B0000148802800000000014000380000000053
:1083C000014890380000000001488038000000009B
:1083D0000140A238000000000148A23C000000005B
:1083E0000140A230000000000148A234000000005B
:1083F0000140A228000000000148A22C000000005B
:108400000140A220000000000148A224000000005A
:108410000140A208000000000148A20C000000007A
:1084200001403000000000000003000600020006CA
:108430000140000800000000014890080000000012
:108440000140900801409020014090300140902868
:1084500001409038209BC3E90001002D7FF4AEADB0
:108460000CAB009330461C990FAB09AA08F018F822
:1084700000287FF431AD0A9B109A9A423FF643AD33
:108480001F9ADB009BB213801D9A002A3FF422AD95
:108490001E9A002A3FF41EAD1E9903F11F020968BF
:1084A00052090132B1EBC20F4FEAC200FFF412AD24
:1084B00061881E9A994210607FF425AD2A460223F6
:1084C00009981D9C009402F0F5FF0A9A1D99043248
:1084D00088181F9902230988012200900F9802F042
:1084E000E9FFDCE5AE4A20F4875323F01F039342F3
:1084F00000F0C680AB4B20F0FF0098427FF403AD44
:1085000081ED007B002D00F05D821D9B002B3FF470
:10851000FAAC1E9B002B3FF4F6ACB8F1000F3FF411
:10852000F2AC1E9A1FFA88F31F3311685B091F9A79
:108530000133B1EBC30FA2F800804FEAC302FFF48E
:10854000C9AC1E9B1A60AAE5209F03F44F42B2F506
:10855000824F8DA1D1E90001C7E900017FF4D3ACBE
:10856000DBB2412B00F0D181122B00F0DA81302BED
:108570007FF4C9AC002D00F03182BAF1000F7FF416
:10858000C2AC83A1D1E900011123209AC2E9000104
:10859000079A002A7FF483AD1D9A002A3FF4B3ACFA
:1085A0001E9A002A3FF4AFAC1E9908F11F02096819
:1085B00052090132B1EB820FFFF48CACB8F1000F1D
:1085C0003FF4A1AC1F9A1D99A2F8008000911FFAF8
:1085D00088F11F3149091E9C013189002160304614
:1085E0004146079A02F066FFB8F1FF0F7FF457ADDE
:1085F0001D9B1D991A7993F8233022F0070243F04E
:1086000040030A7181F8233049E5194662A3D3E992
:108610000023C1E90023002D00F0C8805FFA89F92A
:10862000B9F1420F7FF46FACB8F1000F3FF46BACBF
:108630001F9BA3F80080079BEBB91D9B002B3FF409
:1086400049AC1E9B002B3FF445AC1E9A08F11F035A
:1086500011685B090133B1EB830F4FEA8302FFF42A
:1086600039AC1E9B41461A601D9A30460092112378
:10867000002202F01FFFBAF1000F7FF444AC0EE5B8
:10868000C1E900AB002D7FF440AF0CAB0093304646
:108690001C990FAB09AA07F03FFF00287FF41CAC20
:1086A0000A9BDB0099B21F9B1980638813B1994222
:1086B0007FF429AC1D9B002B3FF40CAC1E9B002BC0
:1086C0003FF408AC1E9A01F11F0310685B090133E7
:1086D000B0EBC30F4FEAC302FFF4FCAB1E9C0223B6
:1086E000226009980022ECE6209B209A1B6843F444
:1086F00000631360002D00F01F815FFA89F9B9F162
:10870000120F00F05D81B9F1300F7FF4FCAB112343
:10871000B8F1000F3FF4F7AB1F9AA2F80080079A58
:10872000002A7FF4BCAC1D9A002A3FF4D3AB1E9AFA
:10873000002A3FF4CFAB1E9908F11F0208685209C6
:108740000132B0EB820F4FEA8201FFF4C3AB1E9AF5
:108750001D9C116030464146079A009402F0AAFE23
:108760009DE4FF2298428DF83C203FF40FAD0E4B64
:1087700098427FF4C8AB209BD3E9001741F4100C5A
:1087800004E500BFAFF300800148010400000000D1
:10879000014821040000000001485038000000009A
:1087A0000003000600020006001300060CAB009355
:1087B00030461C99019509AB0FAA07F04BFD002824
:1087C0007FF48AAB9DF82430042B7FF49CAB238884
:1087D00003EA0B0BBBF5824F7FF495ABDBB2422B68
:1087E0007FF491AB0C9B618899427FF48CAB1F9B0B
:1087F00019801D9B002B3FF46DAB1E9B002B3FF49B
:1088000069AB1E9A01F11F0312685B090133B2EBD9
:10881000830F4FEA8300FFF45DAB11231E9C0022FF
:1088200020601D9800900F9802F044FE37E40FABD3
:10883000009330461C990CAB09AA07F0B9FE00283A
:108840007FF44AABE368A64A23F0FF03934240F06B
:108850006C819DF83C30002B3FF455AB209BD3E955
:10886000002042F410020A9B2099DB000A6099B2B2
:10887000209B58601F9B1980638813B199427FF435
:1088800042AB1D9B0D9C002B3FF424AB1E9B002B89
:108890003FF420ABE4001E9804F11F035B0901F1D3
:1088A0001F020068023303EB5213B0EB830F4FEA51
:1088B0008302FFF40FAB1E98022302601D9A0998F1
:1088C0000092002202F0F6FD0A9A1D9904328818DF
:1088D00000900223012221460C9802F0EBFDFFF7E5
:1088E000DEBB1E9C009205941D9C314604940FAC87
:1088F00003940CAC029409AC28461C9A019403F032
:108900004BFA00287FF4E8AA22E5002D00F0AC80A5
:10891000BAF1000F7FF4F7AA6DA1D1E9000101239C
:1089200033E6002D5AD0BAF1000F7FF4ECAA6AA109
:10893000D1E90001012328E60CAB009330461C99D5
:10894000019509AB0FAA07F0E7FB00287FF4C4AA42
:108950009DF82430012B00F09C80022B7FF4D3AAD9
:10896000238803F44F42B2F5824F7FF4CCAADBB2E6
:10897000302B7FF4C8AA11230C9A618891427FF4AE
:10898000C2AA1D9A002A3FF4BEAA1E9A002A3FF4EA
:10899000BAAA1E9C01F11F02246852090132B4EBED
:1089A000820F4FEA8200FFF495AA1F9A118035E7E3
:1089B000209B209A1B68526843F48003FFF75CBB3E
:1089C0000123A5E60CAB009330461C990FAB09AA16
:1089D00007F066FD00287FF47FAA61E600250CAB56
:1089E000009330461C9909AB0FAA019507F094FB40
:1089F00000287FF471AA9DF82430022B72D0032B3B
:108A000053D0012B7FF47FAA228802F44F41B1F5A5
:108A1000824F7FF478AAD2B2122A7FF474AA209AE5
:108A200020991268486842F400126188209C2260F4
:108A30000C9A606091427FF466AA1F9A11801D9A79
:108A4000002A3FF447AA1E9A002A3FF443AA1E9C1C
:108A500001F11F02246852090132B4EB820F4FEA80
:108A60008200FFF437AAD9E60CABCDE900353046D9
:108A70001C9909AB0FAA07F0EDFB00287FF42CAA84
:108A8000B9E7B8F1000F3FF43EAA1FFA88F8FFF7E4
:108A900003BB228802EA0B0BBBF5824F7FF433AA9B
:108AA000D2B2122A7FF42FAA66E7238803F44F423A
:108AB000B2F5824F7FF427AADBB2412B7FF423AAC1
:108AC000209B20991A684868012342F48002ACE791
:108AD000014841040000000001482104000000009A
:108AE00000030006238803F44F42B2F5824F7FF45F
:108AF0000AAADBB2302B7FF406AA209B20991A68C1
:108B00004868112342F400128FE71E9B41461A6009
:108B10001D9B30460093079A112302F0CBFCBAF15B
:108B2000000F7FF4F0A9FFF7BABA094A93423FF465
:108B300090AE084A93427FF4E6A99DF83C30002BA2
:108B40007FF4E1A9209BD3E9002042F400028AE6E9
:108B50000013000600020006F0B5002705463C4C55
:108B60003C4E89B04FF48072394620462F6000F0A9
:108B700053FC4FF480723946304600F04DFC4FF004
:108B8000E0624FF4C20320462260236106F024FA1B
:108B900000284FD1304606F057FA00284AD13368F2
:108BA000BB424FEA136203F480310BDB0A4312F03D
:108BB000FF0442D176686EB9274806F0BBFD204617
:108BC00009B0F0BD02F07F0252420029EFD122F439
:108BD0008032ECE705F0E8FB20B319A1D1E90001F0
:108BE0002B46402206F08CFE0446F8B9CDE905007C
:108BF000CDE90300CDE90100009037233146174A43
:108C0000286807F05DF804460028D8D0144806F01C
:108C100091FD286806F0D4FE0023984218BF044650
:108C20002B60CCE708A1D1E90001D9E70D4806F097
:108C300081FDC4E76FF09204BEE76FF09A04BEE7CF
:108C40000128350000000000012935000000000067
:108C5000C0790020D886002098350300B83503007D
:108C60004C3503007435030070B5234D86B02C6875
:108C700034B10020214A13680133136006B070BD7F
:108C80001F4805F0FBFF286060B39FED197B1B4A6E
:108C90001368013313601B4B1B4A83ED007B83ED8C
:108CA000027B83ED047B83ED067B146006F062FBA0
:108CB000013014D0154E164B16492868164ACDE9D6
:108CC00000160293CDE90344144B154906F058FAF7
:108CD000337823B106B0BDE8704007F0D1BC6FF027
:108CE0000100CBE74FF0FF30C8E700BFAFF30080D3
:108CF0000000000000000000E0870020DC8700206A
:108D0000C0360300C07A0020D8870020418A0020A6
:108D1000246F0020428A0020438A0020448A0020D9
:108D2000458A00200348044B834202D0034B03B121
:108D300018477047306F0020306F0020000000009F
:108D4000064B0749C91A891048BF0131491003D0A1
:108D5000044B0BB101481847704700BF306F00202B
:108D6000306F00200000000010B5064C237843B996
:108D7000FFF7D8FF044B13B10448AFF30080012381
:108D8000237010BD3E8A0020000000008C370300D5
:108D900008B5054B1BB105490548AFF30080BDE898
:108DA0000840FFF7CDBF00BF00000000E07A0020C0
:108DB0008C370300A3F5803A704700BF174B002B98
:108DC00008BF134B9D46FFF7F5FF00218B460F466A
:108DD0001348144A121A00F01FFB0E4B002B00D050
:108DE00098470D4B002B00D098470020002104002D
:108DF0000D000D48002802D00C48AFF3008008F0A9
:108E0000C7FD20002900FAF715FB08F0AFFD00BFF1
:108E1000000008000000000000000000380C0020E6
:108E2000306F0020488A0020000000000000000091
:108E3000B7EE000AF7EE000AB7EE001AF7EE001AD6
:108E4000B7EE002AF7EE002AB7EE003AF7EE003A46
:108E5000B7EE004AF7EE004AB7EE005AF7EE005AB6
:108E6000B7EE006AF7EE006AB7EE007AF7EE007A26
:108E7000F1EE10CA40F29F01CFF200013CEA010C72
:108E8000E1EE10CA002383F300887047FAF7D0BAE6
:108E9000FFF7FCFFFEE700BFFAF7CABAFFF7FCFFD7
:108EA000FEE700BFFAF7C4BAFFF7FCFFFEE700BF1A
:108EB000FAF7BEBAFFF7FCFFFEE700BFFAF7B8BA51
:108EC000FFF7FCFFFEE700BF054AD2F8003123F0B0
:108ED000E0630343C2F80031C2F81411704700BFC9
:108EE00000000540044AD2F8083123F0060303438A
:108EF000C2F80831704700BF00000540114B01283F
:108F000013444FEA83031A6822F4477222F00302E3
:108F100041EA02010AD902284FF000000A4A08BFBC
:108F200041F480711960C2F81C017047002814BF19
:108F300001200320044A41F400711960C2F81C01A9
:108F4000704700BF6040011000000540044AD2F89D
:108F5000043123F480130343C2F80431704700BF87
:108F600000000540054AD2F8043123F4807323F051
:108F700001030343C2F80431704700BF00000540FD
:108F8000084A0906D2F8083101F0F85123F0F853E5
:108F900023F4F8130004194300F4F8100843C2F84E
:108FA0000801704700000540044AD2F8043123F458
:108FB00040330343C2F80431704700BF000005404E
:108FC00000FB02F2022902F580424FEAD23208D0B9
:108FD000042940F6FF7008BFFF20904228BF1046CA
:108FE000704740F2FF30904228BF1046704700BFE4
:108FF000022917D004290BD0042140F2FF7340F658
:10900000FF7CCA4002FB0030B0FBFCF08840704798
:109010007F234FF0FF0C02FB00300021B0FBFCF07F
:109020008840704740F2FF1340F2FF3C920802FB79
:109030000030B0FBFCF08840704700BF03281DD80B
:10904000DFE800F017120D024FF09C43B3F848031D
:109050004FF6FF73984208BF4FF4004070474FF03F
:109060009C43B3F84A03F3E74FF09C43B3F84C0337
:10907000EEE74FF09C43B3F84E03E9E74FF40040AE
:10908000704700BF10B4032830D8DFE800F0282173
:109090001A024FF09C4393F94423120192B24FF00D
:1090A00040210020D1F80838114C23F47F4323F0ED
:1090B000F0031343CC60C1F808385DF8044BC86076
:1090C00070474FF09C4393F94523120192B2E6E7B3
:1090D0004FF09C4393F94623120192B2DFE74FF021
:1090E0009C4393F94723120192B2D8E70022D6E7B6
:1090F0002769AFC5F8B54FF400624FF040234F49E0
:10910000C3F80011C3F80821EFF3108672B64FF4CC
:10911000804200214A4C03F5E0335A61D4F8003113
:10912000084623F00103C4F80031FFF729FF40F29D
:10913000FF314FF0E060FFF7C7FE0020FFF7D2FEDF
:1091400000220D211046FFF7D9FE0020FFF79AFFFD
:109150000020FFF729FF0020FFF704FF0020FFF7A2
:10916000F5FED4F80031062043F00103C4F80031C5
:10917000D4F8003143F00103C4F80031D4F80431CD
:1091800043F48073C4F8043100F06AF8D4F8405313
:1091900015F00105FAD10427D4F88032284CD4F810
:1091A0000031062043F00103C4F80031D4F8043143
:1091B00043F48073C4F8043100F052F8D4F840331B
:1091C000DB07FBD4D4F88032013F1D44E7D1384699
:1091D000FFF734FF0235AD08024639462846FFF74F
:1091E000EFFE3946174AFFF703FF4FF480414FF077
:1091F0004023154A1162154AC3F80021C3F80871CB
:1092000016B9EFF3108362B64FF09C43B3F86033A6
:10921000C3EB43125B1003EB4203C3F55C43E6333D
:1092200003441B010A4A54BF03F2AE33A3F2AE3328
:10923000D81782FB0323C0EB6320F8BD5001005A0E
:1092400000000540C05C1500000002400F00005AFD
:109250007BC288450622014900F0A0B86800004E94
:109260000138FDD1704700BF00F1804303F514338E
:109270001960704700F1804000F5143001607047BC
:10928000034B04491A68036808601343036070477E
:10929000F87A0020806D0020124B01291A6804D84A
:1092A00032F81130184322F81100138852880E4802
:1092B00013439BB202782BB992B102210B4A11627F
:1092C00003707047012A07D0022208494A61CA6820
:1092D0009207FCD501220270054A23F00103536076
:1092E000704700BF806D0020266F00200000024004
:1092F00000000840124B01291A6805D832F81130D5
:1093000023EA000322F81130138852880D481343D2
:109310009BB202782BB992B102210B4A1162037001
:109320007047012A07D0022207494A61CA6892079A
:10933000FCD501220270054A23F0010353607047F7
:10934000806D0020266F00200000024000000840D1
:109350000E4B0F481A6801781388528813439BB24A
:109360002BB991B102210B4A116203707047012998
:1093700007D0022207494A61CA689207FCD5012238
:109380000270054A23F0010353607047806D00208E
:10939000266F0020000002400000084082B140EA31
:1093A00001039B0784460CD002E00B439B0708D0C7
:1093B000634611F801CB013A03F801CB9C46F4D186
:1093C0007047032A10B525D90B46A2F1040E2EF0E2
:1093D000030E04318E44ACEB030C1C6819464CF8A8
:1093E00003400CEB030404339E45F6D102F0030264
:1093F000531E72B1043104F1040C0C788CF8004057
:109400003BB14B78022A8CF8013002D08B788CF873
:10941000023010BD531EF0E730B50C0444EA01647D
:109420000C4344EA012472B183070DD084465FFAED
:1094300081FE02E013F0030F07D06346013A03F800
:1094400001EB9C46F6D130BD0346032A1FD9A2F199
:10945000040E2EF0030E03F1040CE6441D461C60BE
:10946000634673450CF1040CF8D102F00302541E5C
:10947000002AE8D02B1DC9B21970002CE3D0012CB2
:109480005970E0D0032A9970DDD0D97030BD541ED8
:10949000F1E700BF024B1B685B689B68184700BF81
:1094A000400C0020024B1B685B685B68184700BFDC
:1094B000400C002010B4044C246864682468A4465E
:1094C0005DF8044B604700BF400C0020024B1B6856
:1094D0005B68DB68184700BF400C0020024B1B682C
:1094E0005B681B69184700BF400C002010B4044C97
:1094F000246864686469A4465DF8044B604700BF53
:10950000400C002010B4044C24686468E469A4464C
:109510005DF8044B604700BF400C0020024B1B6805
:109520005B681B6A184700BF400C0020024B1B6899
:109530005B685B6A184700BF400C0020024B1B6849
:109540005B68DB6A184700BF400C0020024B1B68B9
:109550005B681B6B184700BF400C0020024B1B6868
:109560005B689B6B184700BF400C0020024B1B68D8
:109570005B68DB6B184700BF400C0020024B1B6888
:109580005B685B6C184700BF400C0020024B1B68F7
:109590005B689B6C184700BF400C0020024B1B68A7
:1095A0005B68DB6C184700BF400C0020024B1B6857
:1095B0005B681B6D184700BF400C002030B51D4B89
:1095C00085B09D6AA8470369012B2FD1A8471A4C83
:1095D0008368A360A84703461B7D01A82376F9F79B
:1095E000CBFD18BBA1689DF80C30029A01FB03F378
:1095F000B2FBF3F50199114A616011482146E3601D
:10960000258200F047FA08B105B030BD0C4800F0E3
:1096100077FA0028F8D00A4800F090FA0028F3D131
:10962000074805B0BDE8304000F06ABA6FF080002E
:10963000EAE700BF485602009C6D0020EC260300BC
:1096400058800020114670B551EA030284B0DDE96C
:10965000085435D0072C30D80422CDE902130190EC
:109660000DEB02011948FFF799FE0822184E0DEB89
:1096700002011848FFF792FE32461449164800F0DE
:109680005FFAA8B9B368DB071DD444F44034C6E9D7
:10969000015401F0CDFA002406462B460C4A0B4932
:1096A0000D48CDE9084604B0BDE8704000F05CBA52
:1096B00010F18C0FE9D004B070BD6FF08500FAE7AF
:1096C0006FF08600F7E76FF08400F4E77C800020FD
:1096D000708000208080002058800020114670B5E6
:1096E00051EA030286B00A9D2FD0CDE9030104227E
:1096F00003A91748174C0593FFF750FE082204A949
:109700001548FFF74BFE22461149144800F018FA9D
:10971000A0B92468AC4218D30B9B641B9C4228BFA1
:109720001C460C9B1C6001F083FA06462B46224621
:1097300007490A48009600F01DFB08B906B070BD45
:1097400000230C9A136006B070BD6FF08600F5E739
:109750007C800020708000208080002058800020C5
:10976000114630B551EA030285B0089C1CD0042292
:10977000CDE901010DEB02010D480393FFF70EFE49
:1097800008220C4D0DEB02010B48FFF707FE2A469D
:1097900007490A4800F0D4F920B92B68AA68C4E93F
:1097A0000033A26005B030BD6FF08600FAE700BF5D
:1097B0007C80002070800020808000205880002065
:1097C00010B5144654EA030284B01FD00422CDE938
:1097D00001040DEB020111480393FFF7DFFD08229E
:1097E0000F4C0DEB02010F48FFF7D8FD22460B4945
:1097F0000D4800F0A5F958B9A368DB070AD407495A
:10980000094804B0BDE8104000F0A2BA6FF086002D
:1098100004B010BD6FF08400FAE700BF7C80002028
:1098200070800020808000205880002008B503460A
:109830001B6800209B689847002818BF6FF09100B4
:1098400008BD00BFF8B51D46036804465B680E46B8
:109850001746984703460B4A6068C3F3410312F862
:1098600023200544069BE06824683946B3FBF2F2E6
:1098700000FB0650A469A0470028B4BF6FF0910018
:109880000020F8BD002703000020704770B5044693
:10989000C06898B10E46002504E0D4E902301D44AA
:1098A000A8420BD9D4E900232B4400FB0630D3692E
:1098B00098470028F1D06FF0910070BD002070BD76
:1098C0002DE9F04782B00A9D1DB9002002B0BDE825
:1098D000F08717464268064613440268C06852681B
:1098E00000FB013490472A4BC0F3410013F820904D
:1098F000B4FBF9F809FB08F8444542D0336801226B
:1099000040465B6901A9984700283DDBA4EB0803AA
:1099100001AAD1182B4499452ED8A9EB040AC244B8
:1099200052463846FFF73AFDB5EB0A05CDD004EBB9
:109930000A083268A945536910D84046B5FBF9F8C2
:1099400007EB0A014246984700281DDB09FB08F295
:10995000AD1ABAD09244326804EB0A085369404603
:10996000012201A9984700280EDB2A4601A907EB2E
:109970000A00FFF713FDA8E72A463846FFF70EFD59
:10998000A3E74FF0000AD4E76FF091009EE700BF15
:10999000002703002DE9F04F03688FB006AA0446A4
:1099A0000D46DF6800F072FD10B10FB0BDE8F08F1A
:1099B0000BA801F04FF90146002865D1DDE90669E1
:1099C000202206A8DDF82480FFF726FD2946204640
:1099D00006AA00F085FF0028E7D12368DB8A63B37D
:1099E000834682460CE05946204606AA00F078FFDE
:1099F0000028DAD12368DB8A0BF1010B5B451DD906
:109A00005D45F9D05946204606AA00F03FFD0028E2
:109A1000CBD1069BB342E6D10BA801F01BF900287D
:109A2000E1D1079B4B45DED99F4228BF1F46A3EBE0
:109A300008030793099B9A44D5E79A46B8F1000FAB
:109A40000DD14146204603AA00F070FD0028ACD19C
:109A50004146204603AA01F04FF868B1A5E73B460E
:109A6000424631462046CDF804A0CDF8009000F0E3
:109A7000A3F9002899D11EB1204600F0FBFF30B9B0
:109A8000204600F0C3FC90E76FF08B008DE76FF08D
:109A900083008AE780B370B50C4651B3154642B3D4
:109AA0000B8A012B25D9032B23D0CA8A022B064609
:109AB000C968A08A4FEA421212D1A1F114039B1A7D
:109AC000834216D3884214D81432914211D31822FB
:109AD00000213046FFF7A0FC0020C6E9004570BD1C
:109AE000884206D80C20023B083200FB03238B423D
:109AF000EDD96FF0860070BD6FF08600704700BF33
:109B000030B583B0054600F03BFF044610B1204657
:109B100003B030BD4FF08071284601AA00F010FC60
:109B200030B110F18C0F18BF0446204603B030BD91
:109B300028460199FFF72EFF0446E8E700F0F2BD42
:109B400010B58AB0144602AB01AA00F081FB40B9FF
:109B5000DDE90412BDF81830C4E90012A3600AB0B0
:109B600010BD6FF08B00FAE72DE9F04192B004468A
:109B700088461546002120220AA81F46189EFFF796
:109B80004BFC4FF6FF73CDE90533002D00F0DC8070
:109B9000AB68B3F1807F80F0D780414620460AABA6
:109BA00005AA00F055FB002800F0968010F18C0FFC
:109BB00040F08F80AB68DB0340F18B804FF6FF7382
:109BC000069A9A4240F09B802368998A6B688B4280
:109BD00000F2BA800AA8A9680290059807AD821A17
:109BE00006A818BF01220091019041462046039526
:109BF00000F004FD00286CD12FB30C9B9E4200F2B4
:109C000087803A4631460D9801F018F800287FD138
:109C1000199B2946CDE90073204633460AAA00F075
:109C200045F9002874D10C9B3E449E420A99204677
:109C300088BF0C96079E00F005FB314607900A9AF4
:109C4000204600F049FE2A4620460A9900F054FFBB
:109C500000285DD1069920460AAA00F041FE01467F
:109C6000002855D1DDE905539D4228BF1D462046F9
:109C70002A4600F0A5FA00284AD14FF6FF72059B4C
:109C8000934210D0069A93420DD09A4238BF1A469A
:109C90002046691C00F094FA002839D1DDE905530B
:109CA0009D4238BF1D4623682046DA8A691C00F0B1
:109CB00087FA68BB0A9B73BB6FB3204600F0A6FB14
:109CC00038B94FF6FF730599994202D0069B994225
:109CD00034D112B0BDE8F081D5F808C0059A1CF463
:109CE000003F06D069680D9B8B421AD10C90CDF8CD
:109CF00038C04FF6FF739A4206923FF465AF07AD46
:109D00002A4620460A9900F011FC00283FF474AF5F
:109D10006FF08300DDE7204600F0ACFE0028CCD0D9
:109D2000F6E70E9B114643F0807320460AAA0E9375
:109D300000F0D6FD00283FF441AFE9E72046FFF7E9
:109D400029FE12B0BDE8F0816FF08600C1E700BFC8
:109D500010B582B0002301AA044600F079FA28B9B0
:109D600020460199FFF716FE02B010BD6FF08B0080
:109D7000FAE700BF70B58CB015461C4603AA04ABC9
:109D8000064600F065FA98B92A462146069800F082
:109D900055FF58B92246109C2B46304604A9009422
:109DA00000F062F8002818BF6FF083000CB070BD9F
:109DB0006FF08B00FAE700BF2DE9F04186B09046C6
:109DC00003AA05461F460E4600F0B0FB044618B134
:109DD000204606B0BDE8F081059B31464344284645
:109DE000059300F02FFA0D9B80464BBB1F46DDE923
:109DF00003120C9B9A420BD20B460C992846891AE7
:109E000001910092414600F089FD20BB0127039992
:109E10003246284600F060FD3146284603AACDF8B8
:109E20000C8000F069FE0446C0B9002ED0D0002F8F
:109E3000CED06B684146DB68286898470446C7E780
:109E4000CDE900730146039B28460C9A00F066FD9D
:109E500001270028CBD06FF08304B9E73246414692
:109E6000284600F039FDB3E72DE9F04184B0904673
:109E70000C4601AA096805461E460A9F00F056FBDB
:109E800070B901994B1C0BD00A966368D5E90004A0
:109E900064683A46A446434404B0BDE8F0416047D4
:109EA0006FF0830004B0BDE8F08100BF2DE9F047FA
:109EB0000F4682B011681646DDE90AA91C46054620
:109EC00000F0C0F9804673687A681C44A31A0092B7
:109ED0000193284641463B6800F020FD48B9CDF883
:109EE00000A0696823464A468C6828684146A04716
:109EF00010B102B0BDE8F087F16872682B680A44BF
:109F0000DB680092B96828465B1A9B1A01934146A8
:109F10003B6800F003FD0028EBD13368002BE8D04C
:109F200041466B682868DB6802B0BDE8F047184717
:109F30002DE9F04F00264FF00C0805468B46914660
:109F400034468BB02EE0CDF800806F685946D7F8C4
:109F500004A002AA0134D04700286CD19DF8091052
:109F60009DF808309DF80A209DF80B004B405340A7
:109F70009DF80C109DF80D2043404B409DF80E00BD
:109F80009DF80F10534043409DF810204B409DF822
:109F9000110053409DF812109DF8132043404B4090
:109FA00053405E40286804EB4403028A9B00022A67
:109FB0000CBF0121911E8C4203F10803C3D3C38A55
:109FC000002B3BD000244FF020081DE0DDE90232D9
:109FD0005340DDE90401069A43404B400798089935
:109FE00053404340099A4B405340C3F307225A4021
:109FF000C3F3074128684A4082EA1363C28A734068
:10A000009442DEB21AD2028A022AA2F1020303EBC0
:10A01000430308BF0C23696818BF9B0003EB44137C
:10A02000D1F804A002AA5946CDF800800833D047E1
:10A0300001340028CAD00BB0BDE8F08F002089F8A9
:10A0400000600BB0BDE8F08F0821F0B50023044696
:10A050008BB0009140681946456806AA2068A84759
:10A06000002845D0206808AA0826656800960023C5
:10A0700001216D68A847002840F084809DF82430B5
:10A08000012B5BD0022B7DD123689DF826201B7EFF
:10A090009A4277D005464FF0FF3607460121204609
:10A0A0000DF11702FFF744FFD8B99DF825209DF860
:10A0B00017309A4215D1002D46D023681B7E9DF89B
:10A0C0002620B3FA83F35B0993429DF81E104ED00D
:10A0D0008B4245D0914233BF01260026012700273D
:10A0E00001E0002D4ED00020C4E904670BB0F0BDA4
:10A0F0009DF81C300146012B20682AD0022BB2D1DA
:10A100009DF81E20037E9A4208AAADD020460392F5
:10A11000FFF70EFF039AD0B99DF81D109DF820306F
:10A1200020689942A0D10826656800960023012185
:10A130006D68A84748B301270026D4E722689DF838
:10A140002530127E9A421DD000270126CBE72068D9
:10A150008AE79DF81D20037E9A4208AAE3D183E78F
:10A16000002B0CBF012302239A42E4D1B2E7002B5B
:10A170000CBF01230223994213BF012600260127A9
:10A180000027B0E76FF08300B0E79DF82470012F3F
:10A190000BD0022F11D123689DF826201B7E9A42F6
:10A1A0000BD0012506462F4678E723689DF8252029
:10A1B000197E914282D1064695E70127064692E72D
:10A1C0002DE9F04706460068551A038AC2B0022BF3
:10A1D00008BF4FF00C09D6E904781EBFA3F10209AD
:10A1E00009EB49094FEA890909EB41196D0109F1A8
:10A1F00008090ED121E0706800944B46D0F808A001
:10A200004146306802AAD047A14498B92D1B14D00A
:10A210003068B5F5807F2C4628BF4FF48074D6F89F
:10A2200004C000944B463946DCF804A002AAD0478B
:10A230000028E0D042B0BDE8F087002042B0BDE881
:10A24000F08700BF09B1806870474069704700BF60
:10A250002DE9F047054600689846C38A8AB0002B6E
:10A2600057D00E46914600242027B0F810C06968E8
:10A27000BCF1020F0FBF0C23ACF1020303EB43034D
:10A280009B00009703EB4413D1F804A002AA2969AC
:10A290000833D04728B16FF0830C60460AB0BDE8A0
:10A2A000F0872B68029A1B8A022B0CBF0123023B0A
:10A2B0009A42F0D207A800F0CDFCF0B92868059AC0
:10A2C000838A9A42E7D8049B9A42E4D3DDE90231BB
:10A2D00073B9038AB0F816C0022B0FBF0C23023BE0
:10A2E00003EB43039B0003EB4C1308338B42D2D8A0
:10A2F000C06800F0A3FC0028CDD10C22314607A88D
:10A3000006F006FE844650B128680134C38AA34291
:10A31000ABD86FF08B0C60460AB0BDE8F087C9F887
:10A320000040B8F1000FB8D002AC0FCCA8E80F0085
:10A3300094E80F0088E80F0060460AB0BDE8F08797
:10A340002DE9F043054600688BB0C38A002B51D03D
:10A350000E46904600242027038A6968022B0FBF0F
:10A360000C23023B03EB43039B00009703EB4413D6
:10A37000D1F8049002AA29690833C847814628B158
:10A380006FF0830948460BB0BDE8F0832B68029A52
:10A390001B8A022B0CBF0123023B9A42F0D207A872
:10A3A00000F058FCF0B92868059A838A9A42E7D8E9
:10A3B000049B9A42E4D3DDE9023173B9038AB0F811
:10A3C00016C0022B0FBF0C23023B03EB43039B0081
:10A3D00003EB4C1308338B42D2D8C06800F02EFC3C
:10A3E0000028CDD1069B1E420AD128680134C38AB9
:10A3F000A342B1D86FF08B0948460BB0BDE8F0839B
:10A400004846C8F800400BB0BDE8F08370B5827BC9
:10A410000168531CDBB28373097E0446994241698B
:10A4200004BF02328273012982B000F10D022AD8E2
:10A43000FFF77EFD78B908266568034661692068E4
:10A440000096AD68A219A84728B963686169DB68FE
:10A450002068984708B102B070BD6368D4E904125F
:10A460001B692068C4E9042198470028F3D12368B8
:10A470001A8A022AEFD918466268A168136902B0E5
:10A48000BDE8704018476FF08600E4E770B50446F9
:10A4900000681546B0F810C06268BCF1020F0FBF2B
:10A4A0000C23ACF1020303EB43039B0003EB4113CA
:10A4B000202182B00091566821692A460833B047AE
:10A4C000064610B1304602B070BD23682A681B8A68
:10A4D000022B0CBF0123023B9A4223D205F1140048
:10A4E00000F0B8FB0028EDD12068EA68838A9A4220
:10A4F00018D8AB689A4215D3D5E900316BB9038AF5
:10A50000C48A022B0FBF0C23023B03EB43039B00C7
:10A5100003EB441308338B4204D8C06800F08EFB71
:10A520000028CFD06FF09706CCE700BFF0B50C2520
:10A5300083B0009501EB41018B00416804464F68F0
:10A540000833016900681646B84708B103B0F0BD8A
:10A55000236831681A8A91420CD2B268D86871684F
:10A5600000F06CFB30B93368012B06D905467368DF
:10A57000AB42EBD06FF09700E8E72368DA8A1B8ADA
:10A58000022B03D0023B03EB43039D0005EB421576
:10A590000835ECE7F0B50C2583B0009501EB4101DF
:10A5A0008B00416804464F6808330169006816460D
:10A5B000B84708B103B0F0BD236831681A8A9142E8
:10A5C0000CD2B268D868716800F038FB30B93368D3
:10A5D000012B06D905467368AB42EBD06FF09700AC
:10A5E000E8E72268138A022B03D0023B03EB430304
:10A5F0009D00D38A05EB43150835ECE72DE9F04FB4
:10A6000098464FF0080B00264FF00C0992468DB08B
:10A610000446199D00680391028A022A0CBF012298
:10A62000023AB24259D96168CDF800904F685B4652
:10A630002A462169B847F8B16FF083072068C38ABA
:10A640009BB1002556462946204604AAFFF71EFF67
:10A6500058B909A800F0FEFA10B1002E35D1012634
:10A6600023680135DB8A9D42EDD34FF6FF73179ABD
:10A6700013606FF08D072CE020682968028A9142F0
:10A680004CD2AA68C068696800F0D8FA074600286A
:10A69000D2D12A682068012A0AD93A4669689142CB
:10A6A0003CD1AA680BF10C0B904519D90136B3E7E0
:10A6B000028AC18A022A0FBF0C22023A02EB42022E
:10A6C000920002EB41120832E8E7179B1D60002F51
:10A6D000CFD138460DB0BDE8F08F6FF08D07AEE7F3
:10A6E000189B03991E60C3689B1A189A53601346FF
:10A6F000C2F80C8003F114000C22FEF74FFE189BE9
:10A70000169A1A610023189A93602368DA8AAB6854
:10A71000A3EB0803AB60002A93D1A6E76FF0830791
:10A720008DE700BF2DE9F0418EB00446FFF78CFCA9
:10A73000002840F09B806669636831461B69206889
:10A7400098470546002840F08D80D4E90003B6FA0A
:10A7500086F11B69490998470546002840F0828028
:10A760002068037EB3FA83F35B09A373038AC18A6B
:10A77000022B7DD101220C23A26002220C2503EBC7
:10A780004113002601212273C268083326616161EA
:10A7900000950493D31A626803919568059303AA00
:10A7A0000823A847054600285CD120680495C368A3
:10A7B0000593038A022B2FD02E46DA1EB24206F1F1
:10A7C000030106F1010608D963681B699847024630
:10A7D00020681543038A022BEFD1002D79D1022B7B
:10A7E0004FF014064FF00C07A3F1030214D095426A
:10A7F00012D2009763686169D3F80880EB1C039359
:10A8000003AA334601350C36C04748BB2068038A8B
:10A81000022BA3F10302EAD12022002106A8FEF7B1
:10A82000FBFD2068C38A4BB30025202603E0206887
:10A83000C38AAB4222D9028A6168022AA2F10203CA
:10A8400003EB43030CBF0C239B00009603EB451363
:10A850008F6806AA61690833B84701350028E6D039
:10A860006FF0830528460EB0BDE8F081002663E74F
:10A870000222023B03EB430393407DE7A27B531C80
:10A88000DBB2A373017E9942616904BF0232A273F5
:10A89000012904F10D02E3D82046FFF749FB0346E6
:10A8A0000028DDD108266568616920680096AD68DA
:10A8B000A219A8470028D3D163686169DB682068C2
:10A8C000984705460028CDD1D4E90423C4E90432D1
:10A8D000C8E76FF09105C5E702B18160704700BF1E
:10A8E00030B5864600682025B0F810C083B0BCF1B2
:10A8F000020F0EBF0C23ACF1020303EB4303DEF89F
:10A90000044018BF9B0003EB4113DEF814100095C0
:10A91000A4680833A04703B030BD00BF2DE9F04F55
:10A92000C3B0DDE94C863EB305468A4617469946D4
:10A930000CE0686800943B46D0F808B0514628689F
:10A9400002AAD8472744A0B9361B15D0B6F5807F98
:10A95000344628BF4FF48074D5F804C028680094AA
:10A9600043464946DCF804B002AAD847A044002870
:10A97000DFD043B0BDE8F08F002043B0BDE8F08FDA
:10A98000F0B50446D0E9000387B01B689847054638
:10A9900010B1284607B0F0BD2046FFF755FB03462F
:10A9A00040B9082665682169206800966D68A2197B
:10A9B000A84710B16FF08305EBE7237B2169012BDA
:10A9C0002FD0022BF6D12368A27B1B7E9A42F1D0B6
:10A9D0000129EFD8204603AAFFF7AAFA0028E9D1F7
:10A9E000627B9DF80C309A42E4D12068636861690B
:10A9F0001B69984705460028DCD12068038A022B92
:10AA000005D96368A1681B6998470028D2D1237BC8
:10AA1000012B0CD0022B18BF6FF08305284607B01E
:10AA2000F0BD2068627B037E9A42DFD1C2E700213D
:10AA3000204603AAFFF7AEFD05460028A9D16FF016
:10AA4000070508222368059FDE68ED1B3544D4E91D
:10AA500004312046CDE90025FFF760FF05460028B8
:10AA600097D10223627B2046A2732373FFF7CEFCAB
:10AA700005468EE770B50C2586B000954168044602
:10AA80004E68082301690DEB05020068B04708B164
:10AA900006B070BD236803991A8A914228D2DDE975
:10AAA0000412D86800F0CAF8024608BB039B012BC9
:10AAB00010D9049B93421BD12168059BC96820468D
:10AAC000C91A891A2369CDE900216169FFF726FFB8
:10AAD00006B070BD2268138AD28A022B03D0023BD3
:10AAE00003EB43039D0005EB421505F10802E0E787
:10AAF0006FF09700CCE700BF2DE9F043044688468D
:10AB0000436801EB4105AD009F680068616987B04B
:10AB100005F10803B8F1000F1FD10C261160009653
:10AB2000B847002843D1D4E90476236805F10C0125
:10AB30001B8A05F11402022B0FBF0C259D1E05EB8D
:10AB40004505AD006D1A3B4631462046CDE900254E
:10AB5000FFF7E4FE07B0BDE8F0834FF00C09CDF835
:10AB60000090B847014610BBD4E90476204603AAFA
:10AB7000FFF7DCFCD8B9CDF8009063686169D3F8C1
:10AB800008902068082303AA0396C84778B9B8F14B
:10AB9000010FCAD01422A5F10C03019331463B46A4
:10ABA00020460092FFF7BAFE0028BED0D2E76FF031
:10ABB000830007B0BDE8F08302460B4640F22D103B
:10ABC000FEF7FEBD30B504460D46114683B0224661
:10ABD0002B46009140F22D10FEF7C2FD03B030BDB0
:10ABE00010B584B0CDE900230B460799069C02916D
:10ABF000044902460C6040F22D10FEF76FFD04B0D0
:10AC000010BD00BF8880002030B504460D461146B7
:10AC100083B0069A40F22D100192044A1360224636
:10AC20002B460091FEF70EFD03B030BD888000205A
:10AC3000014B1868704700BF88800020814206D809
:10AC4000401A90422CBF00206FF0860070476FF0D2
:10AC5000860070470378D3B94278C2B98378B3B914
:10AC6000C278A2B9017991B9437983B9827972B96D
:10AC7000C37963B9027A52B9437A43B9837A33B953
:10AC8000C37A002B0CBF6FF08B00002070470020B0
:10AC9000704700BF0023FF2110B5224C88B02278F6
:10ACA0000793ADF81A308DF814308DF815108DF823
:10ACB00016308DF817308DF818308DF8193012B124
:10ACC000002008B010BD07A80DF1190106AA0DF16A
:10ACD0001703CDE90210CDE900320DF11A010DF193
:10ACE00016030DF1150205A803F0B8FA0028E8D103
:10ACF0009DF815300BB10F2B0BD103F07BF9002819
:10AD0000DFD1094B0948196803F032FD0123237094
:10AD1000D6E702460649074804F00CFD6FF096009E
:10AD2000CFE700BF3F8A0020AC21020080640020F2
:10AD3000202703000C27030001F0FE42B2F1006F50
:10AD400019D1034602F2017221F00800904202D0AC
:10AD50006FF08500704710B400226FF06044104619
:10AD6000C3F8E040C3E935225DF8044B19605A602E
:10AD7000A3F8E42070476FF086007047036823B1A2
:10AD8000D0F8E03000200B6070476FF0880070470B
:10AD90000268034662B1D0F8E0208A420BD390F8F3
:10ADA000E50058B90122C3F8E01083F8E5207047A8
:10ADB0006FF0880070476FF0860070476FF0840076
:10ADC000704700BF70B5054608466C682AB31E463A
:10ADD0001BB3002C40D040F201239842114623D0EF
:10ADE00040F20623984234D1D5F8D400A0B304F140
:10ADF00040440234012C28D9A6F130030344972B98
:10AE000027D800222B1809301A7228443246FEF740
:10AE1000C5FAC5F8D860002070BD002C14BF6FF0D3
:10AE200086006FF0880070BD04F140440234012CAC
:10AE30008CBFC723CC23B3420BD3324605F10800A5
:10AE4000FEF7ACFAC5F8D460E5E70D23C5F8D830B5
:10AE5000E1E76FF0860070BD6FF0880070BD00BF45
:10AE600040F20113994244D16FF0404330B59A4209
:10AE70000546144687B00AD11F4B02689A421DD17D
:10AE8000012385F8E43000206C6007B030BD104627
:10AE9000694602F075F90028F7D1DDE9022017496B
:10AEA000BDF800C08C422B680BD013498B421AD0DE
:10AEB000B2F5804F04BF012385F8E4306FF08600BF
:10AEC000E3E70F498B42F3D19842F1D1BCF5885F9B
:10AED00002D0BCF5905FEBD1B2F5804FD0D0B2F587
:10AEE000004FD0D0EAE79842E2D1BCF5105FDFD145
:10AEF000F2E76FF08500704701070008FEFFFF3F93
:10AF0000090700084388F0B507334FEAD30C0388DC
:10AF10004E68D1F8E070446845690BB303F4E04330
:10AF2000B3F5804F1CD04FEA142EBEF1010F17D19C
:10AF3000E4B2802C14D16FF040439E420DD0104BF0
:10AF40009D420DD8674515D30B680E4C23F00803BE
:10AF5000A34208D06FF08800F0BD013B9D42F1D0C4
:10AF60006FF08600F0BD91F8E43033B1BDE8F040F9
:10AF700001F01ABB6FF08E00F0BD6FF08400F0BDE1
:10AF8000FDFFFF3F0107000838B500250446C0E972
:10AF90000055CC2229460830FEF73EFA2846C4E97F
:10AFA0003555C4E93755A4F8E45038BD91427ED0F8
:10AFB00030B5AD4C21F0FF03A34286461DD0AB480F
:10AFC000834276D0AA4DAB420AD021F4FF7C2CF00C
:10AFD000010CBCF1062F03D005F5E065AB4224D18E
:10AFE00022F0FF0CA44506D084450ED181EA020070
:10AFF000FF2840F2D880002030BD22F0FF0C9C4595
:10B000005ED09A48844500F0BA80994CA44500F07F
:10B01000938022F4FF7020F00100B0F1062F00F0C1
:10B0200096809448844500F0E78001F0FE43B3F138
:10B03000A06F64D0B3F1407FDDD102F0FE43B3F1E5
:10B04000407FD8D181EA020030F47E10D3D18A4B00
:10B050000B40B3F1607F00F03A81B3F1707FCBD148
:10B060000EF4E043B3F5005FC6D11EF4E06FCEF3FB
:10B070000223C1D011F47C1F40F00E8101249C40BA
:10B0800012F47C1300F00B81C2F305439C42254669
:10B0900038BF1D4611F4004F02F4004000F0F0806C
:10B0A000002840F048819C4298BF104630BD0846B9
:10B0B000704722F0FF0CA4459DD09C45A5D195E793
:10B0C00011F0FF0311D06D4843F00073834254D058
:10B0D00012F0FF000CD101F0FE43B3F1A06FA9D133
:10B0E00030BD11F0FF0340F00C8112F0FF0082D060
:10B0F000624B40F00070984297D1084630BD02F094
:10B10000FE43B3F1A06F7FF476AF81EA020333F41C
:10B110007E137FF470AF0D04C1F30543C2F3054401
:10B1200002F4004000F19A8000283FF465AFA3428A
:10B130002CBF0846002030BD81EA0200FF287AD9E2
:10B1400001F0FE43B3F1A06F7FF474AF53E781EADF
:10B150000200FF283FF64FAF434D21F4875020F007
:10B160001F00A84201D0A34224D111F0FF032ED02A
:10B17000424843F00073834226D1104630BD81EA35
:10B180000203FF2B3FF637AF11F0FF039BD112F004
:10B19000FF003FF431AF394B40F000729A420CBFD0
:10B1A0000846002030BD31488342EDD0304CA342E8
:10B1B00086D0844621F4FF7020F00100B0F1062F04
:10B1C00016D02C48834213D0284B9C4580D0284B66
:10B1D0009C453FF47DAF22F4FF7323F00103B3F1EC
:10B1E000062F3FF475AF234B9C457FF41EAF6FE7EE
:10B1F00011F0FF03E8D0BBE781EA0200FF289FD8E7
:10B200001948834200F0B38000F58050834200F07B
:10B21000B380A342CED111F0FF0340F0BB80634660
:10B22000134883427FF454AF12F0FF007FF460AF05
:10B2300001F0FE43FEE60C4883425FD00B48834298
:10B240003FF44FAF6345B5D111F0FF00E8D00B4B91
:10B2500040F000709842BAD110468FE700285BD1C9
:10B26000A34298BF104630BD00030006001300063D
:10B2700000020006000900060000C07FFF00000277
:10B28000002853D19C427FF4B7AE230403F47C130F
:10B2900021F47E10184330BDC1F30544F0E6414867
:10B2A0001040B0F1607F4FD0B0F1707F01D02546E3
:10B2B000F0E60EF4E040B0F5005FF8D10123CEF3E4
:10B2C000022083409C42254638BF1D46E2E6BEF57B
:10B2D000885F7FF491AE11F47C14DDD13248CBB29B
:10B2E00043F00073834253D003F17E43043B0F2BA2
:10B2F0003FF6C6AE2D4850F82340C1E611F0FF03DB
:10B3000005D02B4843F0007383423FF436AF12F070
:10B31000FF007FF4EDAE6FE6A34238BF234621F471
:10B320007E1040EA034040F4004030BD9C422CBFF8
:10B330000846002030BD2B0421F47E1103F47C1359
:10B340000B4343F4004030BD174DD0B240F00070C5
:10B35000A84216D000F17E4004380F28A7D8154B1C
:10B36000254653F820309C4238BF1D4692E611F026
:10B37000FF037FF4A8AECAE711F0FF037FF4A3AE8A
:10B38000A6E6102C25464FF0100338BF102581E6A5
:10B39000102475E6064843F0007383427FF417AF2C
:10B3A0001046EBE60000C07F03000002B427030054
:10B3B000FF000002B427030010B4C0B2A3B198BBD1
:10B3C000B2F5807F63D051D9B2F5C07F57D044D356
:10B3D000B2F5007F03D040F209239A423DD1D1E972
:10B3E000003243F060534EE00028E9D02D4B40F08E
:10B3F0000070984236D82C4B98422ED900F17E40EE
:10B400000538062829D801A353F820F099B4020082
:10B410005BB402005BB4020075B402008FB402009A
:10B420007FB40200DFB30200204B40F0007098426E
:10B43000C6D0FC3B984210D000F17E43043B0F2B5A
:10B440000BD81B4C54F823309A4203D940F20923FD
:10B450009A4202D1134B9842CDD96FF086005DF825
:10B46000044B7047114B9842AAD0F6E722F0200215
:10B47000C02AF2D1D1E9003243F0005303E0D1E910
:10B48000003243F040530020C1E90032E7E7D1E940
:10B49000003243F02053F6E7D1E9003243F0006375
:10B4A000F1E700BF0B00000204000002FF000002F1
:10B4B000742703004FF0000C2DE9F0410C4661F3B6
:10B4C000070C01F11F0E090A61F30F2CE51D4FEA6D
:10B4D0005E1E069E62F3174CED0863F31F6CB5EB1E
:10B4E0008E0F804646F804CB4FEA8E0719D8FF2C02
:10B4F000A7EB05070CD001462A46304605F0B6F802
:10B500006FB13A4670190021BDE8F041FDF784BFE4
:10B5100001462A463046FDF741FF002FF1D1BDE834
:10B52000F08129463A46084804F004F9FF2C3A46CF
:10B530004146304603D0BDE8F04105F097B8BDE87C
:10B54000F041FDF72BBF00BF382703002DE9F04F76
:10B55000002689B01F46054613460C46CDE906660F
:10B560009DF848909DF84C80169A79B122B16FF001
:10B57000860009B0BDE8F08F179A002AF7D1189A13
:10B58000002AF4D1B9F1000FF1D007E0002AEED083
:10B59000179A002AEBD0189A002AE8D0404614994E
:10B5A00006AA019304F078FC0646002851D1B8F1B0
:10B5B000030F019B00F0D480B8F1040F40F08880A5
:10B5C000149A03900732D208049202922B2201921D
:10B5D000149A05901F324FEA521B0BF101024FEAF9
:10B5E000820AB9F1000F41D0002C00F0D68023F080
:10B5F00080603946524620F4006007AB04F080F9C1
:10B60000064630BB6E4F4FF4807201463846FDF758
:10B6100003FF4FF0C8533B606A4B019A03EA0A43A9
:10B62000FB615FFA8BF303EB032342EA0343BB6046
:10B63000069BC7E903657B61634D079B3846C7E9F5
:10B640000866FE62BB61BD6203F0C6FC08B36FF022
:10B650009206079800B1B4B1069818B104F0B0F999
:10B66000002886D1304609B0BDE8F08F002CBED14D
:10B67000DDE903210A4417999142B8D207986FF087
:10B6800089060028E8D004F09BF90028E4D006469B
:10B69000E2E74E4E304603F0D7FC0028D7D133689E
:10B6A000002B4FEA136603F480322ADA06F07F0695
:10B6B00076420AB926F4803616F0FF0623D1B9F196
:10B6C000000F26D0002C6DD0DDE906032360C4E70F
:10B6D00008F1FF32012A19D80121149A039102F1CD
:10B6E0001F0B4FEA5B1B0732D0080BEB01024FEA3E
:10B6F000C20A1422019200FA01F2CDE9042102905B
:10B700006FE71643D8E76FF09606A2E76FF085065D
:10B710009FE7A8F10308B8F1010F38D9059B13B1D1
:10B720000423169A1370DDF808801698039F42468A
:10B730002749384404F09AFF049A904522D005EB3B
:10B740008B013D46169A454450190831424604F093
:10B750008DFF43462B440293189B029A1A6078E7A8
:10B76000149A039002F11F0B4FEA5B1B0732D108BA
:10B770000BF101024FEA820A282204910291019200
:10B7800005902EE7DDE9022313440293E4E7029AD1
:10B7900016980F49FDF702FEDEE7179A5245BFF4EF
:10B7A00026AF6BE7524616980749FDF7F7FD189B41
:10B7B0000798C3F800A000287FF465AF4CE700BFEE
:10B7C0005C8200200000FF0FBC8000205C81002014
:10B7D000C0800020F0B583B0054601A80E4617468C
:10B7E000FDF7BAF9044608B9019911B9204603B02A
:10B7F000F0BD3B463246284604F0FCF90446019869
:10B8000004F0DEF8002818BF0446204603B0F0BD5F
:10B810002DE9F041002484B0804603A8CDE902441C
:10B820000E4617461D46FDF797F9044608B9039BD7
:10B830001BB9204604B0BDE8F081404631462A4697
:10B8400002AB04F05DF8044648B1039804F0B8F880
:10B85000002818BF0446204604B0BDE8F0810B9CC8
:10B860002A46DDE9020301940A9C3946009404F05B
:10B8700043F90446029804F0A3F8002818BF0446D0
:10B88000E3E700BF2DE9F041476907F1004303F505
:10B890008033B3F5704F2FD30446406A6668E0B931
:10B8A0004FF00008A06A08BB4546E06A18B102F0F4
:10B8B000D3FE0023E362206B18B102F0CDFE00231B
:10B8C0002363F3B2012B1CD0C5B938222946204688
:10B8D000FDF7A2FD2846BDE8F08104F071F880462E
:10B8E0000028DFD14FF000086062DBE704F068F861
:10B8F000054690B9A062D7E76FF085052846BDE8F8
:10B90000F081384602F060FF0028DDD0384602F0B2
:10B9100059FF02F0D9FD0546D6E7B8F1000FC4D0B3
:10B92000C2E700BF594B2DE9F0411B68064629BB11
:10B93000574A58481268046813441C44A31A9C428E
:10B9400040F28980544FC3EBC30207EBC20202E00E
:10B950000133A3425ED292F834503832002DF7D131
:10B96000A34257D2FF21C3EBC30207EBC20282F806
:10B970003410002533602846BDE8F081802964D06A
:10B98000002B7AD001297ED1434F1C463A46002134
:10B9900004E00131994202F1380211D292F83400E8
:10B9A00000285BD010790128F3D190684007F0D4CB
:10B9B0009C4208BF0C460131994202F13802EDD396
:10B9C0009C422CD0C4EBC40807EBC808D8F824006C
:10B9D00060BBD8F82800002844D1C4EBC40307EBAF
:10B9E000C303D86AE50008B102F036FE2B1B07EB53
:10B9F000C303186B08B102F02FFE38224046002125
:10BA0000FDF70AFDFF222D1B07EBC507234687F82C
:10BA10003420AEE701291ED123469C42D2D1DFF863
:10BA200078800024D8F824000028D2D003F0C8FF82
:10BA30000546F8B1D8F8280000289CD003F0C0FFD4
:10BA4000002898D1C8F8280095E7124A14681C44C9
:10BA50009C423FF677AF6FF08D058CE79942AFD2ED
:10BA60000B467FE703F0ACFF0546002883D1C8F8FA
:10BA70002800B2E7C8F82400ABE70129EBD1064F54
:10BA80001C46B846A2E71C4600235BE7A021020043
:10BA9000A8210200A4210200A0590020A24BF0B569
:10BAA0001B680446C3F1004290420D4683B021D387
:10BAB00000285DDBC21802F10041013B994219D810
:10BAC0009A4B9B491B6809680B4403F100431344DC
:10BAD000984AC3EBC301019302EBC1035A69009377
:10BAE000824245D193F83420002A41D000202B60B7
:10BAF00003B0F0BD904B621E9A4217D98F4B9C4207
:10BB00000DD004F1004303F58033B3F5704F2FD20D
:10BB10002046694602F0FAFA40B303B0F0BD204671
:10BB2000694602F0F3FA10F1880FF5D10021804B3D
:10BB30007E4A1B681268019113EB020C1ED00A4664
:10BB40007C4B07E0013262454FF0010103F13803FD
:10BB500012D0164658691F46A042F3D1009301B196
:10BB6000019662450AD293F834300BB1009BBDE7D1
:10BB70006FF0870003B0F0BDCDE90072204602F0FF
:10BB800023FE0028F4D0012101A8FFF7CBFE0028F6
:10BB9000F0D1019B6749C3EBC30301EBC30120460E
:10BBA000009102F003FF0028E4D1009B59681A6A53
:10BBB000090A598818BF103A1A62002996D11988C3
:10BBC000480493D501F44F40B0F5824FDE6815D09C
:10BBD00001F4E041B1F5E04F38D0B1F5804F40F0CD
:10BBE000A080682A00F0928021D8402A00F092803C
:10BBF000482A17D14FF480725A8077E7CCB2122CC2
:10BC0000E6D0302CE4D04E48412C00EA060040F04B
:10BC1000106014D0422CDBD14A4CA042D8D0FF2275
:10BC20005A8063E7382A0ED1C0225A805EE7882AFC
:10BC300073D0902A07D140F209225A8056E7414C2E
:10BC4000A042C5D1EBE76FF0960093E71C3A2C2A8F
:10BC5000F9D801A151F822F029BC020047BC02002A
:10BC600047BC020047BC020015BD020047BC0200F1
:10BC700047BC020047BC0200F5BB020047BC020003
:10BC800047BC020047BC020047BC020047BC0200A0
:10BC900047BC020047BC020047BC020047BC020090
:10BCA00047BC020047BC020047BC020047BC020080
:10BCB00047BC020047BC02000DBD020047BC0200A9
:10BCC00047BC020047BC020047BC020047BC020060
:10BCD00047BC020047BC020047BC020047BC020050
:10BCE00047BC020047BC020047BC020047BC020040
:10BCF00047BC020047BC02001BBD020047BC02005B
:10BD000047BC020047BC020037BC02004FF4C072BF
:10BD10005A80EBE6E0225A80E8E64FF400725A803F
:10BD2000E4E66FF0850025E7A8210200A0210200CB
:10BD3000A4210200A0590020FDFFFF3F5D81FF7F8D
:10BD40000000FFF60000020970B510B30446406A17
:10BD500070B90026A06A28B935462379802B11D006
:10BD6000284670BD03F02CFE054640B9A062F3E7FB
:10BD700003F026FE06460028ECD16062E9E7002EBB
:10BD8000EAD1EAE7382200212046FDF745FB2846A4
:10BD900070BD6FF08605E3E72DE9F04F89B00E46E0
:10BDA000DDE9165A98460446129FDDF850900028A7
:10BDB00072D0302BC9F8007000F0BF80412B0AD040
:10BDC000122B00F089806FF0860009B0BDE8F08F7B
:10BDD000B8F1410FF7D14FF0000C0123002DF2D044
:10BDE000BAF1000FEFD01F377F0903F0030007FB04
:10BDF0000007DAF80010BA00B1EB870FC0F07A81C3
:10BE00000128CAF8002005F1040A00F09C80D9F846
:10BE10000090EB7009F11F077F0909F10708C9F3CA
:10BE20000722BF004FEAD8085FFA89FB0392002C73
:10BE30005AD14745059E85F800B06A70AC70C0F0D5
:10BE4000FC80B9F1FF0FA7EB080400F035814246F2
:10BE50003146504604F00AFC2CB1224600210AEB80
:10BE60000800FDF7D9FA039B381D05F800B02844F7
:10BE7000437040F2012346444380051DB9F1FF0F92
:10BE800042463146284600F0888004F0EFFB002C43
:10BE900040F08680002098E7159B1146019305AB82
:10BEA000009330464B46139A04F082FA00288CD156
:10BEB000D9F800309F4286D1139B1B78013B032B9E
:10BEC00081D801A252F823F0E3BF0200F3BF0200C1
:10BED000D1BD0200D3BF02000B78042B7FF473AFF7
:10BEE00002234FF0010C79E7039B47456B704FF03D
:10BEF0000003664485F800B0AB70C0F0BD80B9F1B6
:10BF0000FF0FA7EB080400F0DD80424631465046A3
:10BF100004F0ACFB2CB1224600210AEB0800FDF72F
:10BF20007BFA039B043705F807B03D446B7040F281
:10BF3000012346446B800435A0E70B78042B7FF483
:10BF400042AF1223CDE7D9F8008008F11F077F091F
:10BF500008F107095FFA88F0C8F30722BF004FEA2B
:10BF6000D90928706A7014BB4F45AC70EB70059C02
:10BF700055D3B8F1FF0FA7EB090700F0AF804A4691
:10BF80002146504604F072FB002F83D03A46002130
:10BF90000AEB0900FDF740FA7CE7FDF7FFF976E7C9
:10BFA0002246002105EB0800FDF736FA72E7EB7038
:10BFB00000234F456644AB7023D3B8F1FF0FA7EBC6
:10BFC000090700F085804A463146504604F04EFB92
:10BFD000DAE7B8F1420F7FF4F6AE4FF0000C112310
:10BFE000FCE6B8F1120F7FF4EEAE4FF0000C022326
:10BFF000F4E6B8F1300F7FF4E6AE4FF0000C1223F8
:10C00000ECE649463A463D4803F094FBB8F1FF0F91
:10C010003A46314650460DD004F028FB3AE74946EF
:10C020003A46364803F086FBB8F1FF0F3A46214600
:10C030005046F1D1FDF7B2F92CE73A4641462F4878
:10C0400003F078FBB9F1FF0F50463A4631464BD02A
:10C0500004F00CFB40F20123039A381D05F800B0F0
:10C060002844414642704380051D3A4623484644D1
:10C07000B84603F05FFB01E73A4641461F4803F02C
:10C0800059FBB9F1FF0F50463A4631462FD004F024
:10C09000EDFA40F2012203983B1D05F803B02B4452
:10C0A000414658705A8015483A4646441D1DB846C8
:10C0B00003F040FB0024E1E6424631465046FDF7DE
:10C0C0006DF9C9E6424631465046FDF767F921E76A
:10C0D0004A4631465046FDF761F955E74A46214642
:10C0E0005046FDF75BF94FE7FDF758F9B2E7FDF76A
:10C0F00055F9CEE76FF0890067E600BF38270300E7
:10C1000000222DE9F04F8FB00B92002800F09F80A5
:10C110001D460F460446189B002900F09B80002B0B
:10C1200040F09580199B002B40F091801A9B002BCA
:10C1300040F08D806669238806F1004606F580365A
:10C14000B6F5704F76D3D4F82C906268D4E906B176
:10C150004FEA122803F4E042B2F5005F09919C46D1
:10C16000A16804F1240A7FD015F4205F05D023F0E4
:10C17000FF02B2F5E24F00F0928015F001002BD1E2
:10C180000023626A002A40F08280002F00F0CD80F8
:10C190000025226A5846534609993D6003F0B0FBDA
:10C1A000002840F0CD81DAF80050B9F1000F07D037
:10C1B000B8F1000F00F04581B8F1010F00F04F8198
:10C1C0006FF09604284603F0FBFB0346002862D17B
:10C1D0002346CAF800005EE023F0FF02B2F5824F6A
:10C1E000CED1189A002A00F03881E268658802F002
:10C1F000FE42B2F1106FDBB200F0DB80122B00F0D8
:10C200004781302B00F08A81422B40F0DA800423F2
:10C21000EF1DFF08BA46B8F1010F0B9717D0B9F11F
:10C22000000F00F0C380199ABA4280F033816FF09A
:10C23000890330E0012D86D003F4E042B2F5805F3F
:10C2400066D0B2F5005F63D05B0400F18A806FF0C6
:10C25000860320E0002BFAD0199B002BF7D01A9B05
:10C26000002B7FF467AFF2E702F563421140B1F5AE
:10C27000407F7FF479AF002F3FF476AFEE0540F1B9
:10C280008680DAF80020002A82D0002302E0002F06
:10C2900000F07D813A6018460FB0BDE8F08F606A0B
:10C2A000002800F09980E3680C9003F0FE43B3F19E
:10C2B000106F4FF0FF3318BF0023DBB25FFA8CFC26
:10C2C000BCF1120F00F08680BCF1300F00F05A81F3
:10C2D000BCF1410F00F01D81BCF1420F40F0AF8076
:10C2E000B3FA83F56D09AD006288CDE90223002F12
:10C2F00000F0F080002401950125099B5A4639463B
:10C30000CDE9054400950494FFF720F90346C2E700
:10C310002046216A04F11802FBF7D6FA0346D4F846
:10C320002C90002BB7D123880FE73946199A18981B
:10C330000993FDF771F81A9B1F60B9F1000F35D012
:10C34000B8F1000F2ED1226A199B9A4200F21C818B
:10C3500049461898FDF722F81A9B226A1A60099B31
:10C3600099E7A0230D938F4B002201939946236AEE
:10C370002146009304F118030493A31C03930DAB0F
:10C380000293E36A0120FBF737FD0346C9E715F482
:10C39000007500F09D80D4F830908BF4401B04F1C0
:10C3A000280A6EE7B8F1010F00F0F8806FF09603ED
:10C3B00071E7122B6CD0302B00F0B080412B00F0D5
:10C3C000B880002305F1070A4FEADA0A4FEA4A0764
:10C3D000013720E7012587E70CAB58460999226A07
:10C3E00003F08EFA034600287FF4CBAEB8F1000FBD
:10C3F00006D0B8F1010F00F0A8806FF09603C0E6F8
:10C400004946226A0C9803F01DFB0346002B7FF47B
:10C41000B8AED4E906B1E368B4F800C003F0FE4357
:10C42000B3F1106F4FF0FF3318BF00230CF44F42ED
:10C43000B2F5824F0C980991DBB23FF43FAF002573
:10C4400052E7226A4946284603F0FCFA0446E4B95A
:10C45000DAF800303B6000231DE7134691E60DA893
:10C46000266AFCF779FB044678B90D990029EFD0CC
:10C470004A46284606F1100303F0BCFB04460D981B
:10C4800003F09EFA0028E2D00446DAF8005099E65C
:10C49000012397E7B6F5704F42D3032B09F104014E
:10C4A00049D004231898524600F8013B04F0DEF806
:10C4B00005F11F01189B490902310AF1010052469A
:10C4C00009EB8101184404F0D1F81A9B1F60C2E700
:10C4D0003D60BCE6A024059401240094314C0195F4
:10C4E0000BAD099B5A46394604940695FFF72EF882
:10C4F000034600287FF4CFAE0B9D199B9D423FF66B
:10C5000096AE2A4621461898FCF748FF1A9B1D60F4
:10C51000A1E7002B93D0FF230325E5E6022351E793
:10C52000226A49461898FCF739FF236A1A9A136061
:10C5300091E703236CE652461898FCF72FFFC4E7F7
:10C540006FF09203CAF80050A5E60DA80C9E256A6C
:10C55000FCF702FB034600287FF413AE0D99002977
:10C560003FF457AF05F110034A46304603F042FB53
:10C5700005460D9803F024FA034600287FF401AE27
:10C580002B4643E70225AFE66FF08C0383E639467E
:10C59000199A1898FCF740FF1A9B1F606FF08403EC
:10C5A00079E600BFBC8000202DE9F04F0024002573
:10C5B0000E4699B0CDE91645044600230B924288F9
:10C5C00001888768D0F80480D6F8D40007324FEA93
:10C5D000E20B099001F4E0426069B2F5805FCDE9B9
:10C5E0001033CDE91233CDE91433D6F8D8A0D6F8FC
:10C5F0000490ADF83E3007F440770A900CD0B2F5C5
:10C60000005F09D04A0436D4B7F5407F43D06FF0BD
:10C61000860019B0BDE8F08F5946204616AAFBF7F0
:10C6200053F90546A5B918F0FF083AD1414611A8BB
:10C63000FFF778F9054658B96FF04043994500F087
:10C64000C480706812A9FFF729FA0546002831D086
:10C65000149818B103F0B4F900B10546159818B94B
:10C66000284619B0BDE8F08F03F0AAF90028F7D0EA
:10C6700019B0BDE8F08F012216A904910DF13E0119
:10C68000039110462146CDE90133CDF800B0FBF708
:10C69000B3FB0546C6E715986FF086050028DFD086
:10C6A000E2E7606912A9FFF7F9F90028BED16FF03F
:10C6B0008A05CDE703460246CDE90100009013A9A3
:10C6C0001298FFF71DFD012305460C93B7F5407F37
:10C6D00071D000230D93002DBAD1DDE916785A46AA
:10C6E0003846414614AB03F00BF905460028AFD19C
:10C6F000099B09F1404909F10209534406F1080078
:10C70000B9F1010F9A46099009D903F1040AD6F844
:10C71000E0300422DB0010A91093FCF73FFEDDE9B6
:10C72000131000250C9BCDE90555CDE90355CDE946
:10C7300001550093099A534603F0C2FA05460028B2
:10C7400086D10D9B002B4CD1DDE91401D6F8E030E9
:10C75000119A344DA3EB0B03C6F8E030C2EBC206CE
:10C7600005EBC603C3E90901218825F83610618865
:10C77000598061685960A1689960E168D960216950
:10C78000C3E9067819610A99C3F820B0D30049B902
:10C79000254802F1804100680F39091A23480068D2
:10C7A000091A0A919B1A05EBC3050020DDE90A323C
:10C7B00013606B612DE7238803F4E043A3F5005376
:10C7C000B3FA83F35B090D9385E7024613A9612051
:10C7D00003F00AFB10F18C0F05461FD000230C93C9
:10C7E00074E75A46414615AB87F4401003F088F8C9
:10C7F00090B90C9BCDE90555CDE90355CDE901551F
:10C800000093099A53461399159803F059FA05466F
:10C8100000287FF41DAF97E7054619E76FF09A05EA
:10C8200016E700BFA0590020A0210200A4210200A9
:10C830002DE9F04F002790461D460022002393B0BB
:10C84000CDE910230D97ADF832700E97002D45D02D
:10C8500003880446D0F814A03BB96FF08609002382
:10C860002B60484613B0BDE8F08FC268002AF4D0B0
:10C8700042880E467AB10732B8EBD20F4FEAD201A6
:10C8800009D049000131414505D044F2010223F4A9
:10C8900040519142E1D1D4E901B95FFA8BF709F433
:10C8A0004072BAF1000F1FD0B2490AF1FF3088423E
:10C8B00002D9B1498A45D0D1012F01D0802FCCD1E6
:10C8C00050460DA9CDE90632FFF7E8F8DDE906325A
:10C8D000002840F062816FF08A09C0E76FF0860996
:10C8E000484613B0BDE8F08F002F40F09B80B2F5B2
:10C8F000407F00F09B80CDF824A044F2010223F495
:10C900004051914200F09E8003F44F42B2F5844FB3
:10C9100000F0A58042F20402934200F0B18003F4DB
:10C92000E042B2F5805F00F09D80B2F5005F00F05C
:10C9300099805B0491D5A0220E9210AA33460492EE
:10C940008E4E0DF1320203920EAACDF800800292B3
:10C950002146002201200196FBF74EFA8146DDF8C0
:10C960003880B9F1000F7FF47AAF39460FA8FEF78F
:10C97000D9FF814600287FF472AF4FEA1B23DDF810
:10C980003CB07F49CBEBCB0201EBC201D200089255
:10C990004FEACB0206910D910792002F40F08E8056
:10C9A000784A0BF1004A1068774AAAEB000A11682E
:10C9B000764AAAEB010A1268AAEB020A002B72D18E
:10C9C0004146012001F0C6FD069AD062002800F021
:10C9D000E18031464246FCF7E1FC079B228868492A
:10C9E000A3EB0B0321F8332062880AB9BDF832208B
:10C9F000079B6349A3EB0B0301EBC3035A806268F7
:10CA00005A60A2689A60E268DA602269C3F82080FE
:10CA10001A61DDE91001C3E90601C5F800A0C3F8F9
:10CA200014A01EE7802F7FF418AF60E703F4E04204
:10CA3000B2F5005F7FF45FAF89F48039C9F300423B
:10CA400009925AE7002E3FF408AF03F44F43B3F5C1
:10CA5000844F8AD14FEAC803ADF8323085E7002E03
:10CA6000F8D1FAE6002E3FF4F8AE4146204610AA6F
:10CA7000FAF72AFF4FEAC8038146ADF8323070E773
:10CA8000002E7FF472AFE8E6404A12680A923E4AEE
:10CA900012680B924BB10A990BF180420F3A521A6D
:10CAA0000B99A2EB010A012B21D06FF086090698A1
:10CAB000FEF7E8FE002818BF8146D0E6802F10D090
:10CAC000002BF0D1012FF0D1084633462146CDE9A5
:10CAD000009810AA01F084FE00283FF47EAF814642
:10CAE000E5E7BAF1000FCFD0002BDCD1DDE7E2683B
:10CAF000274B1340B3F1607F56D008F110010E911F
:10CB0000002F67D0012F00F0A680802FCDD1DDE966
:10CB10001001089B1A4A24331344424602F0F0FEE7
:10CB2000034608B19946C2E738231548424603FB3D
:10CB30000B073146786A02F085FF03460028F1D1E1
:10CB4000DDE91001099B002B3FF447AF089B0C4A1D
:10CB50002833134480F44010424602F0D1FE0346CD
:10CB60000028DFD131464246B86A02F06BFF002848
:10CB7000B5D132E7FDFFFF3F5D81FF7FBC80002024
:10CB8000A0590020A8210200A4210200A021020037
:10CB90000000C07F6FF08C0989E7B2F5407F4ED06E
:10CBA000002309932388A8E618F0030FA5D0434B70
:10CBB00031461E4642461846FCF7F0FB06EB0800DD
:10CBC000C8F1A002002108F10308FCF725FC28F0B9
:10CBD000030892E7012001F0BDFC079B384AA3EB54
:10CBE0000B0302EBC303D8620028D3D00EAF009032
:10CBF0004346DDE9100132460197FEF709FE0028A1
:10CC00007FF46DAF099B002B3FF4E7AE01200E9936
:10CC100001F0A0FC38222A4B02FB0B3210630028E3
:10CC2000B8D0CDE90007109832464346119980F4F8
:10CC30004010FEF7EDFD00287FF451AFCDE603F480
:10CC4000E043B3F5005FABD119F4803FA8D10123D5
:10CC50000993238851E6A0299CD8DDE91001174FDC
:10CC60000EAB0193324643460097FEF7D1FD0346D3
:10CC700000287FF457AF099BE3B132461098114E5C
:10CC80000EAB01931199434680F440100096FEF7D5
:10CC9000BFFD034600287FF445AF00960E9A3B4641
:10CCA00001922146069810AA01F09AFD00287FF40F
:10CCB00016AF92E6099B0093F0E700BFBC8000200E
:10CCC000A05900208C800020954B2DE9F0411B6875
:10CCD0000446C3F10042904282B049D30028C0F21A
:10CCE0008880C21802F10041013B994240D88D4B27
:10CCF0008D491B6809688D4E0B4403F100431344B2
:10CD0000C3EBC30206EBC206019373690096984217
:10CD10006FD196F83430002B6BD07768D6F814803A
:10CD200008F1004303F58033B3F5704FC0F0B380D2
:10CD3000746A002C40F0B580B06A00285FD12546A7
:10CD4000F06A18B101F088FC0023F362306B18B16F
:10CD500001F082FC00233363FFB2012F00F0AA80B0
:10CD6000002D48D1382229463046FCF755FB42E0D9
:10CD70006F4B621E9A421BD96E4B9C4210D004F13D
:10CD8000004303F58033B3F5704F32D22046694635
:10CD900001F0BCF9054655B3284602B0BDE8F08164
:10CDA0002046694601F0B2F910F1880F0546F2D12C
:10CDB00000205C4A5C4B15681B680190ED1827D079
:10CDC00002465A4B07E00132AA424FF0010003F13C
:10CDD00038031BD0164659691F468C42F3D1009385
:10CDE00000B10196AA4213D293F834300BB1009EE1
:10CDF00093E76FF08705284602B0BDE8F08102F0A6
:10CE0000DFFD0546002862D1B06298E7CDE90072E7
:10CE1000204601F0D9FC0028EBD0012101A8FEF743
:10CE200081FD05460028E6D1019B4049C3EBC303C1
:10CE300001EBC3012046009101F0B8FD0546002832
:10CE4000D9D1009E7768336A3A0A728818BF103BBE
:10CE50003362002A7FF462AF328851047FF55EAFFF
:10CE600002F44F41B1F5824FF46834D002F4E0424D
:10CE7000B2F5E04F64D0B2F5804F0CD1682B00F0D2
:10CE8000C98041D8402B00F0C280482B37D14FF4E5
:10CE90008073738042E76FF08505284602B0BDE8D5
:10CEA000F081204602F08CFD044600287FF444AF58
:10CEB000706241E7404601F087FC00283FF450AF24
:10CEC000404601F07FFC01F0FFFA054648E7002CE0
:10CED0003FF436AF33E7D0B21228C7D03028C5D0E0
:10CEE0001549412801EA040141F0106114D042289B
:10CEF000BCD112488142B9D0FF2373800EE7382B92
:10CF00007ED1C023738009E7882B7CD0902B77D10A
:10CF100040F20923738001E708488142A6D1EBE77C
:10CF2000A8210200A0210200A4210200A059002093
:10CF3000FDFFFF3F5D81FF7F0000FFF6000002095B
:10CF40001C3B2C2B5CD801A252F823F003CF02002B
:10CF500001D0020001D0020001D002000FD0020077
:10CF600001D0020001D0020001D002008FCE0200E9
:10CF700001D0020001D0020001D0020001D0020065
:10CF800001D0020001D0020001D0020001D0020055
:10CF900001D0020001D0020001D0020001D0020045
:10CFA00001D0020001D0020001D0020015D0020021
:10CFB00001D0020001D0020001D0020001D0020025
:10CFC00001D0020001D0020001D0020001D0020015
:10CFD00001D0020001D0020001D0020001D0020005
:10CFE00001D0020001D0020001D0020007D00200EF
:10CFF00001D0020001D0020001D0020011CF0200D6
:10D000006FF09605F7E64FF40073738086E6E02331
:10D01000738083E64FF4C07373807FE6524B2DE933
:10D02000F0431B680646C3F10043984283B014D313
:10D0300000280CDB01A9FEF731FD074600285CD073
:10D04000384603B0BDE8F083484B984209D06FF0F2
:10D050008707384603B0BDE8F083454B421E9A422D
:10D06000F2D8444A444B12681B68D2181DD0DFF82E
:10D070000C810025444604E00135954204F1380452
:10D0800012D063692146B342F6D1C5EBC50308EB64
:10D09000C3031B790194802B4FEAC5090CD10027EB
:10D0A000384603B0BDE8F0830191304601F08CFBB7
:10D0B0000028CCD00027F3E7606A58BBA06A00289C
:10D0C00037D1A9EB050608EBC606F06A60B3002766
:10D0D00001F0C2FAF762A9EB050308EBC308D8F820
:10D0E000300020B101F0B8FA0023C8F830303822FF
:10D0F00000212046FCF790F9A2E7019C002C30D0DB
:10D10000606AE8B9A06A00289AD002F059FCF0B928
:10D11000A06295E702F054FC074640B1A06AD0B97E
:10D1200017F1840F8CD1C0E76FF09607D3E76062E8
:10D13000C4E702F045FC07460028F1D1A062C0E731
:10D1400002F03EFC07460028DCD16062DAE7002FDF
:10D1500008BF074674E702F033FC0028E0D1A06264
:10D16000DEE76FF086076BE7A82102005D81FF7F95
:10D17000FDFFFF3FA0210200A4210200A0590020D2
:10D18000AC4BF0B51B680446C3F1004290420D461B
:10D1900083B02FD300286BDBC11801F10042013BA3
:10D1A0009A4227D8A44AA54B12681B681A4402F178
:10D1B00000420A44A24BC2EBC20103EBC10301923D
:10D1C0005A690093904253D193F83420002A4FD0EB
:10D1D000002D00F09380D3E90160D3E903415A693F
:10D1E0001B68A8600020C5E90036C5E903416A61F3
:10D1F00003B0F0BD934B621E9A4217D9924B9C42EA
:10D200000DD004F1004303F58033B3F5704F2FD2F6
:10D210002046694600F07AFF40B303B0F0BD2046D7
:10D22000694600F073FF10F1880FF5D10020824BA2
:10D23000824A1B681268019013EB020C1ED0024652
:10D240007F4B07E0013262454FF0010003F13803E4
:10D2500012D0164659691F468C42F3D1009300B193
:10D26000019662450AD293F834300BB1009BAFE7C8
:10D270006FF0870003B0F0BDCDE90072204601F0E9
:10D28000A3FA0028F4D0012101A8FEF74BFB0028E7
:10D29000F0D1019B6A49C3EBC30301EBC3012046F4
:10D2A000009101F083FB0028E4D1009B59681A6AC1
:10D2B000090A598818BF103A1A62002988D11988BA
:10D2C000480485D501F44F40B0F5824FDE6827D081
:10D2D00001F4E041B1F5E04F3AD0B1F5804F40F0B4
:10D2E000A580682A00F09E8011D8402A00F097801F
:10D2F000482A06D14FF480725A8069E76FF08600A1
:10D30000B8E7382A40F08480C0225A8060E7882A33
:10D3100000F08180902A7BD140F209225A8057E7A1
:10D32000CCB2122CD4D0302CD2D04848412C00EAB8
:10D33000060040F0106007D0422CC9D1444CA042F6
:10D34000C6D0FF225A8043E7414CA042C0D1F8E743
:10D350001C3A2C2A5CD801A151F822F009D3020012
:10D3600011D4020011D4020011D402001FD4020013
:10D3700011D4020011D4020011D40200F5D202002F
:10D3800011D4020011D4020011D4020011D4020001
:10D3900011D4020011D4020011D4020011D40200F1
:10D3A00011D4020011D4020011D4020011D40200E1
:10D3B00011D4020011D4020011D4020025D40200BD
:10D3C00011D4020011D4020011D4020011D40200C1
:10D3D00011D4020011D4020011D4020011D40200B1
:10D3E00011D4020011D4020011D4020011D40200A1
:10D3F00011D4020011D4020011D4020017D402008B
:10D4000011D4020011D4020011D4020019D3020079
:10D410006FF096002EE74FF400725A80D8E6E022B3
:10D420005A80D5E64FF4C0725A80D1E66FF085007D
:10D4300020E700BFA8210200A0210200A4210200D1
:10D44000A0590020FDFFFF3F5D81FF7F0000FFF638
:10D450000000020918220021FBF7DEBF2DE9F04F82
:10D46000D1E904A78B688FB00C4605461646D1F863
:10D470000CB091F80490029357B1AC4B7A1E9A42CB
:10D4800040F2C4806FF0860528460FB0BDE8F08FEB
:10D4900019F07F0FF6D128460AA9FEF7FFFA0546D4
:10D4A0000028F1D1DDF82880D8F80830D8F8042019
:10D4B00003F44071100AB1F5407F03930790B8F868
:10D4C000003000F0B8800895002EDBD0618819B1DB
:10D4D000B8F802008842D5D12188002940F0A78001
:10D4E0000399890740F1C680110A012903D1D2B2FC
:10D4F000802A00F0BF80D8F80C5059462A461846BA
:10D500000493FDF753FD8446049BD8F81020184679
:10D5100051460692CDF810C0FDF748FD049B069ACF
:10D52000059023B9BBF1000F01D0002DAAD1059BB6
:10D5300023B9BAF1000F01D0002AA3D149460CA8A3
:10D54000D4F804A0FEF7EEF9054600289CD1DDF8DA
:10D5500030B0CBEBCB02D100099175494FEACB0338
:10D5600001EBC2020692B9F1000F6DD0B9F1800F44
:10D5700000F08880DDE9021202EA010C6C4AA3EB9C
:10D580000B0002EBC002376057616168684C516064
:10D59000B8F800104FEA1A2624F83010B8F8021034
:10D5A000C2F808C051800499D16005991161D8F87A
:10D5B00020101162D8E90601C2E90601079A002A83
:10D5C0005BD1D8F820A0D8F82C10B1B152465948F8
:10D5D0000293FBF7E3FE089A029B22B1D8F82020C1
:10D5E000103292453CD0002E60D1B9F1000F00F00E
:10D5F000AB80B9F1010F00F0B9806FF08605069895
:10D60000FEF740F9002818BF05463DE7B9F1010FC4
:10D6100003D0B9F1800F7FF435AF38460BA9FEF780
:10D620003DFA00287FF437AF6FF08A052CE7994266
:10D630003FF456AF26E703F4E041A1F50051B1FAFB
:10D6400081F1490908913FE73B4A0BF10047116816
:10D650003A4A7F1A10683A4A3F1A1268BF1A89E795
:10D66000D8F830100029C8D052463648FBF796FE4D
:10D67000029BB8E76FF0840506E7012A0FD06FF030
:10D680008405BCE7002F7FF475AF2D4A0BF1804075
:10D6900011682A4A0F381268401A871A6AE7012E61
:10D6A000EDD1D8F8202002F1100A8CE7012EE6D146
:10D6B000B9F1000F6FD1079B012B00F0988038273C
:10D6C0000AF1100130460D9100F044FF184B07FBA2
:10D6D0000B37F862002800F0A9800DAC009001948F
:10D6E0005346D7E90601134AFEF792F807F11808E6
:10D6F0000346002879D1089B002B3FF4C5AE304685
:10D700000D9900F027FF3863002841D0CDE90004CF
:10D71000B8695346D8F80410064A80F44010FEF762
:10D7200077F800283FF4B0AE054668E7FDFFFF3FFD
:10D73000A0590020BC800020A8210200A4210200E2
:10D74000A02102008C80002051460120029300F0AD
:10D7500001FF029B7D4AA3EB0B0302EBC303D862DC
:10D76000B0B152467A49FBF719FE8DE6002F3FF41F
:10D7700044AF099A754918320A440699744B084611
:10D78000CDF804A0009601F02BF80028CCD17BE660
:10D790006FF08C0533E7B9F1800F4BD0B9F1010F71
:10D7A0007FF42BAF002F3FF428AF079B012B00F035
:10D7B000A2803826654B06FB0B360AF110030D9349
:10D7C000089BD6E90601002B74D0DFF88481614FF5
:10D7D0000DAC5346424680F4401000970194FEF78A
:10D7E00017F80346002800F097801D4607E7382405
:10D7F0005146184600F0AEFE544A04FB0B24E0628A
:10D800000028C5D052465249FBF7C8FD089B002BA3
:10D810003FF43AAE5146079800F09CFE2063002882
:10D82000B6D052464B49FBF7B9FD2DE66FF08C039D
:10D830001D46E4E6454A3824114604FB0B14099BB7
:10D84000D4E9060124331344D8F8202002F058F814
:10D8500003460028C9D1079B606A012BD8F8202015
:10D8600044D03B4902F0EEF800287FF45DAF089BFE
:10D87000002B3FF409AE3824344A099B04FB0B24E7
:10D88000A06928331344E169D8F8202080F44010BF
:10D8900002F036F803460028A7D1079BA06A012BA7
:10D8A000D8F820204AD02A4902F0CCF800287FF48A
:10D8B0003BAFE9E5264C0DAA53460192009422465F
:10D8C000FDF7A6FF034600288FD1089B099A009315
:10D8D000234618321D490D980A44069901900846BE
:10D8E00000F07EFF00287FF41FAFCDE5184910320D
:10D8F000FDF770FFB8E7099A14491832154B0A442E
:10D90000069900930846124BCDF804A000F068FF7A
:10D9100000287FF409AFB7E50194CDF800805346A5
:10D92000D6E906014246FDF773FF034600287FF45F
:10D930005CAF099A064B00971832CBE705491032C5
:10D94000FDF748FF00287FF4EFAE9DE5A0590020C9
:10D95000BC8000208C8000202DE9F047AA4C8A462C
:10D9600025689046C5F1004C604504461E4682B0CD
:10D970006FD30028C0F2AC80421902F10043013D90
:10D98000AB4266D8A14BA2491B680968A14D0B4464
:10D9900003F1004313440193C3EBC30305EBC30539
:10D9A0006B690095984240F0938095F83430002BD5
:10D9B00000F08E80BAF1000F00F02081002E00F000
:10D9C0001D81AC68E30740F14B812B8803F4E042F2
:10D9D000B2F5805F00F0C880B2F5005F00F0C4804F
:10D9E00047F201018B4200F0208144F201018B4299
:10D9F00000F02C8147F202018B4200F02B8144F2AF
:10DA000002018B4200F0198123F0FF03B3F5E24FCE
:10DA100000F0AA80B3F5824F00F028816B685FFAAE
:10DA200083FC1B0A40F0FC80E96A002900F0E380D7
:10DA3000B2F5E04F40F0AC806888C21DD208FF28E4
:10DA40003260504601F1040100F0FD8002F00EFE4C
:10DA5000A6E0714B621E9A4218D9704B9C420ED0C0
:10DA600004F1004303F58033B3F5704F30D2204604
:10DA7000694600F04BFB48B302B0BDE8F087694649
:10DA8000204600F043FB10F1880FF4D100225F4BD9
:10DA9000019219685E4B1B68C91820D015465D4875
:10DAA00007E001358D424FF0010200F1380014D03B
:10DAB000A94647690346BC42F3D100900AB1CDF8AC
:10DAC00004908D420BD290F834300BB1009D71E779
:10DAD0006FF0870002B0BDE8F087CDE90035204641
:10DAE00000F072FE0028F3D0012101A8FDF71AFF13
:10DAF0000028EFD1019B4749C3EBC30301EBC301EE
:10DB00002046009100F052FF0028E3D1009D6A6892
:10DB10002B6A120A6A8818BF103B2B62002A7FF416
:10DB200049AF2A8851047FF545AF02F44F41B1F562
:10DB3000824FEC6800F0B08002F4E042B2F5E04FB2
:10DB400000F0C780B2F5804F6CD1682B00F02881BF
:10DB500000F29880402B00F02081482B40F08C8010
:10DB60004FF480736B8025E76888C31DDB0843454D
:10DB700079D86B685FFA83FC1B0A13D1E96A002924
:10DB800039D0B2F5E04F3FF458AFB2F5805F02D024
:10DB9000B2F5005F46D12A6A50463260FBF7FEFBC1
:10DBA000002097E7012B3DD1B2F5805F05D0B2F59B
:10DBB000005F02D0B2F5E04F34D1BCF1800F31D01C
:10DBC000E96AC1B12A6A504610323260FBF7E6FBBF
:10DBD000296B0029E4D004F44074B4F5407FDFD110
:10DBE00032680AEB0200FBF7D9FB33682A6A10336C
:10DBF00013443360D4E7BCF1010F13D06FF08600FB
:10DC000002B0BDE8F08700BFA8210200A0210200F9
:10DC1000A4210200A0590020FDFFFF3F5D81FF7F8E
:10DC2000012BC7D06FF0850054E7688843080133A3
:10DC3000DB0803EBC3033B3399E76888C30803EBB6
:10DC400043034A3393E7FBF7A9FBA9E76888C308B6
:10DC500010338CE76888C30803EB43035A3386E725
:10DC60006FF0840036E76FF0890033E76888C31DE2
:10DC7000DB085B0001337AE7382B40F08B80C02350
:10DC80006B8097E6882B00F08F80902B40F082808D
:10DC900040F209236B808DE6D0B212283FF44CAFDE
:10DCA00030283FF449AF4249412801EA040141F0DC
:10DCB000106109D042287FF43FAF3E4881423FF4D3
:10DCC0003BAFFF236B8075E63A4881427FF434AF67
:10DCD000F7E71C3B2C2B5DD801A252F823F000BFC4
:10DCE0007FDC020095DD020095DD020095DD02007B
:10DCF0009BDD020095DD020095DD020095DD02004E
:10DD000061DB020095DD020095DD020095DD020079
:10DD100095DD020095DD020095DD020095DD020033
:10DD200095DD020095DD020095DD020095DD020023
:10DD300095DD020095DD020095DD020095DD020013
:10DD4000A1DD020095DD020095DD020095DD0200F7
:10DD500095DD020095DD020095DD020095DD0200F3
:10DD600095DD020095DD020095DD020095DD0200E3
:10DD700095DD020095DD020095DD020095DD0200D3
:10DD8000A9DD020095DD020095DD020095DD0200AF
:10DD900091DC02006FF096009CE6E0236B8009E6C0
:10DDA0004FF4C0736B8005E64FF400736B8001E69F
:10DDB0000000FFF6000002092DE9F04F00248FB0AB
:10DDC0000C9419B11D460BB116462AB96FF0860A9C
:10DDD00050460FB0BDE8F08F0C460CA9FDF75EFE73
:10DDE00082460028F4D10C9F3B88D7F804B023F07A
:10DDF000FF01B1F5E24F5FFA8BF90FD003F4E04376
:10DE0000B3F5804FE2D15246514638460123CDE961
:10DE100000460295FEF774F98246D9E7F968DBB24D
:10DE200001F0FE41B1F1106F00F08280122B00F082
:10DE3000AB80302B00F0CE80422BC7D104230A9058
:10DE400009937B6903F1004303F58033B3F5704F09
:10DE500043D3D7E90623D7F82CA0D7F82480B8F10C
:10DE6000000F20D1104619463A6A07F1240301F049
:10DE700047FD002840F0B780D7F82480BAF1000FA2
:10DE800006D05FEA1B2B5FD0BBF1010F00F083804F
:10DE90006FF0960B404601F093FD8246002897D123
:10DEA000DA46786294E70A99CDE905650391002185
:10DEB00004947888099C0091CDE901404046FDF723
:10DEC00045FB8246B9F1800F82D0404601F078FDD3
:10DED00008B978627CE782467AE7A023DFF81081F0
:10DEE00007F11801BA1C0DA80D93FB6ACDE90321B7
:10DEF000CDE901803A6A3946009201200022F9F703
:10DF00007BFF824600287FF463AFD7E901B1D7E9F0
:10DF10000623388800F4E040B0F5005F06D100F534
:10DF200063400140B1F5407F3FF450AFC24694E7F3
:10DF3000122B4AD0302B51D0412B7FF447AF032313
:10DF4000FF22CDE909327CE7514640463A6A01F0AA
:10DF500079FD8346BBF1000F1AD1D7E906230021D2
:10DF6000D7F82480CDE9056504940A9C099D0394A3
:10DF70007C884046CDE901540091FDF7E7FA8246DE
:10DF8000B8F1000F9ED123E701230A90099358E7C7
:10DF9000D7F824807EE73B6A0DA80B93FAF7DCFDE7
:10DFA00083460028F4D10D990029D6D00B9B524608
:10DFB0004046103301F01EFE80460D9801F000FD32
:10DFC00083460028E4D1C346C4E70123FF20CDE9FE
:10DFD000093036E702230A90099332E70223FF2132
:10DFE000CDE909312DE76FF0920AC7F82480EFE6FA
:10DFF000BC8000202DE9F041082284B00020404977
:10E0000002F086FF002877D13E4D04464AF6AA2743
:10E010003D4E286013E00422414602A8FBF7BEF9FA
:10E02000029B28331C440422214603A8FBF7B6F9BF
:10E03000039B002B60D04FF6FF7293425CD004220A
:10E0400004F108010DEB0200FBF7A8F9019B04F1B4
:10E050001C08BB42DFD10422286804F10C01C0EB8C
:10E06000C00006EBC0001044FBF798F928680422B2
:10E07000C0EBC00006EBC00004F110011430FBF748
:10E080008DF928680422C0EBC00006EBC00004F143
:10E0900014010C30FBF782F928680422C0EBC000A1
:10E0A00006EBC00004F118010830FBF777F9286887
:10E0B0000422C0EBC00006EBC00041462030FBF755
:10E0C0006DF928680222C0EBC00004F1200106EBC4
:10E0D000C000FBF763F94FF0FF0C296804F124003E
:10E0E000C1EBC10206EBC202136A0131D0622960A2
:10E0F000283382F834C095E7002004B0BDE8F081F1
:10E10000F42703005C8300204076002000F10043E8
:10E1100003F58033B3F5704F02D36FF0870070477B
:10E120004C4B1A68002AF8D04B4B10B45C69A042E3
:10E1300072D0012A68D0DC6CA0426FD0022A63D072
:10E14000D3F88440A0426BD0032A5DD0D3F8BC4002
:10E15000A04267D0042A57D0D3F8F440A04263D03D
:10E16000052A51D0D3F82C41A0425FD0062A4BD0CB
:10E17000D3F86441A0425BD0072A45D0D3F89C4134
:10E18000A04257D0082A3FD0D3F8D441A04253D060
:10E19000092A39D0D3F80C42A0424FD00A2A33D0F2
:10E1A000D3F84442A0424BD00B2A2DD0D3F87C4266
:10E1B000A04247D00C2A27D0D3F8B442A04243D083
:10E1C0000D2A21D0D3F8EC42A0423FD00E2A1BD01A
:10E1D000D3F82443A0423BD00F2A15D0D3F85C4398
:10E1E000A04201D0102A0FD00F22C2EBC20203EBD3
:10E1F000C2035868000A0CD193F83420FF2A08D1D2
:10E200005DF8044B0B6070476FF087005DF8044BBE
:10E2100070476FF08600F9E70022E6E70122E4E7A5
:10E220000222E2E70322E0E70422DEE70522DCE740
:10E230000622DAE70722D8E70822D6E70922D4E740
:10E240000A22D2E70B22D0E70C22CEE70D22CCE740
:10E250000E22CAE75C830020407600202DE9F84FAB
:10E260004E4CDFF840A180460F46164600214FF481
:10E27000807220461D46DDF828B0FBF7CDF84FF43C
:10E28000807200215046FBF7C7F84FF070622046BD
:10E29000226000F0A1FE00287CD1504600F0D4FEA0
:10E2A000002877D1DAF80020002A4FEA126102F440
:10E2B000803067DB014311F0FF096BD1384C1C2221
:10E2C00049462046FBF7A8F8DAF804204FF0000E84
:10E2D000100C002A2272A0714FEA1220BCBF01224A
:10E2E0006272DAF80C20DAF81030E071C2F3C04044
:10E2F000C2F3C06C60F3070EDAF81400DAF8081005
:10E300006CF30F2E2361130F63F3174E030C63F3AB
:10E310001F6E0B0CA2802370C2F30342C0F30333C1
:10E320004FEA112CC0F30B00A1702273C4F814E063
:10E3300084F801C060832376B8F1000F01D088F81B
:10E3400000300FB1638B3B800EB1A37D33700DB1F4
:10E35000E37D2B70BBF1000F02D0637D8BF80030A2
:10E360000B9B13B11A46237B13700C9B13B11A46F7
:10E37000237D13700D9B13B11A4623691360484621
:10E38000BDE8F88F01F07F014942002893D121F4C4
:10E39000803190E76FF09209F1E700BF80840020A0
:10E3A0006483002080830020F8B5414E414A3368E1
:10E3B000934263D0404CA34201D10120F8BD3F4FAE
:10E3C0003F4D4FF4807200213846FBF725F84FF49B
:10E3D000807200212846FBF71FF84FF07063384623
:10E3E0003B6000F0F9FD00285CD1284600F02CFECF
:10E3F000002850D12B68002B4FEA136103F48032C0
:10E400003EDB114311F0FF0145D12E4C1C2220466A
:10E41000FBF702F86B681A0C002B2372A2714FEA0B
:10E420001322B8BF0123E271AA68B8BF6372130C4C
:10E430002370A270130A00226370EB68D5E90451BF
:10E44000C3F3C040C3F3C06760F30702A380256134
:10E4500067F30F221D0FC3F30343237365F31742C2
:10E460000B0CC1F3033C63F31F62C1F30B0184F88F
:10E4700018C06183626158B10E4B33600020F8BD53
:10E4800001F07F014942002ABCD121F48031B9E773
:10E49000094B336091E73068074BC01AB0FA80F03F
:10E4A0004009F8BD3068001BB0FA80F04009F8BDA3
:10E4B0006083002055AA55008822880080840020AF
:10E4C0008083002064830020FCF776BB1E4B9A6893
:10E4D0007AB11E4B116899420BD1D169A3F1102377
:10E4E000A3F1EF13994204D19368012B01D8D368AB
:10E4F0000BB101207047536913BB1369F3B1F0B43A
:10E50000124C134D14E0D969A94214D1996801291C
:10E5100011D8D96879B1186981420CD05E6916B1F9
:10E520009F69BE4207D0914205D11A4620B10346E9
:10E530001968A142E7D00120F0BC70471846704727
:10E5400091699942D9D1D4E78085002055AA00FF6E
:10E55000669911EE2DE9F84F3C4D2B68EC68002BC5
:10E560003FD0AB68002B3CD000283AD0002938D0EF
:10E5700001FB00F6B6FBF0F0814232D1301D30D8FD
:10E58000B10732D026F00301043114B929E0A4699F
:10E590003CB363688B42FAD3D4F808C0BCF1000FD7
:10E5A0001FD1A0695B1A232B814667691FD80123FD
:10E5B000A360002F46D0B861A06900B14761002375
:10E5C0002A696361D207A36102D5FFF77FFF40B9D3
:10E5D0002034324600212046FAF71EFF2046BDE8CF
:10E5E000F88F00242046BDE8F88F3146CDE7D4F8F7
:10E5F000108001F1200EDFF858B0DFF858A004EBCE
:10E600000E02203BC2E9013CC2E9034844F80EB0C7
:10E61000C2F81CA0B8F1000F01D0C8F80C20C2F855
:10E620001890576187B1BA61906900B142610023C7
:10E630006160296922610122C4E90533CB07A26028
:10E64000C6D5C2E7E860B8E7EA60EEE7808500205B
:10E6500055AA00FF669911EE002872D070B5424CA1
:10E660002368002B6CD0A268002A69D0984267D337
:10E6700062681344984263D23C4B50F8202C9A4273
:10E680005ED150F8042CA3F11023A3F1EF139A42AA
:10E6900056D150F8183C012B52D850F8146C1EB1CA
:10E6A00050F8102C96424BD050F80C2C1AB150F860
:10E6B000081C8A4244D0012B42D1002250F8103C61
:10E6C000A0F1200540F8182C002E3BD0B268002A9B
:10E6D00038D150F81C1C726820310A4433617260D2
:10E6E00003B1DE60202200212846FAF795FE336947
:10E6F000FBB19A68EAB9354659686A680A441969EB
:10E7000020326A602961D5E9050240B3826102B115
:10E71000506158699A696861AA61F0B18561AA6916
:10E7200002B1556101B1CD60202200211846FAF7EF
:10E7300073FE23699B0703D5BDE87040FFF7C6BE93
:10E7400070BD704713B19A68002AD5D0E36840F8CD
:10E75000083C03B15D61E560EBE7E560E0E7002AB6
:10E76000D7D0E260D4E700BF8085002055AA00FF23
:10E7700038B50D460446142200210F48FAF74CFE26
:10E78000232D18D914F0030304D0043DC3F104026F
:10E790001D4414442A4600212046FAF73DFE064B4C
:10E7A000064A0748A5F12001C3E901541C60E06155
:10E7B000C4E90021DC6038BD8085002055AA00FF37
:10E7C000669911EE0021704700B585B0002101AABD
:10E7D000FCF7F8F98C3018BF012005B05DF804FB98
:10E7E0002DE9F04F87B0DDF84480002B00F0D98090
:10E7F000B8F1000F00F0D5801F46109B83460D46F0
:10E800009146002B6ED04FEA4806B6F5005F80F0C7
:10E81000C280283631460120FFF79CFE04460028BE
:10E8200000F0BC8008226049CDF80C80FAF7B6FDF4
:10E83000042204F10800A918FAF7B0FD02222946C3
:10E8400004F10C00FAF7AAFD022204F10E00A91847
:10E85000FAF7A4FD042205F1080104F11000FAF70B
:10E860009DFD042205F10C0104F11400FAF796FD58
:10E87000042205F1100104F11800FAF78FFD494652
:10E88000082204F11C00FAF789FD04F1280904228A
:10E8900003A904F12400FAF781FD39464846039A9A
:10E8A000FAF77CFD109B2BB1039A194609EB020085
:10E8B000FAF774FDD5F814900021484603AAFCF736
:10E8C00081F98C304FF000010ED032462046FAF725
:10E8D000A3FD2046FFF7C0FE6FF08A0A504607B03E
:10E8E000BDE8F08F464690E7009123463246484601
:10E8F000FCF78AF90021824650B132462046FAF7E9
:10E900008BFD2046FFF7A8FE504607B0BDE8F08F0C
:10E91000014603AA4846FCF755F9824670BB049AA3
:10E92000964229D1014632462046FAF775FD204627
:10E93000FFF792FE294618225846FAF72FFD414666
:10E940000120FFF707FECBF82C0038B339464246CA
:10E95000FAF724FD109B002BC0D041460120FFF7A1
:10E96000F9FDCBF83000C8B142461099FAF716FD10
:10E97000504607B0BDE8F08F6FF0980A4846002176
:10E98000FCF71AF9324600212046FAF745FD2046E9
:10E99000FFF762FEA2E76FF08D0A9FE76FF08C0A27
:10E9A0009CE76FF0860A99E7FC2703002DE9F04FFA
:10E9B00087B00F4603AA00210646FCF703F9044678
:10E9C000C8B9DDF8108001204146FFF7C3FD0546B8
:10E9D000002800F0A3802146304603AA0294FCF7E9
:10E9E000F1F8044658B1424600212846FAF714FDD2
:10E9F0002846FFF731FE204607B0BDE8F08F02AB96
:10EA0000024601460193304643460095FCF7E8F87C
:10EA1000029B044698457ED10028E4D1B8F1270F27
:10EA200007F1200A07F1180974D9082228463F493E
:10EA300002F06EFA044600286CD1042205F124018C
:10EA40005046FAF7ABFC396AA8F12802914261D826
:10EA5000B1F5005F5ED2B2EB410F3BD0914259D38A
:10EA60004FF0000AC9BBF962042205F10801B81889
:10EA7000FAF794FC022205F10C013846FAF78EFCF5
:10EA8000022205F10E01B818FAF788FC042205F1FC
:10EA9000100107F10800FAF781FC042205F11401C6
:10EAA00007F10C00FAF77AFC042205F1180107F1CE
:10EAB0001000FAF773FC4846082205F11C01FAF72A
:10EAC0006DFCFB6A7E6113B33B6A002B08BF6FF0DD
:10EAD000910488E74FF0010AC4E70120FFF73AFDEF
:10EAE000F862F0B105F1280B59463A6AFAF756FC7C
:10EAF000BAF1000FB8D00120396AFFF72BFD386357
:10EB000078B13A6A0BEB0201FAF748FCACE76FF018
:10EB1000910468E77E616FF0980464E76FF08C04FD
:10EB200069E76FF08C047E615DE700BFFC2703009E
:10EB30002DE9F04F85B0019000F0DAF8064600F0BC
:10EB4000D9F8044600F0D8F8834600F0D9F80090D0
:10EB500000F0DAF807781FB1002005B0BDE8F08FAB
:10EB6000A64257D80346002E4BD0009A4FF0640AB5
:10EB7000043A15464DF23D49DFF8CC8002920390ED
:10EB8000BBF1000F24D000F0BBF80446006818B9B0
:10EB90001EE054F8040FD8B1594602F0ABFF00282C
:10EBA000F7D15B463A462449244800F0C3FD0020D3
:10EBB000009A029B02EB8602043A53F8041F01B14B
:10EBC00018609342F9D14FF0FF3005B0BDE8F08FE7
:10EBD0000AFB0780594645F8040F02F095FFDBE970
:10EBE0001003DBE912412A680BF1500B176601375D
:10EBF000BE42C2E91003C2E91241C2F85090BFD12F
:10EC0000039B0198029300F083F8029B48B901220C
:10EC10001A70A1E7234632460749094800F08AFDE9
:10EC2000D1E702460449074800F084FD002ECAD00F
:10EC3000009B043B0293BAE718290300382803001D
:10EC4000042803006C2803009485002010B500F010
:10EC500051F800F055F800F057F804460549064809
:10EC600000F068FD237803B910BD00F065F80023BB
:10EC7000237010BD0429030084280300F8B507465B
:10EC800000F038F8064600F03BF8054600F03CF886
:10EC90000378DBB1FFB15EB10024043D55F8041FD9
:10ECA00019B1384602F026FF48B10134A642F5D129
:10ECB0003A460B490B4800F03DFD0020F8BD2146C7
:10ECC000384600F049F80028F2D0F8BD044906485B
:10ECD00000F030FDF1E70249044800F02BFDECE7BD
:10ECE000F8280300D82803009C280300BC28030050
:10ECF000032070470320704700487047B86D00201C
:10ED000000487047C886002000487047C086002031
:10ED1000074B1A680AB1074951655A680AB1054993
:10ED200051659B680BB1034A5A650020704700BFCC
:10ED3000C886002000000F40064B1A680AB1002167
:10ED400051655A680AB1002151659B680BB10022D8
:10ED50005A657047C8860020022908B503D8054BBC
:10ED600053F8210008BD02460349044800F0E2FCC4
:10ED7000002008BDC8860020542A03002C29030067
:10ED8000114B10B51C78CCB102460B4680B14DF248
:10ED90003D41006D88420BD1990709D1D2E911108C
:10EDA0001944884204D3536D890853F8210010BDDB
:10EDB0000649074800F0BEFC002010BD0349054885
:10EDC00000F0B8FCF8E700BFC0860020402A03002E
:10EDD0004C2903009C280300134B10B51C78F4B198
:10EDE0000B46A8B14DF23D41046D8C4210D113F099
:10EDF00003010DD1446C03EB040C846C644507D310
:10EE0000436D4FEA9C0C53F82C300846136010BD3C
:10EE100002460649064800F08DFC102010BD03494B
:10EE2000044800F087FCF8E7C0860020402A030071
:10EE30004C2903009C280300134B10B51C78ECB13F
:10EE40000B46A0B14DF23D41046D8C420FD113F041
:10EE500003010CD1446C03EB040C846C644506D3B1
:10EE6000436D4FEA9C0C084643F82C2010BD024627
:10EE70000649074800F05EFC102010BD0349054814
:10EE800000F058FCF8E700BFC0860020302A0300DD
:10EE90007C2903009C28030070B5234C82B02578A0
:10EEA000002D3BD01C4648B34DF23D43056D9D42BD
:10EEB00024D1002C2FD004F1FF3421DB8B071FD18C
:10EEC000D0E911658B199D424FEA840C1AD311F0D9
:10EED000030F01EB840415D13444AC4212D8416DC8
:10EEE00023F003031944131F624451F8040B43F841
:10EEF000040F9A42F9D1002002B070BD5CB1013C10
:10EF00004FEA840C0CEB01040B4602460749084803
:10EF1000009400F00FFC102002B070BD03490548BA
:10EF200000F008FCF7E700BFC08600201C2A0300A1
:10EF3000A82903009C280300002A41D0002B9C46EE
:10EF40003EDD30B51F4B83B01B78A3B30CF1FF3C03
:10EF500020B34DF23D43046D9C421FD18B071DD160
:10EF6000D0E911544B199C424FEA8C0E18D311F082
:10EF7000030F01EB8C0C13D1AC44A44510D8416DA8
:10EF800023F003000144131F724453F8040F93420B
:10EF900041F8040BF9D1002003B030BD4FEA8C0ECC
:10EFA0000EEB01040B46024607490848009400F0A6
:10EFB000C1FB1020F0E70449054800F0BBFBF8E76F
:10EFC00010207047C0860020082A0300D8290300BB
:10EFD0009C28030000F0B2BB002101F005BC00BF7B
:10EFE000F8B50C46074601F07DFB2146064600F0C9
:10EFF00041F9D0B14FF0FF3500F06AFC012305EB79
:10F000004405AB40034213D00021284600F036FCF3
:10F0100030B13A462146304600F08AF90020F8BD6A
:10F020000146284600F04AFCF3E76FF00C00F8BDFB
:10F030006FF00800F8BD00BF08B501F0B1FBBDE8F6
:10F04000084001F0CFBB00BF2DE9F843074601F0AF
:10F05000A7FB01F0C7FB02264FF0FF334FF0010979
:10F06000054616FB0036134C09FA06F901F03AFB87
:10F070002946804600F0FEF888B100F029FC10EA2D
:10F08000090F0CD00021304600F0F8FB68B13A4679
:10F090002946404600F04CF90020BDE8F883013CC9
:10F0A000E4D16FF00D00BDE8F8830146304600F072
:10F0B00005FCECE780F0FA02013810B4032805D80B
:10F0C000DFE800F020120C02FF2934D000210C46AA
:10F0D000084611601C605DF8044B7047FF29F5D1AC
:10F0E000E02401201D49F4E7B1F5807F1FD0B1F580
:10F0F000C07F24D0B1F5007FE8D14FF4D074012057
:10F100001749E6E7E0290ED0B1F5807F1CD0B1F5B4
:10F11000C07F1DD040F209208142D7D14FF4DC746A
:10F1200001201049D5E7C82401200F49D1E7E02488
:10F1300001200E49CDE7E02401200D49C9E74FF435
:10F14000A07401200B49C4E7E02401200A49C0E76C
:10F150004FF4A07401200949BBE700BF4C2B03000A
:10F160002C2C0300EC2F0300C43303000C2F0300EE
:10F170006C2A0300CC2D0300E4320300A431030009
:10F180002DE9F84F8B46DDE90B87DDE90D6543F688
:10F19000F87192461C46DDF82890FFF7F1FDBBF1AF
:10F1A000000F03D0C0F302538BF8003014B1C0F34A
:10F1B000C0532370BAF1000F03D0C0F302438AF8A2
:10F1C0000030B9F1000F03D0C0F3C04389F800301C
:10F1D000B8F1000F03D000F00F0388F8003027B11A
:10F1E0008023C0F3011293403B800EB1030A3370B9
:10F1F0000DB1000E2870BDE8F88F00BF38B50B4682
:10F2000004240546013B9B009C4022464FF47C5160
:10F21000FFF712FE4FF47C512846FFF7B1FD8443FF
:10F2200014BF6FF00100002038BD00BF70B5064666
:10F230000D4692B143F6E0711446FFF7A1FD034677
:10F2400043F6F47123603046FFF79AFD830504D539
:10F25000206810F4000000D170BD4FF47C5130469E
:10F26000FFF78EFD691E8900C840C04300F0010011
:10F2700070BD00BF10B50C464FF47C51FFF780FD08
:10F280000223013C9C40A340034214BF0120002004
:10F2900010BD00BFF8B505460C461646CBB94C1E4E
:10F2A0004023A10232462846FFF746FE0122A40071
:10F2B00002FA04F44FF47C5122462846FFF7BCFDC5
:10F2C0004FF47C512846FFF75BFD04421FD000201D
:10F2D000F8BD43F6E071FFF753FD43F6F4710746BE
:10F2E0002846FFF74DFD810504D53A0202D46FF0A0
:10F2F0000200F8BD4FF47C512846FFF741FD013C68
:10F30000A300D840C307CBD56FF00200F1E743F666
:10F31000FC712846FFF734FD47F6825380B29842CD
:10F32000D5D047F28C339842D1D06FF00300F8BDAE
:10F3300070B50C464FF47C5116460546FFF720FD8C
:10F340000223611E01FA03F203FA02F420420DD0F7
:10F350004023324628468902FFF79EFD22464FF49D
:10F360007C512846FFF768FD002070BD6FF0020059
:10F3700070BD00BF38B543F6FC710446FFF700FDD1
:10F3800047F6825380B2984203D04FF0FF352846AB
:10F3900038BD43F6F4712046FFF7F2FC810501D435
:10F3A0000325F4E743F6E0712046FFF7E9FC10F48B
:10F3B0008075F7D1820523D5002821DB00F45003A6
:10F3C000B3F5A00F26D01ED8B3F5801F04D0B3F537
:10F3D000800F08BF012519D143F6F8712046FFF7C9
:10F3E000CFFC030C83EA10535B07D0D0C30C83EA35
:10F3F000D05313F0010F18BF6FF00105284638BD38
:10F400006FF00205C3E7B3F5100FC9D06FF0030525
:10F41000284638BD0225BAE780B37AB373B33F29D3
:10F420002CD8F0B54FF0000E01F18045013D00EB06
:10F43000850523F003070EF1010C634514780EF1E6
:10F44000020602D840F82140F0BDB3421488F9D931
:10F45000BE4596780EF1040E02D144EA0644F1E767
:10F460007345146801F1010102F1040201D86C60D6
:10F47000F0BD402945F8044FDDD1F0BD704700BF15
:10F4800078B373B36AB33F292BD8F0B54FF0000EB1
:10F4900001F18041013900EB810100F1FC0422F00F
:10F4A000030751F8040F0EF1010C62454FEA1026D4
:10F4B0000EF10205187013D9AA424FEA104C5E7083
:10F4C0000ED9BE4583F802C04FEA10600EF1040E5B
:10F4D00006D07245D87003F1040301D9A142E0D1EE
:10F4E000F0BD7047B1F5804F01D301207047F0B5F2
:10F4F000931E012B0C46054683B007D9012A16D06E
:10F50000002637464CB9002003B0F0BD032A0E4652
:10F510000CBF0F460027002CF5D00021284601AA79
:10F52000FFF75AFC48B1012804D00220ECE70F464F
:10F530000026E7E7012003B0F0BD019A014622EA68
:10F5400004023A432846E4430192FFF775FC002881
:10F55000E9D10421284601AAFFF73EFC0028E2D1A8
:10F56000019B04211C4044EA060228460192FFF751
:10F5700063FC0028C7D0D6E7B1F5804F01D3012046
:10F5800070470A4608B50C21FFF756FC18B1012850
:10F590000CBF0120022008BD0A4608B51421FFF760
:10F5A0004BFC10B1012818BF022008BD0A4608B55F
:10F5B0001021FFF711FC10B1012818BF022008BD6F
:10F5C00013462DE9F04F83B00D4601AA1C210646D3
:10F5D0001C46FFF701FC08BB43F2C962BDF80430CA
:10F5E000934201931ED0022003B0BDE8F08F0322A6
:10F5F00041463046FFF776FF0346002878D11021B8
:10F60000304649EA0802FFF717FC034600286FD18D
:10F6100039463046FFF7B0FF0028E5D00128E2D197
:10F620000120E1E7024608213046FFF705FC0028EB
:10F63000F4D101AA18213046FFF7CEFB024600287C
:10F6400034D1019B03F03F03013B1F2BCBD8082192
:10F650003046FFF7F1FB0028E0D102460146304674
:10F66000FFF7EAFB0028D9D1024604213046FFF714
:10F67000E3FB0028D2D1002D45D0002C43D000233D
:10F680001F46984699469A46194605F1040E05F11B
:10F69000050C55F83320B2F5804FC1D21EF8330067
:10F6A000032808D8DFE800F02D272A050128B7D065
:10F6B00099E748EA02081CF8330000B11743013308
:10F6C0009C42E6D100223046FFF70CFF0028A5D16E
:10F6D000514601223046FFF705FF00289ED1022245
:10F6E00049463046FFF7FEFE034600283FF47FAF51
:10F6F000012B95D077E74AEA020ADCE749EA0209DA
:10F70000D9E71143D7E70027B846B946BA46394684
:10F71000D8E700BFB1F5804F01D3012070470A46FA
:10F7200008B51021FFF788FB18B101280CBF012094
:10F73000022008BD0FB404B0704700BF08B500F048
:10F7400067F800F00DF838B101F038F8002801DB57
:10F75000002008BD00F03EF84FF0FF3008BD00BFAC
:10F7600070B5164C25782DB115481649FFF7E2FF04
:10F77000207870BD144E3046FFF7DAF9002807DA1A
:10F7800020780028F5D14FF0FF330020336070BDA2
:10F7900001233068237000F03DF8002806DB0B4899
:10F7A000FFF7C8FF20780028E3D1ECE705490848B7
:10F7B000FFF7C0FFFFF74AFA2570E4E7408A002010
:10F7C0008C34030028350300A86E0020CC340300DD
:10F7D000A834030038B50A4C23785BB1094D28687A
:10F7E00000F03CF8FFF732FA00224FF0FF332270AE
:10F7F0002B6038BD04490548BDE83840FFF79ABF83
:10F80000408A0020A86E002018350300F834030059
:10F81000704700BF00B50E4883B0FFF72FFA0D4ABE
:10F82000106090B10346EC460B4A92E803000122B7
:10F830008CE8030061461846FFF7C2FE002818BF97
:10F840006FF0020003B05DF804FB4FF0FF30F9E702
:10F8500038350300D48600204435030038B5064D02
:10F8600004462B682BB11846FF21FFF795FE0023B5
:10F870002B60204638BD00BFD4860020054B0146D2
:10F88000186820B1012303FA01F1FFF743BF4FF0DD
:10F89000FF307047D486002038B503460124064D5A
:10F8A0009C4021462868FFF735FF21462868BDE8BF
:10F8B0003840FFF761BE00BFD48600200346012117
:10F8C000024A99401068FFF767BE00BFD486002047
:10F8D000002300B5094A83B0106801A90193FFF71E
:10F8E00065FE002803DC019803B05DF804FB02F01C
:10F8F0001BF9404203B05DF804FB00BFD486002032
:10F900002DE9F0471E4650EA01034FD0B2F54B7F78
:10F9100092464BD8002E49D00025274CDFF89C900A
:10F9200080460F464FF48072294620463560F9F72D
:10F9300073FD4FF4807229464846F9F76DFD4FF08C
:10F94000B8532046C4E90287C4F810A06561A561D8
:10F950002360FFF741FB60BB4846FFF775FB40BBE8
:10F96000D9F80020002A4FEA126302F4803104DB48
:10F970004BB16FF09600BDE8F08703F07F035B4268
:10F98000DAB229B142B9D9F804303360BDE8F08762
:10F99000002AF8D023F4803343F480330E3314BFAD
:10F9A0006FF096006FF09D00BDE8F0876FF0860065
:10F9B000E1E76FF09200DEE7C0790020D8860020F2
:10F9C000C0B370B51D4D1E4E04464FF48072002129
:10F9D0002846F9F721FD4FF4807200213046F9F7EF
:10F9E0001BFD4FF05C532846AC602B60FFF7F4FA28
:10F9F000E8B93046FFF728FBC8B93368002B4FEA57
:10FA0000136003F480320BDA00F07F00404242B909
:10FA100020F4803010F0FF0018BF6FF0960070BD2A
:10FA2000104310F0FF0018BF6FF0960070BD6FF02C
:10FA3000920070BD6FF08600704700BFC079002053
:10FA4000D88600202DE9F04100284ED00F4600292D
:10FA50004BD0531EB3F54B7F154646D2244C064679
:10FA6000DFF890804FF0FF30F0F72CFB4FF48072FE
:10FA700000212046F9F7D0FC4FF480720021404667
:10FA8000F9F7CAFC00234FF01C5245F000652046F0
:10FA9000A660E56027616361A361E3612362226080
:10FAA000FFF79AFA30B16FF09204F0F717FB204697
:10FAB000BDE8F0814046FFF7C7FA0028F3D1D8F837
:10FAC0000030002B4FEA136403F480320BDA04F0A9
:10FAD0007F0464420AB924F4803414F0FF0418BF90
:10FAE0006FF09604E1E71443F7E76FF08604DEE772
:10FAF000C0790020D88600202DE9F84FB2F54B7F61
:10FB0000DDE90AA76AD8BAF1000F67D0002F65D0E7
:10FB10001D46344C8346DFF8D8804FF0FF30164640
:10FB20008946F0F7CFFA4FF4807200212046F9F7AA
:10FB300073FC4FF4807200214046F9F76DFC4FF0E2
:10FB40001C53656200252360274B2046274AE3604B
:10FB50000A212923C4E90455C4E90655C4F808B0AC
:10FB60002562FFF759FCE2683B683243E260226A93
:10FB7000C3F3090313432046C4E90495C4E906A569
:10FB80002362FFF729FA30B16FF09204F0F7A6FA7A
:10FB90002046BDE8F88F4046FFF756FA0028F3D11B
:10FBA000D8F80030002B4FEA136403F480320EDAE9
:10FBB00004F07F04644272B114F0FF0404D1D8F859
:10FBC0000430C3F3090323B96FF09604DEE714434E
:10FBD000F2E73B60DAE724F48034EDE76FF0860467
:10FBE000D6E700BFC079002000002988F035030067
:10FBF000D88600202DE9F8431D46013BB3F54F7F21
:10FC000053D21646002A50D00F46294C8046DFF8C2
:10FC1000AC904FF0FF30F0F755FA4FF480720021AE
:10FC20002046F9F7F9FB4FF4807200214846F9F7B6
:10FC3000F3FB4FF01C52676200271E4B2046E36027
:10FC4000226029230A211C4AC4E90477C4F80880E9
:10FC5000FFF7E2FBE36820462B4326616761E36020
:10FC6000FFF7BAF930B16FF09204F0F737FA204697
:10FC7000BDE8F8834846FFF7E7F90028F3D1D9F843
:10FC80000030002B4FEA136403F480320BDA04F0E7
:10FC90007F0464420AB924F4803414F0FF0418BFCE
:10FCA0006FF09604E1E71443F7E76FF08604DEE7B0
:10FCB000C079002000002904F0350300D886002018
:10FCC0002DE9F0479DF820A09DF824909DF83880FC
:10FCD00000287BD00F46002978D01546002A75D021
:10FCE0001C46002B72D00646BAF1000F3ED0B9F187
:10FCF000000F6BD14FF0FF30F0F7E4F94FF4807252
:10FD000049463548F9F788FB49464FF48072334835
:10FD1000F9F782FB32494FF01C502A460025234652
:10FD200041EA04412C4C4FEA0868E16020600A2156
:10FD30002046C4E90887C4E90455C4E90655A6600D
:10FD4000FFF76AFB0B9AE368C2F309021343E3600F
:10FD50000A9B2046C4E90435FFF73EF9E8B16FF08D
:10FD60009204F0F7BBF92046BDE8F0874FF0FF3072
:10FD7000F0F7A8F94FF4807251461748F9F74CFB99
:10FD800051464FF480721548F9F746FBB9F1000F60
:10FD9000144908BF4FF08071BDE7104C2046FFF7B3
:10FDA00053F90028DBD12368002B4FEA136403F4D6
:10FDB00080320EDA04F07F0464420AB924F48034FD
:10FDC00014F0FF0418BF6FF09604CAE76FF08604C2
:10FDD000C9E71443F4E700BFC0790020D8860020AB
:10FDE000004000010080000100294DD081282DE94C
:10FDF000F843044642D84FF00009DFF89880244FBA
:10FE0000C1F800900D46164649464FF480724046B0
:10FE1000F9F702FB49464FF480723846F9F7FCFACD
:10FE20004FF0E06324044046C8F81040C8F80030A2
:10FE3000FFF7D2F8F8B93846FFF706F9D8B93B68AA
:10FE4000002B4FEA136003F480320CDB104310F0F8
:10FE5000FF0016D17B682B601EB1BB68C3F309039A
:10FE60003360BDE8F88300F07F004042002AEED105
:10FE700020F48030EBE76FF09200F2E76FF086003D
:10FE8000EFE76FF08B00ECE76FF08600704700BF84
:10FE9000D8860020C07900202DE9F041002482B0EE
:10FEA000CDE90044002A6ED0164601AB6A46FFF742
:10FEB00003F9002866D0DDF804803460B8F54B7F84
:10FEC00061D8324D324F4FF4807221462846F9F7FF
:10FED000A3FA4FF4807221463846F9F79DFA4FF0A5
:10FEE000B8532B6000232B4A2846C5E90544C5E9D1
:10FEF0000223C5F81080FFF76FF800283FD138467D
:10FF0000FFF7A2F800283AD13A68002A4FEA1263B4
:10FF100002F4803106DB5BB16FF09604204602B03C
:10FF2000BDE8F08103F07F035B42DAB269B182B9C8
:10FF30007D68019A28460099FFF784FD0446A0B920
:10FF40002046356002B0BDE8F081002AF0D023F4ED
:10FF5000803343F480330E3314BF6FF096046FF098
:10FF60009D04204602B0BDE8F0812846FFF728FD39
:10FF7000002818BF0446204602B0BDE8F0816FF0AB
:10FF80009204CBE730606FF08604C7E7C0790020A9
:10FF9000D886002001440F0070B504460D46164671
:10FFA000D4E90012324800F0B3FF28B90122E0235F
:10FFB0002A700020336070BD2E48D4E9001200F092
:10FFC000A7FF18B901224FF48073F1E72A48D4E95A
:10FFD000001200F09DFF18B901224FF4C073E7E74B
:10FFE0002648D4E9001200F093FF18B9012240F22C
:10FFF0000923DDE72248D4E9001200F089FF10B997
:020000023000CC
:100000000222E023D4E71F48D4E9001200F080FF69
:1000100018B902224FF48073CAE71B48D4E90012D2
:1000200000F076FF18B902224FF4C073C0E71748FA
:10003000D4E9001200F06CFF18B902224FF40073EB
:10004000B6E71348D4E9001200F062FF10B90322AA
:10005000FF23ADE70F48D4E9001200F059FF10B9B3
:100060000422FF23A4E700232B706FF0040070BD6F
:10007000A83603001C360300B0360300B836030070
:100080002836030034360300403603004C360300A4
:10009000583603005C36030010B504461848D4E90E
:1000A000001200F035FF08B9012010BD1548D4E951
:1000B000001200F02DFF08B9022010BD1248D4E94B
:1000C000001200F025FF38B1D4E900120F4800F00B
:1000D0001FFF18B9062010BD052010BD0C48D4E93B
:1000E000001200F015FF48B1D4E90012094800F0F1
:1000F0000FFFB0FA80F04009800010BD032010BD52
:100100006036030068360300703603007C36030057
:10011000583603005C3603002DE9F041002586B017
:100120000C9C0D9E1D709846174601900144256059
:1001300016B1C6E900553572302302AA01A800F0B5
:10014000F7FB40B1C31D072B9CBF414A52F8230067
:1001500006B0BDE8F081DDE901531D44294603AA3C
:1001600001A800F035FC0028ECD1039B012B02D044
:100170006FF09700ECE70423294602AA0DEB030079
:1001800000F0D6FB0028DDD1019B029A3B601344AE
:10019000AB4238727A60019308D0A023294602AAA4
:1001A00001A800F0C5FB18B1831CCBD10020CFE71C
:1001B000DDE90123002BCDE90300059002EB0307E5
:1001C000D6DD1378062B8DF81430D1D1394601A82D
:1001D00004AA00F0ADFB0028B4D1019B049A03935C
:1001E00013449F420193C3D12246414603A8FFF71F
:1001F000D3FE0028A6D1002ED8D0019BAB42D5D08B
:100200002946A12302AA01A800F092FB0028CBD125
:10021000019C029B02AA1C44214601A800F0F2FCAA
:1002200000288FD1DDE90123D1188C42A0D1002B09
:100230009ED098F800100139012999D81178042925
:1002400096D10132013BC6E900233072AEE700BF10
:10025000883603002DE9F04B002486B01C701F4641
:100260000F9E0E9B9046019001441C6016B1C6E99A
:1002700000443472302302AA01A800F059FB04465E
:1002800048B1E31D072B9CBF484A52F82340204643
:1002900006B0BDE8F08BDDE9012302EB0309494616
:1002A00003AA01A800F094FB04460028E9D1039DAD
:1002B00025B1012D02D06FF09704E8E7019B4B4573
:1002C000F9D03023494602AA01A800F031FB0446C8
:1002D0000028D6D1DDE90123002BCDE903000590EC
:1002E00002EB030BE7DD1378062B8DF81430E2D117
:1002F000594601A804AA00F01BFB04460028C0D1FF
:10030000019B049A039313449B450193D3D139462F
:100310000E9A03A8FFF740FE04460028B1D104233B
:10032000494602AA0DEB030000F002FB0446002838
:10033000A7D1DDE901131944042302AA0DEB030040
:1003400000F0F6FA044600289BD1019B029A88F837
:100350000800C8F80030C8F80420002D97D0002EFF
:1003600095D04B4593D04946A12302AA01A800F09D
:10037000DFFA08B1044684E7DDE901531D4429464C
:1003800002AA01A800F03EFC0028F3D1DDE9012318
:10039000D1188D428FD1002B8DD0397803390129A6
:1003A00089D8C6E90023307271E700BF88360300A0
:1003B000F0B50546002489B016461F46684630232E
:1003C00001AA2944CDE90244CDE90444CDE906441B
:1003D000009500F0ADFA044640B1E31D072B9CBF29
:1003E0002E4A52F82340204609B0F0BDDDE9005303
:1003F0001D442946684605AB02AA00F05FFC04468E
:100400000028EAD102A8FFF747FE032840D021DCEC
:10041000431E012B1BD802284FF0FF3318BF0023C7
:100420000F993A460B7005A83146FFF7B5FD044613
:100430000028D2D12946684601AA00F0E3FB044611
:100440000028CAD1DDE90023D1188D420AD06FF00F
:100450009704C8E70428FAD1FF2330703B600F9B54
:100460001C70E7E7002BF2D0317802290CD8002964
:10047000EDD011780429EAD10132013B00210E9818
:10048000026043600172AEE703390129F6D9DEE765
:10049000FF230F9A30703B601370CBE78836030060
:1004A00070B504469C4684B01646302301A802AAC3
:1004B00021446546019400F03BFA38B1C31D072B77
:1004C0009CBF144A52F8230004B070BDDDE901431B
:1004D0001C44214603AA01A800F07AFA0028EDD1B5
:1004E000039B1BB16FF0970004B070BD32462146EC
:1004F00001A800F0B9FA0028E0D12146089A01A825
:1005000000F0B2FA0028D9D12A46214601A800F00D
:10051000ABFAD3E788360300F0B5074600248DB068
:1005200015461E4604AA302303A83944CDE90644E3
:10053000CDE90844CDE90A44039700F0F9F938B150
:10054000C31D072B9CBF194A52F823000DB0F0BD04
:10055000DDE903431C44214603A805AA00F038FA4C
:100560000028EDD1059B13B16FF09700EEE721460F
:1005700009AB06AA03A800F0A1FB0028E0D106A859
:10058000FFF78AFD0628EFD12146042304AA03A819
:1005900000F0CEF90028D3D1DDE90301129C3346E7
:1005A0002A460094FFF77CFFD0E700BF883603009F
:1005B000F0B50746002489B016461D46684630232C
:1005C00001AA3944CDE90244CDE90444CDE9064409
:1005D000009700F0ADF938B1C31D072B9CBF224A2C
:1005E00052F8230009B0F0BDDDE900431C44214668
:1005F000684602AA00F0F4FB0028EDD102A8FFF73C
:100600004BFD431F012B02D96FF09700EAE7062844
:100610004FF0FF3018BF00200E9B2146187005AA2E
:10062000684600F08BFA0028D6D19DF81C30002BCC
:10063000EAD1059C002CE7D0069900940C443023A5
:100640002146684601AA00F073F90028C4D1324659
:100650002146684600F008FA0028BDD12A46214606
:10066000684600F001FAB7E7883603003AB1114452
:10067000024411F8013D00F8013B9042F9D1704766
:10068000012170B5154D164BC0B028681960FEF7F2
:10069000B5FDF8B90646042401212868FEF7EAFDF5
:1006A00060B16A4601212868FEF742FE08B9013CA4
:1006B000F2D16FF00606304640B070BD024601210F
:1006C0002868FEF7B3FD002808BF6FF00706304624
:1006D00040B070BD6FF00506EDE700BFE087002079
:1006E000D88700200C4B10B51C6864B10B4B1B68FD
:1006F0000BB1204610BD2046FEF73CFE012804DD6C
:1007000002380128F5D90024F3E70028FBDBFFF7C6
:10071000B7FF0028EDD0F6E7E0870020D88700205B
:10072000024B1878003818BF01207047448A002017
:100730000022014B1A607047D88700200E4B1B68BF
:10074000BBB180B10D4B1B7883420CD30C4A0138EE
:1007500052F820301BB18B4208D10020704742F87C
:100760002010002070476FF0010070476FF0030009
:1007700070474FF0FF307047E0870020418A00202B
:10078000C07A0020054B1888013080B210B10246B3
:100790001A807047012210461A8070473C8A002058
:1007A00008B5FFF7BDFF10B1024B186808BD02483D
:1007B00008BD00BFAC6E0020B8C9A5B010B5F8F7F1
:1007C00053FA041E01DB002010BD21460448FEF749
:1007D000B1FF631C01D06434F5D16FF0010010BD8E
:1007E000C836030001207047F8B50446FFF7D8FF6C
:1007F000002845D00646FFF7F5FF0546002842D001
:10080000FFF7C0FF2268234B1340034303F07F42EE
:10081000B2F17C5F23602BD0B2F1174F1CD1FFF7F0
:1008200061FF074690B331462846FFF787FF06462B
:10083000A0B9680031460138FFF72EF8012322469F
:1008400029463846FEF726FDC31C0ED018B10430E9
:1008500011D06FF01200F8BD6660E0E702460E4965
:100860000E48FEF767FF0236F3DA6FF00C00F8BDB2
:100870000B4B6360D3E7FFF75BFF6FF00200F8BD3F
:100880006FF00A00F8BD6FF00B00F8BD6FF00100CB
:10089000F8BD00BF0000FBFF18370300F03603006F
:1008A00047365A4F10B504688446081B002838DDC7
:1008B00094F900E02378BEF1000F0ADB0134091B34
:1008C0008B424FF0FF301360D8BF0020CCF80040BF
:1008D00010BD03F07F03013B032B25D8DFE803F0B5
:1008E0001C14090204281CDDD4F8013005341BBA9D
:1008F000E5E7032815DDA37860781B0243EA00438F
:10090000E07804340343DAE702280ADDB4F8013062
:1009100003345BBA9BB2D2E7012802D06378023479
:10092000CDE74FF0FF3010BD6FF0020010BD00BFEB
:1009300010B504688446081B002843DD20789842DF
:100940003DD1601CCCF80000081A00283ADD94F96B
:1009500001E06378BEF1000F0ADB0234091B8B4211
:100960004FF0FF301360D8BF0020CCF8004010BD1E
:1009700003F07F03013B032B27D8DFE803F01B14B0
:10098000090204281EDDD4F8023006341BBAE5E75C
:10099000032817DDE378A0781B0243EA004320799F
:1009A00005340343DAE702280CDD638804345BBABC
:1009B0009BB2D3E7012805D0A3780334CEE76FF0CC
:1009C000010010BD4FF0FF3010BD6FF0020010BDF0
:1009D0002DE9F041002703681646CA1A82B0BA42D0
:1009E00001973BDD1A78022A32D10133036001AA54
:1009F0000446FFF757FF002827DB019959B3236806
:100A000093F900201D78002A25DB45B9013301390F
:100A1000236026D01D7888460127002DF6D00FB11F
:100A2000CDF80480042916D803D193F90020002AB8
:100A300011DB019AAAB100211A4413F8015B934219
:100A4000236045EA0121F8D1316002B0BDE8F081B0
:100A50006FF00100F9E76FF00200F6E74FF0FF30AA
:100A6000F3E70021F0E700BF03688446C81A0028B6
:100A70005CDD1878022856D1581CCCF80000081A02
:100A8000002853DD30B593F901E05C78BEF1000F2A
:100A900019DB0233C81A8442CCF8003022DC00256E
:100AA00015721D7845B900281CDD581CCCF80000D3
:100AB00093F90150002D0FDB1919C2E90034002011
:100AC000CCF8001030BD04F07F04013C032C32D878
:100AD000DFE804F0241D120B0123013C091AA14296
:100AE000137226DA4FF0FF3030BD0428FADDD3F858
:100AF0000240063324BACDE70328F3DDDC7898788A
:100B0000240244EA0044187905330443C2E702286A
:100B1000E8DD5C88043364BAA4B2BBE70128E1D005
:100B20009C780333B6E76FF0010070474FF0FF3059
:100B300070470346C0E76FF0020030BD036884468B
:100B4000C81A00285ADD187803284ED1581CCCF852
:100B50000000081A002851DD30B593F901E05C78F7
:100B6000BEF1000F1ADB0233C81A8442CCF8003001
:100B70003EDC002C3CD01878072810723BD81D1999
:100B80008D4203F1010304F1FF34136054600CBF84
:100B900000206FF00300CCF8005030BD04F07F045B
:100BA000013C032C27D8DFE804F01B1409020428B9
:100BB0001EDDD3F80240063324BAD5E7032817DD3B
:100BC000DC789878240244EA004418790533044319
:100BD000CAE702280CDD5C88043364BAA4B2C3E718
:100BE000012805D09C780333BEE76FF00100704701
:100BF0004FF0FF3030BD6FF0020030BD4FF0FF30DE
:100C0000704700BF03688446C81A002850DD187872
:100C1000032844D1581CCCF80000081A002847DDEE
:100C200010B593F901E05C78BEF1000F10DB0233E0
:100C3000C91A8C421460CCF8003033DC002C34D05C
:100C4000187890BB0133013CCCF80030146010BD23
:100C500004F07F04013C032C2DD8DFE804F01B14C2
:100C6000090204281EDDD3F80240063324BADFE768
:100C7000032817DDDC789878240244EA00441879C8
:100C800005330443D4E702280CDD5C88043364BADE
:100C9000A4B2CDE7012805D09C780333C8E76FF0F4
:100CA000010070474FF0FF3010BD6FF0040010BD21
:100CB0004FF0FF3070476FF0020010BD2DE9F0419A
:100CC00004681F460B1B002B40F383802378302BD6
:100CD00074D1631C0360CB1A002B054679DD1646E0
:100CE00094F9012094F801C0002A36DB0234091B74
:100CF0008C452C606DDC00296BDD2378BCF1000F86
:100D0000337204EB0C0806F1040262DD062B55D1A8
:100D10000134414628462C60FFF7C4FD00281ADB49
:100D20002A6871683260531843452B604AD0525C80
:100D300001333A72414628462B603A1DFFF7B2FD57
:100D4000002808DB2B687A683B601344434518BFD2
:100D50006FF003002B60BDE8F0810CF07F0C0CF10C
:100D6000FF3CBCF1030F37D8DFE80CF022180A0271
:100D7000042B2EDDD4F802C006349CFA8CFCB6E7B6
:100D8000032B26DD94F803C0A3784FEA0C2C4CEA21
:100D9000034C237905344CEA030CA8E7022B18DD39
:100DA000B4F802C004349CFA9CFC1FFA8CFC9EE749
:100DB000012B0ED094F802C0033498E76FF00100C5
:100DC000BDE8F0810C2200213846F8F725FB002011
:100DD000C1E74FF0FF30BEE76FF00200BBE700BF96
:100DE00070B505460C4684B0164600210C2201A8B9
:100DF000F8F712FB2B68E21A002A7DDD1A78302AF8
:100E00006DD15A1C2A60A21A002A75DD93F90110CF
:100E1000587800293CDB0233E41AA0422B606BDCDB
:100E2000002C69DD19780028317203EB000406F10B
:100E3000040261DD062952D10133214628462B6088
:100E4000FFF730FD002821DB2A68716832605318F3
:100E50009C422B6047D0565C0133214628462B60CC
:100E600002AA8DF80C60FFF71DFD00280EDB2B6831
:100E7000029A13449C422B6044D1052E01D0002ECF
:100E80003DD1029B002B18BF6FF0040004B070BD71
:100E900000F07F000138032837D8DFE800F01B148A
:100EA0000902042A28DDD3F80200063300BAB3E7AA
:100EB000032A21DDD8789A78000240EA02401A79A4
:100EC00005331043A8E7022A16DD5888043340BAD8
:100ED00080B2A1E7012A0FD0987803339CE76FF026
:100EE000010004B070BD0C22002101A8F8F794FAAB
:100EF00000209DF80C60C0E74FF0FF30C6E76FF0B0
:100F00000400C3E76FF00300C0E76FF00200BDE725
:100F1000BAB1844600B50020531E04E048B9013B35
:100F2000A2EB0E000BD39CF8002091F800E0724574
:100F3000F4D1013B0CF1010C01F10101F3D25DF898
:100F400004FB1046704700BF0246084671B10023FB
:100F500010B4013A02E00133984204D012F8014F74
:100F6000002CF8D118465DF8044B7047704700BF5D
:100F700003DF70472DE9F04F4FF0010A264B8FB089
:100F8000D3F80090D9F80820D9F800300AFA02FA0C
:100F90000AF1FF32019213B19847002838D1012796
:100FA00009F10C0B4FF000410198F8F78FFA064653
:100FB0000028F7D0DA460024D9F80820A24207FA20
:100FC00004F508D9354209D10134A2420AF1040AD4
:100FD00007FA04F5F6D8F8F7A9FAE3E7DAF80020FB
:100FE000013492B102A92846F8F778FA5AF8042B8E
:100FF00002A8DDF80C80904701464046F8F78EFACB
:10100000AE43CFD0D9F80820D8E7F8F78FFAE9E750
:10101000F8F78CFAC3E700BF400C0020F0B593B09E
:1010200005460C462C22002107A8F8F7F5F9012304
:101030003027142606AA029204AA0092002102AACE
:1010400001930548CDE903740695ADF84430059643
:1010500000F0CCF813B0F0BD00010040F0B506463A
:1010600093B00F46154600212C2207A81C46F8F71E
:10107000D3F940F20172012306963026ADF84420E0
:1010800006AA029204AA01930092002102AA05482E
:1010900004970595039600F0A9F8059B236013B00B
:1010A000F0BD00BF00010040F0B5302693B006AFA0
:1010B00004460D46324600213846F8F7ADF940F2B5
:1010C000022201230420ADF844202268CDE9044027
:1010D000CDE9075204AA00920021019302AA034815
:1010E000CDE9027600F082F813B0F0BD00010040B7
:1010F000F0B5302793B006AB0D46144606463A4687
:1011000000211846F8F788F90021039740F20237CA
:10111000366802900223CDE9001102AA0448CDE905
:1011200004540896ADF8447000F060F813B0F0BDB8
:10113000000100402DE9F0434FF0300895B00DF16B
:10114000200904460F4616460021424648461D46E1
:10115000F8F762F90222042301922268049440F213
:101160000254059304AB0A9200930021012302AAC2
:101170000648CDE90298CDE90676ADF84C4000F07E
:1011800035F8079B2B6015B0BDE8F08300010040E7
:10119000F0B5144628221F4606460D4695B00DEBC5
:1011A00002000021F8F738F9CDE907760127099503
:1011B00040F2062630251A9B04AA02931B9B0021AD
:1011C000039308AB049302AB0093019702230648F4
:1011D0000694ADF84C60059500F008F8039B1C9A46
:1011E000136015B0F0BD00BF000100402DE9F047CD
:1011F000B1F5004F0D46DDE90896074690461C46BE
:1012000001D2042B11D9F8F791F92406360406F41B
:10121000E02604F0E0643443A9B24B464246384627
:101220002143BDE8F047F8F745B9042EEDD9EAE7C8
:101230002DE9F04F21F08058B8F5801F0E46074683
:10124000154683B04BD3B8F5C01F2CBF4FF0FF3409
:101250004FF4C014002D3ED0DFF88CA021E04FF0F9
:10126000706C0020DAF82424B4F5801F019239460E
:101270003246CAF82404DCF860B01A481E440CBF99
:101280004FF4C0194FF0FF391F44D847019AA8EB1B
:101290000404CAF8242426F08058C8B92D191AD09D
:1012A0004C46A4EB0803AB42D9D94FF0000E4FF0E7
:1012B000706C0D4C2B463246D4F8245439460948FC
:1012C000DCF86060C4F824E4B047C4F8245410B1DA
:1012D00003B0BDE8F08F002003B0BDE8F08F4FF4FD
:1012E0008014B7E78FA0E3B7004002400F280BD06F
:1012F0001038222807D8012300F01F01064A4009B0
:101300008B4042F8203070474FF0E022136943F0E1
:1013100002031361704700BF00E100E00F280CD00A
:101320001038222808D801224309074900F01F007D
:101330002033824041F8232070474FF0E0221369A8
:1013400023F002031361704700E100E0A0F11003F5
:10135000222B0CD801215A09134803F01F034032F5
:1013600001FA03F340F82230BFF36F8F7047022871
:1013700009D00E280FD00F28F6D10C4A536843F03D
:1013800080635360F0E7094A536843F000435360B9
:10139000BFF36F8F7047054A536843F08053536023
:1013A000BFF36F8F704700BF00E100E000ED00E089
:1013B0000E2814D00F280CD01038222808D801226B
:1013C00043090A4900F01F006033824041F823209E
:1013D0007047074A536843F0007353607047044AEC
:1013E000536843F000635360704700BF00E100E0C2
:1013F00000ED00E0704700BF2DE9F041802986B084
:101400009DF8305017D90DF115061F23B44681F011
:1014100080010CF1FF32B61ACDE9012603EB411130
:1014200001AC0CF8011C836894E8060000F0EAF9AE
:1014300006B0BDE8F0819846182A78F100030DF156
:10144000150622D30027B446124B52EA080401D1F4
:10145000002D12DD13F8014B94B1ACEB040E0CF827
:10146000012DF4454FEA122242EA08624FEA182899
:10147000F5D1F4462D1B0137E7E707F11703C8E75D
:10148000E6462D1BF4460137DFE7002DDAD113467F
:10149000B446BEE78837030030B583B06D460446D6
:1014A00085E8060098220021F7F7B6FF95E80600C8
:1014B000204600F093F9042304F11402C4F89420A8
:1014C000A37603B030BD00BF30B500250446002B25
:1014D00083B0BDBFDB43D243012100210095FFF75C
:1014E0008BFF237C5BB9D4F894008288C2F57F41DE
:1014F000FE310129D2BF062301328280237403B05A
:1015000030BD00BF30B587B002AD0929044685E87B
:101510000C0006D01A4600230B2900931BD0FFF7BE
:101520006BFF95E8030004AA82E80300A368204645
:1015300006CA00F067F9237C5BB9D4F8940082886E
:10154000C2F57F41FE310129D2BF062301328280DC
:10155000237407B030BD0221FFF74EFFEBE700BF59
:1015600010B5002482B006210094FFF745FF02B0B9
:1015700010BD00BF037C10B46BB9D0F89440A288B2
:10158000C2F57F4C0CF1FE0CBCF1010FD2BF06235B
:101590000132A2800374826812F1660F12D8D0F86B
:1015A000943000F18C04A34211D003F10804C0F878
:1015B000944000249A60224699739C815DF8044B04
:1015C0000274704703225DF8044B027470470422D2
:1015D000F9E700BF2DE9F0430446D0F89460227C7F
:1015E000B379B088052B87B008BF40083AB904F139
:1015F0001405AE4249D0994204D00523237407B0A4
:10160000BDE8F0830C2920D080294AD90DF1150EB0
:101610001F23704681F080014F013B4400F8013CDC
:101620000138AEEB0003CDE9010301AA336820467F
:1016300006CA00F0E7F8D4F894309D423CBF083B5E
:10164000C4F8943007B0BDE8F0834027182803465B
:101650004FF000020DF1150E1CD371469446DFF8D1
:10166000488098F80000B8B1081A01F8013D81429D
:101670004FEA132343EA02634FEA1222F5D153EAF9
:10168000020909D10CF11803C7E70723237407B037
:10169000BDE8F0837046C0E70CF1010C08F10108C9
:1016A000DFE74F01D2E700BF883703002DE9F04F95
:1016B0000D461446D0F89410027C81460E68876867
:1016C00089B042B900F1140841455BD08B79022BF7
:1016D0001AD0052303748CB11DB9D9F80830F71B53
:1016E000FE18494605A800F0BBF8DDE90523B34222
:1016F00007D39B1B02B13244C4E9002309B0BDE803
:10170000F08F00231A46F7E79446BB1B182B7CF199
:1017100000020DF11D0038D38646E346DFF870A0C5
:1017200001919AF8002042B30199AEEB02020EF843
:10173000013D96454FEA132343EA0C634FEA1C2C04
:10174000F5D1019153EA0C0117D101990BF118035E
:10175000403302F8013C013A801ACDE9032003AA84
:101760000B68484606CA00F04DF8D9F89430984501
:10177000B1D2083BC9F89430ADE70BF1010B0AF187
:10178000010ACEE707230374A5E70246E0E700BF9E
:101790008837030070B5837B82B02BB101231D46CF
:1017A0000374284602B070BD057C002DF9D1D0F835
:1017B000942000F114039A4203D00825284602B071
:1017C00070BD6E460C460146304600F049F896E87A
:1017D000030084E80300284602B070BD10B483B053
:1017E00003466846002440F60F3C80E80600A3F854
:1017F0000CC003C89C6083E805009C7303B05DF8CF
:10180000044B7047F0B583B002AC04E90600827B5C
:101810004AB9DDE9006540F60F32818904469142FC
:1018200003D00123A37303B0F0BDD0E901128A42B3
:10183000F7D8891A8D42F4D89A42F2D3076867B173
:101840001F443946D21A781900F072F926B12A4697
:101850003146384600F06CF9A2681544A560E2E70D
:101860008B7B33B940F60F338A899A4206D0012325
:101870008B7300231A46C0E9003270470B688A68F0
:10188000C0E90032704700BF43186CD21F2A6AD8E3
:10189000013902F01403014400B580EA010C142B55
:1018A0000ED8DFE803F03F0D0D0D480D0D0D0D0DA9
:1018B0000D0D0D0D0D0D510D0D0D10005B0300D420
:1018C00000205DF804FBBCF11F0F40E8C0F304D911
:1018D0009C4641E8C0F39C45F2D122F01402013A43
:1018E0000A2AEDD801A151F822F000BF1F19030008
:1018F0006119030019190300C1180300C11803007E
:10190000C1180300C1180300BD1803001F1903000C
:101910005B190300191903009A02D2D4D0E71A0305
:10192000CFD4CDE7BCF11F0F40E800F3D5D99C46DA
:1019300041E800F3CFE7BCF11F0F40E840F3CCD9FA
:101940009C4641E840F3C6E7BCF11F0F40E880F336
:10195000C3D99C4641E880F3BDE7DB02B1D4AFE7D1
:101960005902AED5ACE70020704700BF08B5064B62
:10197000044613B10021AFF30080044B1B6803B190
:101980009847204600F086F800000000388A0020C2
:1019900070B50D4D00260D4C641BA410A64209D154
:1019A0000B4D00260B4C00F0DFF8641BA410A64280
:1019B00005D170BD55F8043B01369847EEE755F860
:1019C000043B01369847F2E7286F0020286F00207B
:1019D000286F00202C6F0020024B0146186800F091
:1019E0000FB800BFD46E0020014800F0BBB800BFA4
:1019F000468A0020014800F0B6B800BF468A0020A1
:101A000038B50546002941D051F8043C0C1F002B85
:101A1000B8BFE418FFF7E8FF1D4A136833B96360E5
:101A200014602846BDE83840FFF7E4BFA34208D958
:101A3000206821188B4201BF19685B680918216072
:101A4000EDE71A465B680BB1A342FAD9116850184A
:101A5000A0420BD120680144501811608342E0D1AC
:101A600018685B68084453601060DAE702D90C23F9
:101A70002B60D6E7206821188B4202BF19685B688B
:101A80000918636008BF21605460CAE738BD00BF11
:101A9000FC880020FEE700BF2DE9E04F2746A04666
:101AA000A146A246A346A4462DED108B4FF000059B
:101AB00045EC185B45EC195A45EC1A5A45EC1B5A93
:101AC00045EC1C5A45EC1D5A45EC1E5A45EC1F5A74
:101AD000F1EE105A4FF66076C0F6FF763540E1EE33
:101AE000105A84F3008825462646A447BDEC108B87
:101AF000BDE8E08F10F8012B11F8013B012A28BF47
:101B00009A42F7D0D01A7047034611F8012B03F818
:101B1000012B002AF9D17047034613F8012B002A44
:101B2000FBD1181A013870470028B8BF40427047EF
:101B3000884210B501EB020402D98442234607D83B
:101B4000431EA14208D011F8012B03F8012FF8E73A
:101B5000024401468A4200D110BD13F8014D02F83B
:101B6000014DF7E770477047F8B500BFF8BC08BCF7
:101B70009E467047F8B500BFF8BC08BC9E4670474B
:101B8000E100F7FFFFFFFFFF7F18000013000300D5
:101B9000FEFFFF1F54464D5F41545445535441547A
:101BA000494F4E5F534552564943450054495F43A0
:101BB000525950544F5F5345525649434500000017
:101BC00054464D5F4954535F5345540054464D5F4E
:101BD0004954535F4745540054464D5F4954535F41
:101BE0004745545F494E464F0000000054464D5F44
:101BF0004954535F52454D4F5645000054495F4686
:101C00004C4153485F53455256494345000000003C
:101C100054495F53595354454D5F534552564943B8
:101C2000450000000C250300F0250300C823030035
:101C30000C22030028210300E41F0300401E0300C0
:101C4000441D0300481C030004000000D81C0300CE
:101C5000901C03006C1C0300B41C0300080000006F
:101C600020000000201D0300FC1C0300A378591372
:101C7000CA4DEB75ABD841414D0A700098E87977B1
:101C80007940C78C73FE6F2BEE6C0352000000008E
:101C9000ECFFFFFFFFFFFFFFFFFFFFFFFFFFFFFF67
:101CA000FFFFFFFFFFFFFFFFFFFFFFFFFFFFFF7FC4
:101CB00000000000EDD3F55C1A631258D69CF7A221
:101CC000DEF9DE140000000000000000000000004B
:101CD0000000001000000000EDFFFFFFFFFFFFFF0E
:101CE000FFFFFFFFFFFFFFFFFFFFFFFFFFFFFFFF04
:101CF000FFFFFFFFFFFFFF7F0000000058666666E2
:101D00006666666666666666666666666666666673
:101D100066666666666666666666666600000000FB
:101D20001AD5258F602D56C9B2A7259560C72C6995
:101D30005CDCD6FD31E2A4C0FE536ECDD336692102
:101D40000000000003000000D41D0300B01D0300CC
:101D50008C1D0300681D030001000000200000002E
:101D60001C1E0300F81D0300EDD3F55C1A63125826
:101D7000D69CF7A2DEF9DE1400000000000000008F
:101D80000000000000000010000000000100000042
:101D90000000000000000000000000000000000043
:101DA0000000000000000000000000000000000033
:101DB000066D0700000000000000000000000000A9
:101DC0000000000000000000000000000000000013
:101DD00000000000EDFFFFFFFFFFFFFFFFFFFFFF21
:101DE000FFFFFFFFFFFFFFFFFFFFFFFFFFFFFFFF03
:101DF000FFFFFF7F00000000D9D3CE7EA2C5E929F6
:101E0000B2617C6D7E4D3D924CD148772CDD1EE059
:101E1000B486A0B8A119AE2000000000090000009F
:101E200000000000000000000000000000000000B2
:101E300000000000000000000000000000000000A2
:101E400001000000241F0300E41E0300A41E030081
:101E5000641E03000100000040000000A41F0300F6
:101E6000641F03006900A99C829687B5DDDA5D08CE
:101E700081D3B11D4710AC7F196186411926A94C49
:101E8000415C3E5570083370CA9C63D60ED2C9B30C
:101E9000B38D30CB07FCC933AEE6D43F8BC4E9DB4E
:101EA000B89DDDAA23F7168063BD0928DDE5BA5E7B
:101EB000B7504098673E08DCCA94FC774DACC1E748
:101EC000B9C7F22BA717117FB5C89A8BC9F12E0A93
:101ED000A13A25A85A5DED2DBC6398EACA4134A801
:101EE0001016F93DCA94FC774DACC1E7B9C7F22B87
:101EF000A717117FB5C89A8BC9F12E0AA13A25A858
:101F00005A5DED2DBC6398EACA4134A81016F93D1C
:101F10008DDDCB94C54C23AC457132E2893B608B9F
:101F200031A33078F3483A585660AA2885C6822DE6
:101F30002FFF8128E680A3E62AA1CDAE4268C69B8A
:101F4000009B4D7D71083370CA9C63D60ED2C9B315
:101F5000B38D30CB07FCC933AEE6D43F8BC4E9DB8D
:101F6000B89DDDAA9208D83A0F1ECD780654F0A885
:101F70002F2BCAD1AE63278AD84BCA5B5E485F4A13
:101F800049DEDCB211811F885BC500A01A7BA52445
:101F900000F709F2FD2278CFA9BFEAC0EC32635600
:101FA0005D38DE7D22F8B9BC0922358B685E6A4057
:101FB00047506D7C5F7DB9937B68D1508DD4D0E262
:101FC000781F3BFF8E09D0F4EE623BB4C116D9B541
:101FD000709FED85936A4C9C2E32215A64D92ED87D
:101FE000BDE4AE81010000009820030068200300DA
:101FF000382003000820030001000000300000002A
:10200000F8200300C8200300656504E90232883B1C
:1020100010C37F6BAFB63ACFA72504AC6C6E161F0A
:10202000B35654ED09712F15DF41E6507E6F5D0FF9
:10203000286D38A3821EB98C114C50FA9686B73A97
:1020400094C9DB950239B47CD562EB3EA50E882E8F
:10205000A6D2DC07E17DB72F7C44F01654B5398B4E
:102060002628CE22DDC7A8042628CE22DDC7A80454
:10207000EBD43A504A81A58A0FF991BAEF659113D2
:102080008727B24F8EA2BEC2A0AF05CE0A08723C0F
:102090000C158C3DC682C37B53EC07311300478778
:1020A000711A1D9029A7D3AC2311B77F19DAB11289
:1020B000B45654ED09712F15DF41E6507E6F5D0F68
:1020C000286D38A3821EB98C15533C2641038242E9
:1020D000118191772146460E282991F94F059CE1FF
:1020E0006458ECFE290BB76252D5CF958EEBB15CEC
:1020F000A4C2F920751DBE8A1EAFD447E2B287EF95
:10210000AA46D63634E026E8E810BD0CFECA7FDBCE
:10211000E34FF17EE7A347886B3FC1B7813AA6A2A0
:10212000FF45CF68F0641C1D01000000AC210300D6
:102130008C2103006C2103004C21030001000000EE
:1021400020000000EC210300CC210300A756489793
:10215000820E1E90F7A661B5A37A398C718D839D8E
:10216000900A663EBCA9EEA1DB57FBA9B6078CFF1F
:1021700018DCCC6BCEE1F75C29168495BF7CD7BB0D
:10218000D9B530F3444B4AE96C5CDC26D9B530F361
:10219000444B4AE96C5CDC26C15580FBE7FF7A4181
:1021A0003075F6EE57302CFC75095A7D77536E1F4B
:1021B0001D481320282026D523F63B6E728D839D63
:1021C000900A663EBCA9EEA1DB57FBA99769042FD4
:1021D000C7541D5C548EED2D134577C2C91D611483
:1021E0001A46F897FDC4DAC335F87E546232CE9AA7
:1021F000BD53443AC223BDE3E127DEB9AFB781FC4A
:102200002F484B2CCB577ECBB9AED28B01000000B0
:10221000FC220300B82203007422030030220300D2
:10222000010000004200000084230300402303005B
:10223000096438911EB76FBBAE479C89B8C9B53BDE
:10224000D0A509F74801CC7F6B962FBF83878651B5
:10225000FAFFFFFFFFFFFFFFFFFFFFFFFFFFFFFF93
:10226000FFFFFFFFFFFFFFFFFFFFFFFFFFFFFFFF7E
:10227000FF010000003F506BD41F45EFF1342C3DAF
:1022800088DF733507BFB13BBDC052167B937EEC30
:1022900051391956E109F18E9189B4B8F315B39902
:1022A0005B72DAA2EE4085B6A0219A921F9A1C8E2C
:1022B00061B93E9551000000FCFFFFFFFFFFFFFFEB
:1022C000FFFFFFFFFFFFFFFFFFFFFFFFFFFFFFFF1E
:1022D000FFFFFFFFFFFFFFFFFFFFFFFFFFFFFFFF0E
:1022E000FFFFFFFFFFFFFFFFFFFFFFFFFFFFFFFFFE
:1022F000FFFFFFFFFFFFFFFFFF010000FFFFFFFFEA
:10230000FFFFFFFFFFFFFFFFFFFFFFFFFFFFFFFFDD
:10231000FFFFFFFFFFFFFFFFFFFFFFFFFFFFFFFFCD
:10232000FFFFFFFFFFFFFFFFFFFFFFFFFFFFFFFFBD
:10233000FFFFFFFFFFFFFFFFFFFFFFFFFF010000A9
:102340005066D19F7694BE8840C272A286703C359A
:102350006107AD3F01B950C54026F45E9972EE9712
:102360002C663E2717BDAF1768449B574944F59824
:10237000D91B7D2CB45F8A5C04C03B9A786A2939EA
:102380001801000066BDE5C2317E7EF99B426A8578
:10239000C1B34833DEA8FFA227C11DFE2859E7EFCD
:1023A000775E4BA1BA3D4D6B60AF28F821B53F0574
:1023B0003981649C42B4952366CB3E9ECDE90404EA
:1023C000B7068E85C6000000010000007C240300D3
:1023D0004C2403001C240300EC2303000100000034
:1023E00030000000DC240300AC2403007329C5CCBA
:1023F0006A19ECEC7AA7B048B20D1A58DF2D37F401
:10240000814D63C7FFFFFFFFFFFFFFFFFFFFFFFFE0
:10241000FFFFFFFFFFFFFFFFFFFFFFFFEF2AECD3F0
:10242000EDC8852A9DD12E8A8D3956C65A871350FC
:102430008F081403124181FE6E9C1D18192DF8E3BC
:102440006B058E98E4E73EE2A72F31B3FCFFFFFF58
:102450000000000000000000FFFFFFFFFEFFFFFF85
:10246000FFFFFFFFFFFFFFFFFFFFFFFFFFFFFFFF7C
:10247000FFFFFFFFFFFFFFFFFFFFFFFFFFFFFFFF6C
:102480000000000000000000FFFFFFFFFEFFFFFF55
:10249000FFFFFFFFFFFFFFFFFFFFFFFFFFFFFFFF4C
:1024A000FFFFFFFFFFFFFFFFFFFFFFFF5F0EEA9051
:1024B0007C1D437A9D817E1DCEB1600AC0B8F0B507
:1024C0001331DAE97C149A28BD1DF4F829DC9292C4
:1024D000BF989E5D6F2C26964ADE1736B70A767235
:1024E000385E543A6C2955BF5DF20255382A548241
:1024F000E041F759989BA78B623B1D6E74AD20F3AA
:102500001EC7B18E37058BBE22CA87AA0100000004
:10251000902503007025030050250300302503009B
:10252000010000001C000000D0250300B0250300BE
:102530003D2A5C5C4529DD133EF0B8E0A216FFFFA2
:10254000FFFFFFFFFFFFFFFFFFFFFFFF0000000097
:10255000B4FF552343390B27BAD8BFD7B7B044507F
:10256000563241F5ABB3040C850A05B400000000F7
:10257000FEFFFFFFFFFFFFFFFFFFFFFFFEFFFFFF6D
:10258000FFFFFFFFFFFFFFFFFFFFFFFF0000000057
:10259000010000000000000000000000FFFFFFFF3E
:1025A000FFFFFFFFFFFFFFFFFFFFFFFF0000000037
:1025B000347E00859981D5446447075AA07543CD80
:1025C000E6DF224CFB23F7B5886337BD000000002F
:1025D000211D5C11D68032342211C256D3C1034A68
:1025E000B99013327FBFB46BBD0C0EB70000000072
:1025F00001000000802603005C260300382603004B
:10260000142603000100000020000000C82603007B
:10261000A4260300512563FCC2CAB9F3849E17A700
:10262000ADFAE6BCFFFFFFFFFFFFFFFF0000000069
:10263000FFFFFFFF000000004B60D2273E3CCE3B77
:10264000F6B053CCB0061D65BC86987655BDEBB38D
:10265000E7933AAAD835C65A00000000FCFFFFFFF6
:10266000FFFFFFFFFFFFFFFF000000000000000072
:102670000000000001000000FFFFFFFF000000005D
:10268000FFFFFFFFFFFFFFFFFFFFFFFF0000000056
:10269000000000000000000001000000FFFFFFFF3D
:1026A00000000000F551BF376840B6CBCE5E316BFD
:1026B0005733CE2B169E0F7C4AEBE78E9B7F1AFE7C
:1026C000E242E34F0000000096C298D84539A1F4D9
:1026D000A033EB2D817D0377F240A463E5E6BCF8DF
:1026E00047422CE1F2D1176B000000002D98020048
:1026F000C198020045980200899802008D98020056
:1027000001000000020000000400000041626F723E
:1027100074202D20257328293D25640A000000001F
:102720004B65794D676D745F7073615F637279702B
:10273000746F5F696E6974005761726E696E673A93
:10274000205472756E636174656420426967496ED6
:1027500074206461746120746F20485720636F6E29
:1027600076657273696F6E20282575203E20257569
:10277000290A0000A0000000A000000000000000E6
:1027800000000000E00000000001000080010000E7
:1027900000020000E0000000000100000000000056
:1027A00000000000E00000000001000080010000C7
:1027B00000020000140000001400000000000000EF
:1027C000000000001C00000020000000300000009D
:1027D000400000001C00000020000000000000007D
:1027E000000000001C00000020000000300000007D
:1027F0004000000048554B004B45590050534100E4
:102800004B45590025733A20496E76616C69642006
:102810006E756D626572206F662073746174696392
:10282000206465766963657320282564292C206DF2
:1028300061782025640A000025733A206661696C7E
:1028400065642C206465766963652028696E64651B
:1028500078202564292077697468206E616D652071
:102860002573206578697374730A000025733A2014
:102870006661696C65642C206572726F72202564D4
:102880000A00000025733A20756E726567697374DB
:102890006572206472697665720A000025733A20B9
:1028A0006661696C65642C206E6F7420696E697452
:1028B00069616C697A65640A0000000025733A203A
:1028C0006661696C65642C20696E76616C69642050
:1028D0006E616D650A00000025733A206661696CBF
:1028E000656420746F2066696E6420646576696330
:1028F0006520272573270A004465766963655F466E
:10290000696E64004465766963655F556E496E69FA
:102910007469616C697A65004465766963655F49CD
:102920006E697469616C697A6500000025733A20EC
:102930004661696C656420746F2066696E6420640A
:10294000657669636520272573270A0025733A2079
:10295000496E76616C6964204465766963652028F8
:1029600025707829206F7220427974654F666673EE
:10297000657420282575290A0000000025733A2077
:10298000496E76616C6964204465766963652028C8
:10299000257029206F7220427974654F66667365D1
:1029A0007420282575290A0025733A20496E76611E
:1029B0006C69642044657669636520282570292048
:1029C0006F722072656164206172656120282575CF
:1029D0002D2575290A00000025733A20496E76617D
:1029E0006C69642044657669636520282570292018
:1029F0006F72207772697465206172656120282585
:102A0000752D2575290A00004465766963655F5751
:102A10007269746533324172726179004465766916
:102A200063655F526561643332417272617900009F
:102A30004465766963655F57726974653332000077
:102A40004465766963655F526561643332436865E6
:102A5000636B00004465766963655F496E746572F7
:102A60006E616C5F46696E6400000000FF00001735
:102A7000EDFFFFFFFFFFFFFFFFFFFFFFFFFFFFFF78
:102A8000FFFFFFFFFFFFFFFFFFFFFFFFFFFFFF7FD6
:102A9000FF000107A3785913CA4DEB75ABD841412C
:102AA0004D0A700098E879777940C78C73FE6F2BD8
:102AB000EE6C0352FF000207067E45FFAA046ECCAF
:102AC000821A7D4BD1D3A1C57E4FFC03DC087BD29B
:102AD000BB06A060F4ED260FFF000307EDD3F55C05
:102AE0001A631258D69CF7A2DEF9DE14000000002B
:102AF000000000000000000000000010FF000407BC
:102B00001AD5258F602D56C9B2A7259560C72C69A7
:102B10005CDCD6FD31E2A4C0FE536ECDD336692114
:102B2000FF000507586666666666666666666666E0
:102B30006666666666666666666666666666666635
:102B4000666666660400060708000000FF000007CE
:102B5000EDFFFFFFFFFFFFFFFFFFFFFFFFFFFFFF97
:102B6000FFFFFFFFFFFFFFFFFFFFFFFFFFFFFF7FF5
:102B7000FF000107066D07000000000000000000D4
:102B80000000000000000000000000000000000045
:102B900000000000FF00020701000000000000002C
:102BA0000000000000000000000000000000000025
:102BB0000000000000000000FF000307EDD3F55CFB
:102BC0001A631258D69CF7A2DEF9DE14000000004A
:102BD000000000000000000000000010FF000407DB
:102BE00009000000000000000000000000000000DC
:102BF00000000000000000000000000000000000D5
:102C0000FF000507142C31815D3A16D64D9E839244
:102C100081B2C26DB32EB788D322E11F4B795F47D3
:102C20005EE6515F0400060708000000000200177E
:102C3000F3483A585660AA2885C6822D2FFF81286E
:102C4000E680A3E62AA1CDAE4268C69B009B4D7DDF
:102C500071083370CA9C63D60ED2C9B3B38D30CB22
:102C600007FCC933AEE6D43F8BC4E9DBB89DDDAACF
:102C700000020107CA94FC774DACC1E7B9C7F22B3B
:102C8000A717117FB5C89A8BC9F12E0AA13A25A8BA
:102C90005A5DED2DBC6398EACA4134A81016F93D7F
:102CA0008DDDCB94C54C23AC457132E2893B608B02
:102CB00031A330780002020723F7168063BD09288C
:102CC000DDE5BA5EB7504098673E08DCCA94FC77F1
:102CD0004DACC1E7B9C7F22BA717117FB5C89A8BC6
:102CE000C9F12E0AA13A25A85A5DED2DBC6398EAD8
:102CF000CA4134A81016F93D000203076900A99CD7
:102D0000829687B5DDDA5D0881D3B11D4710AC7FAF
:102D1000196186411926A94C415C3E5570083370F3
:102D2000CA9C63D60ED2C9B3B38D30CB07FCC9336E
:102D3000AEE6D43F8BC4E9DBB89DDDAA00020407F0
:102D400022F8B9BC0922358B685E6A4047506D7C19
:102D50005F7DB9937B68D1508DD4D0E2781F3BFF63
:102D60008E09D0F4EE623BB4C116D9B5709FED85E3
:102D7000936A4C9C2E32215A64D92ED8BDE4AE8180
:102D8000000205079208D83A0F1ECD780654F0A825
:102D90002F2BCAD1AE63278AD84BCA5B5E485F4AE5
:102DA00049DEDCB211811F885BC500A01A7BA52417
:102DB00000F709F2FD2278CFA9BFEAC0EC326356D2
:102DC0005D38DE7D0100060701000000800100176C
:102DD00053EC073113004787711A1D9029A7D3AC14
:102DE0002311B77F19DAB112B45654ED09712F15BA
:102DF000DF41E6507E6F5D0F286D38A3821EB98CCF
:102E0000800101072628CE22DDC7A804EBD43A5062
:102E10004A81A58A0FF991BAEF6591138727B24FBE
:102E20008EA2BEC2A0AF05CE0A08723C0C158C3D26
:102E3000C682C37B80010207114C50FA9686B73ACE
:102E400094C9DB950239B47CD562EB3EA50E882E81
:102E5000A6D2DC07E17DB72F7C44F01654B5398B40
:102E60002628CE22DDC7A80480010307656504E992
:102E70000232883B10C37F6BAFB63ACFA72504ACB4
:102E80006C6E161FB35654ED09712F15DF41E650D5
:102E90007E6F5D0F286D38A3821EB98C80010407F8
:102EA0001EAFD447E2B287EFAA46D63634E026E812
:102EB000E810BD0CFECA7FDBE34FF17EE7A3478835
:102EC0006B3FC1B7813AA6A2FF45CF68F0641C1DD5
:102ED0008001050715533C264103824211819177F9
:102EE0002146460E282991F94F059CE16458ECFED5
:102EF000290BB76252D5CF958EEBB15CA4C2F920F5
:102F0000751DBE8A010006070100000000010017C0
:102F100077536E1F1D481320282026D523F63B6EBD
:102F2000728D839D900A663EBCA9EEA1DB57FBA97A
:102F300000010107D9B530F3444B4AE96C5CDC264B
:102F4000C15580FBE7FF7A413075F6EE57302CFC17
:102F500075095A7D00010207B6078CFF18DCCC6B9F
:102F6000CEE1F75C29168495BF7CD7BBD9B530F389
:102F7000444B4AE96C5CDC2600010307A7564897DE
:102F8000820E1E90F7A661B5A37A398C718D839D50
:102F9000900A663EBCA9EEA1DB57FBA9000104071D
:102FA0006232CE9ABD53443AC223BDE3E127DEB973
:102FB000AFB781FC2F484B2CCB577ECBB9AED28B11
:102FC000000105079769042FC7541D5C548EED2D31
:102FD000134577C2C91D61141A46F897FDC4DAC3B8
:102FE00035F87E54010006070100000009020007C1
:102FF000FFFFFFFFFFFFFFFFFFFFFFFFFFFFFFFFE1
:10300000FFFFFFFFFFFFFFFFFFFFFFFFFFFFFFFFD0
:10301000FFFFFFFFFFFFFFFFFFFFFFFFFFFFFFFFC0
:10302000FFFFFFFFFFFFFFFFFFFFFFFFFFFFFFFFB0
:10303000FF01000009020107FCFFFFFFFFFFFFFF88
:10304000FFFFFFFFFFFFFFFFFFFFFFFFFFFFFFFF90
:10305000FFFFFFFFFFFFFFFFFFFFFFFFFFFFFFFF80
:10306000FFFFFFFFFFFFFFFFFFFFFFFFFFFFFFFF70
:10307000FFFFFFFFFFFFFFFFFF0100000902020744
:10308000003F506BD41F45EFF1342C3D88DF733582
:1030900007BFB13BBDC052167B937EEC5139195628
:1030A000E109F18E9189B4B8F315B3995B72DAA294
:1030B000EE4085B6A0219A921F9A1C8E61B93E956A
:1030C0005100000009020307096438911EB76FBB65
:1030D000AE479C89B8C9B53BD0A509F74801CC7F5C
:1030E0006B962FBF83878651FAFFFFFFFFFFFFFF1D
:1030F000FFFFFFFFFFFFFFFFFFFFFFFFFFFFFFFFE0
:10310000FFFFFFFFFFFFFFFFFF01000009020407B1
:1031100066BDE5C2317E7EF99B426A85C1B3483304
:10312000DEA8FFA227C11DFE2859E7EF775E4BA15D
:10313000BA3D4D6B60AF28F821B53F053981649CDD
:1031400042B4952366CB3E9ECDE90404B7068E8536
:10315000C6000000090205075066D19F7694BE881C
:1031600040C272A286703C356107AD3F01B950C5BF
:103170004026F45E9972EE972C663E2717BDAF1776
:1031800068449B574944F598D91B7D2CB45F8A5CF1
:1031900004C03B9A786A293918010000010006072B
:1031A0000100000080010007FFFFFFFF000000009A
:1031B00000000000FFFFFFFFFEFFFFFFFFFFFFFF1C
:1031C000FFFFFFFFFFFFFFFFFFFFFFFFFFFFFFFF0F
:1031D000FFFFFFFFFFFFFFFF80010107FCFFFFFF75
:1031E0000000000000000000FFFFFFFFFEFFFFFFE8
:1031F000FFFFFFFFFFFFFFFFFFFFFFFFFFFFFFFFDF
:10320000FFFFFFFFFFFFFFFFFFFFFFFF8001020740
:10321000EF2AECD3EDC8852A9DD12E8A8D3956C66A
:103220005A8713508F081403124181FE6E9C1D189B
:10323000192DF8E36B058E98E4E73EE2A72F31B332
:10324000800103077329C5CC6A19ECEC7AA7B04852
:10325000B20D1A58DF2D37F4814D63C7FFFFFFFF12
:10326000FFFFFFFFFFFFFFFFFFFFFFFFFFFFFFFF6E
:10327000FFFFFFFF80010407B70A7672385E543AF9
:103280006C2955BF5DF20255382A5482E041F75946
:10329000989BA78B623B1D6E74AD20F31EC7B18E49
:1032A00037058BBE22CA87AA800105075F0EEA9008
:1032B0007C1D437A9D817E1DCEB1600AC0B8F0B5F9
:1032C0001331DAE97C149A28BD1DF4F829DC9292B6
:1032D000BF989E5D6F2C26964ADE173601000607C2
:1032E0000100000000010007FFFFFFFFFFFFFFFFDD
:1032F000FFFFFFFF000000000000000000000000D2
:1033000001000000FFFFFFFF00010107FCFFFFFFBE
:10331000FFFFFFFFFFFFFFFF0000000000000000B5
:103320000000000001000000FFFFFFFF0001020796
:103330004B60D2273E3CCE3BF6B053CCB0061D6569
:10334000BC86987655BDEBB3E7933AAAD835C65AF2
:1033500000010307512563FCC2CAB9F3849E17A775
:10336000ADFAE6BCFFFFFFFFFFFFFFFF000000001C
:10337000FFFFFFFF0001040796C298D84539A1F46A
:10338000A033EB2D817D0377F240A463E5E6BCF822
:1033900047422CE1F2D1176B00010507F551BF3709
:1033A0006840B6CBCE5E316B5733CE2B169E0F7C6A
:1033B0004AEBE78E9B7F1AFEE242E34F01000607CD
:1033C00001000000E0000007010000000000000014
:1033D00000000000FFFFFFFFFFFFFFFFFFFFFFFFF9
:1033E000FFFFFFFFE0000107FEFFFFFFFFFFFFFF02
:1033F000FFFFFFFFFEFFFFFFFFFFFFFFFFFFFFFFDE
:10340000FFFFFFFFE0000207B4FF552343390B27FE
:10341000BAD8BFD7B7B04450563241F5ABB3040C5D
:10342000850A05B4E00003073D2A5C5C4529DD13ED
:103430003EF0B8E0A216FFFFFFFFFFFFFFFFFFFF18
:10344000FFFFFFFFE0000407211D5C11D68032342E
:103450002211C256D3C1034AB99013327FBFB46B55
:10346000BD0C0EB7E0000507347E00859981D54478
:103470006447075AA07543CDE6DF224CFB23F7B51E
:10348000886337BD010006070100000025733A205C
:10349000416C726561647920696E697469616C69F7
:1034A0007A65640A0000000025733A204164617067
:1034B0007465725F496E74657272757074735F497A
:1034C0006E6974206661696C65640A0041646170AC
:1034D0007465725F496E69743A2041646170746505
:1034E000725F496E746572727570747320656E6177
:1034F000626C65640A00000025733A2041646170C3
:10350000746572206973206E6F7420696E697469C6
:10351000616C697A65640A00416461707465725F08
:10352000556E496E69740000416461707465725F24
:10353000496E6974000000004549503133305F41E5
:1035400049430000FF000000030000004661696C71
:1035500065643A20417373657420426C6F62204B3E
:10356000454B20696E697469616C697A6174696F31
:103570006E0A00004661696C65643A2041737365A8
:103580007420426C6F62204B454B206372656174FE
:10359000696F6E0A000000004661696C65643A203C
:1035A00047657420526F6F74206B65792072656671
:1035B0006572656E63650A004A757374536F6D6555
:1035C0004173736F63696174656444617461466FCC
:1035D0007254686541737365744C6F6164446572BD
:1035E00069766174696F6E46756E6374696F6E009B
:1035F000536F6D654173736F636961746564446192
:103600007461466F7247656E65726174696E675466
:1036100068654B6579426C6F620000002A8648CE6F
:103620003D030107000000002B24030302080101F1
:10363000050000002B24030302080101070000001D
:103640002B240303020801010B0000002B240303B9
:10365000020801010D0000002B656E002B65700053
:103660002A8648CE3D0201002B8104010C00000097
:103670002A864886F70D0101010000002A86488647
:10368000F70D01010A00000076FFFFFF73FFFFFF47
:1036900068FFFFFF68FFFFFF68FFFFFF68FFFFFF96
:1036A00068FFFFFF000000002B81040021000000E4
:1036B0002B810400220000002B8104002300000065
:1036C00045495031333000005645583A204641496B
:1036D0004C454420746F20696E697469616C697A25
:1036E000652064657669636520282564290A0000E1
:1036F0005645583A2025733A207665785F446576BA
:103700006963654C696E6B4D61696C626F782829DD
:103710003D25640A000000007665785F5068797383
:103720006963616C546F6B656E45786368616E6741
:1037300065000000393803002D38030021380300EC
:1037400045380300513803005D3803006938030031
:1037500075380300813803008D3803009938030061
:10376000A5380300B1380300BD380300C938030091
:10377000D5380300E1380300ED380300F9380300C1
:103780000539030011390300010102041000000093
:1037900000000000017A5200027C0E011B0C0D009B
:1037A00010000000180000008840FFFF100000001B
:1037B00000000000100000002C0000008440FFFF0B
:1037C0001600000000000000100000004000000093
:1037D0008840FFFF300000000000000010000000E3
:1037E00054000000BC40FFFF220000000000000069
:1037F0001000000000000000017A5200027C0E015F
:103800001B0C0D0010000000180000000CE3FFFF6F
:103810001000000000000000000000000000000098
:1038200010B53E4CA446EFF76DFE10BD10B53C4CF4
:10383000A446EFF767FE10BD10B53A4CA446EFF76B
:1038400061FE10BD10B5384CA446EFF75BFE10BD0D
:1038500010B5364CA446EFF755FE10BD10B5344CEC
:10386000A446EFF74FFE10BD10B5324CA446EFF75B
:1038700049FE10BD10B5304CA446EFF743FE10BD15
:1038800010B52E4CA446EFF73DFE10BD10B52C4CE4
:10389000A446EFF737FE10BD10B52A4CA446EFF74B
:1038A00031FE10BD10B5284CA446EFF72BFE10BD1D
:1038B00010B5264CA446EFF725FE10BD10B5244CDC
:1038C000A446EFF71FFE10BD10B5224CA446EFF73B
:1038D00019FE10BD10B5204CA446EFF713FE10BD25
:1038E00010B51E4CA446EFF70DFE10BD10B51C4CD4
:1038F000A446EFF707FE10BD10B51A4CA446EFF72B
:1039000001FE10BD10B5184CA446EFF7FBFD10BD2D
:1039100010B5164CA446EFF7F5FD10BDF14F0200AF
:10392000F94F0200994F0200C14A0200014B020008
:1039300025500200D95002003D510200C14B020047
:10394000D14C0200BD4A02005D540200D554020071
:10395000195502004555020079550200AD55020087
:10396000E55102009952020015530200C1530200B2
:103980007FE97FE9F3F7F2BD7FE97FE9F3F77CBCDC
:103990007FE97FE9F2F79ABA7FE97FE9F2F7DCBFC6
:1039A0007FE97FE9F2F7BABB7FE97FE9F1F7FEBE75
:1039B0007FE97FE9F1F76CBF7FE97FE9F2F74EB964
:1039C0007FE97FE9F2F70CB87FE97FE9F2F720BDE4
:1039D0007FE97FE9F3F7B6BA7FE97FE9F3F70CBE39
:1039E0007FE97FE9F1F78CBE7FE97FE9F2F734BA2E
:1039F0007FE97FE9F2F738BE7FE97FE9F3F744BE5C
:103A00007FE97FE9F3F732BD7FE97FE9F3F714B986
:103A10007FE97FE9F3F7BCBE7FE97FE9F3F788BB75
:103A20007FE97FE9F1F77CBE7FE97FE9F1F7ACBE82
:103A30007FE97FE9F3F79ABC7FE97FE9F3F7FAB909
:103A40007FE97FE9F2F7D4BD7FE97FE9F2F744BF70
:103A50007FE97FE9F3F7ACB97FE97FE9F2F7BABE16
:103A60007FE97FE9F2F77EB97FE97FE9F2F7B4BF3A
:103A70007FE97FE9F2F718BB7FE97FE9F1F778BFCB
:103A80007FE97FE9F2F742BC7FE97FE9F2F766B8A8
:103A90007FE97FE9F2F7A0B87FE97FE9F3F72CBE71
:103AA0007FE97FE9F2F7F0BC7FE97FE9F2F718B927
:103AB0007FE97FE9F3F710B87FE97FE9F1F7CABF43
:103AC0007FE97FE9F2F70CB87FE97FE9F1F74CBEB7
:103AD0007FE97FE9F2F7BEBE7FE97FE9F3F78EBCAD
:103AE0007FE97FE9F2F70CBD7FE97FE9F1F708BFD5
:103AF0007FE97FE9F2F734BE7FE97FE9F2F73CBD69
:103B00007FE97FE9F3F722B87FE97FE9F2F790BA1E
:103B10007FE97FE9F2F7E4BD7FE97FE9F3F754BA83
:103B20007FE97FE9F2F75EB97FE97FE9F3F7BCB897
:103B30007FE97FE9F3F7E2BC7FE97FE9F1F76EBE49
:103B40007FE97FE9F3F73AB87FE97FE9F2F734BA22
:103B50007FE97FE9F3F760BB7FE97FE9F3F7A2B97B
:103B60007FE97FE9F2F75ABB7FE97FE9F3F71ABBF8
:103B70007FE97FE9F3F7C2BB7FE97FE9F1F7E0BDB9
:103B80007FE97FE9F2F708BC7FE97FE9F3F798BAAC
:103B90007FE97FE9F2F7D4B97FE97FE9F2F762BF05
:103BA0007FE97FE9F3F752BA00000000000000004F
:103BB0000000000000000000000000000000000005
:083BC0003C1F00FFFF000000A4
:0C3BC800FFFFFFFFFEFFFFFF01010200F6
:103BD400F87A002000D8B805C8700020306F0020A3
:103BE400FCD10000494202006D4202004856020026
:103BF40000000000000000000000000000000100C0
:103C04000002180000000000454950313330000024
:103C140000000000000000000000000000000000A0
:103C24000000000000000000000000000000000090
:103C34000000000000000000000000000000000080
:103C44000000000000000000000000000000000070
:103C5400FFFF0300070000004549503133305F4E39
:103C640053300000000000000000000000000000CD
:103C74000000000000000000000000000000000040
:103C84000000000000000000000000000000000030
:103C9400000000000000000000000000000004001C
:103CA400FFFF0700070000004549503133305F41F2
:103CB4004943000000000000000000000000000074
:103CC40000000000000000000000000000000000F0
:103CD40000000000000000000000000000000000E0
:103CE400000000000000000000000000003E000092
:103CF4001F3E000007000000FFFFFFFF47365A4F3A
:103D0400B46E00200000000074560200CC6E002047
:103D1400000000000000000000000000CC5602007B
:103D2400F0880020D86E00200000000000890020E8
:103D340068890020D08900200000000000000000F5
:103D4400000000000000000000000000000000006F
:103D5400000000000000000000000000000000005F
:103D6400000000000000000000000000000000004F
:103D74000000000000010200918D0200698D020024
:0400000320002F6149
:00000001FF
