:10D10000380C0020012302006D2202008180020001
:10D110008D80020099800200B1800200A58002008B
:10D120000000000000000000000000007129020063
:10D130007D220200000000001D2902008122020061
:10D140008522020089220200D5170200452C020028
:10D150008D220200912202009522020099220200F3
:10D160009D220200A1220200A5220200A9220200A3
:10D17000AD220200B1220200B5220200B922020053
:10D18000BD220200C1220200C5220200C922020003
:10D19000CD220200D1220200D5220200D9220200B3
:10D1A000DD220200652C0200E1220200552C020063
:10D1B000E5220200E9220200ED220200F122020033
:0CD1C000F5220200F9220200FD2202000C
:10D1FC0000015F5F00000000FE0B0000D92A020056
:10D20C00000400000000000000000000000000000E
:10D21C000000000000000000007000200000000072
:10D22C0001015F5F01000000FF030000392B0200C9
:10D23C0000010000000000000000000000000000E1
:10D24C00000000000000000000740020000000003E
:10D25C0001015F5F050100001F010000E5EF000008
:10D26C0000070000000000000100000001000000A9
:10D27C000000000000000000102D00200000000045
:10D28C00800000AE0007030020000000030F000028
:10D29C000100000029EF00000100000001015F5FA8
:10D2AC002D0100000F030000050D0100001000000F
:10D2BC00000000000000000005000000000000005D
:10D2CC0003000000203600200000000018070300B7
:10D2DC00800000AE000F0000010000000000000004
:10D2EC00100000002C070300700000000005000077
:10D2FC0001000000000000002000000038070300BF
:10D30C00710000000005000001000000000000009A
:10D31C0040000000440703007200000000050000FC
:10D32C00010000000000000080000000580703000E
:10D33C007300000000050000010000000000000068
:10D34C0000010000612B0200752C02002D01000071
:10D35C000300000000000080AD2B02008D2C0200A9
:10D36C002D0100001B00000000000040F92B020002
:10D37C00812C02002D01000019000000000000208B
:10D38C0001015F5F2C0100000F0300003917020040
:10D39C000010000000000000000000000100000070
:10D3AC000000000000000000680C002000000000DD
:10D3BC0068070300700000AE0005000001000000CB
:10D3CC00000000001000000001015F5F2E01000052
:10D3DC000F020000B909010000100000000000005D
:10D3EC00000000000100000000000000010000002F
:10D3FC00681C0020000000007C070300000500AE44
:10D40C0000050000010000000000000010000000FA
:10D41C0089170200E51702002E010000020000002F
:04D42C00000000807C
:10D44000F8B50D4617460446C0E9265700F1A00777
:10D4500048220021ED0F38461E461AF061FF0023D6
:10D460009FED157BC4F8D8500225069A204606CABF
:10D47000C4F8C06084ED347BC4E9373384F8C85005
:10D4800022F09AFD2146384602F06CF8054638B184
:10D4900003280BD019280CBF012503252846F8BD09
:10D4A0002046052122F0F6FD2846F8BD0425284631
:10D4B000F8BD00BFAFF300805D81FF7F000000007A
:10D4C00070B50546164C4FF48072002120462E6937
:10D4D0001AF026FF4FF480720021A0181AF020FFE6
:10D4E0000DA1D1E90001EB6A326923610023C4E98F
:10D4F00009336361E36263634FF0C8532263AA6B2D
:10D50000C4E90201A2616A6C23602262B5F8482076
:10D51000C2F30B02E26170BD2E0008080800000093
:10D52000103400200000000070B50546184C4FF480
:10D530008072002120462E691AF0F2FE4FF48072AC
:10D540000021A0181AF0ECFE002233694FF0C851F8
:10D550002363AB6B6262A361B5F84830E262C3F348
:10D560000B0343F49003E361626300230022686CC1
:10D57000503520622160C4E9042303A1D1E90001F0
:10D58000A562C4E9020170BD2F0008080800000070
:10D59000103400200000000070B5826FC36E044696
:10D5A0009A42474B474A0D46DA62037E84B020D048
:10D5B000042B01D00F295ED80026636B404AC2F8C5
:10D5C0009030A36BC2F89430E36BC2F89830236CB0
:10D5D000C2F89C30002E37D0237E022B02D00020D0
:10D5E00004B070BDEFF30583002B51D0606904B027
:10D5F00070BD042B01D00F2950D800269FED2E7B43
:10D6000094F88120E16AC2F10E030DF101008DED65
:10D61000007B8DED027B8DF800301AF043FE012176
:10D62000009B274A8DF80F10C2F89030019BC2F87A
:10D630009430029BC2F89830039BC2F89C30D069AA
:10D64000C307FCD4002EC7D1D4E9090133462A46CA
:10D650000EF07AF9A26F1A4B521BA267D3F89020F2
:10D660006263D3F89420A263D3F89820E263D3F8DE
:10D670009C302364B3E70B46D0E909120EF040F961
:10D68000A36F01261B1AA367636E1B1A636694E7D8
:10D690004FF0FF310C480BF08BF8A7E70B46D0E9B1
:10D6A00009120EF02DF9A36F01261B1AA367636EF2
:10D6B0001B1A6366A2E700BF000000000000000024
:10D6C00000000C402A002A01E06B0020000000004E
:10D6D00030B5C36905460C4685B0002B3ED1284BBA
:10D6E000284ADA629FED247B95F820202969C2F14F
:10D6F0000E030DF101008DED007B8DED027B8DF8A9
:10D7000000301AF0CFFD0021009A1D4B8DF80F104C
:10D71000C3F89020019AC3F89420029AC3F8982085
:10D72000039AC3F89C20DA69D207FCD42168EA691D
:10D73000C3F880106168C3F88410A168C3F888102A
:10D74000E168C3F88C10196F2160596F6160996F9F
:10D75000A160DB6FE3602AB905B030BD084B0A4A0F
:10D76000DA62BFE70123D5E9020105B0BDE8304028
:10D770000EF0EAB8AFF300800000000000000000E7
:10D7800000000C4028002A012A002A0100000000A5
:10D790002DE9F0470468DDE90889D4F8E050002D50
:10D7A00078D11E4694F8F030002B73D18E464FF09E
:10D7B000010A04F1040CD64507460FCA8CE80F0095
:10D7C0006561C4E91A68C4F8DC6084F87CE084F818
:10D7D0008090256784F87F50C4F8D88084F8F0A042
:10D7E00051D02022002104F182001AF099FD10226C
:10D7F000002104F1A2001AF093FD1022002104F18F
:10D80000C4001AF08DFD1022002104F1B2001AF0BC
:10D8100087FD002322792363282AA36503D12046AC
:10D820000BF098FD0546102E05D9D4F8E4304BB125
:10D830002846BDE8F087B8F1100FF9D9D4F8E430E4
:10D84000002BF5D13946206803F0D4FF40B33C6883
:10D85000302294F87C30012B19BF15A1D1E90001C9
:10D860000021114804F0F6F83A4604200F4903F06D
:10D87000FFFF90B904F03EF878B9656903F0E6FF60
:10D880002846BDE8F087B9F1000FAAD1102384F82B
:10D890008030A6E74FF0FF35CAE74FF0FF35EDE7E0
:10D8A0006FF00105C4E700BF02281400918F01004A
:10D8B00002282400000000002DE9F84F0B680D46F7
:10D8C0001A780646022A5DD0082A5BD0222A02D0A6
:10D8D000282A40F0968095F820903468A9F1070234
:10D8E000062A00F28E80D4F8E020002A40F08980D9
:10D8F000D5E9067E17EB0E0F00F0838094F8F080D8
:10D90000B8F1000F7DD1012204F1040C84F87C20D1
:10D910000FCBC4F81480A5658CE80F006B68D5E9BF
:10D9200002BAD5E9042CC4E9083BC4E90AA2C4F848
:10D9300030C0C4F85CE0C4F86CE095F821303146A2
:10D94000002B08BF1023C4F8D8E0206884F8819029
:10D95000C4F8E480C4F8D470A766C4F8DC7084F816
:10D96000803003F047FF00284ED0EB69102B01D91F
:10D970001B070ED12379282B25D03046BDE8F84F60
:10D980000CF044BA29463046BDE8F84F01220BF0AE
:10D99000D3BF3568302295F87C30012B19BF1FA109
:10D9A000D1E9000100211A4804F054F8324604205D
:10D9B000184903F05DFF0028DCD103F09BFF00282D
:10D9C000D8D16B69D6E720460BF0C4FC044600288A
:10D9D000D3D03568D5F8E40020B903F037FF2046EE
:10D9E000BDE8F88F04F066F8324604200A4903F0D7
:10D9F0003FFF0028F1D103F07DFF0028EDD16B69D6
:10DA0000EBE74FF0FF34EAE76FF00104E7E700BF10
:10DA100002281400918F0100718F01000228240058
:10DA200000000000000000002DE9F84F0B680D46D3
:10DA30001A780646022A59D0082A57D0222A02D03C
:10DA4000282A40F0928095F820903468A9F10702C6
:10DA5000062A00F28A80D4F8E020002A40F085806F
:10DA6000D5E9067E17EB0E0F7FD094F8F080B8F161
:10DA7000000F7AD1022204F1040C84F87C200FCB31
:10DA8000C4F81480A5658CE80F006B68D5E902BA6C
:10DA9000D5E9042CC4E9083BC4E90AA2C4F830C0A3
:10DAA000C4F85CE0C4F86CE095F821303146C4F865
:10DAB000D8E0206884F8803084F88190C4F8E4804D
:10DAC000C4F8D470A766C4F8DC7003F093FE002895
:10DAD0004ED0EB69102B01D91B070ED12379282BCF
:10DAE00025D03046BDE8F84F0CF090B929463046B5
:10DAF000BDE8F84F02220BF01FBF3568302295F8C1
:10DB00007C30012B19BF1FA1D1E9000100211A4867
:10DB100003F0A0FF32460420184903F0A9FE0028B4
:10DB2000DCD103F0E7FE0028D8D16B69D6E72046A8
:10DB30000BF010FC04460028D3D03568D5F8E4007B
:10DB400020B903F083FE2046BDE8F88F03F0B2FF52
:10DB5000324604200A4903F08BFE0028F1D103F07D
:10DB6000C9FE0028EDD16B69EBE74FF0FF34EAE71F
:10DB70006FF00104E7E700BF02281400918F010055
:10DB8000718F010002282400000000000000000046
:10DB900030B504680546606983B0002854D1C1B12E
:10DBA00094F87CC06267BCF1010FA267A166C4F85B
:10DBB000DC10E26684F88030206784F87F00C4F8C7
:10DBC000D82044D0102917D9D4F8E430D3B103B009
:10DBD00030BD002A4DD094F87C1062670129A267FD
:10DBE000A066C4F8DC00E26684F88030206784F820
:10DBF0007F00C4F8D82030D0102AE8D9D4F8E43017
:10DC0000002BE4D12946206803F0F4FD70B32C68A2
:10DC1000302294F87C30012B19BF19A1D1E9000101
:10DC20000021154803F016FF2A460420134903F08B
:10DC30001FFEC0B903F05EFEA8B96069019003F051
:10DC400005FE019803B030BD606903B030BD002B04
:10DC5000B8D1102384F88030B4E7002BCCD1102346
:10DC600084F88030C8E74FF0FF30E7E76FF001003D
:10DC7000ADE74FF0FF30AAE702281400918F0100B2
:10DC80000228240000000000F0B504683E4A94F821
:10DC900048103E4B11F0100F94F8491005460CBF88
:10DCA0004FF400604FF48060012908BF13462279C9
:10DCB0008BB0222A07D0282A41D0A26D52B14FF052
:10DCC000FF300BB0F0BDA36DA668002BF7D127463F
:10DCD000FA6801E027461646012919BF28A1D1E9B3
:10DCE000000100212A4803F0B5FE2A4604202949F4
:10DCF00003F0BEFD0028E2D103F0FCFD0028DED1D8
:10DD000078690028DDD101232F6884F861303B79E0
:10DD1000222B2FD0282B14BF0146B9683046BA6D8C
:10DD200003F0ACFE2A4604201B4903F0A1FD0028A5
:10DD3000C5D103F0DFFD0028C1D17869C1E70190AA
:10DD40000093202204F1580302A9201D03F0A2F938
:10DD50000028B6D1A26D52B92F683B7997F84910C7
:10DD6000222B09D0282B02AEB6D1BA68B4E784F8CA
:10DD70006100A6E7F968D1E702AEA9E7AFF300803A
:10DD800001281208000000000002C0030001C003C7
:10DD900001281200CDA7010081A7010000000000AA
:10DDA0002DE9F0470468064694F84830676C13F094
:10DDB000EF032FD0626D002A43D04FF000094FF0DF
:10DDC000FF385D1EBB6818BF01250F2B29D93A68A3
:10DDD000E2641A071CBF002523F00F0349462A46B8
:10DDE0002046236504F010FB32462F49207E03F0C5
:10DDF0003FFD38B903F07EFD20B9D4F814804046C9
:10DE0000BDE8F08730460CF037FD03F01FFD4046BB
:10DE1000BDE8F0870125BB684FF0FF380F2BA946FE
:10DE2000D5D804F1300A1022002150461AF078FAB1
:10DE30005046BA6839681AF035FABB68C4F84CA085
:10DE4000CCE794F849301022012B19BF14A1D1E975
:10DE500000010021154803F0FDFD3246042014495D
:10DE600003F006FD58B903F045FD4FF0010994F8A1
:10DE7000483068B9D4F8148003F0EF03A1E794F8B0
:10DE800048304FF001094FF0FF3803F0EF0398E7F7
:10DE90004FF0FF3803F0EF0393E700BFAFF30080CC
:10DEA000022812080000000025A901000228120023
:10DEB000EDA7010000000000F8B50468E66D751CD0
:10DEC0003AD00F4694F849100546022936D0F96831
:10DED00001390F2935D894F8606096BB84F8483032
:10DEE00004F1040C0FCA676466618CE80F0010230C
:10DEF00004F12000194632466665A66511F06CFDF6
:10DF00002946206803F076FC002839D02846FFF720
:10DF1000BBFEBB680646102B01D91B0714D136B9CE
:10DF20002846BDE8F840FFF73BBF4FF0FF362846D4
:10DF30000CF0A2FC03F08AFC3046F8BDB968002959
:10DF4000C5D14FF0FF36F7E72C68102294F849301E
:10DF5000012B19BF0EA1D1E9000100210A4803F0ED
:10DF600079FD2A460420094903F082FC0028DCD10F
:10DF700003F0C0FC0028D8D16669002ED0D0D6E7C7
:10DF80006FF00106D8E700BF02281200EDA70100DC
:10DF900002281208000000002DE9F8430468DDF8AB
:10DFA0002080D4F8EC50002D72D11E4694F8FC303D
:10DFB000002B6DD18E464FF0100904F1040C07467A
:10DFC0000FCA8CE80F0084F898E06561202229468A
:10DFD000C4F89080C4F88860C4F88C80C4F8946059
:10DFE000E567C4F8805084F8999004F19B001AF01A
:10DFF00097F94A46294604F1BB001AF091F94A46BE
:10E00000294604F1DC001AF08BF94A46294604F14E
:10E01000CB001AF085F9012384F8FC3023792563BD
:10E02000282BA56703D120460EF018FC0546102EBC
:10E0300005D9D4F8F4304BB12846BDE8F883B8F1DF
:10E04000100FF9D9D4F8F430002BF5D139462068F7
:10E0500003F0D0FB20B33C68302294F89830012BB9
:10E0600007BF12A1D1E9000112A1D1E9000103F01B
:10E07000F1FC3A4604200C4903F0FAFB58B903F0CE
:10E0800039FC40B9656903F0E1FB2846BDE8F88337
:10E090004FF0FF35D0E703F0D9FB4FF0FF35F2E743
:10E0A0006FF00105C8E700BF79C701000228140816
:10E0B000000000000228240800000000000000000A
:10E0C0002DE9F843D1E9067E1EEB070F046800F046
:10E0D0009780D4F8EC30002B40F0928094F8FC80CC
:10E0E000B8F1000F40F08C8001230D4684F8983081
:10E0F0000B6804F1040CC4F81480A16706460FCB2A
:10E100008CE80F006B68D5E90290D5E9042CC4E9CE
:10E110000839C4E90A02C4F830C0C4F87CE0C4F885
:10E120008CE095F82130C4F88070002B08BF1023D4
:10E13000C4F8887095F820203146C4F890E084F83F
:10E140009A20C4F89470C4F8F48084F89930206858
:10E1500003F050FB002856D0EB69102B0ED8237922
:10E1600004F13405282B28D01022002128461AF06B
:10E17000D7F83046BDE8F8430EF01EBD1B07EED0C1
:10E180003568302295F89830012B07BF24A1D1E9DA
:10E19000000125A1D1E9000103F05CFC3246042016
:10E1A0001D4903F065FB88BB03F0A4FB70BB6B69E2
:10E1B000237904F13405282BD6D120460EF04EFBEE
:10E1C00004461022002128461AF0AAF8002CD0D0CC
:10E1D0003568D5F8F40020B903F038FB2046BDE8D7
:10E1E000F88303F067FC324604200C4903F040FB3F
:10E1F0000028F1D103F07EFB0028EDD16B69EBE73D
:10E200004FF0FF34EAE76FF00104E7E703F01EFB8D
:10E21000A5E700BFAFF3008079C701005DC701002B
:10E220000228140800000000022824080000000052
:10E230002DE9F843D1E9067E1EEB070F046800F0D4
:10E240009480D4F8EC30002B40F08F8094F8FC8060
:10E25000B8F1000F40F0898002230D46064684F88D
:10E2600098300B6804F1040CC4F81480A1670FCB3C
:10E270008CE80F006B68D5E90290D5E9042CC4E95D
:10E280000839C4E90A02C4F830C0C4F87CE0C4F814
:10E290008CE095F82130C4F8807084F89930C4F887
:10E2A000887095F820303146C4F890E084F89A30B0
:10E2B000C4F89470C4F8F480206803F09BFA002836
:10E2C00056D0EB69102B0ED8237904F13405282B96
:10E2D00028D01022002128461AF022F83046BDE846
:10E2E000F8430EF069BC1B07EED03568302295F874
:10E2F0009830012B07BF24A1D1E9000124A1D1E965
:10E30000000103F0A7FB324604201D4903F0B0FAD8
:10E3100088BB03F0EFFA70BB6B69237904F1340515
:10E32000282BD6D120460EF099FA0446102200215F
:10E33000284619F0F5FF002CD0D03568D5F8F40048
:10E3400020B903F083FA2046BDE8F88303F0B2FB5E
:10E35000324604200B4903F08BFA0028F1D103F078
:10E36000C9FA0028EDD16B69EBE74FF0FF34EAE71B
:10E370006FF00104E7E703F069FAA5E7AFF3008067
:10E3800079C701005DC701000228140800000000E1
:10E39000022824080000000030B5036804465869CC
:10E3A00083B000283FD181BB002A47D0C3E92202B5
:10E3B000C3F89400C3F89020102A32D9D3F8F4207F
:10E3C0007ABB2146186803F015FA002833D0256877
:10E3D000302295F89830012B07BF1CA1D1E900012C
:10E3E0001CA1D1E9000103F035FB224604201649A7
:10E3F00003F03EFAD0B903F07DFAB8B9686901902C
:10E4000003F024FA019803B030BD1029C3F894102A
:10E41000C3E92212C3F89020CED9D3F8F420002A01
:10E42000CFD003B030BD586903B030BD03F00EFA51
:10E430004FF0FF30E3E76FF00100F2E74FF0FF30FD
:10E44000EFE700BFAFF3008079C70100022814088E
:10E450000000000002282408000000000000000066
:10E460002DE9F047046894B0A36A013300F00483F7
:10E470000022237F0746012B228201D0022B43D1A9
:10E48000A3695E68002E3FD03D4D31682B689942EC
:10E490004AD1B269AB699A4246D16968706811F095
:10E4A0007DFA00283FD0B2692969306911F076FA07
:10E4B000002838D0E023012019466074E3812073DE
:10E4C00004F1400304F13C021FF08EFC002800F030
:10E4D0005C822268137803F0DF01022902D0282B26
:10E4E00040F0FC816068257F0178012D01F0DF019B
:10E4F0004AD0022939D06FF0220014B0BDE8F0876D
:10E50000607C002840F01883207B431E072B00F21C
:10E510001583DFE813F07D0168015E019101680158
:10E520005E01880182013168164D2B688B4240F0F4
:10E530008B81B269AB699A4240F0868169687068E4
:10E5400011F02CFA002800F07E81B2692969306947
:10E5500011F024FA002800F076814FF48071012038
:10E560000223E18160742373AAE7A168097801F0AE
:10E57000DF0104290AD06FF0230014B0BDE8F08752
:10E5800074130200581402000429B4D11907E38956
:10E5900054BF916851680733B1EBD30F4FEAD306EC
:10E5A00040F07082A37F8268002B40F0F480490025
:10E5B0000131914240F02281022D00F02281012D93
:10E5C00040F004810021406819F0AAFE9022002149
:10E5D00004F1440019F0A4FE3946206A03F00AF958
:10E5E0000546002800F051823E6830680378282BE9
:10E5F00000F07781B1460025D0F80480B9F80E20EC
:10E6000099F80C301F325209082B02F1010207BFA2
:10E61000C9A1D1E90001CAA1D1E90001920003F02A
:10E6200019FA3A460420BA4903F022F9002840F0CA
:10E63000AC8103F05FF9002840F0A781D9F82800E9
:10E6400000287FF45AAF0123D7F800A086F8D43011
:10E65000BAF80E9009F11F094FEA591999444FEA87
:10E660008909002D00F010819AF80C30082B0BD18D
:10E6700098F8043023F0070388F8043098F8233022
:10E6800043F0400388F8233049464046DAF82C200E
:10E6900003F0F4F93A4604209E4903F0E9F8002813
:10E6A00040F0738103F026F9002840F06E81DAF81B
:10E6B000280000287FF421AF3D68EA892B7B1F32B8
:10E6C0005209082B02F1010200F03E81002192481C
:10E6D000D20003F0BFF93A460420904903F0C8F88D
:10E6E000002840F0528103F005F9002840F04D81E8
:10E6F000A86A00287FF401AF95F81C803D68B8F146
:10E70000020F00F07F81337F022B00F04181002156
:10E710002A6C834803F09EF93A460420814903F0AD
:10E72000A7F8002840F0318103F0E4F8002840F019
:10E730002C81A86A00287FF4E0AE3D68D5E90F017E
:10E74000AA6B03F09BF93A460420774903F090F84E
:10E75000002840F01A8103F0CDF8002840F0158120
:10E76000A86A00287FF4C9AE237B082B3FF4C5AE0E
:10E770003C68204603F044FA3A4604206B4903F013
:10E7800077F8002840F0018103F0B4F8002840F049
:10E79000FC80A06AB1E6237B082B2DD0B2EB410FA1
:10E7A0002CD1022D7FF40BAFA36899688E4269D0FB
:10E7B000B1EB460F4FEA460203D00132914240F0DE
:10E7C0007F810021586819F0ABFDFFE6A3689A68C5
:10E7D000F7E74FF4C0710328E18109D040F201232B
:10E7E000022023826CE64FF480710228E181F5D18A
:10E7F00001231846637463E69142D2D06FF025007E
:10E800007BE643681B78042BCED06FF0280074E6BB
:10E81000E0210123E181637452E6FF2303201946BE
:10E82000E38160744CE64FF4007340F20122022051
:10E830001946E381228243E640F20923012019466A
:10E84000E38160743CE63168394D2B688B4240F0BF
:10E850008180B269AB699A427CD16968706811F0B5
:10E860009DF8002875D0B2692969306911F096F8D1
:10E8700000286ED04FF4C07101200323E181607441
:10E8800023731DE632469CE729460AF144054A46B1
:10E89000284619F045FDDAF800309AF8102058683B
:10E8A000BAF80E109AF81E30009511F001FD9AF892
:10E8B0000C30082B0BD19AF8483023F007038AF864
:10E8C00048309AF8673043F040038AF86730494689
:10E8D0002846DAF82C2003F0D1F8DBE66FF02100AF
:10E8E0000BE64FF48042134B02A9CDE900324822D7
:10E8F00006F12C0302F0CEFB00287FF4FEADF36A94
:10E90000002B40F0BC80D7F800900DF1080875E6A8
:10E9100045D1010015D101000140210065D1010060
:10E9200001440F00A5D10100DDD101002DD101006E
:10E9300030120200000002090148410400000000FA
:10E940000148210400000000920086A1D1E90001E5
:10E95000BFE631687C4D2B688B4234D1B269AB691C
:10E960009A4230D16968706811F018F850B3B269F2
:10E970002969306911F012F820B340F20921012011
:10E980000423E181607423739AE54FF0FF30B4E50E
:10E99000EA8940F201401F3252090021920003F03F
:10E9A00059F83A460420694902F062FF0028ECD188
:10E9B00002F0A0FF0028E8D1A86A00287FF49DADEE
:10E9C0003D68A4E63168624D2B688B4261D1B26923
:10E9D000AB699A425DD16968706810F0DFFF00286A
:10E9E00056D0B2692969306910F0D8FF00284FD09D
:10E9F0004FF48071052240F201230220E18122734D
:10EA000023825DE5EB8905F1440A1F3301465B096A
:10EA10009022504603F1010919F082FC2B7BE98911
:10EA2000082B08BF4FF001086B6808BF4FEA89093F
:10EA300058682B7CCDF804A095F81EC018BF4FEA8B
:10EA4000C9094246CDF800C011F050FC4946504675
:10EA50002A6B03F013F83A4604203E4902F008FFFF
:10EA6000002892D102F046FF00288ED1A86A002823
:10EA70007FF443AD3D6846E66FF01F003DE586F844
:10EA8000D40019E66FF0240037E56FF0010034E59B
:10EA90003168314D2B68994216D1B269AB699A42FF
:10EAA00012D16968706810F079FF60B1B2692969A4
:10EAB000306910F073FF30B14FF4C07106229AE74D
:10EAC0006FF0260019E53168244D2B68994213D167
:10EAD000B269AB699A420FD16968706810F05EFF45
:10EAE00048B1B2692969306910F058FF18B14FF484
:10EAF000007107227FE73168194D2B6899427FF436
:10EB0000FFACB269AB699A427FF4FAAC696870688D
:10EB100010F044FF00283FF4F3ACB2692969306972
:10EB200010F03CFF00283FF4EBACFF21032008234A
:10EB3000E18160742373C3E4E189C1E400236FF0D1
:10EB400020006374D9E400BF7410020085D1010075
:10EB5000900F020015D101004C0E0200A80C02001B
:10EB6000AC0B02000140410000000000000000006A
:10EB70002DE9F04F05688DB06B6A013300F0D0814C
:10EB80002B7D04465A1E012A76D9032B00F04881BA
:10EB90006A68137819076DD55368202B40F08B8174
:10EBA000FF21042005F1400305F13C021FF01CF990
:10EBB000002800F083812146286A02F01BFE0646E9
:10EBC000002800F07E8127683B7D5A1E012A40F212
:10EBD0009380B8467868032B72D0C1460026D0F8DF
:10EBE00004A0C6A1D1E90001242202F033FF22468D
:10EBF0000420B94902F03CFE002840F0F98002F000
:10EC000079FE002840F0F480D8F824503DBB01255F
:10EC100099F8142089F80A50023AAA42D4F80090D0
:10EC200040F200813B7D023B012B40F2B28000218B
:10EC3000AA48D9F8402002F00DFF22460420A84936
:10EC400002F016FE002840F0D38002F053FE0028A8
:10EC500040F0CE80D9F82450002D00F0B18020463D
:10EC60000FF07AF802F0F2FD28460DB0BDE8F08F03
:10EC700004281DD1936890E72A68117801F0DF001D
:10EC800002281BD0282913D15268202A40F0408145
:10EC90006968012B08780A4600F0DF00E8D00B789D
:10ECA0000A4603F0DF010229E4D0282B3FF474AFB9
:10ECB0006FF0220528460DB0BDE8F08F9268E4E7BA
:10ECC0000378282B89D14FF400630193854B2422CC
:10ECD000009303A908F12C0302F0DCF90546002893
:10ECE000BDD1D8F82C30002B40F01581C1460DF174
:10ECF0000C0AD4F8008074E738680378282B00F0F9
:10ED0000BD803D464FF00009D0F804806EA1D1E9E6
:10ED10000001242202F09EFE22460420724902F0E5
:10ED2000A7FD002864D102F0E5FD002860D16D6ADE
:10ED3000002D94D14FF0010A25682B68D3F804B058
:10ED400087F809A0B9F1000F55D040462421AA6ADE
:10ED500002F094FE22460420644902F089FD002856
:10ED600042D102F0C7FD00283ED16D6A002D7FF42C
:10ED700076AFD4F8008098F81430022BD8F804004D
:10ED80007FF429AF0378282B7FF427AF4FF48063FB
:10ED90009BE74FA1D1E90001402202F05BFE224631
:10EDA0000420534902F064FD10BB02F0A3FDF8B942
:10EDB000D9F82450002D7FF452AFD4F8009036E7F4
:10EDC0002568D5E90F012A6B02F058FE224604207F
:10EDD000484902F04DFD58B902F08CFD40B96D6A0A
:10EDE000002D3FF467AF3AE7013001D102F02EFD6C
:10EDF0004FF0FF3533E705F15008494624224046DD
:10EE000019F08EFA584652465346FF21CDF800803D
:10EE100011F04EFA40462421AA6A02F02FFE99E72B
:10EE200069683CE7002E3FD1314609F150062422A3
:10EE3000304619F075FAD9F804302A465868FF218F
:10EE40002B46CDE9005611F051FA30462421D9F86D
:10EE50002C2002F013FE22460420274902F008FD70
:10EE60000028C5D102F046FD0028C1D1D9F82450B0
:10EE7000002D7FF4F4AED4F80090D3E64FF4804236
:10EE8000184B03A9CDE90032242207F1280302F030
:10EE900001F9054600287FF4E2AEBB6A93BBB14698
:10EEA00025680DF10C0831E750462421D9F82C20B3
:10EEB00002F0E4FDCFE76FF00605FBE64FF0FF350B
:10EEC000F8E66FF01F05F5E6014850380000000035
:10EED0000228D00100000000B1DC010001440F0055
:10EEE000F1DC01000008000691DC010079DC010082
:10EEF000D1DC010029DD010041DD01000140503875
:10EF000000000000D4F80080787298F8143034E7DC
:10EF10006FF00505CEE6D4F8009088F80A0081E687
:10EF20006FF02005C6E600BF40F2E932F0B5036895
:10EF30000446934285B026D040F2EA3293421DD176
:10EF40000369042B48D1036A042B45D18568244802
:10EF50000021056002AA606819F04CFA04280646F0
:10EF60003AD1029803A900F08FF9054640B901464D
:10EF70003346606803AA19F049FA01E06FF085058D
:10EF8000284605B0F0BD0669076A731E3F2B23D8DB
:10EF900017B38268124B002140681A6019F072FAA8
:10EFA00000210546606819F07DFA024603A800902A
:10EFB0003B462846314600F03DF905460028DFD1A2
:10EFC00029466068039A19F075FA6068294619F0B5
:10EFD00061FA284605B0F0BD6FF08605D0E700BFA6
:10EFE000A04B002000F018B9202230B58DB00546A6
:10EFF00004A901A8019213F02FFA60B90446019BFD
:10F000002846074902AA04ADCDE9025300F094FA5C
:10F0100020460DB030BD052420460DB030BD00BFE8
:10F0200008DBFEFF30B50D4B83B00193054600F0C1
:10F030005BFA6A4601A900F051F9044608B9009B41
:10F0400013B1204603B030BD2846012200230449F5
:10F0500000F04CFA204603B030BD00BF02DBFEFFDB
:10F0600001DBFEFF38B50025044613F0C3F92B463B
:10F0700002460349204600F039FA284638BD00BF51
:10F0800006DBFEFF30B583B0054601A800F0D2FCD8
:10F09000044628B9019A28460349D31700F026FAF6
:10F0A000204603B030BD00BF07DBFEFF202230B595
:10F0B0008DB0054604A901A8019213F0FDF960B9CD
:10F0C0000446019B2846074902AA04ADCDE9025334
:10F0D00000F01CFA20460DB030BD032420460DB0D0
:10F0E00030BD00BF05DBFEFF30B583B00546684686
:10F0F00000F07EF9044620B96A462846024900F02D
:10F1000005FA204603B030BDFFDAFEFF002230B51D
:10F110008BB0054602A92020CDE9002213F0B0F9FA
:10F1200060B90446202302A9284600916A46054991
:10F13000019300F0EBF920460BB030BD03242046CC
:10F140000BB030BD04DBFEFFF0B5BDB004460D468C
:10F150002E4802A9164620F0D5FDA0B9BDF808300A
:10F1600003F44F42B2F5824F11D0B3F5885F0AD154
:10F17000BDF80A30B3F5C07F1AD0B3F5007F3CD09C
:10F18000B3F5807F37D0052420463DB0F0BDDBB21B
:10F19000122BF8D1BDF80A30B3F5C07F32D0B3F5E9
:10F1A000007F2CD0B3F5807FEDD16FF0060300E037
:10F1B000062300220095114602A8FEF741F9B0B9D6
:10F1C0002246134902A800F0A1F9124D05F11C07CF
:10F1D00055F8043F02A8984704460028D4D1AF420E
:10F1E000F6D1314602A800F04DF90028CCD0012814
:10F1F000C9D10224C8E70523DBE70723D9E76FF06D
:10F200002303D6E76FF02203D3E700BF5D81FF7FC2
:10F2100000DBFEFFE808020008B500F0E1F8042872
:10F2200096BF034B6FF0830053F8200008BD00BF6A
:10F23000D808020000B587B0029221F01002202AFF
:10F2400000900191039306D0402904D06FF086000E
:10F2500007B05DF804FB002BF8D0684604AA02A9A9
:10F26000FFF772FF28B9059B089A136007B05DF895
:10F2700004FB042802D96FF08300E9E7014B53F83F
:10F280002000E5E7D808020000236FF0004210B527
:10F2900086B0CDE90232009320F01003202B0C46FB
:10F2A000019005D0402803D06FF0860006B010BD55
:10F2B000684604AA02A9FFF747FF18B9059B236017
:10F2C00006B010BD042803D96FF0830006B010BD4E
:10F2D000014B53F82000E9E7D80802002DE9F04F70
:10F2E00087B0019000285AD09046002A57D00023BA
:10F2F00042F2160A1D46384F04AE07F104091360A6
:10F3000002913B88534503D0032007B0BDE8F08F3E
:10F31000B7F802B0BB44CB451CD9304C05E0BDF872
:10F32000123004331C44A34514D90422214630462C
:10F3300018F0B8FFBDF81030C3F38512AA42EED121
:10F3400003F03F033F2BBDF812B016D0062D0DD0B1
:10F350000135D6E7062D09D0CB4505F10105D0D8FA
:10F3600042F2160339F8041C9942CDD1D8F8003086
:10F37000CBB9002007B0BDE8F08FD8F800300133DA
:10F38000012BC8F8003014D00434CDF814B0049424
:10F39000092196E80C00019820F044FED6E70420ED
:10F3A00007B0BDE8F08F0198042120F0A3FE0020F3
:10F3B000E0E7029B5BB11B6801981A460393DB17D9
:10F3C00020F012FE0421019820F064FEDCE7042105
:10F3D000019820F05FFED7E7A44B0020A84B002047
:10F3E0004FF400720120014900F02CBBA44B002017
:10F3F00070B51D4D04462A6886B03AB1002C31D054
:10F4000000201A4BC4E9003206B070BD184E0092BD
:10F4100033685BB9174801A920F074FC00BB334680
:10F4200041221549134820F08DFCC8B9684613499C
:10F4300020F0AEFCA0B9684632680F4920F0CCFC41
:10F4400070B90F4E684620223146074B20F0E6FC8B
:10F4500030B901232A6806F8013C1A442A60CDE736
:10F460000320D1E70520CFE7A84D0020AC4D0020B8
:10F47000D04D00205D81FF7FD44D002009000002A7
:10F48000AD4D002070B5044682B00D46052120F038
:10F4900031FE214604F1A00000F0E6F858B103283F
:10F4A00019D0192803D10123184602B070BD0323D7
:10F4B000184602B070BD6E462046314620F0FAFE76
:10F4C00001280346EFD050B996E8030085E8030011
:10F4D000184602B070BD0423184602B070BD022366
:10F4E000184602B070BD00BF704700BF70B5164629
:10F4F00004461D460A46CB1720F076FD32462B46C1
:10F500002046BDE8704020F06FBD00BF134670B5C7
:10F51000D3E90065044682B00A46CB1720F064FDAB
:10F5200002212046CDE9006502AB13E90C0002B0D0
:10F53000BDE8704020F076BD134670B5D3E9006594
:10F54000044682B00A46CB1720F04EFD0321204628
:10F55000CDE9006502AB13E90C0002B0BDE87040D4
:10F5600020F060BD2DE9F0410446AAB0006A0E46C5
:10F5700000F0FCF800285BD0A36B9A0752D5042159
:10F58000304620F087FD18226B4604AD00940192AE
:10F5900093E806002846276A20F00EFD052128463C
:10F5A00020F078FD01220023284620F01DFD3A4678
:10F5B000FB17284620F018FD0521284620F09AFD6B
:10F5C000284602A920F076FE074630BB029B039A2C
:10F5D000A361E26123B304F1180393E8030085E813
:10F5E0000300022195E80C00304620F01BFDA36BC0
:10F5F000DB0733D4D4E90F840521304620F04AFDDF
:10F60000DCB93046052120F075FD0221304620F09E
:10F6100041FD38462AB0BDE8F0810023C4E9063335
:10F620000227F6E712220023304620F029FDA6E744
:10F63000012738462AB0BDE8F081B8F1000FE0D0CC
:10F6400030460422002320F0CFFCCDE904840221BF
:10F6500095E80C00304620F0E5FCD2E71C27384640
:10F660002AB0BDE8F08100BF40232DE9F0430C46ED
:10F670002025ADB00DEB03061CAA14AFCDE90E7525
:10F680000C9201213246054620460D9320F09EFD46
:10F69000A37B1BB101232374192630E0237C012BAB
:10F6A000FAD0002B42D12268D5F820C05AB30DF110
:10F6B0002008CDF8108002AF0EA903C987E8030027
:10F6C00096E803008DE8030005F11802604606CABB
:10F6D00000F052F8064690B9AB6B0DF12809DB0734
:10F6E00029D599E8030012AB83E8030002210CCB73
:10F6F000204620F097FC0421204620F0FBFC3046F9
:10F700002DB0BDE8F0830BAB029305F1300393E815
:10F7100003008DE8030028350A92604695E80C0046
:10F7200000F010F90DF128090646DAE718263046F0
:10F730002DB0BDE8F083CDF8189004AA0CA903C938
:10F7400082E8030005F1280398E803000CCB87E862
:10F75000030005F1300C9CE803008DE80300286AE3
:10F7600000F090F80028BCD00646C8E7C31D0CBFC7
:10F770006FF00F00002070472DE9F041BCB06F46DC
:10F7800087E8060030210AAA0292039102AA06CA5B
:10F790003B4C804616A81E4620F00EFC042116A8FD
:10F7A00020F078FC204620F06FFF0025CDE90840CE
:10F7B00008AC032194E80C0016A820F033FC97E86D
:10F7C000030084E80300022194E80C0016A820F04E
:10F7D00029FCCDE90855022194E80C0016A820F078
:10F7E00021FC002E3CD1CDE90866022194E80C00F2
:10F7F00016A820F017FC0125042116A820F07AFC99
:10F8000016A804A920F056FD002835D118F1070FDD
:10F810000CBF6FF00F01002106A800F0BDF8E0B9A1
:10F82000DDE904235B1B34BF0121002100291CBF3B
:10F8300000230022CDE9082306A894E8060000F082
:10F84000C9F842AB93E8060006A800F0C3F844AA42
:10F85000469B06A806CA00F0CBF83CB0BDE8F08194
:10F8600042AB93E8030084E803000B2194E80C000A
:10F8700016A820F0D7FBBFE715203CB0BDE8F0810B
:10F880000809020082B010B586B008A9073081E8E7
:10F890000C0005D0012006B0BDE8104002B0704752
:10F8A00005A8DDE90E41DDE90C23CDE90110009446
:10F8B00023490A9820F0E0FA10F1850F32DA10F1AE
:10F8C000970F29DB9730112826D801A353F820F091
:10F8D0003BF9000019F9000037F9000019F90000A0
:10F8E00019F9000019F9000019F9000019F90000D0
:10F8F00019F9000019F9000033F9000019F90000A6
:10F9000019F9000019F9000019F9000019F90000AF
:10F9100019F9000095F80000172006B0BDE8104066
:10F9200002B070470028F7D1059B109AC2E9004346
:10F93000B1E71020AFE70D20ADE71220ABE700BF25
:10F940000906000682B000B587B008A9073018BFC5
:10F95000012081E80C0004D007B05DF804EB02B090
:10F96000704700230A9801A9CDE90133CDE903339B
:10F97000059320F0C7F928B1002007B05DF804EB2B
:10F9800002B07047BDF80620D308520718BF0133F4
:10F990000C9A5B001360EFE74FF6FF720C4B10B54B
:10F9A00011F1100F14BF11461946002303600446DD
:10F9B00020F0EEF9606038B110F1860F05D010F13B
:10F9C0008A0F14BF0420052010BD032010BD00BF06
:10F9D0000900000210B582B002AB03E906004368DB
:10F9E00023B919B1044620F0F7F9606002B010BDE8
:10F9F00070B582B002AC04E90600426842B112F16F
:10FA0000860F13D08A3214BF0420052002B070BDC7
:10FA10001D46019A04330E46044620F0FFF960604B
:10FA200002462E600028EAD102B070BD032002B069
:10FA300070BD00BF0346024A002012681A6070477A
:10FA4000A04B002008B520F007F9003818BF0120AE
:10FA500008BD00BF10F4004330B419D001224FF4A8
:10FA6000807140F202254FF400740020294BC3F846
:10FA70001052C3F81C22C3F8C420C3F81842C3F8BC
:10FA800000025965C3F800229965002030BC704718
:10FA9000C20520D51F48D0F80822002A29DB1E4CB9
:10FAA00025682260A5F5B711A1F2CB21B1F5957FAC
:10FAB0001FD8A2F5B711A1F2CB21B1F5957F18D8C7
:10FAC000521B9532B2F5957F13D84FF40032426540
:10FAD00082652360D9E78303D7D50E4BD3F8C020C6
:10FAE0000A2A11D00A214FF40032C3F8C0109A65D7
:10FAF000CBE7002001214FF48072064BC3F80002CF
:10FB0000C3F800129A65C0E7044A0120C3F89C209C
:10FB1000BCE700BF00100040184E002080841E800B
:10FB20002DE9F843344C206830B10123836000F0A4
:10FB300059FF002223689A600022304B304D314833
:10FB4000314CD3F808802A601F69D3F81490E46818
:10FB5000C5682E49A4B2ADB20C430D43EFF3148631
:10FB600016F002003ED082F31488BFF36F8F4FF07F
:10FB700070631046DB6C9847022383F31488BFF34D
:10FB80006F8F86F31488BFF36F8F1E4A1B4BD560AF
:10FB9000A2F50032D4601E4AC3F808801F61C3F882
:10FBA0001490D2F8843043F00503C2F8843001F099
:10FBB00033F91849184A0B6843F002030B60537875
:10FBC000FF2B14D053780133DBB2537001F030F9BE
:10FBD0004FF4004201200E4B10495A659A65087097
:10FBE000BDE8F8834FF07063DB6C9847CDE701F018
:10FBF0001FF912F0FFFDEBE7384E002000E002E0B5
:10FC00003C4E002000ED02E000ED00E00000FA05AF
:10FC100000100040BC4E0020C44E0020082D0020E3
:10FC20006B4B70B5DD6C2C045D65DD6500F18C807F
:10FC300015F00A0463D129074DD4664C236813B12B
:10FC40002846984710B9EB062ED470BD0026012037
:10FC50004FF080425E4B26605F49C3F8B000D36A24
:10FC60000C6843F00403D3622CB3A368DA061FD5F3
:10FC7000D4E90332002110209847C8B101F0CCF834
:10FC8000564B5A78002A00F099805A78013AD2B23D
:10FC90005A705B7823B9524A136823F00203136049
:10FCA00001F0C6F8EB06D0D5BDE8704012F0A2BD59
:10FCB0002468002CD9D101F0AFF84A4A136843F008
:10FCC0001003136001F0B4F8474B18680028D5D032
:10FCD00000F07EFED2E73E4C01F09EF8D4F8A4304E
:10FCE00023F00043C4F8A430D4F8A43043F0004318
:10FCF000C4F8A43001F09CF80823A3659DE7344BB9
:10FD0000D3F8842022F00102C3F88420D3F88420A1
:10FD100042F00502C3F8842001F07EF8304A1368EF
:10FD200043F0020313602D4A5378FF2B4BD05378D6
:10FD30000133DBB2537001F07BF84FF40042244BE7
:10FD40005A659A659C6576E74FF40031224A5965F9
:10FD50001468F4B1A368180718D5D4E90332002158
:10FD60000820984790B101F057F81C4B5A7802B31D
:10FD70005A78013AD2B25A705B7823B9184A13689C
:10FD800023F00203136001F053F851E72468002CBC
:10FD9000E0D101F041F8134A136843F008031360FF
:10FDA00001F046F8104B18680028DCD000F010FE77
:10FDB000D9E701F03DF812F01DFD39E701F038F800
:10FDC00012F018FD3FE701F033F812F013FDB4E72D
:10FDD00000100040CC4E0020404E0020C44E0020B9
:10FDE000BC4E00203C4E0020384E002070B584B040
:10FDF00001F012F82D4B1D7825B101F019F8002003
:10FE000004B070BD01241C7001F012F801A801F0CB
:10FE100043F8274A01AB132126488DF80C5001F016
:10FE20001FF803214FF4826018F0A8F94FF08040CA
:10FE300048F20A06426C204B2049214D42F48012C0
:10FE400042649E658C650C662C66D3F8842042F073
:10FE50000502C3F8842000F0DFFF1A491A4A0B6834
:10FE600043F002030B605378FF2B1AD05378013311
:10FE7000DBB2537000F0DCFF4FF4004210240E4B55
:10FE800012495A659A65D3F8A420132042F0004223
:10FE9000C3F8A420C1F8004800F0E0FF002004B03F
:10FEA00070BD00F0C5FF12F0A5FCE5E7806C0020F6
:10FEB00021FC00001C4E00200010004000200040EB
:10FEC00000200240BC4E0020C44E002000500040E4
:10FED00010F47F4308D1124BC0B21A181B5CD07FBC
:10FEE000DBB2C0B218447047B3F5807F0BD0B3F5D6
:10FEF000007F11D10B4BC0B21A181B5CD07BDBB258
:10FF0000C0B218447047084BC0B21A181B5CD079B5
:10FF1000DBB2C0B2184470476FF00100704700BFF9
:10FF2000784E0020484E0020684E002010F47F4399
:10FF300007D1104BC1EB41110B44C0B2185CC0B2E9
:10FF40007047B3F5807F0AD0B3F5007F0FD10A4B1D
:10FF5000C1EB01110B44C0B2185CC0B27047074B33
:10FF6000C1EBC1010B44C0B2185CC0B270476FF066
:10FF700001007047784E0020484E0020684E002057
:10FF8000034610B4034A044C002023605DF8044B80
:10FF900011607047C04E0020B84E0020844660B10A
:10FFA0005AB1084608B56146CCE90202CCF81030D7
:10FFB000034800F047FD002008BD6FF002007047C5
:10FFC000404E0020042838B518D8044600F024FF1D
:10FFD00001230C49A3400D680B4A2B430B60135DB2
:10FFE000FF2B08D00025135D0133DBB2135500F061
:10FFF0001FFF284638BD4FF0FF35F8E76FF00105C9
:020000021000EC
:10000000F7E700BFBC4E0020C44E0020042810B506
:100010001AD8044600F000FF0D4B1A5D8AB11A5D34
:10002000013AD2B21A551B5D33B901220949A240E7
:100030000B6823EA02030B60002400F0F9FE20465F
:1000400010BD4FF0FF34F8E76FF00104F7E700BF91
:10005000C44E0020BC4E002038B5044600F0DCFE43
:1000600014F47F43054610D12B4BE4B2185D1919E7
:100070001A5DC97FFF285FFA80FCD2B2C9B224D1D1
:10008000284600F0D5FE002038BDB3F5807F29D08A
:10009000B3F5007FF4D1214BE4B2185D1A19195D54
:1000A000D27BFF285FFA80FCC9B2D2B2E8D00CF153
:1000B000010C5FFA8CFC891803F804C0E0D101231D
:1000C000A34098B218F06CF8DAE70CF1010C5FFA73
:1000D0008CFCCA4203F804C0D2D10123104AA340C9
:1000E0005361CDE70F4BE4B2185D19191A5DC97958
:1000F000FF285FFA80FCD2B2C9B2C1D00CF1010C6A
:100100005FFA8CFCCA4203F804C0B9D10123044A47
:10011000A3409361B4E700BF784E0020484E002012
:1001200000000240684E002070B505460C4600F005
:1001300073FE15F47F43064612D12A4BC4EB4414D8
:10014000EDB21C44615D5A195B5DD27FFF29DBB2C1
:10015000D2B2C8B223D1304600F06AFE002070BD92
:10016000B3F5807F25D0B3F5007FF4D11E4BC4EBEF
:100170000414EDB21C44625D5819595DC37BFF2A1B
:10018000C9B2DBB2D0B2E6D00130C0B2C9186055F6
:10019000E1D10123AB4098B218F002F8DBE701305F
:1001A000C0B2D3426055D6D10123104AAB4053614F
:1001B000D1E70F4BC4EBC404EDB21C44615D5A1986
:1001C0005B5DD279FF29DBB2D2B2C8B2C3D00130B5
:1001D000C0B2D3426055BED10123044AAB40936103
:1001E000B9E700BF784E0020484E002000000240D2
:1001F000684E002070B5044600F00EFE14F47F43F4
:10020000054617D1254EE1B2725C02F0FF03002AC9
:100210003ED0013BDBB220467354FFF759FE18B9BC
:1002200001231F4A8B4013620024284600F000FE81
:10023000204670BDB3F5807F17D0B3F5007F2AD17B
:100240001849E6B28A5D02F0FF030AB3013BDBB254
:1002500020468B55FFF73CFE01460028E4D10120E3
:10026000B04080B217F0CAFFDEE70F4EE1B2725C19
:1002700002F0FF0362B1013BDBB220467354FFF78B
:1002800027FE0028D0D10123054A8B405362CBE7DB
:100290004FF0FF34C9E76FF00104C6E7784E002045
:1002A00000000240484E0020684E0020F8B5054688
:1002B0000C4600F0B1FD15F47F4306461AD12A4AD8
:1002C000C4EB4414E9B22244505C00F0FF03002860
:1002D00044D0013BDBB228465354FFF7F9FD18B96F
:1002E0000123224A8B4013620024304600F0A0FD17
:1002F0002046F8BDB3F5807F1AD0B3F5007F30D12A
:100300001B4BC4EB0414EFB22344D95D01F0FF0290
:1003100021B3013AD2B22846DA55FFF7D9FD01469A
:100320000028E1D10120B84080B217F067FFDBE779
:10033000104BC4EBC404EFB22344D95D01F0FF02BB
:1003400061B1013AD2B22846DA55FFF7C1FD002863
:10035000CAD10123054ABB405362C5E74FF0FF34C1
:10036000C3E76FF00104C0E7784E002000000240B0
:10037000484E0020684E0020F8B500F04DFD394B86
:10038000394A1B681168044611B112681268134398
:10039000D9070AD4354E3378012B0DD06FF0040500
:1003A000204600F045FD2846F8BD6FF003052046C5
:1003B00000F03EFD2846F8BD04232D4A3370156831
:1003C000002D33D0AB689A072DD5D5E90332002133
:1003D0000220984738B3274A274B12781D78AA4243
:1003E00098BF4FF0FF3C15D80020244F00E00A468C
:1003F000930003F1804303F544531B68511C9B0297
:1004000005D5FB6CD34013F0010F18BF0120AA42A1
:10041000EDD1F0B101234FF0FF352046337000F0ED
:1004200007FD2846F8BD2D68002DCBD1144D286856
:1004300030B10223836000F0D5FA00222B689A6065
:100440000C4A0D4B12781D78954205D34FF0000CE5
:10045000CAE7BCF1000FDDD14FF080434AF2A5524C
:100460009A60D7E7BC4E0020B84E0020082D00202F
:10047000404E002065150200641502000030024065
:10048000384E002072B64FF08042D36A43F0010329
:10049000D362FEE74FF08043186B20F400405628EB
:1004A00032D856282DD8DFE800F02E2E2E2C2E2CF8
:1004B0002E2C2C2E2C2C2C2C2C2C2C2C2C2C2C2C78
:1004C0002E2C2C2C2C2C2C2C2C2C2C2C2C2C2C2C6A
:1004D0002E2C2C2C2C2C2C2C2C2C2C2C2C2C2C2C5A
:1004E0002E2C2C2C2C2C2C2C2C2C2C2C2C2C2C2C4A
:1004F0002E2C2C2C2C2C2C2C2C2C2C2C2C2C2C2C3A
:100500002E004FF0FF307047B0F5003FFBD0B0F544
:10051000403F18BF4FF0FF30704700BF4FF080439F
:100520000122DA60704700BF70B5012002241E4B23
:100530001E4A1F49C3F8C040C3F89000116000F084
:100540006BFC1C491C4A0B6823430B605378FF2B40
:1005500025D053780133DBB2537000F069FC00F012
:100560005BFC114B5A6C12F4004214D101214FF480
:10057000807440F202264FF40075C3F81062C3F88D
:100580001C12C3F8C410C3F81852C3F800225C65EB
:10059000C3F800129C65BDE8704000F049BC00F053
:1005A00047FC12F027F9DAE700100040CC4E00209B
:1005B00055FA0000BC4E0020C44E0020344BD3F846
:1005C0004031DA0760D4334B98420BD0324B98421B
:1005D00049D0A3F18B73A3F5A633984233D06FF0C3
:1005E000010070474FF09C4292F85303B2F8523327
:1005F00092F852232949C0F34000C3F3431302F099
:100600001F025B0110B443EA4023254C1343204AE8
:100610006382D2F8443103F040430B43C2F84431C3
:10062000D2F8403143F00503C2F84031936C1B030C
:10063000FCD5D2F84431002043F000435DF8044B70
:10064000C2F8443170474FF09C4292F85103B2F81F
:10065000503392F850231349C0F34000C3F34313BF
:1006600002F01F02CDE74FF09C4292F85503B2F81A
:10067000543392F854234FF0FA61C0F34000C3F3AF
:10068000431302F01F02BCE74FF0FF30704700BF7A
:1006900000100040002062050000DC05E9DE800853
:1006A000001100409A999909064BD3F8442122F091
:1006B0000042C3F84421D3F8402122F00102C3F8DC
:1006C0004021704700100040B0F5803F09D200F48F
:1006D0007F43B3F5807FC0B20FD0B3F5007F07D062
:1006E0000BB1002070471E288CBF002001207047EE
:1006F0000E288CBF00200120704706288CBF0020E8
:100700000120704710B500F087FB0022034B1C68E6
:100710001A6000F08DFB204610BD00BF3C4E00204B
:10072000064A08B5106010B1054B1B680BB90020D4
:1007300008BD00F04DF9002008BD00BF384E002074
:100740003C4E00202DE9F047064686B0EFF390843A
:10075000012383F39088EFF3108783F31088634DB0
:10076000634A2968136813B113681B681943614B06
:100770005B68C3F308334BB187F310884FF0000A6E
:1007800084F39088504606B0BDE8F08701F004007D
:1007900089071AD50028EFD187F31088EFF39086E8
:1007A000012383F3908853482B68116811B11168B5
:1007B00009680B435B0772D430BF4368C3F3083347
:1007C000002BF1D086F39088D8E74B49D1F8C030A0
:1007D00003F00303012B6BD06FF4FA78DFF838C114
:1007E0004649DCF80431F31A43448B42D2D8444AD8
:1007F0004449136901A823F0010313611422DCF8B2
:100800004480DCF8449117F04DFD042140F244404F
:1008100017F0B4FC202000F013FB3B4B963E5E62C9
:100820003A4E3568002D4BD0AB68D90745D5D5E990
:10083000033200210120984700283ED001224FF0CA
:10084000FF3A334B1A7001222F4B3249DA602020D5
:100850005A650B6800F0F4FA232140F244402E4D13
:1008600017F08CFCD5F84031012BFBD1142201A9E3
:10087000244817F017FDC5F84491C5F8448017F0D7
:10088000EBFC356825B3AB685A071ED5D5E90332B2
:10089000002104209847C0B187F3108870E74368AF
:1008A000C3F30833002B3FF47FAF86F3908865E7EE
:1008B0008B6C9B037FF560AF8EE72D68002DB3D165
:1008C000FFF72EF94FF0000ABDE72D68002DDAD1B1
:1008D000124D28680028DFD00423836000F082F8DE
:1008E00000222B689A6087F3108849E7BC4E0020ED
:1008F000B84E002000ED00E0001000400AFEBFFFEF
:1009000000E002E04C21024000200040404E002068
:10091000082D00200030004000200240384E00200A
:1009200010B4EFF3908C012383F390880F4C10499F
:10093000104823680A6812B10A68126813435B07FB
:100940000AD430BF4368C3F30833002BF1D08CF3D3
:1009500090885DF8044B70474368C3F30833002B5D
:10096000E7D08CF390885DF8044B7047BC4E0020B4
:10097000B84E002000ED00E040F661010C4A08B5D9
:100980000C48D2F8183103400B43C2F81831D2F8A2
:100990001C3103400B43C2F81C31FFF727FAFFF765
:1009A000C3FD4FF08042536943F00103536108BD1A
:1009B0000010004000F0FFFF08B510F0E1FF11F05B
:1009C00045FA4FF000414FF0FF3017F003FDF8E714
:1009D0000346012202491A7308681FF015BD00BFC3
:1009E000200902000346002210B50469806824F043
:1009F00001041A7364086400214622462346B7EEB8
:100A0000000AF7EE000AB7EE001AF7EE001AB7EE8A
:100A1000002AF7EE002AB7EE003AF7EE003AB7EEFA
:100A2000004AF7EE004AB7EE005AF7EE005AB7EE6A
:100A3000006AF7EE006AB7EE007AF7EE007A1FF070
:100A4000E3FD10BD38B505460C4600F0E5F900227F
:100A50006B68C4E900232BB11C606C60BDE83840B2
:100A600000F0E6B92C606C60BDE8384000F0E0B9F9
:100A700038B50C46054600F0CFF9D4E9002332B171
:100A800053603BB11A60BDE8384000F0D1B96B60EB
:100A9000002BF7D12A60BDE8384000F0C9B900BF8B
:100AA00038B50A4C0846256802F07AFA2368196AB4
:100AB000E86129B1084601F073FD002223681A623B
:100AC0001846BDE83840FFF783BF00BFD04E002076
:100AD00038B50A4C0846256802F062FA2368196A9C
:100AE000E86129B1084601F05BFD002223681A6223
:100AF0001846BDE83840FFF76BBF00BFD04E00205E
:100B000038B50A4C0846256802F04AFA2368196A83
:100B1000E86129B1084601F043FD002223681A620A
:100B20001846BDE83840FFF753BF00BFD04E002045
:100B300038B50A4C0846256802F032FA2368196A6B
:100B4000E86129B1084601F02BFD002223681A62F2
:100B50001846BDE83840FFF73BBF00BFD04E00202D
:100B600038B50A4C0846256802F01AFA2368196A53
:100B7000E86129B1084601F013FD002223681A62DA
:100B80001846BDE83840FFF723BF00BFD04E002015
:100B900038B50A4C0846256802F002FA2368196A3B
:100BA000E86129B1084601F0FBFC002223681A62C3
:100BB0001846BDE83840FFF70BBF00BFD04E0020FD
:100BC00038B50A4C0846256802F0EAF92368196A24
:100BD000E86129B1084601F0E3FC002223681A62AB
:100BE0001846BDE83840FFF7F3BE00BFD04E0020E6
:100BF00038B50A4C0846256802F0BAF92368196A24
:100C0000E86129B1084601F0CBFC002223681A6292
:100C10001846BDE83840FFF7DBBE00BFD04E0020CD
:100C20000846A3F10201B1FA81F138B5094C49092E
:100C3000256802F03DF92368196AE86129B1084680
:100C400001F0AEFC002223681A621846BDE8384065
:100C5000FFF7BEBED04E00200846A3F10301B1FA53
:100C600081F138B5094C4909256802F04FF923682C
:100C7000196AE86129B1084601F092FC0022236854
:100C80001A621846BDE83840FFF7A2BED04E0020D9
:100C900038B50A4C0846256802F0FEF82368196A40
:100CA000E86129B1084601F07BFC002223681A6242
:100CB0001846BDE83840FFF78BBE00BFD04E00207D
:100CC00010B58CB00021242203A817F029FB4FF4A3
:100CD000A053094A09490A4C05A8029104920693B7
:100CE000079401F0B9FC012302A801A9039307F0BE
:100CF000A9FA0CB010BD00BF5D81FF7F1271000129
:100D000009060006F0B58BB028220021684617F0CE
:100D100007FBFFF731FE01F0D9FB002861D100F09D
:100D2000F1F800286AD107F009FB002863D1694671
:100D3000364802F0B7FE002856D14FF0004017F0B9
:100D400091FB4FF0005017F08DFB4FF0804017F0F3
:100D500091FB2F4C2F4E4FF000414FF0FF3017F01A
:100D600039FBC3060FD52146102017F03BFB236843
:100D700053B345F6F022934208D06FF080016068CB
:100D800017F050FBE7E717F055FBE4E7D4E9015310
:100D9000002B37DA2369042B34D132460021284650
:100DA00017F028FB03461722042B4FF0AC013068E4
:100DB0000CBF00276FF080071FF07CFB08B339469B
:100DC000284617F02FFBC6E7A068C00F02F0CEFD43
:100DD0002046656801F09AFC0146284617F022FB80
:100DE000B9E717F027FB9AE7FFF76AFF0028A4D0BE
:100DF00017F020FBA1E717F01DFB98E717F01AFB8F
:100E000091E730606FF08007D9E700BF5D81FF7F19
:100E1000D44E0020D04E0020EFF39080EFF31083EB
:100E2000012282F3908872B643EA0020704700BF27
:100E3000C30700D462B6000A80F39088704700BFF1
:100E40001FF014BB1FF0C8BA034B53F8203013B186
:100E5000D3E9012010477047044F00201FF0A4BAC7
:100E600010B5044648B153B118681B7AC4E9012093
:100E7000084A216042F821403BB9204610BD054890
:100E8000626040F82140A360216008461FF08CFAA0
:100E9000204610BD044F002030B100214FF0FF323A
:100EA0000123016042600372704700BF00B5EFF399
:100EB0009083EFF3108C4FF0010E8EF3908872B692
:100EC0001CF0010FC0E901124CEA032300D162B605
:100ED0001B0A83F390885DF804FB00BF704700BFD6
:100EE0004FF0FF3108B5034807F062FCB0FA80F01C
:100EF000400908BDD04F0020014807F063BC00BF87
:100F0000D04F002038B5184D2B7813B1002420465F
:100F100038BD00F0E7FA0446F8B900F067FA214658
:100F2000204600F067FCD8B118F038FE044600F007
:100F30008DFC002CEBD117F0C5FA70B90B4C94F86E
:100F4000503013B101232B70E0E70121204607F058
:100F500029FC012384F85030F4E76FF08304D6E7CE
:100F60006FF0F904D3E700BF816C0020D04F002060
:100F70002DE9F047DFF8948088B004AE86E80300DE
:100F80004FF0FF31404691461F46DDF840A007F084
:100F90000FFC80BB012388F851307FB3CAF80000F2
:100FA000054696E8030007AA19F09EFD044658B1CD
:100FB00010F1FA0F88F851501DD0404607F002FC9E
:100FC000204608B0BDE8F0870146DDE91123CDE9F0
:100FD000017A0798CDF800901AF0B8F8044696E820
:100FE000030019F04FFE002818BF044614F1FA0F51
:100FF00088F85150E1D16FF0F904E1E740466FF015
:10100000890488F8517007F0DDFBD9E7D04F002044
:101010002DE9F0431E4F89B004AD85E803004FF081
:10102000FF3138469046994607F0C2FB60BB01236A
:10103000064695E8030007AA87F8513019F054FDD9
:10104000044658B110F1FA0F87F851601CD03846A9
:1010500007F0B8FB204609B0BDE8F0834A46414698
:10106000CDE90100109B009007981AF06FF8044634
:1010700095E8030019F006FE002818BF044614F195
:10108000FA0F87F85160E2D16FF0F904E2E700BF90
:10109000D04F00202DE9F04F9046282295B005460C
:1010A0004FF0FF3A0F460DEB02000021059317F0B9
:1010B00037F90023394CD5F808B051462046CDF811
:1010C00024A00793CDF820B007F072FB78B9012275
:1010D00008AE814696E8030084F851200AAA1AF067
:1010E000B3FF10F1FA0F84F85190049005D16FF01E
:1010F000F903184615B0BDE8F08F204607F062FBF3
:10110000049B002BF5D10AA807F078FB04460AA837
:1011100007F072FB2B78000A082B11D088B1012848
:1011200038D11F99CDE908BA00911E9B059A96E81F
:101130000300FFF76DFF0346184615B0BDE8F08FBA
:1011400028BB1F99CDF820B002911E99434601910A
:101150004FF0FF31099107A900913A4696E8030044
:10116000FFF706FF03460028C3D107994CB104F1ED
:101170001F0252090132B1EB820FBAD0B1EBC20F9C
:10118000B7D06A688A4218BF6FF08303B1E76FF087
:101190008403AEE76FF08503ABE700BFD04F0020BC
:1011A000F0B58FB06D462A4F85E803002822002154
:1011B00004A817F0B5F84FF0FF31384607F0F8FAF9
:1011C000E8B90123064695E8030004AA87F85130E0
:1011D0001AF03AFF044668B9059B1A0A012A2FD172
:1011E000DBB2802B24D095E8030003AA19F07CFC25
:1011F000044638B114F1FA0F87F8516012D16FF03C
:10120000F90412E0039819F025FD044695E803005F
:1012100019F038FD002818BF044614F1FA0F87F8BA
:101220005160ECD0384607F0CDFA20460FB0F0BD43
:10123000384687F8514007F0C5FA20460FB0F0BD98
:10124000384687F8514007F0BDFA6FF08604ECE7A6
:10125000D04F0020F0B583B06D46124E85E80300F4
:101260004FF0FF313046174607F0A2FA70B901235C
:10127000044695E803003A4686F851301AF0E4FE39
:1012800010F1FA0F86F85140044604D16FF0F904CA
:10129000204603B0F0BD304607F094FA204603B074
:1012A000F0BD00BFD04F002010B51CF05DFD04461E
:1012B0002920FFF7C5FD2920FFF7C4FD21460E4870
:1012C0001CF026FD00200D4A0D4992F800320870EE
:1012D000022B0BD0012B00D010BDD2F80432002B12
:1012E000FAD0BDE81040D2F8080218470548BDE81A
:1012F000104007F067BA00BF1035002010340020FE
:10130000836C00205850002010202F4930B5D1F8B0
:10131000FC332E4A23F4E06323F0010343F44073CB
:1013200043F00103C1F8FC3383B090611369D80620
:10133000FCD54FF0004540240021254B254A264886
:10134000C3F8102F254A55605460D3F8002F42F09F
:101350000402C3F8002FC3F8081FD3F8102F22F09F
:101360008802C3F8102F1CF021FB40B1FF24032397
:10137000012269460094ADF804301CF0B9FF144A0C
:10138000D2F8003FD907FBD44FF0BE450120144BE3
:10139000144C0F491D605C60C2F8000FD1F8003F8B
:1013A0009B07FBD50E4B1B68002B09DB002318465F
:1013B0000D4A13700222064BC3F8002F03B030BD54
:1013C0004FF0FF30F6E700BF00400240000002404F
:1013D00000300F40FCFCFFFF2809020000300540F0
:1013E00000000F4047365A4F826C0020F0B585B0A0
:1013F000FFF712FD124E0446357825B12046FFF75F
:1014000017FD05B0F0BD4FF0FF3701A8FFF744FD11
:101410000C4A01AB29210C488DF80C500297FFF7BC
:101420001FFD0121094807F0BDF92946084807F0CA
:10143000B9F9012320463370FFF7FAFC05B0F0BD7F
:10144000846C0020A91201003C500020A85000200C
:1014500058500020164803780BB10020704770B434
:10146000144AD2F8003FD907FBD44FF09E4601241E
:10147000114B124D0F491E605D60C2F8004FD1F84C
:10148000003F9A07FBD50C4B1B68002B0DDB022499
:1014900010230B4AC1F8004F53621369DB06FCD4DA
:1014A00001230370002070BC70474FF0FF30FAE753
:1014B000826C002000300F4000000F4047365A4F2A
:1014C00000000240012804D0043818BF4FF0FF305C
:1014D000704708B5FFF7BEFF003818BF0120404233
:1014E00008BD00BFF8B5454C237833B1444D4FF4E7
:1014F0008270FEF7B1FD2868F8BDFFF78DFC102162
:10150000404AD2F8FC3323F4E06323F0010343F4B0
:10151000407343F00103C2F8FC33A2F580429161AD
:101520001369DF06FCD54FF0004640250021364BFD
:10153000364A374FC3F8107F56605560D3F8002FF6
:1015400042F00402C3F8002FC3F8081FD3F8102F8D
:1015500022F08802C3F8102FD3F8E02F8A4238DB3C
:10156000D3F8E02F160212D5FFF762FC1CF0CAFB7D
:101570000646002834D04FF0FF33214D2B60012167
:10158000244A23781170002BB1D12868F8BDD3F814
:10159000002FD507FBD44FF04F4501211E4A15609F
:1015A0001E4D556002F54052C3F8001FD2F8003FAF
:1015B0009907FBD5184B1B68002B1BDB0225184B2A
:1015C0001149C2F8005FD1F8E02F1202CCD4013BE0
:1015D000F9D14FF0FF330A4D2B60FFF729FCCEE71E
:1015E0000121074D03460F4A0F482170FEF7D6FC34
:1015F0002E60C4E70223C2F8003FEAE7856C0020B2
:10160000385000200040024000300F4000300540BC
:10161000FCFCFFFF092D002000000F40465772031D
:10162000FFFF0F00C51401002450002070B50021F9
:10163000654807F0BDF818B16FF00304204670BD8F
:101640000646624C01464FF480722046C4F8086298
:1016500016F066FE4FF480725D4D3146A01816F00C
:101660005FFE2B78002B40F0A6800120FEF7AAFC3D
:10167000584B59491A78594B012A08BF1946584AFC
:10168000536843F00403536002F52022D2F8003F70
:10169000DB07FBD44FF01740524B534E186001202C
:1016A0005E609960C2F8000FD2F8003F9E0709D42F
:1016B0004B4A4E49536843F008035360D1F8003F4A
:1016C0009807F7D5474A136813F0FF0361D01668EF
:1016D00000220221454BC4F80822414AC3F8001FEA
:1016E0005368394823F00403536007F06BF8F6B2EF
:1016F0000120FEF78BFC872E63D10021324807F0D2
:1017000057F80646002897D101464FF48072C4F876
:1017100008022E4816F004FE4FF480723146344819
:1017200016F0FEFD2B78002B48D10120FEF74AFC75
:101730002E4AD2F8003FD907FBD401234FF03C508A
:1017400028490860C2F8003FD2F8003F9A070AD43F
:10175000234A01F54051536843F008035360D1F820
:10176000003F9B07F7D500221E4B02251B681F492F
:10177000DBB29B1A18BF0123C1F8005F1248C4F8FE
:1017800008225C4207F01EF80120FEF73FFC2046CD
:1017900070BD02261549124AC4F80832C1F8006F1C
:1017A0005368094823F00403536007F00BF8012045
:1017B000FEF72CFCA1E7FFF7A7FD56E7FFF7A4FD16
:1017C000B3E74FF0FF3439E7A85000201034002071
:1017D000826C0020092D0020040002001400020089
:1017E0000030054000000F4047365A4F00300F4090
:1017F00010350020024670B511480D46114606F01E
:10180000D7FF08B1002070BD0E4E014604464FF4CC
:1018100080723046C6F8085216F082FD4FF480728E
:101820002146B01816F07CFD074B1B7823B9012028
:10183000FEF7C8FB012070BDFFF766FDF7E700BFAC
:10184000A850002010340020826C0020002208B52F
:10185000054B0648C3F8082206F0B4FFBDE808406F
:101860000120FEF7D3BB00BF10340020A850002099
:1018700038B51D4B1B789BBB1C4BD3F808429442D8
:101880002BD1042883F80002C3F804124FF029007A
:1018900014D0FFF7D5FA2920FFF7E0FAFFF7BCFADA
:1018A000054612481CF030FA044668B90122104B74
:1018B00028461A70FFF7BCFA204638BDFFF7C0FA79
:1018C0002920FFF7BFFAE9E72846FFF7B1FA2920F8
:1018D000FFF7B6FA2920FFF7B5FA4FF0FF34EBE730
:1018E0006FF00204E8E700BF826C00201034002093
:1018F000836C002010B5184C94F80032022B1BD0DA
:10190000042B04D0012B15D04FF0FF3010BD04F58F
:1019100080701CF031FA0022104B0E301A7017D074
:1019200094F80032042B10D1D4F8043213B1D4F857
:1019300008029847002010BD4FF0FF31084806F01C
:1019400037FF94F80032042BEED0022BECD0F1E7F5
:101950006FF0010010BD00BF10340020836C002028
:101960005850002070B5144EFFF756FA3478FCB189
:1019700005462920FFF764FA2920FFF763FA284675
:10198000FFF756FA0D481CF0F7F9014600230E3117
:101990000CBF6FF001041C46094A0A483370C2F8B4
:1019A000083206F00FFF0120FEF730FB204670BD25
:1019B000FFF73EFA204670BD836C002010350020F2
:1019C00010340020A8500020084BD3F80031002B21
:1019D0004FEA136003F4803206DA00F07F004042E1
:1019E0001AB920F48030704710437047103400203B
:1019F000014BD3F8040170471034002003460A4617
:101A0000014802211CF0D4BB103500200A460149D0
:101A100016F048BC28350020034610220221014858
:101A20001CF0C6BB1035002003460A4601480221BF
:101A30001CF0BEBB1035002030B44FF08E450024A2
:101A4000034B1D605C61C3E9032130BC98607047A3
:101A500010340020D0B40F4606464FF0B854002191
:101A6000054BC2F30902C3E902671C601A615961A0
:101A70009961D0BC704700BF1034002010B44FF003
:101A8000000C4FF01C540A4BC1F3090141F00061F6
:101A90001C6018615DF8044B9A60C3F814C0C3F869
:101AA00018C0C3F81CC0C3F820C0D960704700BF7D
:101AB000103400204FF05C52014B98601A60704760
:101AC00010340020F8B590F8F73004465A1ED2B210
:101AD000022A2DD8284901338E5C03F0010294F8C4
:101AE000F6302068D4F8E470D4F8EC1003F00F035B
:101AF00008B3C81C20F003000AB943F010034FF0EC
:101B0000985C00221D4DC5E902176861C5F800C048
:101B10002A610EB943F02003AB61D4E901322A6295
:101B200003B1EB610023D4F8D420C5E90A23F8BD42
:101B300001263246D3E70AB943F010034FF0905024
:101B400000220E4DC5E90217696128602A610EB9AD
:101B500043F020030026AB6104F10C02D4F8F0300E
:101B60000E210648EE611CF0EFFA0023D4F8D420D1
:101B7000C5E90A23F8BD00BF78090200103400202F
:101B800002464FF0C853F0B51B480024036092F89A
:101B9000B630B2F8B2C0022B0CBF072606260CF1F5
:101BA0001F0C164DB2F8B4304FEA5C1C5FFA8CFE85
:101BB0000CF1010C073305EACC4CD2E90175C0E900
:101BC000064CC0E90844C462C3F3C7040EEB0E2EF2
:101BD00044F0804446EA0E46C46002F110044561B8
:101BE0008660076184620C21BDE8F040D2F8C42011
:101BF000DB081CF0A9BA00BF103400200000FF0F62
:101C000070B4037FC46A022B4FF00001C38908BF80
:101C1000066B856B0CBF002400264FF0C8501F33A5
:101C2000C3F3471303EB0323084A1B0443F00103E8
:101C3000C2E904659461C2E9071170BCC2E90911E7
:101C400093601060D160D162704700BF10340020F3
:101C50004FF0C85290F80CC00021BCF1080F0CBF27
:101C60004FF02A0C4FF0160C0E4B10B41A60C289BC
:101C70000D4C1F32C2F3471202EB02224CEA024221
:101C80009A60C26AC3E90711C3E90911DC60D9622D
:101C9000446B016B1A61826B1C63C3E905215DF81B
:101CA000044B7047103400200401008038B5124CFA
:101CB00005464FF480720021204616F031FB4FF4A8
:101CC00080720021A01816F02BFB4FF41012002395
:101CD0004FF0C8510948E26105F15002C4E90833E8
:101CE000A060E360A86AA262EA6AE3622B6B2061EB
:101CF0002160A261636138BD103400202B00080808
:101D000038B5134C05464FF480720021204616F07A
:101D100007FB4FF480720021A01816F001FB00238E
:101D20004FF0C8520B49E360A160A96AC4E90933C6
:101D3000E362B5F848302161C3F30B03E3612B6B19
:101D4000226063616B6BA3616B6C236238BD00BF63
:101D5000103400202D000808F8B50E4C0D4606463C
:101D6000174600214FF48072204616F0D9FA4FF43E
:101D700080720021A01816F0D3FA00234FF0905281
:101D800023613523C4E90256C4E90553E7612260A3
:101D9000F8BD00BF1034002038B5154C05464FF48F
:101DA00080720021204616F0BBFA4FF480720021A9
:101DB000A01816F0B5FA00234FF0C8520D49E360A1
:101DC000A1606362E96AE362B5F848302161C3F358
:101DD0000B0343F49003E36105F15003A3622B6B03
:101DE000226063616B6BA3616B6C236238BD00BFC3
:101DF000103400203000080870B50546134C4FF42D
:101E00008072002120462E6916F08AFA4FF4807203
:101E10000021A01816F084FAF368686C2363AB6B9A
:101E20000821A361B5F848304FF0C852C3F30B0343
:101E3000C4E9073000230648C4E90433C4E90201B9
:101E400022606362A362E362636370BD10340020AA
:101E5000310008082DE9F047044682B0E76F894653
:101E6000904600214FF480724F4816F059FA4FF413
:101E7000807200214D4816F053FA7B1E0E2B2379F9
:101E800098BF1027222B00F08480282B19BF6FF0F9
:101E90000F0A0026A668A6F1100A4FF08072424D84
:101EA0004FEA09332A60626A43EA482343F48043D5
:101EB000EA60A26A43F07003AA61226AEB62D4F876
:101EC0008C306F612F626A62AB60B9F1000F02D093
:101ED000D4F8F4302B63B8F1000F5ED0D4F8F430AE
:101EE0006B6394F89830012B12D0082B0BD8012289
:101EF00002FA03F313F4AA7F07D094F89920216B18
:101F00002B4816F0CFF9EA6A05E013F0A80FFAD0D3
:101F1000EA6A42F40042BAF1100F8EBF0021254B4D
:101F200053F82A1094F899301B0603F0F853134322
:101F30000B43EB622379222B25D0D4F8F020D4F880
:101F4000F8300192C3B104221B480DEB020116F0D8
:101F5000A9F9EB6A43F48073EB624FF08072D4F816
:101F60008810D4F8F43069662A6413B1D4F880304C
:101F7000AB6602B0BDE8F087324604F19B010E4823
:101F800016F090F9E9E73246A1680B4816F08AF995
:101F9000E3E7E668A6F1100A7FE794F89A20E16A81
:101FA000064816F07FF99CE7103400201035002019
:101FB00094340020340902005434002044340020BA
:101FC0002DE9F047044682B0E76D8946904600212E
:101FD0004FF48072544816F0A3F94FF48072002138
:101FE000524816F09DF97B1E94F804C00E2B98BF42
:101FF0001027BCF1220F00F08D80BCF1280F19BF13
:102000006FF00F0A0026A668A6F1100A4FF0807341
:10201000454D4FEA09322B60636A42EA4822EB6081
:10202000A36A42F48040AB61236A40F050006B62C7
:10203000E36E6F612F62AB60E862B9F1000F02D00E
:10204000D4F8E4302B63B8F1000F02D0D4F8E430B8
:102050006B6394F87C30012B48D0082B0ED80121FB
:1020600001FA03F313F4AA7F3DD094F88020216B8A
:102070002F4816F017F9E86A94F804C0BAF1100F67
:102080008CBF00212B4B94F8802098BF53F82A1066
:1020900094F8813012061B0503F4700302F0F85225
:1020A000134303430B43BCF1220FEB6236D0D4E958
:1020B0003A230192FBB104221F480DEB020116F0F6
:1020C000F1F8EB6A43F48073EB6294F88120E2B993
:1020D000A26ED4F8E4306A6613B1D4F8D430AB669B
:1020E00002B0BDE8F08713F0A80FC7D042F440401B
:1020F00040F05000C2E732460F4804F1820116F06A
:10210000D1F894F88120002AE2D0E16A0B4816F059
:10211000C9F8DDE7E668A6F1100A77E73246A1685C
:10212000054816F0BFF8D0E7103400201035002025
:1021300094340020340902005434002084340020F8
:102140002DE9F043036A90F804C0DF68BCF1220F68
:1021500007F1030683B026F00306D3E901893FD0D7
:10216000BCF1280F31D090F8285005F0FB03022B6A
:102170004BD06FF00F020023043D18BF0125ED0383
:102180004FF0807E254C102AA760C4F800E005D8E7
:10219000DFF890E05EF8222045EA0245BCF1220F0C
:1021A000E56221D0426C0192826C1ABB1A461C482F
:1021B00016F078F80023C4E90579C4F80C8026628B
:1021C0002361E36103B0BDE8F0838368A3F11002EB
:1021D00090F8285005F0FB04022CCDD10025CFE764
:1021E000C368A3F11002F3E70A460C4811211BF063
:1021F000ABFFDFE704220A480DEB020116F052F8AC
:10220000E36A43F48073E362D4E700234FF0807203
:10221000024CA7602260E362C4E700BF10340020D4
:10222000543400207C0902002DE9F041866B0446FD
:1022300000790F3626F00F062228B04682B047D02C
:1022400028283AD094F8485005F0EF03022B54D0D8
:102250006FF00F020023222D48F2200708BF20272D
:102260004FF0807C294D102AAE60C5F800C005D81B
:10227000DFF8A0C05CF8222047EA02472228EF627C
:102280002AD0226D0192626D62BB1A46204816F078
:1022900009F804F1200210230D211C481BF054FF03
:1022A000D4E90C32EB6000236E61AA61C5F820808E
:1022B0002B61EB6102B0BDE8F081A368A3F11002CD
:1022C00094F8485005F0EF07022FC4D12027C7E744
:1022D000E368A3F11002F3E70A460C4811211BF052
:1022E00033FFD6E704220A480DEB020115F0DAFFAE
:1022F000EB6A43F48073EB62CBE74FF08073034DDE
:102300002B602023AE60EB620023BAE7103400207C
:10231000543400207C090200F0B5476C90F804C0EA
:10232000FE1CBCF1220F044683B026F0030646D003
:10233000BCF1280F38D090F8400000F0FB03022BCE
:1023400052D06FF00F0E0023042848F2100008BF8F
:1023500010204FF08072294DBEF1100FAF602A603F
:1023600004D8274A52F82E2040EA0240BCF1220F3E
:10237000E86228D0E26C0192226D52BB1A462148D5
:1023800015F090FF04F1200210230D211B481BF0D3
:10239000DBFED4E90C32EB6000236F61AA612E6290
:1023A0002B61EB6103B0F0BD8368A3F1100E94F8CC
:1023B000400000F0FB02022AC6D11020C9E7C36822
:1023C000A3F1100EF3E70A460C4811211BF0BCFEE6
:1023D000D8E704220B480DEB020115F063FFEB6A0E
:1023E00043F48073EB62CDE74FF08073034D2B60B5
:1023F0001023AF60EB620023BCE700BF1034002065
:102400007C09020054340020F8B505460C461646F7
:1024100000214FF4807223482F6D15F081FF4FF497
:1024200080720021204815F07BFF95F84930022B7F
:102430002B6D1ED00F2B25D908224FF0000C4FF02A
:102440009851184B84F0010486F00106240144EAF7
:1024500046141960E96C1443082AD9609C61D5E9D7
:1024600015019F60C3E907015F6108BFC3F828C079
:10247000F8BD0F2B4FF0090210D8C7F1100C4FB167
:102480001027DCE78021EA6CC7F1100CD154082238
:10249000002FF5D167464FF00F0CD0E74FF0000C3E
:1024A000CDE700BF103400201035002010B400220A
:1024B0004FF08064044B89B21C60C3E903025DF8ED
:1024C000044B9960704700BF1034002008B54FF4EA
:1024D000F8620021024815F023FF002008BD00BF6C
:1024E000F85000200023F0B583B001930B68002B57
:1024F0004DD11446002A4DD00646136001A80D4662
:1025000000F0AAF8C8B9254B1A6862B3D3F8F820CE
:102510005AB3D3F8F0215AB3D3F8E8225AB3D3F818
:10252000E02362B1D3F8D82442B3D3F8D02542B324
:10253000D3F8C82642B36FF0840003B0F0BD05277E
:1025400004224FF0010CC2EB4212D10043F801C04B
:102550000C3103EBC2020B440199966051602F606D
:10256000236003B0F0BD0127EBE702270122E8E773
:1025700003270222E5E704270322E2E706270522D4
:10258000DFE707270622DCE708270722D9E76FF0F5
:102590008800D2E76FF08600CFE700BFF850002038
:1025A0000023F0B5046883B0013C072C019303605D
:1025B0001ED801A800F050F80546B0B90F4EC4EB84
:1025C0004414E700F35906EBC404012B10D16268F0
:1025D000019B9A420CD107F10C00EC2229463044B1
:1025E00015F09EFEC4E90155F551284603B0F0BD33
:1025F0006FF08605284603B0F0BD00BFF8500020FC
:10260000002370B54C1E82B0072C01931BD81546D1
:10261000EAB1064601A800F01FF890B90D4AC4EBD4
:102620004414E300D15802EBC40401290BD1A16882
:10263000B14208D1646801998C4204D10C3313442F
:102640002B6002B070BD6FF0880002B070BD6FF0FB
:102650008600F6E7F85000200346024A0020126880
:102660001A607047B8580020002110B582B0CDE93B
:1026700000111146D0E90042302A3ED194F82C20B6
:102680000346022A35D01AB900F002FC02B010BD90
:102690001D4824680068013ACDE90040072A2FD878
:1026A000DFE802F022271D18130E090418466A46B7
:1026B00000F050F9EAE718466A460DF0D3FBE5E76B
:1026C00018466A460DF07CFBE0E718466A460DF0B6
:1026D00049FADBE718466A460DF000FCD6E71846D3
:1026E0006A4600F015FBD1E718466A4600F002FA88
:1026F000CCE718460DF0D0FCC8E76FF08000C5E7C6
:102700006FF08500C2E700BFB85800202DE9F04304
:102710009DB0044620220021684615F001FE2022CB
:1027200000210DEB020015F0FBFD3022002110A866
:1027300015F0F6FDE3698BB9A369002B40F0BD806D
:102740006369002B40F0D0802369002B40F0E480C7
:102750006FF0830948461DB0BDE8F083E36A002BA3
:1027600040F0F280A36A4FF00408002B40F0CC80C8
:10277000636A02271BB9276A003F18BF012730236D
:102780000021606810AA15F035FE3028E0D110ABAA
:10279000B8F1010FCDE9003014D060690390002832
:1027A0005BD1B8F1020F02900CD0A069059000280F
:1027B0005DD1B8F1040F049061D1E0690790002861
:1027C00071D10690002F5ED0206A099000283FD179
:1027D000012F089012D0606A0B90002842D1022F7E
:1027E0000A900BD0A06A0D90002857D1042F0C90AE
:1027F00004D1E06A0F9000285AD10E90A268544B81
:1028000041461A60684608AA3B461646FFF72CFF69
:1028100000258146336823B129467268606815F047
:1028200049FE0135AF4206F10806F3D1B8F1010FB8
:1028300090D001255DF835301BB12946606815F050
:1028400029FE01354545F5D148461DB0BDE8F08368
:102850000021606815F026FEBAE70121606815F0D6
:1028600011FE9EE70121606815F01CFEB7E702210A
:10287000606815F007FEB8F1040F04909DD04FF08A
:102880000308002FA0D1A06831493B46086008AA80
:1028900041466846FFF7E8FE8146C7E702216068C7
:1028A00015F000FEA2E70321606815F0EBFD88E754
:1028B0000321606815F0F6FD9FE7E36A03BBA36A96
:1028C0004FF00308002B3FF453AF0327B8463023E3
:1028D0000021606810AA15F08DFD30287FF438AF14
:1028E00010ABCDE9003058E7E36A8BB9A36A4FF02B
:1028F0000208002B3FF43CAF03274FF00208E6E745
:1029000004274FF00308E2E703274FF00408DEE74F
:1029100004274FF00208DAE7E36A2BB9A36A03271A
:102920001BB94FF0010823E704273023002160681A
:1029300010AA15F05FFD30287FF40AAF10AB4FF0FE
:102940000108CDE900303FE70427B846BFE700BFE4
:10295000B858002000232DE9F043D0F8009091B042
:102960000746884650681168B9F82C5016460493FB
:1029700000F08CF9082D05906FD0B5F5847FD9F85B
:1029800008304CD01946042004AAFFF739FE04464B
:1029900068B140F608139D4205D1D9F80820D8F84F
:1029A00000301A600024204611B0BDE8F083B5F570
:1029B000C16F79D01BD8B5F5816F6CD00AD9B5F548
:1029C000A16F5ED1059AB9F82E10049805F038FB76
:1029D0000446E8E7B5F5027F56D0B5F5427F50D101
:1029E000D9F80C10049805F089FA0446DBE740F6A4
:1029F00008039D4263D040F608139D4223D1D8F8C6
:102A00000050D9F8083004982B6005F055FA0446B8
:102A10002846FFF7C5FD204611B0BDE8F083D8F881
:102A20000050042029462B6004AAFFF75BFD0446F2
:102A30000028B8D1D9F80410049805F0D9FA044652
:102A40000028AFD0E4E7B5F5E16F1AD1D8E900125C
:102A5000049805F065FA0446A5E708F10403D9F8DF
:102A600004200293D8E90043019301461046D7E9B8
:102A70000223009405F000FB0446204611B0BDE897
:102A8000F0836FF085048EE7D8F80010049805F005
:102A900023FA044687E7B9F82E100498D7E90223F1
:102AA00005F0B8FA04467EE7D7E90234B9F82E10EB
:102AB000DDE90402009405F0ADFB044673E7BD6850
:102AC0000146282206A8D8F8007015F029FC2846EF
:102AD000716806AA00F0DCF8044600287FF463AFB2
:102AE000049906A805AA05F01FFA059B04463B6059
:102AF00059E700BF2DE9F04306688DB004460D4646
:102B0000D2E90017384600F0C1F840F20162B38DF7
:102B10000090934263D026D940F60112934266D0CA
:102B200014D940F60122934246D12822002102A85E
:102B300015F0F6FBA068394602AA2C6800F0A8F848
:102B4000002800F098800DB0BDE8F08340F20172DB
:102B500093426AD040F6010293422DD100F08AFFE1
:102B60000DB0BDE8F08340F20142934269D008D92C
:102B700040F2015293421FD100F058FF0DB0BDE862
:102B8000F083012B1DD040F20112934214D1282270
:102B9000002102A815F0C4FB2C683946204602AA81
:102BA00000F076F80028CED102A800F099FF214667
:102BB00002A800F099F8C6E76FF085000DB0BDE8F7
:102BC000F08306460021282202A815F0A9FB304612
:102BD00002A92C6800F066FF0028B4D1E7E72B1D9E
:102BE000D5E9001200F07EFF30BB0020ABE72822C1
:102BF000002102A815F094FB00210846A4682D6866
:102C000000F044F803463946204602AA019300F03A
:102C10003FF8002897D1009802A901AA01F01AF8FC
:102C2000002890D1019B2B60DFE72B1DD5E9001216
:102C300000F07AFF0028D8D000236B600DB0BDE80B
:102C4000F083A6682822D4E90489002102A82C6810
:102C500015F066FB3946304602AA00F019F8002844
:102C60007FF471AF6B464A46414602A800F088FFE8
:102C7000009B236067E7694602A805F0E3FA002895
:102C80007FF461AF009B2360AFE700BF0846704749
:102C9000F0B58BB028B314461AB305460E46282269
:102CA0000021684615F03CFBA646EC460027BCE830
:102CB0000F00AEE80F00BCE80F00AEE80F009CE884
:102CC00003008EE80300D5E90012D5E902302D6932
:102CD000C4E90012C4E90405C4E9023638460BB061
:102CE000F0BD6FF08007F9E771B168B1D0E9042356
:102CF00070B4D0E9006584680020C1E90065C1E9CD
:102D0000024270BC0B6170476FF08000704700BFDB
:102D10002DE9F0474FF00009D0F8008086B0B8F8F0
:102D20002C5006460F46D2E90010CDF81490FFF75C
:102D3000ADFF032D64D040F203139D4200F0858067
:102D400040F203239D428246D8F8081041D040F259
:102D500003339D4216D13D680220296005AA294609
:102D6000FFF7C0FB044648B95146D8F8042005983F
:102D700001F0C2FB044600283ED10024204606B0E4
:102D8000BDE8F087022005AAFFF73AFC40F20353A2
:102D90009D42044646D040F203639D420CD040F26F
:102DA00003739D4267D00028E8D140F203439D425F
:102DB0005AD06FF08504E1E7D8F808203B681A6024
:102DC0000028DBD1D6E90212059801F0FDFD04468A
:102DD000D4E73D680220296005AA2946FFF782FB57
:102DE00004460028CAD15146D8F80420059801F0BD
:102DF000BBFA04460028C0D02846FFF7D1FBBDE748
:102E00007B68D8F8041001933B6800933B1D029344
:102E1000D6E9022301F07CFE04460028ADD0C7F8B5
:102E20000490ABE7D8F808203B681A600028A5D1C9
:102E3000D7E90212059807F10C0301F049FD044699
:102E400000289AD0C7F80C9098E7D6E90432D8F851
:102E50000410CDE90032D6E9022301F023FF044635
:102E6000204606B0BDE8F0870598D6E9021201F0C9
:102E700051FC044682E73D68D8F808302B600028F2
:102E80007FF47BAF059801F0FDFB0446B4E700BF7B
:102E9000D1E9000105F0C2B9053005289ABF034BFE
:102EA00053F820006FF08300704700BF780A0200DB
:102EB00000F12203222B13D8DFE803F01B181812AD
:102EC00012121212121212121212121212121212E2
:102ED0001212121818122518181815151B1E170093
:102EE0006FF0830070476FF0940070476FF08600BA
:102EF00070476FF09200704700290CBF6FF083009D
:102F00006FF0940070476FF088007047821C29D0E2
:102F1000431C14DA10300D2827D8012340F21D720B
:102F20008340134211D113F0E00F11D143F202029A
:102F3000134214BF6FF092006FF0830070470AD005
:102F4000002818BF6FF0830070476FF0860070474D
:102F50006FF09400704700290CBF6FF083006FF092
:102F6000940070476FF0880070476FF083007047DF
:102F7000283028289ABF034B33F910006FF08300E4
:102F8000704700BF240A0200203020289ABF034B5C
:102F900033F910006FF08300704700BFE0090200B2
:102FA000073007289ABF034B53F820006FF08300C7
:102FB000704700BFC009020000F44F43B3F5824FD1
:102FC00001D000207047C0B212280DD03028F8D1AF
:102FD000B1F5C07F21D0B1F5007F1CD0B1F5807F65
:102FE0000CBF052000207047B1F5C07F17D008D86E
:102FF000E0290ED0A1F58071B1FA81F149094800AC
:10300000704740F20923C91AB1FA81F149098800D1
:103010007047012070470720704706207047032043
:10302000704700BF00F44F43B3F5824F01D000203A
:103030007047C0B2302817D041280ED01228F6D1E0
:10304000B1F5C07F2AD01BD8E02921D0A1F580712D
:10305000B1FA81F1490948007047A1F1FF01B1FAC5
:1030600081F14909C8007047B1F5C07F14D0B1F5AE
:10307000007F0FD0B1F5807F0CBF05200020704786
:1030800040F20923C91AB1FA81F149098800704751
:1030900001207047072070470620704703207047C3
:1030A00000F44F43B3F5824F1AD1C0B2412825D066
:1030B0000FD8122816D0302812D1B1F5C07F29D0F0
:1030C000B1F5007F2AD0B1F5807F164818BF0020E7
:1030D0007047422804D1FF29134818BF00207047C9
:1030E00000207047B1F5C07F1AD00CD8E02913D06A
:1030F000B1F5807F0D4818BF00207047FF290C48AC
:1031000018BF0020704740F209230A48994218BFAF
:1031100000207047084870470848704708487047C3
:1031200008487047940C0300B40703005C110300C7
:10313000B0080300780D0300500B03007810030063
:10314000AC090300340F030030B583B004466D466C
:1031500001A80091FFF780FA95E8030084E80300D6
:10316000204603B030BD00BF82B002AB03E90300CC
:1031700002B07047284B98423ED00DD8274B98425A
:1031800042D0274B984216D1264B1B68002B0CBF10
:103190006FF0880000207047234B984224D003F53D
:1031A0008073984212D1214B1B68002B0CBF6FF02B
:1031B0008800002070471E4B984212D11D4B1B689F
:1031C000002B0CBF6FF08800002070471A4B98420C
:1031D00007D11A4B1B68002B0CBF6FF08800002032
:1031E00070476FF085007047154B1B68002B0CBFB4
:1031F0006FF0880000207047124B1B68002B0CBF3B
:103200006FF08800002070470F4B1B68002B0CBF2D
:103210006FF0880000207047004440040002C003A3
:10322000004040045C60002000015005545D002017
:103230000001C003F45E00200010C004185E0020EE
:10324000F85F0020B05D0020F85E002030B47E4CB6
:1032500022F0FF03A34211D004F58054A3420DD005
:10326000A4F58854A34209D022F4FF7424F0010489
:10327000B4F1062F02D0754CA34218D112F0FF030F
:1032800030D0714C21F0FF03A3424CD0704CA342CC
:1032900049D0A4F58854A34245D021F4FF7424F00A
:1032A0000104B4F1062F3ED0684CA3423BD001F09C
:1032B000FE44B4F1A06F44D102F0FE43B3F1A06F1D
:1032C0002ED182EA010333F47E1329D111F4004098
:1032D00027D0C1F30540C2F3054290428CBF0020C5
:1032E00001201EE001F0FE44B4F1A06F18D0B4F14B
:1032F000407F15D0B4F1106F12D121F01F6020F47F
:10330000702068B902F0FE43B3F1106F09D1514843
:10331000104040F01060401AB0FA80F0400900E020
:10332000002030BC704711F0FF00FAD04A4B40F04B
:1033300000709842F4D15140FF298CBF0020012039
:10334000EFE7B4F1407FD5D102F0FE43B3F1407F07
:10335000E6D182EA010333F47E13E1D13F4C0C4005
:10336000B4F1607F1AD0B0F5105F1AD13B4C12F463
:103370007C1504EA020423D0B4F1607FC2F3054552
:103380004AD0B4F1707F53D011F47C1FC1F30544CF
:1033900009D1581BB0FA80F04009C2E7B0F5885F48
:1033A000E4D00120BDE712F47C1F01D19C42F8D08B
:1033B00011F40040B5D0AC428CBF00200120B0E732
:1033C000B4F1607F15D0B4F1707F01D02B46DBE7FC
:1033D00000F4E043B3F5005FF8D14FF0010CC0F307
:1033E00002230CFA03F5000A012300F007008340D2
:1033F000CAE71B48D3B243F0007383421FD003F1E6
:103400007E43043B0F2BE1D81846164C54F823504A
:10341000154B53F82030B7E7114CD0B240F0007094
:10342000A0420FD000F17E4004380F28ACD8EFE75F
:1034300000F4E044B4F5005FA6D1000AD4E71023FD
:103440001D46A1E710239FE70003000600090006C0
:10345000001300060000FFF6FF0000020000C07F1E
:1034600003000002A00A0200A00A0200F8B5D0E999
:10347000043531EA03030688876949D114462AB323
:1034800022F0FF03244A934223D0244A934220D0BF
:10349000A2F5885293421CD024F4FF7222F001025C
:1034A000B2F1062F15D01E4A934212D004F0FE430B
:1034B000B3F1407F23D1230427D4A54206D0294667
:1034C00022463046FFF7C2FE054658B10025284681
:1034D000F8BD14F0FF03F0D0124A43F0007393429A
:1034E000EBD112E0BC42F2D0224639463046FFF71B
:1034F000ADFE002808BF6FF084052846F8BDB3F183
:10350000A06FD8D0074B9C42D7D16FF08605DEE77D
:103510006FF08405DBE700BF000300060013000620
:1035200000090006FF0000020D4A20F4FF7323F09B
:103530000103934212D00B4920F0FF028A420DD0C2
:10354000B3F1062F0AD0084B9A4207D0A3F5807337
:1035500098420CBF00206FF0860070470020704733
:1035600000020006001300060009000600F0FE43FA
:10357000B3F1407F1CD12C4B0340B3F1607F1FD0CF
:10358000B1F5105F14D110F47C1F07D1B3F1707F37
:1035900046D0002313606FF085007047C0F30541EB
:1035A000000C10F03C0F1160F5D0B3F1707F02D029
:1035B0006FF08600704710238B42F9D300207047CC
:1035C000B1F5885FF4D110F47C1F14D1174BC0B251
:1035D00040F00070984223D000F17E4004380F285C
:1035E000D7D8134B53F8201003291160D3D9114BAE
:1035F00053F82030E0E7030CC0F3054113F03C0F13
:103600001160C8D0094BC0B240F000709842D2D0CF
:1036100000F17E4004380F28E9D96FF0860070472A
:1036200010231360CAE700BF0000C07F0300000240
:10363000A00A0200A00A02002DE9F0475E4C1646DF
:10364000A0421D46DDF820809DF8247009D05B4C17
:10365000A04254D05A4CA04229D06FF08500BDE85A
:10366000F0870C01002F40F08C80564F3B78002BE8
:1036700040F09980DFF864A1DFF85C91484608F0DB
:10368000E1FC4946DAF80000C9E90086C9F80C40B7
:10369000C9F8085008F096FFFFF782FC3B78002B32
:1036A000DDD00122DAF800301B681A76D7E70C016A
:1036B000002F56D1434FDFF81C913B7823B10422F1
:1036C000D9F800301B681A76DFF80481404605F00F
:1036D000A3F84146D9F80000C8F80060C8F80840CF
:1036E000C8F8045005F076FBFFF75AFC3B78002B36
:1036F000B5D00122D9F800301B681A76AFE70C016B
:10370000FFB9304FDFF8C4903B7823B10422D9F8D9
:1037100000301B681A76DFF8B080404607F038FFAB
:103720004146D9F80000C8F80060C8F80840C8F859
:10373000045008F0EFFAFFF733FC3B78002B8ED0F3
:10374000D7E7214F384607F023FF204B394618684A
:103750003E60BC607D6008F0DDFABDE8F047FFF731
:103760001FBC1B4F384605F057F81A4B39461868EE
:103770003E60BC607D6005F02DFBBDE8F047FFF7C3
:103780000FBC154F384608F05DFC144B39461868DD
:103790007E60C7F80080FC60BD6008F013FFBDE8E4
:1037A000F047FFF7FDBB0422DFF830A0DAF8003065
:1037B0001B681A7660E700BF004440040010C00494
:1037C00000404004866C002064610020185E0020E8
:1037D000E06100205C60002054610020B05D0020AA
:1037E0002DE9F041354C20F47E10A0420E461546DE
:1037F00029D0334A90425DD1B3B9324FDFF8CC8043
:103800003B78002B50D1304C204608F09BFF2146DE
:10381000D8F800002660656009F046FBFFF7C0FBA2
:103820003B785BBBBDE8F081274C204608F08AFF5F
:10383000264B21461868C4E9006509F035FBBDE850
:10384000F041FFF7ADBB03BB1E4FDFF888803B782C
:1038500023B10422D8F800301B681A761C4C20468D
:1038600005F07AFB2146D8F800002660656006F076
:10387000DBFCFFF795FB3B78002BD3D00122D8F877
:1038800000301B681A76BDE8F081114C204605F027
:1038900063FB104B21461868C4E9006506F0C4FCC0
:1038A000BDE8F041FFF77CBB0422D8F800301B686C
:1038B0001A76A8E76FF08500B4E700BF0001400565
:1038C00000024005866C002028610020545D002025
:1038D000B4610020F85F00202DE9F04385B0074671
:1038E00068460E460BF0E2FD04231C4D1C4C0822DA
:1038F00000212846DFF86C908DF8003014F010FDA0
:1039000069462046C4E900590BF0EEFDDFF8588007
:10391000C8F80000F8B1F20039460BF007FEFFF7D7
:1039200033FB064668460BF0C1FD04230822002144
:103930000A488DF8003014F0F3FC69460848256009
:10394000C4F804900BF0D0FD03463046C8F80030B0
:1039500005B0BDE8F0836FF08806E3E7D859002092
:10396000E0590020C0580020E8590020234B2DE9E1
:10397000F0431B6800281D68214B224A187014BFB1
:10398000012304232049214C2148224E224FDFF8F5
:103990008CC0DFF88CE0DFF88C80DFF88C90126848
:1039A00009682468006836683F68DCF800C0DEF803
:1039B00000E0D8F80080D9F80090126809682468FF
:1039C000006836683F68DCF800C0DEF800E0D8F830
:1039D0000080D9F8009089F8183088F818308EF8EF
:1039E00018308CF818303B76337603766B7784F892
:1039F000A8300B7782F8E030BDE8F083485C002007
:103A0000866C0020D45900208C5A0020645B002072
:103A1000545D0020B05D0020185E0020F85F00209B
:103A2000F45E0020F85E00205C60002030B50021CC
:103A3000044683B04FF0FF30FDF7DCFEB0B1FDF778
:103A40004FFA30B96FF08304FDF700FF204603B052
:103A500030BD6D4621462846FFF776FB95E803000A
:103A600018F092F90446FDF747FAEDE76FF083048A
:103A7000ECE700BF30B583B00446FDF731FA70B112
:103A80006D4621462846FFF75FFB95E8030018F0D6
:103A900077FA0446FDF730FA204603B030BD6FF0E8
:103AA0008304F9E770B582B005460C46FDF718FAB5
:103AB00090B16E4629463046FFF746FB96E8030074
:103AC000224618F0C1FA0546FDF716FA0DB9A369AA
:103AD0006361284602B070BD6FF08305F9E700BF4F
:103AE00018F070BB2DE9F04184B007460D4616462C
:103AF0001C46FDF7F5F998B10DF108083946404626
:103B0000FFF722FB0094334698E803002A4618F09A
:103B1000B3FE0446FDF7F0F9204604B0BDE8F0819D
:103B20006FF08304F8E700BF2DE9F04107460E4629
:103B300084B000214FF0FF3015461C46FDF75AFEB9
:103B4000D8B1FDF7CDF938B96FF08304FDF77EFEEB
:103B5000204604B0BDE8F0810DF108083946404622
:103B6000FFF7F2FA00942B4698E80300324619F06A
:103B700007F80446FDF7C0F9E8E76FF08304E7E7CC
:103B80002DE9F0438DB06F460546894638461968E1
:103B90001C469046FFF7D8FA6E692946282202A8EB
:103BA00014F080FB06F0FE43B3F1A06F1ED0244B4F
:103BB0003340B3F1707F0ED000214FF0FF300896F4
:103BC000FDF718FE18BB6FF083050023236028461D
:103BD0000DB0BDE8F0831B4A26F47E13934203D058
:103BE000A2F5807293420AD10793E5E7164A26F4BC
:103BF0007E13934208D002F58072934202D06FF098
:103C00008505E2E7114BEFE7114B0793D4E7FDF78A
:103C100067F910B9FDF71AFED5E742463B4649461B
:103C200002A817F085FE054697E80300FFF79CFA07
:103C30002060FDF761F9FDF709FE002DC7D0C4E74C
:103C40000000C07F0002C0030001400500025005D3
:103C5000000150052DE9F0418EB06F460D468046BB
:103C6000116838461446FFF76FFA6E692946282214
:103C700004A814F017FB06F0FE43B3F1A06F1ED0AA
:103C8000264B3340B3F1707F0ED000214FF0FF3050
:103C90000A96FDF7AFFD18BB6FF083050023236084
:103CA00028460EB0BDE8F0811D4A26F47E139342EB
:103CB00003D0A2F5807293420AD10993E5E7194A2D
:103CC00026F47E13934208D002F58072934202D00C
:103CD0006FF08505E2E7144BEFE7144B0993D4E747
:103CE000FDF7FEF810B9FDF7B1FDD5E702AD2846A6
:103CF0004146FFF729FA95E803003B4604AA18F06D
:103D00006DFA054697E80300FFF72EFA2060FDF7ED
:103D1000F3F8FDF79BFD002DC2D0BFE70000C07F88
:103D20000002C003000140050002500500015005DB
:103D300043685BB1084B10B50446186840B10BF0FE
:103D4000C3F900230020C4E9003310BD00207047F0
:103D50006FF0880010BD00BFD459002038B503684B
:103D60002BBB4368044613BB144B1868F8B101F130
:103D70007E43083B0D46032B1CD8DFE803F00C10F4
:103D8000140203210BF0D0F9FFF786F810B90123D4
:103D9000C4E9003538BD00210BF0C6F9F4E7012174
:103DA0000BF0C2F9F0E702210BF0BEF9ECE76FF07F
:103DB000880038BD6FF00300E6E700BFD45900204B
:103DC00010B504688CB172B1436803F17E43083BBF
:103DD000032B0DD8084B186838B10AF0DDFFBDE899
:103DE0001040FFF759B8012010BD6FF0880010BDDA
:103DF0006FF0850010BD00BFD459002090F804C0BA
:103E0000F8B5214F4CF0007CBC4504460E461546E3
:103E100028D00CF17E4CACF1040CBCF10F0F18D87B
:103E20001A4A52F82C701F6015BBBD421DD323687F
:103E300023B3636803F17E43083B032B21D8144B63
:103E40001868D8B131460BF0C5F8BDE8F840FFF767
:103E500023B800211960002AE9D02121304614F04E
:103E60005FFAE4E710271F6012B96FF08900F8BD10
:103E70002A462121304614F053FAD6E76FF0880025
:103E8000F8BD6FF08500F8BD03000002A00A020033
:103E9000D4590020852A70B500F29680044640224D
:103EA00000214F4814F03CFA4E4B1E78002E3ED0B5
:103EB0004D4A237915684D4A43F00073934205F14A
:103EC00024056FD003F17E43043B0F2B5DD8484996
:103ED000402251F823602846212114F021FA402E77
:103EE0006ED8D4E90023002A71D003F17E42083A4B
:103EF000032A6FD83F4B186800286ED029460BF074
:103F000069F8FEF7C9FF0546002D39D015F18A0F73
:103F100008BF6FF0940563683BB1364B186820B159
:103F20000BF0D2F80023C4E90033284670BD237992
:103F30002E4A43F0007393423BD003F17E43043B8F
:103F40000F2B29D82A49402251F8236024482121E7
:103F500014F0E6F9402E33D8D4E90023002A36D0F5
:103F600003F17E42083A032A34D8224B1868A0B3E2
:103F70001B490BF02FF8FEF78FFF0546002DC5D12A
:103F8000194B28461B685E6170BD402221212846DE
:103F900014F0C6F90026A4E740222121104814F0AD
:103FA000BFF9D9E740222121284614F0B9F910269B
:103FB00097E7402221210A4814F0B2F91026CBE7F6
:103FC0006FF094056368A7E76FF08C05ADE76FF0BD
:103FD0008805A1E76FF085059EE76FF08805A4E7E7
:103FE00048620020866C0020D04E002003000002B2
:103FF000A00A0200D45900202DE9F0475FFA80FCA6
:10400000DFF800E14CF0007CF4451D4604460E4606
:104010001746DDF82080DDF8249000F0FE4333D011
:104020000CF17E4CACF1040CBCF10F0F1DD8344ADE
:10403000B3F1007F52F82CA058D1C9F800A0B8F114
:10404000000F2FD1D04528D3DFF8BC80D8F800006E
:1040500000284ED004F17E4CACF1080CBCF1030FEB
:104060004AD8DFE80CF03F3B3725B3F1007F3DD164
:104070000023C9F80030B8F1000FE5D042462121F5
:10408000284614F04DF9DFE7B3F1007F2ED110235D
:10409000C9F80030B8F1000F03D16FF08900BDE816
:1040A000F0879A4642462121284614F039F9C9E79B
:1040B00003210BF039F8FEF7EFFE0028EFD12B4675
:1040C0003A463146D8F800000AF086FFBDE8F047CE
:1040D000FEF7E2BE02210BF027F8ECE701210BF01E
:1040E00023F8E8E700210BF01FF8E4E76FF0850004
:1040F000D5E76FF08800D2E76FF00300DBE700BF81
:10410000A00A020003000002D45900202DE9F04764
:104110001F4600F0FE4390B0B3F1007FDDF86080F1
:1041200040F00481DFF83492044699F80030C0B2C0
:104130000D46164640F0007043B3844B844A1B681A
:10414000904203F1240700F0BD8000F17E40043866
:104150000F2840D87F4A52F82090C3F81490B8F145
:10416000000F40F0C280C845C0F0B180DFF8E8A180
:10417000DAF80000002843D004F17E44083C032C08
:1041800000F2E180DFE804F05955513F704B98424E
:1041900000F0A28000F17E4004380F2826D86D4B35
:1041A00053F820A0B8F1000F40F0A780BAF1000F3B
:1041B00040F09580DFF8A0A1DAF80000002800F0B8
:1041C000B88004F17E44083C032C00F2B980DFE89B
:1041D00004F055514D3800225A61B8F1000FC5D096
:1041E00042462121384614F09BF8BFE7B8F1000F92
:1041F00040F09680DFF860A1DAF800000028E0D1F6
:104200006FF088002FE003210AF08EFFFEF744FED6
:1042100048BB3B4632462946DAF800000AF0DCFE8D
:1042200010B0BDE8F047FEF737BE02210AF07CFF70
:10423000ECE701210AF078FFE8E700210AF074FFBB
:10424000E4E703210AF070FFFEF726FED0B199F8EB
:1042500000302BB10122DAF800301B6883F8E0202F
:1042600010F18A0F3BD010B0BDE8F08702210AF0B0
:104270005BFFE9E701210AF057FFE5E700210AF0BB
:1042800053FFE1E76B4632462946DAF800000AF0B0
:10429000A3FEFEF701FE99F800302BB10122DAF8F7
:1042A00000301B6883F8E0200028D9D14246394607
:1042B00068461BF0A1FC002818BF6FF0940010B0F6
:1042C000BDE8F08710225A61B8F1000F0CD16FF0F1
:1042D000890010B0BDE8F087B8F1000F0BD16FF086
:1042E000860010B0BDE8F08791464246212138464D
:1042F00014F016F837E74FF0100A424621216846BD
:1043000014F00EF8D045BFF455AF99F80030002BEB
:10431000E5D00122104B1B681B6883F8E020DEE724
:1043200042462121684613F0FBFF43E76FF085000A
:1043300099E799F80030002B3FF462AF0368FFDE85
:104340006FF0030080E76FF003005FE7D04E0020BE
:1043500003000002A00A0200D4590020866C00204D
:104360006FF08500704700BF2DE9F041054690B021
:104370000E4617460021282206A813F0D1FF2C680C
:10438000002C40F0A180FCF7ABFD002800F09680E7
:1043900004AC20463146FEF7D7FE94E8030006AA97
:1043A00017F052FE0446FCF7A7FD8CB90C9B38466B
:1043B000BDF818102A1D0B93FFF7D8F8044638B93A
:1043C0003A464FF4806106A8FFF750F8044618B14A
:1043D000204610B0BDE8F0813146BDF81A8002AE2B
:1043E0003046FEF7B1FE08F10703009405F13408EA
:1043F00096E80600DB08404604F0E8F90122374B56
:1044000027F47E169E4285F8442045D0A3F580739C
:104410009E4256D0324B3B40B3F1607F57D1FBB246
:1044200043F0007303F17E42083A032A52D82D4F1D
:104430003868002848D02C4A93423BD0013293423E
:1044400034D0023A934214BF002101210AF06CFEDD
:10445000FEF722FD04460028BAD1244C38682378A0
:104460001BB10422036883F8E02041460AF06AFE8B
:10447000FEF712FD2378044623B101223B681B6836
:1044800083F8E020002CA3D1012305F11002C5E937
:1044900002642A632B609BE7154B1868A0B1414664
:1044A00006F0BEFEFEF77CFD0446EBE703210AF0B2
:1044B0003BFECDE702210AF037FEC9E76FF0830427
:1044C00086E70C4B1868E9E76FF0880480E76FF027
:1044D00086047DE76FF085047AE700BF0002C00321
:1044E0000000C07FD45900200A000002866C002022
:1044F000F85E0020F45E00202DE9F041054690B002
:104500000E4617460021282206A813F009FF2C6842
:10451000002C40F0A080FCF7E3FC002800F0958020
:1045200004AC20463146FEF70FFE94E8030006AACD
:1045300017F08AFD0446FCF7DFFC8CB90C9B38466B
:10454000BDF818102A1D0B93FFF710F8044638B970
:104550003A464FF4006106A8FEF788FF044618B1FA
:10456000204610B0BDE8F0813146BDF81A8002AE99
:104570003046FEF7E9FD08F10703009405F1340821
:10458000DB0896E80600404604F020F9364B27F495
:104590007E169E4285F8444045D0A3F580739E4226
:1045A00056D0324B3B40B3F1607F57D1FBB243F062
:1045B000007303F17E42083A032A52D82C4F386820
:1045C000002848D02B4A93423BD00132934234D04A
:1045D000023A934214BF002101210AF0A5FDFEF723
:1045E0005BFC04460028BBD1234C386823781BB100
:1045F0000422036883F8E02041460AF0A3FDFEF799
:104600004BFC2378044623B101223B681B6883F8E6
:10461000E020002CA4D1012305F11002C5E90264B9
:104620002A632B609CE7154B1868A0B1414606F041
:104630004FFEFEF7B5FC0446EBE703210AF074FDDC
:10464000CDE702210AF070FDC9E76FF0830487E728
:104650000B4B1868E9E76FF0880481E76FF0860478
:104660007EE76FF085047BE70002C0030000C07F97
:10467000D45900200A000002866C0020F85E002059
:10468000F45E002070B50568A5B183681B4A044636
:1046900093422AD0A2F5807293420DD0184A1A4054
:1046A000B2F1607F24D06FF08605482200212046B9
:1046B00013F036FE284670BD124B1E68124D2B7843
:1046C00033B9304606F024FF2B7853B90025ECE7C8
:1046D0000422336830461A7606F01AFF2B78002B36
:1046E000F4D0012233681A76F0E7084B1E68E5E73C
:1046F000074B18680AF0E8FCE8E700BF0002C003B7
:104700000000C07FF45E0020866C0020F85E002070
:10471000D45900202DE9F84F04460068002800F025
:10472000BF801346002A00F08F80A068002800F0A8
:10473000B78000F0FE45B5F1407F40F0B4805D4D9C
:104740000F46A84214D0A5F58075A84210D05A4B48
:104750000340B3F1607F40F0A980584B18680028EF
:1047600000F09E800AF018FBBDE8F84FFEF794BBFE
:10477000E568206BEE180F2E284460D9C5F11005AE
:104780002A46394613F08EFDE368103E2B44E36061
:104790005AD0484BA268D4F830B09A420CBF484B6C
:1047A000484B26F00F09D3F800A0BAF1000F77D0DC
:1047B000DFF81481404605F093FF1023C8F800B0DD
:1047C000C8F80830B9F1000F41D14146504606F013
:1047D000D7FDFEF7E5FB002837D1236BE06004F13D
:1047E0001000834208BF04F12000330714BFCA46FB
:1047F000A9F1100A20633D44BAF1000F3BD0A6EBAB
:104800000A06324605EB0A0113F04CFD294BA2685B
:10481000E6609A420CBF2A4B2A4B1C68002C3FD002
:10482000294805F05DFF20462749C8F80050C8F820
:1048300008A006F0A5FDBDE8F84FFEF7B1BB1A468B
:10484000394613F02FFDE6600120BDE8F88FDFF850
:104850007CB09BF80030C3B94146504606F090FD4D
:10486000FEF79EFB9BF80030002BB4D00122DAF853
:1048700000301A76AFE72946324613F013FDB9F13E
:10488000000018BF0120E660DFE70422DAF80030FC
:1048900041461A76504606F073FDFEF781FBE1E7CC
:1048A0006FF08800D1E76FF08500CEE76FF08600EB
:1048B000CBE700BF0002C0030000C07FD459002036
:1048C000F85E0020F45E002084610020866C0020E9
:1048D000F8B503680446BBB190F84430A3B143680F
:1048E00093B1934219D883682F4A0D4693424ED014
:1048F000A2F58072934213D02C4A1A40B2F1607F25
:1049000048D06FF0860001E06FF0880000231A465F
:104910006360274B1B685A61F8BD6FF08900F5E7AB
:10492000244B1F68002F3CD0234E304605F0D8FEA4
:10493000236B62683360E3687560C6E90232EBB9E5
:10494000194BA2681D4D9A420CBF1D4B194B1E6896
:104950002B7813B1042233681A76304606F0D8FD5E
:104960002B7883B93846144904F1340206F086FBEB
:10497000FEF716FB0028C9D16268CAE731463846FF
:1049800006F05AFDF4E7012233681A76EAE70C4B89
:104990001F68C7E70B4B18680AF052FCFEF77CFA59
:1049A000E8E76FF08800F8BD0002C0030000C07F98
:1049B000D04E0020F45E002084610020866C002030
:1049C000F85E0020D45900200368002B00F08C8092
:1049D000F0B590F84430044691B0002B7BD1436889
:1049E000002B78D0934279D18368414A0E46934296
:1049F00064D0A2F5807293421BD03E4A1A40B2F1B5
:104A0000607F6ED13C4B1D68002D64D03B4B197804
:104A1000002944D13C2201A8009113F081FC694691
:104A200028460AF00DFCFEF737FA002849D011B0ED
:104A3000F0BD334B1F68002F4DD0324D284605F096
:104A40004FFE236B62682B60E3686E60C5E902323B
:104A5000E3B9274BA268294D9A420CBF2A4B284B39
:104A60001E682B7813B1042233681A76304606F09C
:104A70004FFD2B78F3B93846224904F1340206F091
:104A800067FB11B0BDE8F040FEF78ABA2946384608
:104A900006F0D2FC11B0BDE8F040FEF781BA1B4B26
:104AA0002846196824310AF0CBFB11B0BDE8F0406C
:104AB000FEF7F2B9012233681A76DCE7124B1F6861
:104AC000B9E73146684662681BF096F8002818BFBF
:104AD0006FF09400ABE76FF08800A8E76FF09400E8
:104AE000A5E76FF08600A2E76FF08800704700BF6F
:104AF0000002C0030000C07FD4590020866C002053
:104B0000F45E002084610020F85E0020D04E00207A
:104B10002DE9F04796B080460D4616460021282222
:104B20000CA81F4613F0FCFB00230393FCF7D8F9F5
:104B3000002800F09B8006AC20464146FEF704FBAF
:104B400094E803000CAA17F07FFA0446FCF7D4F9A6
:104B50004CB9129B2A464FF480610CA81193FEF7C2
:104B600085FC044618B1204616B0BDE8F0872846FB
:104B7000BDF8301003AABDF832A0FEF7F7FC0446DA
:104B80000028F0D1DDF80C901F9B994574D8414660
:104B90000DF110084046FEF7D7FA00940AF107031A
:104BA000DB0898E8060008A803F010FE374A25F451
:104BB0007E1393421AD0A2F58072934253D0344BA5
:104BC0002B40B3F1607F54D1DFF8D480EDB2D8F838
:104BD000000045F00075002851D005F17E45083DE4
:104BE000032D4FD8DFE805F03B37331E294B1D68F6
:104BF000002D44D0284C204605F072FD1E9B214616
:104C000008AA284663602660A760C4F80C9006F0E6
:104C100035FAFEF7C5F90446002CA4D1209BC3F851
:104C20000090A0E703210AF07FFAFEF735F9044669
:104C3000002898D11E9C3B463246D8F8000008A9AF
:104C400000940AF0FFFAFEF727F90446E4E7022190
:104C50000AF06AFAE9E701210AF066FAE5E70021BD
:104C60000AF062FAE1E70D4B1D68C1E76FF08304BB
:104C700079E76FF0850476E76FF0890473E76FF0EA
:104C8000880470E76FF00300CFE700BF0002C003A5
:104C90000000C07FF85E002084610020F45E0020E8
:104CA000D45900202DE9F04397B080460D461646B2
:104CB000002128220CA81F4613F032FB0023039387
:104CC000FCF70EF9002800F09E8006AC2046414615
:104CD000FEF73AFA94E803000CAA17F0B5F9044677
:104CE000FCF70AF94CB9129B2A464FF400610CA854
:104CF0001193FEF7BBFB044618B1204617B0BDE880
:104D0000F0832846BDF8301003AABDF83290FEF7B4
:104D10002DFC04460028F0D1039B1F9A934200F219
:104D20008B8041460DF110084046FEF70DFA0094C5
:104D300009F10703DB0898E8060008A803F046FD20
:104D4000434A25F47E1393421AD0A2F5807293420F
:104D500056D0404B2B40B3F1607F70D1DFF810810B
:104D6000EDB2D8F8000045F0007500286AD005F1D2
:104D70007E45083D032D68D8DFE805F03E3A361C35
:104D8000354B1D68002D5DD0344C204605F0A8FC45
:104D90001E9B214663601F9B08AA2846E36026608D
:104DA000A76006F0D5F9FEF7FBF80446204617B0D9
:104DB000BDE8F08303210AF0B7F9FEF76DF8044669
:104DC00000289AD1264BD8F800001B78F3B1254A69
:104DD0003B46146808A92434324600940AF032FA9B
:104DE000FEF75AF8044688E702210AF09DF9E4E745
:104DF00001210AF099F9E0E700210AF095F9DCE7D2
:104E0000194B1D68BEE76FF0830476E7174D3B46EC
:104E1000324608A900950AF015FAFEF73DF8044657
:104E200000287FF46AAFDDE91E1228461AF0E4FE7E
:104E3000044600283FF461AF6FF094045DE76FF023
:104E400085045AE76FF0880457E76FF00300B4E772
:104E50000002C0030000C07FF85E002084610020D3
:104E6000866C0020D04E0020F45E002048620020B6
:104E7000D45900202DE9F04F97B006460F469046D2
:104E8000002128220CA81D4613F04AFAFCF728F846
:104E9000002800F01F8107AC20463146FEF754F988
:104EA00094E803000CAA17F0CFF80446FCF724F8A6
:104EB000002C7CD1129B3A464FF480610CA81193D0
:104EC000FEF7D4FA0446002871D144F20103BDF87C
:104ED0003090BDF832A029F440529A4200F0B280DE
:104EE00009F44F43B3F5824F65D0229B38461C60CE
:104EF000FEF71AFB0446002859D1219B002B00F035
:104F0000448109F4E043B3F5E04F4ED1314605AE9C
:104F10003046DFF8ACB2FEF717F900940AF1070348
:104F2000DB08584696E8060003F050FC9A4B9F4277
:104F300046D027F0FF03B3F1062F40F08A8009F432
:104F40004F43B3F5824F40F0848017F0FF03934F37
:104F500018BF43F000733A6814BF1C464FF000744A
:104F60000393002A72D08E4E304608F0B1FA5146B3
:104F70004846FEF721F8307000286AD0039B03F101
:104F80007E42083A032A64D8864951F822A0BDF827
:104F900032100731BAEBD10F4FEAD10261D2BAF128
:104FA000400F00F0C480422A5BD06FF08604204698
:104FB00017B0BDE8F08F0AF10704E408640094E735
:104FC000794E3368002B41D0DFF8F8A120227749D1
:104FD0005046DFF8F4910AF011FC09A808F040FEF1
:104FE00099F80030CDE90ABA002B35D1306809A90B
:104FF00009F09AF999F800301BB1012233681B6857
:105000001A770021FDF782FF04460028CFD1684FB0
:10501000384608F029FE229B3D611B68209A3946DC
:1050200002EB53033068C7E90523C7F804B0C7F89B
:1050300008A0C7F80C8009F0A5F92146FDF766FF26
:105040000446B4E70AF10704E4084EE76FF0880469
:10505000ADE76FF08504AAE70422306803681A7789
:10506000C5E7DFF8649199F800202AB10421514A7C
:105070001268126882F8E0104F4A04F17E44043C42
:1050800052F82440BAF1000F62D1A24574D3DFF880
:1050900024A1DAF8000000287AD0484A93425FD071
:1050A0000132934260D0023A934214BF00210121A1
:1050B0000AF03AF8FDF7F0FE044670B199F80030B6
:1050C000002B3FF474AF0122DAF800301B6883F83C
:1050D000E0206CE76FF0830469E7344B2A464146D1
:1050E000DAF8000009F078FFFDF7D6FE99F80030F5
:1050F00004462BB10122DAF800301B6883F8E02067
:10510000002C7FF454AF229B284A1B68F260209A3F
:10511000234902EB53033868C6E90423C6F808B0F4
:1051200008F008FD2146FDF7C3FE04463FE7DFF81F
:10513000989004F17E4499F80020043CC2B1042107
:105140001C4A1268126882F8E0101B4A52F8244088
:10515000524621211548039313F0E2F8039B94E78C
:10516000022109F0E1FFA5E7032109F0DDFFA1E736
:10517000114A52F82440EBE799F800302BB1012294
:105180000C4B1B681B6883F8E0206FF089040EE766
:105190006FF0880492E700BF00080006645B0020FF
:1051A000A8600020900A02008C5A0020486200206B
:1051B00078600020D4590020A00A02000A000002F2
:1051C000D0600020C0600020866C00202DE9F04FE8
:1051D0009046282295B006460F460DEB02000021AE
:1051E0001D4613F09DF8FBF77BFE002800F0D580EC
:1051F00008AC20463146FDF7A7FF94E803000AAA51
:1052000016F022FF0446FBF777FE002C6AD1109BB4
:105210003A464FF400610AA80F93FEF727F90446B7
:1052200000285FD13846FEF77FF90446002859D19F
:105230001F9B002B00F0B480BDF82840BDF82AA0C9
:1052400004F44F490AF10703B9F5824F4FEAD3033B
:105250004CD05B0001330DF1180B314658460393D7
:10526000FDF772FF0022504E0092039B30469BE8F0
:10527000060003F0ABFA4D4B9F423DD027F0FF03F1
:10528000B3F1062F52D1B9F5824F4FD1DFF83C91DF
:1052900017F0FF0BD9F8003018BF4BF0007B002B44
:1052A00047D0434F384608F017F951462046FDF7DE
:1052B00083FE3870002839D00BF17E43083B032B66
:1052C00034D83C4A52F82320BDF82A300733B2EBD9
:1052D000D30F4FEAD3012FD2402A2DD042292BD011
:1052E0006FF08604204615B0BDE8F08FA4F14102AE
:1052F000D2B2012AAFD9ACE72F4F3B68CBB12F4CCC
:10530000204608F0B5FCDDE91E3203EB5203636171
:105310001E9B214638682361C4E90285666009F056
:1053200071F80121FDF7F2FD0446DBE76FF085041B
:10533000D8E76FF08804D5E7214C23782BB10421FE
:10534000204B1B681B6883F8E01005AB00920193AB
:105350002A461D4B41465846FEF74EFE237804462A
:105360002BB10122174B1B681B6883F8E020002C2F
:10537000B8D1DDE91E3403EB5403134A3B611E9B95
:105380000B49D9F80000C7E90162FB6008F00EFC88
:105390000121FDF78DFD0446A4E76FF08304A1E72A
:1053A0006FF089049EE700BFC0600020000800067F
:1053B00094600020900A02008C5A00206060002057
:1053C000866C0020D459002048620020645B0020D5
:1053D0002DE9F04F97B005460C46174600212822CC
:1053E0000CA81E4612F09CFF0023DFF8A091229A21
:1053F0001360D9F80030002B00F0B9805D4A24F426
:10540000BF6323F00703934224F0FF0A07D05A4BEF
:105410009A4504D0A3F520639A4540F09C8014F08F
:10542000FF0800F09880219B002B00F09A80FBF78A
:1054300057FD002800F092800DF1180B58462946C0
:10544000FDF782FE9BE803000CAA16F0FDFD8346E3
:10545000FBF752FDBBF1000F69D1129B22464FF4BE
:1054600080510CA81193FEF701F8834600285ED105
:10547000BDF83230BDF830B003932BF0FF03B3F525
:10548000E24F68D124F4FF7424F00104B4F1062F34
:105490006AD13A4B9A4567D0039B03F1070A219BD7
:1054A0004FEADA0AB3EB4A0F4FEA4A0459D3344BB6
:1054B00048F0007898453ED008F17E48A8F10408ED
:1054C000B8F10F0F3DD9002E45D1BAF1000F02D02F
:1054D000BAF1420F3FD100260DF11008294640468F
:1054E000284DFDF731FE98E80600534608A80096BF
:1054F00003F06CF9284607F0EBFF58460399FDF7D7
:105500005BFD287080B308ABC5E90237209B2946B4
:1055100053446B61209BD9F800002B6108F00AFB13
:105520003146FDF7C5FC834608B9229B1C605846EE
:1055300017B0BDE8F08F102E0DD1BAF1100FC7D8FB
:10554000C9E7114B53F82830B34204D1B245C2D950
:10555000402EC0D0BCE76FF0860BE8E76FF0830BFE
:10556000E5E76FF0890BE2E76FF0850BDFE76FF09F
:10557000880BDCE7000200060013000600070006A7
:1055800003000002A8600020A00A0200645B002063
:105590002DE9F04F9046282295B0DFF8E0910646BD
:1055A0000C460DEB020000211F4612F0B9FED9F89F
:1055B0000030002B00F0D6806C4A24F4BF6323F047
:1055C0000703934224F0FF0A07D0694B9A4504D0A1
:1055D000A3F520639A4540F0AF80E3B2002B00F0C2
:1055E000AB80FBF77DFC002800F0A98004AD2846C5
:1055F0003146FDF7A9FD95E803000AAA16F024FD3F
:105600000546FBF779FC002D7AD1109B22464FF41A
:1056100000510AA80F93FDF729FF054600286FD116
:1056200024F4FF7323F00103B3F1062FBDF828B073
:10563000BDF82A4040F089804E4B9A4500F08580A5
:1056400044F201032BF440529A4208D00BF44F432A
:10565000B3F5824F05D1E51DED086D0001E0E51DB4
:10566000ED081F9B9D4267D1E31DB7EBD30F4FEAB7
:10567000D30503D2402F01D0422D5DD10BF4E0437E
:10568000B3F5805F11D0B3F5005F0ED00BF44F433C
:10569000B3F5844F09D047F201039B4534D1650827
:1056A0000135ED0805EBC5053B35314602AE304608
:1056B000FDF74AFD00222B4600922F4D96E806008A
:1056C00006A803F083F8284607F006FF214658464F
:1056D000FDF772FC2870002837D0DDE91E3203EB9D
:1056E00052032B6106ABC5E901381E9B2946D9F848
:1056F0000000EB6008F05AFA0121FDF7D9FB0546DE
:10570000284615B0BDE8F08F44F201039B4519D03F
:1057100047F202039B451BD044F202039B451CD079
:105720002BF0FF03B3F5E24FBFD0B3F5824F0ABFB2
:105730006D0000250135B8E76FF08605E0E76FF0F2
:105740008305DDE7E5081035AFE76FF08505D7E79E
:10575000E50805EB45055A35A7E7E50805EB4505DE
:105760004A35A2E76FF08805CAE700BF00020006CD
:10577000001300060007000694600020645B002010
:105780006FF08500704700BF6FF08500704700BF65
:105790002DE9F04F0D46002499B0074691460021AF
:1057A00028220EA89846249E12F0BAFD05F0FE436A
:1057B000B3F1806FCDE90A44CDE90C44346040F088
:1057C000EB80FBF78DFB002800F0188104AC20462D
:1057D0003946FDF7B9FC94E803000EAA16F034FC34
:1057E0000446FBF789FB002C68D1149B2A464FF432
:1057F00080710EA81393FDF739FE044600285DD191
:10580000BDF8383003F4E042B2F5005F71D042F2E7
:105810000402934256D0944B9D4265D0934B9D42D7
:1058200000F0E9804FF0000AC346239B9B4500F23D
:105830000B8102AC39462046BDF83A70FDF784FC76
:105840000022FB1D0092DB0894E8060006A802F087
:10585000BDFF2846FDF78EFC044678BB844B9D4275
:1058600000F08680834B9D4200F0A980824B9D42D0
:1058700040F0D580814D284602F0CAFF06ABC5E94D
:105880000039229B514653440AA8C5F81080AB60EA
:10589000FEF722F8044688B90AABEB60784B29463C
:1058A000186803F09DF9FDF77BFB524604460AA9F0
:1058B000229812F0F7FC0CB9C6F800B0204619B0D7
:1058C000BDE8F08F6F4B9D4200F0B180664B9D426A
:1058D0000AD0664B9D4200F0BA808246694B9D42D9
:1058E0003FD108F10C0BA0E74FF00D0A08EB0A0BB3
:1058F0009BE74FF0010AC3F302220AFA02FAC245FB
:1059000004D95D4925F48060884245D0002A46D0FC
:1059100058498D42EAD05C498D42E7D001F580714B
:105920008D42E3D059498D42E0D0A1F53F418D42EF
:1059300078D001F580718D427ED042F2040293420C
:1059400000F0888048498D420CBF0D2100214A4A51
:1059500025F48070904266D042F2040293428A4657
:10596000BCD0414B9D427FF45FAF08F10D0B5CE76B
:10597000474C204606F066FB06ABC4E90039454BB0
:1059800021461868229BC4F80C80A36006F010FD25
:10599000FDF706FB04468EE76FF086048EE742F2C1
:1059A00004018B422DD0304B9D4235D02F4B9D4270
:1059B0007FF438AF08EB0A0B4FF0000A35E7364D9D
:1059C000284605F0E1FD06ABC5E90039229B5146AA
:1059D00053440AA8C5F81080AB60FDF77DFF04466C
:1059E00000287FF46BAF0AABEB602C4B294618689C
:1059F00006F00CF957E7834682461AE76FF08304F6
:105A00005CE7204B9D4212D0174B9D4204D0174BB0
:105A10009D42CFD0924661E74FF00D0AA5E76FF0A7
:105A200085044BE751460AEB080B8A46FDE64FF02A
:105A30000C0A08EB0A0BF8E60AEB080B2BFA02FB40
:105A40000BFA02FBD344F0E66FF0890436E74FF01F
:105A5000010AAFE70B4A9542E9D0034A95427FF429
:105A6000E1AE0D2173E700BF0013C0040041400404
:105A7000004440040010C00400404004EC610020D9
:105A80005C600020000180040011C00400FF40049D
:105A900054610020B05D002070610020185E00207D
:105AA0002DE9F04F9146282295B00D46064600217B
:105AB0000DEB02009846209F12F032FC00233B6061
:105AC00005F0FE43B3F1806F40F0C480FBF708FAA5
:105AD000002800F00A8104AC20463146FDF734FB73
:105AE00094E803000AAA16F0AFFA0446FBF704FA9A
:105AF000002C55D1109B2A464FF400710AA80F9331
:105B0000FDF7B4FC044600284AD1BDF8283003F460
:105B1000E042B2F5005F47D042F2040293425ED009
:105B2000764B9D4200F099808346824602AC314616
:105B30002046BDF82A60FDF707FB0022F31D009206
:105B400006AEDB0894E80600304602F03FFE284629
:105B5000FDF710FB044618BB694B9D4200F098808E
:105B6000684B9D4200F0AA80674B9D426AD1674C0A
:105B7000204602F04DFEA8EB0A03236109EB0A035D
:105B800063601E9B2146C4E90239614B2660186898
:105B900003F0A0F8FDF704FA04460CB9C7F800B00A
:105BA000204615B0BDE8F08F4FF0010AC3F3022282
:105BB0000AFA02FA7AB1534925F480728A4246D031
:105BC00001F500718D4242D052498D423FD0A1F57E
:105BD0003F418A423BD042F20402934202D14E4AF4
:105BE000954232D0454A954200F08280C3464FF03C
:105BF000000A1F9A5A457ED30122C3F3022302FAF8
:105C000003F35B4592D9404B25F480629A4221D040
:105C100002AC31462046BDF82A60FDF795FA002215
:105C2000F31D009206AEDB0894E80600304602F051
:105C3000CDFD2846FDF79EFA04460028B0D1314B31
:105C40009D423BD06FF08504AAE74FF00C0AB8EBF9
:105C50000A0BCED26FF08604A2E731460DF1080A96
:105C6000BDF82A605046FDF76FFA0094F31D06AEAA
:105C7000DB0830469AE8060002F0A8FD2846FDF74A
:105C800079FA044600288BD183464FF00D0A6BE762
:105C9000224C204606F0D6F909EB0A036360204B3C
:105CA000214618681E9BA8EB0A02E260A3602660EA
:105CB00006F0DEFBFDF774F904466EE7194C20464A
:105CC00005F062FCA8EB0A03236109EB0A03636099
:105CD0001E9B2146C4E90239134B2660186805F063
:105CE000D7FFFDF75DF9044657E76FF0830457E7E8
:105CF0004FF00D0AABE76FF0890451E70013C004C1
:105D0000004440040010C00400404004EC61002046
:105D10005C60002000FF400400018004546100200A
:105D2000B05D002070610020185E00202DE9F04376
:105D3000054616462B7991B043F004032B710F46AC
:105D40002822002106A812F0EBFA3046FDF712FADD
:105D5000044600286FD12B68002B40F0B8802B79C7
:105D60001A0700F1B48006F0FE42B2F1806F40F0F5
:105D7000A580FBF7B5F8002800F0A68004AC20460B
:105D80003946FDF7E1F994E8030006AA16F05CF93C
:105D90000446FBF7B1F8002C46D10C9B32464FF479
:105DA000807106A80B93FDF761FB044600283BD1E8
:105DB000BDF81830B3F5105F2B7940F08F8060F399
:105DC0004103BDF81A802B71604B08F107089E4211
:105DD0004FEAD80805F1380905F1140252D02B79A1
:105DE00043F001032B715A4B9E4228D003F5807378
:105DF0009E4206D003F580739E4202D0554B9E42D0
:105E000075D1102302AC394600262046AB606A6388
:105E10002E61FDF799F9009694E80600434648463E
:105E200002F0D4FC6FF085042B7906A843F0080338
:105E30002B7116F0C7F9204611B0BDE8F08300249D
:105E40001023394602AF38466A63AB602C61FDF718
:105E50007BF9009497E806004346484602F0B6FCFA
:105E60003D4B22464946186805F0A6FFFDF798F815
:105E70000446002CD8D101232046EE602B6011B0DF
:105E8000BDE8F0832B79394660F3000302AF6A6303
:105E9000A86028612B713846FDF756F9009497E801
:105EA00006004346484602F091FC2C4B49461868D0
:105EB00006F036FBFDF774F80446DAE743F0080312
:105EC0006FF085042B71B6E76FF08304ACE72B7994
:105ED0006FF0880443F008032B71ACE743F008032C
:105EE00006A82B7116F06EF96FF08604A3E7A3F5F0
:105EF0003F439E4210D003F580739E4281D0184BE1
:105F00009E4208BF0D233FF47DAF002602AC394608
:105F100020466A63AE607BE739461023002702AC57
:105F200020466A63AB602F61FDF70EF9009794E895
:105F300006004346484602F049FC0A4B49461868A9
:105F400002F0FAFEFDF72CF8044692E70044400404
:105F50000010C00400FF4004185E0020B05D002067
:105F60000013C0045C6000202DE9F043064617468C
:105F7000337991B06FF38203337188462822002170
:105F800006A812F0CDF93846FDF7F4F804460028CB
:105F90006ED13368002B40F0B98033791A0700F1D5
:105FA000B58007F0FE42B2F1806F40F0A680FAF7AC
:105FB00097FF002800F0A78004AC20464146FDF77B
:105FC000C3F894E8030006AA16F03EF80446FAF770
:105FD00093FF002C45D10C9B3A464FF4007106A864
:105FE0000B93FDF743FA044600283AD1BDF8183068
:105FF000B3F5105F337940F0908060F34103BDF852
:106000001A503371634B07359F424FEAD50506F1AD
:10601000380906F1140253D0337943F00103337188
:106020005D4B9F4228D003F580739F4206D003F555
:1060300080739F4202D0594B9F4277D1102302AC0C
:10604000414600272046B36072633761FDF77CF854
:10605000009794E806002B46484602F0B7FB6FF025
:106060008504337906A843F00803337116F0AAF8C3
:10607000204611B0BDE8F0830024102341460DF105
:10608000080840467263B3603461FDF75DF8009420
:1060900098E806002B46484602F098FB404B224603
:1060A0004946186805F0C4FEFCF77AFF0446002C48
:1060B000D7D101232046F760336011B0BDE8F083EB
:1060C0003379414660F300030DF108087263B06054
:1060D000306133714046FDF737F8009498E80600C8
:1060E0002B46484602F072FB2E4B4946186806F0D4
:1060F00045FAFCF755FF0446D9E743F008036FF073
:1061000085043371B4E76FF08304AAE733796FF045
:10611000880443F008033371AAE743F0080306A894
:10612000337116F04FF86FF08604A1E7A3F53F43F3
:106130009F4211D003F580739F423FF47FAF1A4B0B
:106140009F4208BF0D233FF47AAF002702AC4146BF
:1061500020467263B76078E7414610234FF000088D
:1061600002AC20467263B360C6F81080FCF7ECFF07
:10617000CDF8008094E806002B46484602F026FB46
:106180000A4B4946186802F001FEFCF709FF044675
:106190008DE700BF004440040010C00400FF40042D
:1061A000185E0020B05D00200013C0045C60002079
:1061B000F8B54D4EC3680446B3420D467ED02ED886
:1061C0004A498B4270D04A498B421ED149490968DD
:1061D00011B32168002979D02179080776D401F01C
:1061E0000301012972D1102A77D8A168914274D88D
:1061F0003F498B4249D0404A934224D06FF08500FA
:10620000237943F008032371F8BD3C498B42F5D153
:106210003B4909680029DCD16FF08800F0E7394973
:106220008B4246D001F580718B4204D13649096812
:106230000029CED1F0E730498B42DFD133490968DC
:106240000029C6D1E8E7324E304F3378386813B1B1
:10625000042203681A7605F027FEFCF7A1FE3378C6
:10626000DBB90028CCD123792A465B07386804F1D2
:10627000380128D505F0A0FDFCF792FE0028BFD11B
:10628000237943F002032371F8BD1A4B294618689D
:1062900002F094FCFCF784FEF0E701223B681B68E7
:1062A0001A760028DFD0ABE71A490968002990D197
:1062B000B2E71949096800298BD1ADE71749096888
:1062C000002986D1A8E705F0B3FDD5E723796FF063
:1062D000880043F008032371F8BD23796FF086002E
:1062E00043F008032371F8BD004440040002C003DA
:1062F000004040045C6000200010C0040001C003A6
:10630000F45E002000015005545D0020185E00205E
:10631000866C0020F85E0020F85F0020B05D002051
:106320002DE9F04F00251D609A46036887B00446AA
:106330000191002B61D0037913F008085DD103F0BF
:106340000301012959D1856895425DD84FF0040BAE
:106350003C4E02A809F0AAF83B4F082241463046BD
:106360008DF808B011F0DCFF384B384602A93E60CA
:106370007B6009F0B9F8DFF8D890C9F80000002870
:1063800048D0EA00019909F0D1F8FCF7FDFD054677
:1063900002A809F08BF84146082230468DF808B073
:1063A00011F0BEFF294B384602A93E607B6009F020
:1063B0009BF8C9F800003DB1237943F0080323712D
:1063C000284607B0BDE8F08F20460199A268FFF784
:1063D000EFFE2379054648B92846A26843F0020338
:1063E0002371CAF8002007B0BDE8F08F284643F0BB
:1063F0000803237107B0BDE8F08F23796FF088059B
:1064000043F008032371DBE743F008036FF08905CD
:106410000371D5E7019002A809F048F80822019914
:1064200030468DF808B011F07BFF084B384602A9C2
:106430003E607B6009F058F86FF08805C9F80000ED
:10644000BAE700BFD8590020E0590020C05800200A
:10645000E85900202DE9F043002483B0DDF82CC07A
:106460001F46CCF8004003680446002B00F08580EE
:106470000379180700F18180154603F00302012A11
:106480007BD0E068002878D000F0FE42B2F1806F47
:106490007AD1002D57D022690A9B2A4422F00F029C
:1064A0009A42CCF8002075D8414B20F480629A4281
:1064B0000E460BD03F4B984208D06FF085002379F1
:1064C00043F00803237103B0BDE8F083D4F81080D3
:1064D00005EB08030F2B38D9B8F1000F15D10F2D9C
:1064E0003DD904F1380801223B460192CDF80080E5
:1064F0003246C5F30711FDF79FF810BB25F00F03D7
:106500001E44ED1A5DBB0020DDE7606BC8F1100989
:10651000103D4A4631464044454411F0C3FE0F2D1C
:106520008CBF0023012304F138080193CDF80080CB
:106530003B460121626BE068FDF77EF80023236192
:1065400078B30128BBD10120BDE7606B31462A46F4
:10655000404411F0A7FE23692B442361F3E7636BEA
:1065600004F11400834208BF04F124002A46314696
:10657000606311F097FE2561C5E723796FF088000D
:1065800043F0080323719EE743F008036FF0860091
:10659000237198E723796FF0890043F00803237192
:1065A00091E70F2D4E44ADD9E06810379BE700BF4F
:1065B000004040040010C0042DE9F041DFF8E4C1C0
:1065C000C468054664450F461E4600F0B78045D8AE
:1065D0006A4B9C4200F0B880694B9C4234D1694BB5
:1065E0001B68002B37D02B68002B00F0B9802B796B
:1065F00013F0080040F0B48003F00301012900F01B
:10660000AF8004F0FE41B1F1806F40F0B0805E4B8E
:106610009C4237D03060D5F81080B8F1000F49D0D7
:10662000574B24F48061994200F09A80904532D80B
:1066300003F580639C426DD0544B9C4240D06FF078
:106640008500002333602FE0514B9C422AD1514BEF
:106650001B68002BC7D16FF0880025E04E4B9C4291
:1066600078D003F580739C4204D14C4B1B68002BFF
:10667000B9D1F0E7454B9C4214D1494B1B68002B24
:10668000B1D1E8E710230F2A336004D92B69002B1E
:10669000D5D09A42D3D22B796FF0890043F008030A
:1066A0002B7105E06FF085002B7943F008032B7107
:1066B000BDE8F0813B4B9C422CD0344B9C4215D121
:1066C000394C204604F064FF354B6A6B18682B691F
:1066D0002146A3602260676005F044FCFCF760FC83
:1066E0002B6933600028ACD1BDE8F081244B9C427B
:1066F000A5D12E4C204602F08FF8224B2146186877
:10670000C4F80880676002F0AFFBFCF749FC002882
:10671000EAD096E7264C204605F094FC002305F1CC
:1067200038022260234A21461068E360A76005F022
:106730008DFFFCF735FC0028D6D082E71D4B1B6887
:10674000002B7FF450AF86E71B4B1B68002B7FF4B8
:106750004AAF80E7194B1B68002B7FF444AF7AE700
:106760002B796FF0880043F008032B71A0E743F00A
:1067700008036FF086002B719AE700BF0002C00388
:10678000004040045C600020004140040010C00450
:106790000001C003F45E002000015005545D00209C
:1067A000185E00200044400464610020E061002085
:1067B00054610020B05D0020F85E0020F85F0020EA
:1067C000F0B5036885B063B3C3684C4A044693428E
:1067D00073D02AD84A4A934258D04A4A93424ED15B
:1067E000494E306858B302F0E5F9684602F008F8FF
:1067F0000123464D464A00210192284658228DF831
:10680000003011F08DFD4348434B694605604360FD
:1068100002F0ACF90346482200212046336011F013
:106820007FFD0025284605B0F0BD3C4A93423FD08D
:1068300002F58072934205D1394B1B6853BB6FF050
:1068400088052EE0374A934229D1374F386800280F
:10685000F5D0364E337813B1042203681A7605F06A
:1068600023FBFCF79DFB33780546002B41D14822E2
:106870000021204611F054FD002DD2D011E02C4A09
:1068800093420CD12B4B1B6823B9D8E72A4B1B68CA
:10689000002BD4D048220021204611F041FD6FF09A
:1068A00085052846237943F00803237105B0F0BD20
:1068B000224B1B68002BEDD1C1E7214E3068002828
:1068C000BDD005F071FD684605F0B4FB01231D4DF8
:1068D0001D4A00210192284650228DF8003011F007
:1068E0001FFD1A481A4B69460560436005F038FDE4
:1068F00090E701223B681B681A76B8E70044400421
:106900000002C003004040045C600020FC5F0020E7
:10691000A10A010054600020F80A0200000150059D
:10692000545D00200010C004185E0020866C00201A
:106930000001C003F45E0020F85E0020F85F002034
:10694000B05D0020585D0020910B0100A85D002083
:10695000E40A020038B5056804466DB390F808C033
:106960001CF0030F28D14FF0010C4368C160026195
:10697000154823F47E13834284F859C009D0134884
:10698000834210D06FF08500237A43F00203237214
:1069900038BD0F48E3690068F7F7FAF8FCF700FB29
:1069A0000028F1D138BD0B4B1868F7F7F5FCFCF760
:1069B000F7FA0028F6D0E7E7237A6FF0880043F073
:1069C0000203237238BD00BF0001400500024005EC
:1069D000F85F0020545D00202DE9F047164690B086
:1069E00005460F462822002106A811F099FC754B98
:1069F00026F47E1898457AD003F5807398455BD0CD
:106A0000B8F1052F704818BF0020FCF7B3FB04460F
:106A1000002857D12B68002B40F0CC802B7A9907A7
:106A200000F1C88006F0FE42B2F1A06F40F0BB80DA
:106A3000FAF756FA002800F0BA8004AC204639462E
:106A4000FCF782FB94E8030006AA15F0FDFA044661
:106A5000FAF752FA002C3FD10C9B32464FF480716A
:106A600006A80B93FCF702FD0446A8BB3946BDF807
:106A70001A9002AF3846BDF818A0FCF765FB0094E9
:106A800009F1070305F14804DB08204697E80600F2
:106A900001F09CFE0AF4E043B3F5005F29D02B7AA5
:106AA00006A843F002032B7215F08CFB6FF08604EE
:106AB000204610B0BDE8F0874448FCF75BFB044675
:106AC0000028A7D020462B7A43F002032B7210B087
:106AD000BDE8F0876FF086042B7A06A843F0020326
:106AE0002B7215F06FFB204610B0BDE8F0873848D8
:106AF0008BE7CAF3022ABAF1040FD0D186F0AA6359
:106B000083F4807333F47E1311D086F0AA6383F488
:106B1000007333F47E130AD02A4B9845DAD02D4BFC
:106B2000984514BF6FF085046FF08604D4E7254BB9
:106B3000C6F30547984524D0264B98451ED13A1FE9
:106B40000C2AC7D841F61173D340DB07C2D5224BBC
:106B50002146002218683B4606F080F9FCF720FA2F
:106B60000446002CB8D12B46012220466E60EF610E
:106B700043F8202B2B6410B0BDE8F0876FF085043C
:106B8000AAE7102FA6D8154BFB40DA07A2D50023A1
:106B9000134A0097214610681A4603F0E1FAFCF701
:106BA000FFF90446DDE743F002032B727EE76FF046
:106BB000830491E72B7A6FF0880443F002032B7271
:106BC00076E700BF000140050005100500025005F2
:106BD0000001500500024005545D002050550100A1
:106BE000F85F00202DE9F047164690B005460F46A5
:106BF0002822002106A811F093FB754B26F47E187D
:106C000098457AD003F5807398455BD0B8F1052F8D
:106C1000704818BF0020FCF7ADFA0446002857D191
:106C20002B68002B40F0CC802B7A990700F1C880AC
:106C300006F0FE42B2F1A06F40F0BB80FAF750F9C7
:106C4000002800F0BA8004AC20463946FCF77CFAF4
:106C500094E8030006AA15F0F7F90446FAF74CF990
:106C6000002C3FD10C9B32464FF4007106A80B93C9
:106C7000FCF7FCFB0446A8BB3946BDF81A9002AFEE
:106C80003846BDF818A0FCF75FFA009409F1070335
:106C900005F14804DB08204697E8060001F096FD60
:106CA0000AF4E043B3F5005F29D02B7A06A843F03D
:106CB00002032B7215F086FA6FF08604204610B09E
:106CC000BDE8F0874448FCF755FA04460028A7D0F1
:106CD00020462B7A43F002032B7210B0BDE8F087F8
:106CE0006FF086042B7A06A843F002032B7215F08E
:106CF00069FA204610B0BDE8F08738488BE7CAF340
:106D0000022ABAF1040FD0D186F0AA6383F480730B
:106D100033F47E1311D086F0AA6383F4007333F446
:106D20007E130AD02A4B9845DAD02D4B984514BFD4
:106D30006FF085046FF08604D4E7254BC6F3054752
:106D4000984524D0264B98451ED13A1F0C2AC7D807
:106D500041F61173D340DB07C2D50023214A2146F7
:106D600010681A4606F088F8FCF71AF90446002C59
:106D7000B8D12B46012220466E60EF6143F8202BEC
:106D80002B6410B0BDE8F0876FF08504AAE7102FE0
:106D9000A6D8154BFB40DA07A2D50023134A00976B
:106DA000214610681A4603F005FAFCF7F9F8044684
:106DB000DDE743F002032B727EE76FF0830491E777
:106DC0002B7A6FF0880443F002032B7276E700BF42
:106DD00000014005000510050002500500015005A6
:106DE00000024005545D002050550100F85F00206E
:106DF0002DE9F84F00249846DDF82C9090F8593092
:106E0000C9F800400446002B00F031810368002BD4
:106E100000F02D811646027A02F00302012A40F0AA
:106E200026814068A44A20F47E1393420F4653D033
:106E300002F58072934207D06FF08500237A43F009
:106E400002032372BDE8F88FDFF878A2DAF8003089
:106E5000002B47D0A3696169E26833449142A36182
:106E6000C0F014812269934200F2108194F85830E6
:106E7000626C002B39D0B5180A9B25F00F0A9A4591
:106E8000C9F800A000F211810F2D636C7DD9002B91
:106E900038D16368884A23F47E13934200F0A480BB
:106EA000864A9342C8D1864E304605F04FFC854B4A
:106EB00031461868C6E90078C6F808A006F03EF822
:106EC000FCF76EF80028B9D1A5EB0A055744002D50
:106ED00054D10020BDE8F88FDFF8F0A1DAF80030D7
:106EE000002BB7D16FF08800A8E7216C1AB1FCF72E
:106EF00077FC0028A2D1012384F8583000233546BE
:106F00006364B9E7206CC3F1100632461844394671
:106F100011F0C8F9103D63680F2D674A23F47E1302
:106F20003DD89342D4F840A000F08F8002F58072E3
:106F3000934281D1DFF88891484605F007FC102381
:106F4000C9F808305F4B49461868C9E900A805F040
:106F5000F5FFFCF725F800287FF470AF226C04F1F0
:106F600020039A4208BF04F1300335F00F0A606431
:106F700023643744ABD008F110088AE72A46394623
:106F8000206C11F08FF96564A3E7206C3246394616
:106F9000184411F087F901206564BDE8F88F934229
:106FA000D4F840B030D002F5807293427FF444AF01
:106FB000DFF81C9199F80030002B5FD1DFF804A1B5
:106FC0003F49084605F0C2FB10233D49DAF80000AE
:106FD0008B60C1E900B805F0B1FFFBF7E1FF99F85C
:106FE0000030002BB7D02AE0374E304601F0B8FF12
:106FF000364B31461868C6E90078C6F808A003F099
:10700000EBF9FBF7CDFF5DE7DFF8C49099F80030AE
:10701000002B42D1DFF8B4A02B49084601F0A0FFB5
:1070200010232949DAF800008B60C1E900B803F0A9
:10703000D3F9FBF7B5FF99F80030002B8BD0012274
:10704000DAF800301B681A7685E7DFF87C9048464E
:1070500001F086FF1023C9F808301C4B4946186818
:10706000C9E900A803F0B8F9FBF79AFF73E7237AA0
:107070006FF0880043F002032372E3E60422DFF896
:1070800044A0DAF800301B681A7699E7237A6FF08B
:10709000860043F002032372D4E60422DFF82CA01A
:1070A000DAF800301B681A76B6E7237A6FF08900A9
:1070B00043F002032372C5E60001400500024005CB
:1070C0001C610020545D0020A8610020F85F0020B2
:1070D000866C002090F859302DE9F0410446406C50
:1070E000002B00F0988063680D46524923F47E130C
:1070F0008B4244D001F580718B4207D06FF0850040
:10710000237A43F002032372BDE8F0814A490968FB
:10711000002938D0216800297DD094F808C00CF0EF
:107120000307012F77D194F85810002973D16169B2
:10713000E6681144B142616174D886180F2E53D9A4
:1071400020BB26F00F083B4A934256D03B4A93425D
:10715000D4D13B4F384605F0F5FA374B394618681D
:10716000C7E9005805F0A0FEFBF71AFF0028C7D1B9
:10717000A6EB0806454486BB0020BDE8F0813149F6
:1071800009680029C6D16FF08800B9E7236CC0F107
:1071900010073A462946184411F084F8A6F1100366
:1071A000B3FA83F31022216C60685B09FCF718FBCB
:1071B0000028A5D1226C04F120039A42A6F1100602
:1071C00008BF04F1300336F00F08606423643D44C7
:1071D000D1D0636823F47E13B5E732462946206C8C
:1071E00011F060F86664C7E7236C2946184411F073
:1071F00059F838466664BDE8F081134F384601F00F
:10720000ABFE104B39461868C7E9005803F00CF87C
:10721000FBF7C6FEAAE7237A6FF0880043F002036B
:10722000237271E74CF0020C6FF0860084F808C0FE
:107230006AE700BF00014005545D002000024005E0
:1072400028610020F85F0020B461002038B5436851
:10725000244D23F47E13AB42044619D022488342C6
:1072600006D06FF08500237A43F00203237238BD05
:107270001E4B186860B323686BB3237A9B072AD12F
:1072800002F1FF3CBCF10C0F1DD96FF08600EAE75C
:10729000174B1868E0B12368EBB1237A9D071AD128
:1072A00094F85930A3B1A2F1070CBCF1060FECD849
:1072B00002F0AAFFFBF774FE0028D4D1237A43F032
:1072C0000103237238BD05F0E5FDFBF769FEF3E726
:1072D0006FF08800C7E7237A6FF0880043F002035D
:1072E000237238BD0001400500024005545D0020B6
:1072F000F85F00202DE9F04F1E46036804468BB06E
:10730000002B71D0037A9B076ED1436888464A49A7
:1073100023F47E10884263D083F0AA6181F48071E7
:1073200031F47E1143D10D239342336065D84FF081
:10733000040B424F424D06A808F0B8F8DFF804A14C
:107340000822002138468DF818B010F0E9FF2846D1
:1073500006A9C5E9007A08F0C7F8DFF8EC90C9F88B
:107360000000002850D0802202A908F0DFF8FBF7C7
:107370000BFE034606A8019308F098F808220021A6
:1073800038468DF818B010F0CBFF284606A9C5E99D
:10739000007A08F0A9F8019BC9F800008BB1227AA5
:1073A00042F00202227218460BB0BDE8F08F83F063
:1073B000AA6383F4007333F47E131CD0002333607C
:1073C000B5E7326802A9404610F06CFF41462046FE
:1073D0003268FFF73BFF034618460BB0BDE8F08F5D
:1073E00094F85910002997D1227A6FF0880342F05F
:1073F00002022272D7E70C2396E7227A6FF0890304
:1074000042F002022272CEE7019006A808F04EF880
:107410000822019938468DF818B010F081FF2846EF
:1074200006A92F60C5F804A008F05EF86FF0880385
:10743000C9F80000B3E700BF00014005D85900209B
:10744000E0590020C0580020E85900204FF0000CFF
:10745000F8B5044640684B4FC3F800C020F47E1CCA
:10746000BC451D460E465DD0474B9C4506D06FF08F
:107470008500237A43F002032372F8BD434B1B6857
:10748000002B53D02368002B66D0237A03F003032C
:10749000012B61D1676C974265D8E369079A9342E3
:1074A00061D894F859303BB16269E3689A4261D37C
:1074B000A26923699A425DD394F8583073B9216C5C
:1074C0003FB13A46FCF78CF90028D2D1636823F427
:1074D0007E1C0123002284F858306264294B9C45AD
:1074E00027D0294B9C45C2D1294F384605F032F9A7
:1074F000226C636C3A60254AFB601068E369069A67
:1075000039467E60BA603B7405F058FD3B7C089AB2
:1075100013600023FA682A606364FBF741FD0028CA
:10752000A7D1F8BD1B4B1B68002BABD16FF08800B7
:107530009FE7194F384601F017FD226C636C3A60E3
:10754000144AFB601068E369069A39467E60BA60A7
:107550003B7402F0D3FFD9E7237A6FF0880043F041
:1075600002032372F8BD237A6FF0890043F002030F
:107570002372F8BD237A6FF0860043F00203237272
:10758000F8BD00BF0001400500024005545D002029
:1075900008610020F85F0020946100202DE9F0418F
:1075A000002704464068574E20F47E1CB4451D4613
:1075B00088461F605CD0544B9C4507D06FF0850017
:1075C000237A43F002032372BDE8F0814F4B1B681E
:1075D000002B51D02368002B7FD0217A01F00303C8
:1075E000012B7AD1636C934200F2858094F8592084
:1075F0003AB16169E268914276D3A1692269914208
:1076000072D3404A94453AD094F8582092B9216CEC
:10761000002B5DD01A460023FCF7E2F80028CFD1FA
:1076200001226368606423F47E1C364B84F8582082
:107630009C452BD0344B9C45C0D1354E304605F08F
:1076400089F8636C226CF360304B31461868069BF6
:10765000C6F80480B360079B3260337405F002FD06
:10766000F3682B60FBF79CFC0028A9D1BDE8F081F2
:10767000284B1B68002BADD16FF08800A0E7E269B2
:1076800007998A4230D194F85820CAB1224E304628
:1076900001F06AFC226C636C32601E4AF360106871
:1076A000E369069A31463374C6F80480B26002F08A
:1076B00099FFF3682B60FBF773FC0028D6D07FE7B7
:1076C000216C002BA6D10122636484F85820DDE7E9
:1076D0006364012384F85830ACE7237A6FF08800A4
:1076E00043F0020323726FE7237A6FF0860043F0C2
:1076F0000203237268E741F002016FF089002172F2
:1077000062E700BF0001400500024005545D002013
:1077100008610020F85F0020946100200368002BBE
:1077200055D070B543682C4A23F47E139342044627
:1077300084B00BD002F5807293422BD06FF085009D
:10774000237A43F00203237204B070BD234D2868EE
:1077500000283ED002F000FD684601F0F1FB012355
:107760001F4E204A002101923046F4228DF800304D
:1077700010F0D6FD1C481D4B69460660436002F0C0
:10778000CBFC28605C220021204610F0C9FD0020BF
:1077900004B070BD164D2868D8B105F05DFB684691
:1077A00004F0C4FF0123134E134A00210192304616
:1077B0004FF480728DF8003010F0B2FD0F48104B7E
:1077C00069460660436005F023FB2860DAE7002085
:1077D00070476FF08800B3E700014005F85F0020B4
:1077E000FC5E0020D10A0100F05F0020F40A0200D4
:1077F000545D00204C5C0020C10B01004C5D00205A
:10780000E00A02002DE9F04F0D4697B0914606467A
:10781000282200210CA89A4610F082FD0020B34BCC
:10782000269A25F47E18984510605ED0B04B984596
:1078300050D0B8F1052F00F02581FBF79BFC0446E2
:10784000002843D105F0FE43B3F1A06F4AD1A94A05
:1078500025F0FF03934240F0028115F0FF0304D0AE
:10786000A54A43F0007393423CD0F9F739FB002856
:1078700000F0728106AC20463146FBF765FC94E8C7
:1078800003000CAA14F0E0FB0446F9F735FBECB951
:10789000129B2A464FF480710CA81193FBF7E6FD6A
:1078A000044698B9BDF83020BDF832B002F4E0418A
:1078B000B1F5005F25D042F2040082423DD0239B07
:1078C000259A934200F24B816FF08604204617B050
:1078D000BDE8F08F8948FBF74DFC04460028F5D140
:1078E0002904C2D56FF08504F0E78548FBF742FC18
:1078F00004460028EAD125F0FF03824A9342EFD1E3
:10790000ABE7C2F302200428D5D185F0AA6080F449
:10791000807030F47E1318D085F0AA6080F4007077
:1079200030F47E1311D0239B259A934200F21781E5
:107930001A46249B134403931FE085F0052080F42E
:10794000801030F47E1340F0F680C5F30544102C0F
:10795000BAD8239BE018259B984200F20081DDE90C
:107960002303B1F5005F03440393ADD1C2F30222B8
:10797000042AA9D1002B00F0DA80209B002B00F014
:10798000AF80229B002B00F0CD80249B002B62D087
:10799000B9F1000F98D03146002604AF3846FBF706
:1079A000D3FB97E806000BF10703DB0808A8009655
:1079B00000F00CFF4D4B98456CD04D4B984591D144
:1079C000514BE340DB077FF57FAFDFF85481404642
:1079D00004F0B4FE08ABC8F80030209B4146C8F85C
:1079E0000430219B88F82140C8F81830229BC8F841
:1079F0001090C8F80830249B88F820A0C8F80C30F4
:107A0000239B88F82260C8F81C30039BC8F8143008
:107A10003E4B1868F6F754FBFBF7C2FA0446002CFD
:107A20007FF454AF85F0AA6383F4807333F47E133C
:107A300007D085F0AA6383F4007333F47E1340F01B
:107A40008980239BC5F305451D442046269B1D6068
:107A500017B0BDE8F08F259B002B99D034E702F5D5
:107A6000805293423FF4F9AEA2F5885293423FF41C
:107A7000F4AE25F4FF7222F00102B2F1062F7FF47A
:107A80003CAFEAE62248FBF775FB044600283FF4CA
:107A900032AF1BE71F4BE340DA077FF515AF1E4EF1
:107AA000304601F055FA08AB3360209B31467360D5
:107AB000219B86F82140B361229BC6F81090B360E9
:107AC000249B86F820A0F360239BF361039B7361E2
:107AD000124B1868F5F7F0FEFBF762FA04469EE7D2
:107AE000219B002B3FF44DAFEEE600BF00014005A7
:107AF0000002400500030006FF00000200025005DE
:107B0000000150050009000610F10100545D00203D
:107B10000005100550550100BC610020F85F0020F1
:107B200030610020239B002B3FF42FAFCCE6002CCC
:107B30003FF423AFC8E6239B25998B420FD8194603
:107B4000249BC2F302220B44042A03937FF4BCAEAD
:107B5000002412E7254678E76FF08304B6E66FF05D
:107B60008904B3E62DE9F04F0D4697B090460646DE
:107B7000282200210CA8994610F0D2FB00209D4B32
:107B8000269A25F47E179F4210605ED09A4B9F4242
:107B900050D0B7F1052F00F02481FBF7EBFA044633
:107BA000002843D105F0FE43B3F1A06F4AD1934AB8
:107BB00025F0FF03934240F0018115F0FF0304D04C
:107BC0008F4A43F0007393423CD0F9F789F90028BB
:107BD00000F0658106AC20463146FBF7B5FA94E823
:107BE00003000CAA14F030FA0446F9F785F9ECB951
:107BF000129B2A464FF400710CA81193FBF736FC38
:107C0000044698B9BDF83020BDF832A002F4E04136
:107C1000B1F5005F25D042F2040082423ED0239BA2
:107C2000259A934200F23E816FF08604204617B0F9
:107C3000BDE8F08F7348FBF79DFA04460028F5D1A4
:107C40002904C2D56FF08504F0E76F48FBF792FA7C
:107C500004460028EAD125F0FF036C4A9342EFD195
:107C6000ABE7C2F302200428D5D185F0AA6080F4E6
:107C7000807030F47E1319D085F0AA6080F4007013
:107C800030F47E1312D0239B259A934200F20A818E
:107C90001A460293229B1344039322E085F00520A9
:107CA00080F4801030F47E1340F0E980239BC5F30C
:107CB00005441B1B102C0293B6D823988442B3D8DA
:107CC0002598834200F2EE802298B1F5005F0344CC
:107CD0000393A9D1C2F30222042AA5D1002B00F0FC
:107CE000CA80209B002B00F0C180249B002B9BD0DE
:107CF000229B002B57D0B8F1000F95D031460026BB
:107D00000DF1100B5846FBF71FFA9BE806000AF12D
:107D10000703DB0808A8009600F058FD354B9F428A
:107D20007ED0354B9F428DD1394BE340DB077FF549
:107D30007BAF384F384604F001FD08AB3B60029B37
:107D40003946FB61209B87F821407B60219BC7F867
:107D50001080BB61229B87F82090BB60249B87F832
:107D60002260FB60039B7B612B4B1868F6F760FA7F
:107D7000FBF716F90446002C7FF458AF85F0AA6390
:107D800083F4807333F47E1311D085F0AA6383F4F7
:107D9000007333F47E130AD000252046269B1D6015
:107DA00017B0BDE8F08F239B002BA4D03CE7239BAA
:107DB000C5F305459D42EFD25D1BEEE702F580520B
:107DC00093423FF4FAAEA2F5885293423FF4F5AEE7
:107DD00025F4FF7222F00102B2F1062F7FF43DAFCD
:107DE000EBE60E48FBF7C6F9044600283FF428AF3F
:107DF0001CE700BF0001400500024005000300062B
:107E0000FF000002000250050001500500090006B5
:107E100010F1010030610020545D002000051005C4
:107E2000224BE340DA077FF5FFAE214E304601F0EA
:107E30008FF808AB3360029B3146F361209B86F8D4
:107E400021407360219BC6F81080B361229B86F8A5
:107E50002090B360249BF360039B7361154B1868FB
:107E6000F5F7E2FDFBF79CF8044684E7219B002B25
:107E70003FF43BAFD8E6002C3FF433AFD4E6239B6E
:107E800025998B420ED81946229BC2F302220B443D
:107E9000042A03937FF4C8AE0024029121E76FF017
:107EA0008304C3E66FF08904C0E600BF50550100AB
:107EB000BC610020F85F002010B50446F9F710F807
:107EC00038B1204611F0F2FF0446F9F715F82046C4
:107ED00010BD6FF08304FAE738B504460D46F8F795
:107EE000FFFF40B12046294611F0CEFE0446F9F7C7
:107EF00003F8204638BD6FF08304FAE738B504462E
:107F00000D46F8F7EDFF40B12046294611F0C6FEB8
:107F10000446F8F7F1FF204638BD6FF08304FAE716
:107F20006FF08500704700BF0346F0B55C698DB007
:107F300015460E462822194602A810F0B3F904F09F
:107F4000FE43B3F1A06F20D0244B2340B3F1707FE8
:107F500010D000214FF0FF300894F9F74BFCA0B38C
:107F6000F8F7BEFFF8B96FF08304F9F76FFC20460D
:107F70000DB0F0BD1A4A24F47E13934203D0A2F54B
:107F8000807293420AD10793E3E7164A24F47E13E2
:107F9000934217D002F58072934211D06FF085049E
:107FA00020460DB0F0BD6F4631463A4602A811F0AA
:107FB00039FF044660B100202860F8F79DFFD4E740
:107FC000094BE0E7094B0793C3E76FF08304CEE763
:107FD00097E80300FBF7C8F8EEE700BF0000C07F9A
:107FE0000002C003000140050002500500015005D9
:107FF00038B504460D46F8F773FF40B120462946D0
:1080000011F01EFE0446F8F777FF204638BD6FF0EA
:108010008304FAE7F8B504460D4616461F46F8F7FE
:108020005FFF50B120463B463246294611F050FED4
:108030000446F8F761FF2046F8BD6FF08304FAE7C5
:10804000F0B583B004460D461646F8F749FF80B1F7
:108050006F4631463846FBF777F897E80C00204624
:10806000294611F083FE0446F8F746FF204603B088
:10807000F0BD6FF08304F9E72DE9F04FDFF8909140
:1080800093B005460E4617460021282208A89846B8
:1080900010F046F9D9F80030002B00F0A180534BC6
:1080A0009D4240F09780F8F71BFF002800F0958074
:1080B00006AC20463146FBF747F894E8030008AACF
:1080C00013F0C2FF0446F8F717FF002C71D10E9B86
:1080D0002A464FF4804108A80D93FBF7C7F90446E0
:1080E000002866D1BDF820B0BDF822A00BF44F43A4
:1080F000B3F5824F0CBF5B4600232BF0FF020AF161
:108100000705DBB2B2F5E24F4FEAD505039361D123
:10811000374C204604F0F6FF51465846FAF782FFE6
:10812000207000285FD0039B412B4FD03B784FEA53
:10813000450B042B0BF1010B4CD1C3454AD11D9BC0
:108140009D4247D80DF1100831464046FAF7FCFF32
:108150000023009398E806002B462648264E00F0A0
:1081600035FB5A463946254807F03EFB33785A46D8
:108170001BBB2349234807F041FB1E4B1C49A3604E
:108180001E4BD9F80000E3601E4B236105F05CF93B
:10819000FAF7EEFE337804465BB950B9BAF1FF0F37
:1081A0002A461C980CBF1649174910F07BF81E9BF5
:1081B0001D60204613B0BDE8F08F144B11481968BC
:1081C000C1E9055A243107F019FBD6E70123AB4674
:1081D0002375B2E76FF08604EBE76FF08304E8E7FE
:1081E0006FF08804E5E76FF08504E2E7000002091C
:1081F000F0600020D0600020866C0020C06000206D
:1082000048620020E060002049620020D04E00203B
:10821000485C00206FF08500704700BF08B5084B30
:108220001B684BB10A460146D200184607F07EF99A
:10823000BDE80840FAF7A8BE6FF0880008BD00BF8F
:10824000E85900202DE9F0430588B0F8028005F4D4
:10825000E043B3F5804F83B05ED0B8F1000F5BD040
:1082600008F10702B2F5866F59D2DFF8CC90D70833
:10827000D9F80020002A55D0B3F5805F04460E4699
:108280002DD0B3F5005F2AD025F0FF03B3F5E24F00
:1082900002D0B3F5E44F3CD141462846FAF700FF3F
:1082A000002836D005F44F43B3F5824F006902D160
:1082B000EDB23F2D22D83A461C4907F0EDFB1C4A8F
:1082C000CDF8008011681B4BD9F80000174A07F061
:1082D0007FFAFAF759FE40B103B0BDE8F0833946A2
:1082E0001448FBF7F9FA0028F6D133463A462046FF
:1082F000104903B0BDE8F043FBF742BC0C4BCDF88E
:10830000008002461968D9F800000A4B07F096F978
:10831000DFE76FF08500DFE76FF08600DCE76FF0E6
:108320008C00D9E76FF08800D6E700BF0462002018
:10833000002D002048620020E859002070B584B06C
:10834000F9F7D0F8002840F0B581204D04462B689D
:10835000002B53D01E4D2E68002E6BD01D4D02F009
:108360001DFE2E68002E00F084801B4D2E68002E0E
:1083700000F09A80194D2E68002E00F0B180184D43
:108380002E68002E00F0C980164D2E68002E00F0D9
:10839000E180154D2E68002E00F0FA80134D2E68F6
:1083A000002E00F01281124D2E68002E00F02A815E
:1083B000104D2E68002E00F042810F4D2E68002EC9
:1083C00000F05F81204604B070BD00BF5C600020FB
:1083D000F85F0020F85E0020F45E0020185E0020A8
:1083E000B05D0020545D0020485C0020645B0020EC
:1083F0008C5A0020D4590020E859002000F0AEFB30
:10840000684600F0FDF90123AC4EAD4A21463046E6
:10841000019258228DF800300FF082FFA948AA4B34
:1084200069460660436000F0A1FB2860A74D2E68F6
:10843000002E93D101F068FE684600F081FD012313
:108440003146A34AA34E01923046F4228DF8003003
:108450000FF066FFA048A14B69460660436001F03B
:108460005BFE28609E4D02F099FD2E68002E7FF481
:108470007CAF684602F02CF901233146994A9A4EA6
:108480000192304664228DF800300FF049FF974882
:10849000974B69460660436002F088FD2860954D61
:1084A0002E68002E7FF466AF684602F011F940F2A4
:1084B00001233146904A914E019230466422ADF834
:1084C00000300FF02DFF8E488E4B694606604360EA
:1084D00002F06CFD28608C4D2E68002E7FF44FAFAB
:1084E00003F0E2F9684603F047F801233146874A72
:1084F000874E019230465C228DF800300FF010FF5D
:108500008448854B69460660436003F0D5F92860CE
:10851000824D2E68002E7FF437AF03F019FF6846B6
:1085200003F088FD012331467D4A7E4E019230469C
:1085300050228DF800300FF0F3FE7B487B4B6946EC
:108540000660436003F00CFF2860794D2E68002E12
:108550007FF41FAF04F05AFC684604F0E7F80123EB
:108560003146744A744E019230464FF480728DF851
:1085700000300FF0D5FE7148714B694606604360CC
:1085800004F046FC28606F4D2E68002E7FF406AF85
:1085900004F022FF684604F021FF012331466A4AB5
:1085A0006A4E01923046D8228DF800300FF0B8FEA6
:1085B0006748684B69460660436004F017FF28600F
:1085C000654D2E68002E7FF4EEAE05F081FA684608
:1085D00004F076FF01233146604A614E0192304635
:1085E000CC228DF800300FF09BFE5E485E4B694652
:1085F0000660436005F06EFA28605C4D2E68002E20
:108600007FF4D6AE05F050FE684605F021FB01234D
:108610003146574A574E0192304698228DF8003025
:108620000FF07EFE5448554B69460660436005F0E6
:1086300045FE2860524D2E68002E7FF4BEAE06F037
:108640002FFB286810B106F071FB2E60684605F01C
:1086500027FF01234B4E4C4A002130460192FC2259
:108660008DF801300FF05CFE4848494B69460660C2
:10867000436006F01FFB2860464D2E68002E7FF4F5
:10868000A1AE06F023FF684606F010FF0423314632
:10869000414E082230468DF800300FF041FE3F4831
:1086A0003F4B69460660436006F01EFF2860204687
:1086B00004B070BD6FF0920484E600BFFC5F002040
:1086C000A10A010054600020F80A0200F85F0020AF
:1086D000D10A0100FC5E0020F05F0020F40A0200D5
:1086E000F85E0020010B0100805E0020EC5E00209F
:1086F000F00A0200F45E0020310B01001C5E002035
:10870000E45E0020EC0A0200185E0020610B01000C
:10871000B45D0020105E0020E80A0200B05D002079
:10872000910B0100585D0020A85D0020E40A0200C2
:10873000545D0020C10B01004C5C00204C5D00200A
:10874000E00A0200485C0020F10B0100685B002099
:10875000405C0020CC580020645B0020210C01000C
:10876000905A00205C5B0020C85800208C5A0020E2
:10877000590C0100EC590020845A0020C4580020F4
:10878000D4590020D0580020910C0100CC59002071
:10879000BC580020E8590020D8590020E05900209A
:1087A000C0580020003918BF01210170704700BF78
:1087B000027803461AB1002210461A7070474FF033
:1087C000FF30704701230370704700BF10B582B0BF
:1087D000844602A800E906004FF0280E0020049904
:1087E000009C8CF800E0CCF80840CCF80430CCF8C1
:1087F0000C1002B010BD00BF406870474088704741
:108800008446024B0FCB8CE80F007047FC0A020035
:10881000182200210FF084BD0C2200210FF080BD32
:1088200070B5054696B02C68002128220CA80FF0E0
:1088300077FD29462068F8F7DDFF002854D023791A
:10884000222B27D0282B52D194F8403003F0FD0280
:10885000012A1CD0052B14BF4FF400764FF480760C
:108860004FF0FF31E3680391029302AB0CAA93E847
:108870000300F8F7EFFC20B388300CBF6FF004045E
:108880006FF00504F8F7E2FF204616B070BD4FF414
:108890008076E5E7A1682046F9F73EFD2A461649AD
:1088A000207EF8F7E5FF30B9F9F724F818B96469C4
:1088B000204616B070BD0024F8F7C8FF204616B059
:1088C00070BD0E4B20220093019604F14C0304A9C5
:1088D000201DF8F7DFFB0028CED10CA8FFF78CFF96
:1088E000000A04A92065D6E76FF00104CCE7F8F789
:1088F000ADFF6FF00604C7E70189010000404004A6
:1089000070B506460468F9F75FF810F0FF051AD055
:108910004FF0FF356561F8F799FF94F8403023F088
:108920000402013A012A9CBF002284F85420227ECE
:10893000012A00D070BDD4E90E523046AC466169C0
:10894000BDE87040604704F12000F9F765F8E1E701
:108950002DE9F04104681E4623790546022B0F4697
:1089600090468AB027D0082B40F09F8094F8403082
:1089700003F0FD02012A1BD0052B14BF4FF4007336
:108980004FF4807301934A4B2022009302A904F113
:108990004C03201DF8F77EFB00285DD0883014BF03
:1089A0006FF005066FF0040630460AB0BDE8F081AE
:1089B0004FF48073E6E7102E04F1040071D03D49B6
:1089C00007F0FCFE3C4804F120010EF0D1F8237EB4
:1089D000042B01D00F2E5DD833462046424639463F
:1089E00003F072FD2C6894F84030012B24D0227ED5
:1089F000E16B042A896801D00F2924D8052B35D0D2
:108A00002E4B1A6F22625A6F62629A6FA262DB6FFC
:108A1000E3622046666907F0E7FE237E012BC3D19F
:108A200028463146A56B94F84030E26BA8470026F3
:108A300030460AB0BDE8F081227E042A16D0E36BEE
:108A40001B690F2B12D9022AF1D14FF0FF311C48BC
:108A5000FFF7AEFE6669A7E71A4802A90EF088F88C
:108A6000102E164B0CD0134ADA62ABE7102300220B
:108A7000194604F1200006F0AFFF0023E376C8E7B3
:108A8000114ADA620C4804F120010EF071F8237EDD
:108A9000042BA1D06B6829461A780C4807F0E4FE35
:108AA0009AE7094907F08AFEECE76FF006067BE7D4
:108AB000004040043A00000170000C4000000C40EF
:108AC000E06B002050000C4038000001D18A01000A
:108AD0002DE9F0411E4E0468D6F80C71054620467B
:108AE00007F0E2FE3B0701D4BDE8F0812022194BDC
:108AF000C3F8042594F8403003F0FB03012B17D092
:108B0000336F2362736F6362B36FA362F36FE362C9
:108B1000204607F069FE237E022B13D02846A56B62
:108B20006169AC4694F84030E26BBDE8F0416047C3
:108B300010230022194604F1200006F04DFF002307
:108B4000E376E5E70448BDE8F041FFF73BBE00BF30
:108B500000000C4000400C40E06B002008B5F8F726
:108B600045FCBDE8084007F0DFBD00BF70B50568F3
:108B700006460C46F8F7B6FC00230D4A85F854303B
:108B80009C4208BF1446C31A18BF01230121626822
:108B90005B42AA63A268AB6485F84110284621783D
:108BA00007F0CCFD00280CBF3046002070BD00BF90
:108BB000FC0A0200006807F0E7BD00BF006810B5BE
:108BC000446934B9102A07D120300FF06BFB2046DE
:108BD00010BD4469204610BD4FF0FF34F7E700BFD9
:108BE0002DE9F0410B680C461A780646022A2AD075
:108BF000082A28D0222A01D0282A5ED13568AA6CFA
:108C0000002A5AD12769002F57D095F85420002AFE
:108C100053D16A61012205F1040C85F840200FCB85
:108C2000EC638CE80F00D4E90123C5E90C2305F1BE
:108C30002000E16810226F640FF034FB3046BDE87D
:108C4000F041FFF7EDBDD4E901018B0753EA8073D2
:108C50003568226936D182B313072ED12B7E042BBF
:108C600002D007F0E1FD40B3284607F093FD074628
:108C700028BB95F841302BB1286807F0FBFA20B3E8
:108C80000123AB76012385F84030E1681022EC63C4
:108C900005F120000FF006FB4FF0000C23682F1D9C
:108CA0000FCB87E80F00D4E9011223693046C5F8DD
:108CB00014C0BDE8F041FFF74BBE4FF0FF37384618
:108CC000BDE8F0816FF00707F9E7EF766FF0010775
:108CD000F5E700BFF8B50B680D461A780746222A5B
:108CE00001D0282A24D13C68A26CF2B92E69E6B1E1
:108CF00094F85420CAB96261022204F1040C84F889
:108D000040200FCBE5638CE80F00D5E90123C4E9CF
:108D10000C2304F12000E968102266640FF0C2FA07
:108D20003846BDE8F840FFF77BBD4FF0FF30F8BD97
:108D30006FF00600F8BD00BF38B50B780468022B51
:108D40001BD0082B19D0222B01D0282B1BD1A36CB0
:108D5000CBB994F85450B5B90FC94FF0010E04F1D6
:108D6000040C8CE80F00656184F854E003220023B2
:108D700084F840201846E36338BD204607F036FDEE
:108D80000028F3D038BD4FF0FF3038BD70B50B78F8
:108D90000468222B04D0282B02D06FF0060512E0C5
:108DA000A56C9DB994F8543083B90FC901264FF0D2
:108DB000040E04F1040C8CE80F006561E56384F88F
:108DC000546084F840E06561284670BD4FF0FF357F
:108DD000FAE700BF70B5056806462B790C46222BD2
:108DE00024D0282B22D06B690BB1686970BDD1E902
:108DF00000018B0753EA8073A2682FD15AB313077F
:108E000029D12B7E042B22D195F841302BB1286833
:108E100007F030FA28B30123AB76D4E901233046BA
:108E20002168EC63BDE87040FFF792BDAB6C93B96D
:108E30006B69002BD9D1D4E90012A3683046C5E98B
:108E40000C12EC636B64BDE87040FFF7E9BC07F0FF
:108E5000EBFC0028D8D14FF0FF3070BD6FF0070059
:108E600070BD6FF0010070BD70B5046806462379CF
:108E70000D46222B26D0282B24D0636923BB8A6879
:108E80002AB30868830754D149688B0751D1130767
:108E90003FD1237E042B38D194F8413033B1206880
:108EA00007F0E8F9002847D00123A376052384F8CA
:108EB00040303046D5E901232968E563BDE87040BC
:108EC000FFF746BD63696BB16169084670BD237EDB
:108ED0006169012BE276F8D105232A46A46BA047ED
:108EE0000021F2E794F84030AA68032B14BF062350
:108EF00005238AB984F85420227E6169012AE4D1CD
:108F00002A463046A46BA047EAE707F08DFC00280C
:108F1000C2D14FF0FF31D8E784F8403029686B6840
:108F20003046C4E90C13E5636264BDE87040FFF7A6
:108F300077BC6FF00701C8E76FF00101C5E700BF1C
:108F40008446024B0FCB8CE80F0070470C0B0200DD
:108F5000242200210FF0E4B9082200210FF0E0B92B
:108F60000C2200210FF0DCB9142200210FF0D8B937
:108F700010B50468F8F728FD40B220B90346C4F8DC
:108F8000E400636110BD4FF0FF33636110BD00BFAB
:108F900038B50568F8F718FD44B21CB14FF0FF343E
:108FA0006C6138BDF8F724FD6C61C5F8E40038BD8C
:108FB00038B505680446D5F8E40008B9002038BD86
:108FC000F8F778FD224604200549F8F751FC0028FF
:108FD000F4D1F8F78FFC0028F0D1686938BD00BFE4
:108FE000718F01002DE9F0410468064694F87C3049
:108FF0005A1E012A08D9073B012B05D9D4E91623AB
:109000009268A2EB030801E0D4F8D88004F1A2052D
:109010001022002128460FF083F9E36D616A424671
:10902000194404F1C40728460FF03CF9102200212E
:1090300038460FF075F9002101222046C4F8D410FB
:109040006562A762C4F85C80F8F7BAFF3246074948
:10905000207EF8F70DFC28B9F8F74CFC10B96069D0
:10906000BDE8F0814FF0FF30FAE700BF759D0100C9
:109070002DE9F043DFF8D0C2B24C1F46036FCCF8A5
:109080002C400E460446154685B01BB9426FC36E90
:109090009A425DD0636CAC4A1367A36C5367E36C70
:1090A0009367236DD3670EB3236F002B7CD0B0463C
:1090B000002294F87F10002940F0BD8038F00F099D
:1090C00040F0E580A26E4344934200F00381B8F182
:1090D000020F40F03181236A023E9A5D334484F8E6
:1090E0007D205B7884F87F8084F87E3005B3237E12
:1090F000022FD4F8248008BFD4F82880042B25F050
:109100000F0601D00F2E75D8D6B92A468E4EF369B8
:10911000DB07FCD401234146B3618C480FF0C2F851
:1091200003233361236E5B1B2366636F5B1B6367E3
:1091300004F1440001F064FF002005B0BDE8F083B5
:109140003146404601F06CFFAA1BEBD0B044DDE78E
:109150000222CCF8182090F8801090F88120023973
:109160004908C2F10E0040EAC100A16ED4F82CC03B
:1091700009B140F040001BBA039300230090614600
:109180000DF10100CDE901330FF08CF8009A6E4B20
:10919000C3F89020019AC3F89420029AC3F898204B
:1091A000039AC3F89C207EE7CDE90033CDE9023372
:1091B000A36E012E8DF80130C3F30723216A8DF8C9
:1091C000003000F083800E2E00F2988032460DF1C0
:1091D00002000FF067F8009A5B4BC3F89020019AE9
:1091E000C3F89420029AC3F89820039AC3F89C20ED
:1091F00026677BE7544D2121EB6A204623F08073DC
:10920000EB6207F045FB3146404607F00BFB0423B9
:109210000822C5F80431236E9B1B2366636F9B1BDA
:1092200063672A61237E022B86D1EFF30583002B2F
:109230007CD0606981E74FF00009B4F87D30216A85
:10924000B8F10D0FCDF80090CDE901991144ADF8BA
:109250000030CDF80C9029D90E220DF102000FF04C
:1092600021F8236F684610331021A8F10E082367F8
:1092700001F0D6FE84F87F9038F00F0905D1B8F1DF
:10928000000F3FF433AF236F1CE7A6EB0802206A00
:109290004946104401F0C4FE236FA8EB09084B4473
:1092A0002367B8F1000F3FF421AFECE742460DF120
:1092B00002000EF0F7FF236F10210233434468468B
:1092C000236701F0ADFE84F87F900FE70B788DF8EF
:1092D000023080E7216AA6EB080631441A4EF36992
:1092E000DA07FCD401234246B36118480EF0DAFFD6
:1092F00003233361236F43442367F7E60E220DF106
:1093000002000EF0CFFF0E2300990F4AA6F10E08BF
:10931000C2F890100199C2F894100299C2F89810FE
:109320000399C2F89C101A462367C2E64FF0FF313A
:109330000748FFF73DFA7CE70122034B4FF0FF306F
:109340005A61FAE63400000100000C4090000C4025
:10935000E06B002030B504468FB02822002104A81D
:109360000EF0DEFF94F87C3003F0FB02022A2CD0D2
:10937000042B14BF4FF480754FF400754FF0FF318C
:10938000E3680391029302AB04AA93E80300F7F7A2
:1093900061FF30B1883013D06FF0050528460FB05B
:1093A00030BD104B2022CDE9003504F1820104F1DB
:1093B000E803201DF7F76EFE054648B18835EBD16E
:1093C0006FF0040528460FB030BD4FF40075D5E7A7
:1093D00004A8FFF711FA000AC4F8EC0028460FB001
:1093E00030BD00BF0001500530B500220546002306
:1093F0001D4C1E4985B0E162CDE90023CDE9022371
:1094000095F88120E96AC2F10E030DF101008DF893
:1094100000300EF047FF0022009B8DF80F20C4F8AB
:109420009030019BC4F89430029BC4F89830039BA1
:10943000C4F89C30E369DB07FCD46B6CC4F8803063
:10944000AB6CC4F88430EB6CC4F888302B6DC4F876
:109450008C30236F6B64636FAB64A36FEB64E36F5B
:109460002B6505B030BD00BF00000C4028002A016C
:109470002DE9F04704686E4B06462046D3F80C7180
:1094800007F012FA94F87C3003F0FB02022A0BD0AA
:10949000082B09D017F0040540F09D803B0740F1F0
:1094A00083804FF0010946E017F004053FD01022F9
:1094B0004FF002095F4BA16AC3F80425236EDBB1AC
:1094C000D4F860A0E36DDFF86881A3EB0A031944C8
:1094D000D8F81C5015F00105FAD101235246C8F8FE
:1094E000183055480EF0DEFE0323C8F81030636FC5
:1094F000A3EB0A036367256604F14405284601F0DF
:109500007FFDD4F87480B8F1000F4FD0B9F1020F8D
:109510005DD02046E16DF4F73FF8E36D07F00807F2
:109520000F2B60615FD9002F3ED0002503E0390783
:109530003AD54FF0020920223E4BC3F80425636E52
:10954000002B53D1A36F63B1394BD3F890206263E2
:10955000D3F89420A263D3F89820E263D3F89C3028
:109560002364B9F1010F0AD0022300212046E26DE5
:10957000FFF77EFDE36D60610F2B00D9A5B1A36FEE
:10958000626F9B1800D1E376204607F02DF9237E09
:10959000022B3CD0656D3046AC46616994F87C3056
:1095A000A26DBDE8F0476047BDE8F0872046FFF7B1
:1095B0001BFF206B80B3B9F1010F94F880202DD0F0
:1095C0000146284606F0EAF970B3C4F814803A0759
:1095D000D5D50125AFE71022164B616A4FF001097E
:1095E000C3F804256AE7002FF3D1C8E7676EE36D7F
:1095F000A16A606ADB1B3A4619441844012302F051
:10960000A3F90022A36FDB1BA36762669AE70B48EE
:10961000BDE8F047FFF7D6B8606177E729460EF05E
:1096200041FEC4F8148074E76FF003036361CEE772
:1096300000000C4000400C4090000C40E06B00200B
:109640002DE9F04704681E4601F0FD03052B07468F
:109650008AB0206814BF4FF4007A4FF4807A0D4628
:10966000914606F007FE002800F098800123A376BB
:109670002379022B6BD0082B40F08D80494B2022A0
:109680000093CDF804A002A904F1E803201DF7F728
:1096900001FD48B1883014BF6FF005056FF0040577
:1096A00028460AB0BDE8F0873F4802A90DF060FAED
:1096B0004FF4A071129BE94084F87C5011F0010531
:1096C000A362C4F85890237E666219D1042B02D09D
:1096D000139B0F2B47D8012300212046139AFFF735
:1096E000C7FC054650BB20461399F3F755FF0546C6
:1096F000666F2E4323D12046FFF776FE35461EE0E7
:10970000042B15D0139B0F2B12D91A46D7E90053FF
:109710002A66EA656A6639461A78244807F0A4F88A
:1097200028461399F3F738FF0546002DB8D006E018
:1097300020461399F3F730FF054660B1636F20466A
:10974000656107F051F828460AB0BDE8F087201D92
:1097500007F042F8ACE7014602232046139AFFF7D0
:1097600087FC0546C4E7D7F800803946C8F8603062
:10977000C8F85C30C8F864307B680C481A7807F089
:1097800073F8294601234046139AFFF771FC0546FA
:10979000002D85D0D3E76FF0060581E76FF0010556
:1097A0007EE700BF0001500550000C40719401009D
:1097B0002DE9F04102255D4B5D4C1746DC62044605
:1097C0009D6190F8213090F82020023B0E46C5693B
:1097D00001695B08C2F10E0040EAC303A06986B0CC
:1097E00008B143F040034FF000082DBA0DF1090015
:1097F00002930595CDF80C804C4DCDF810800EF0FD
:1098000051FD029BC5F89030039BC5F89430049B32
:10981000C5F89830059BC5F89C30A369EBB9E5699C
:10982000ADB1012FD4F8088018BFD4F80C8035F002
:109830000F0734D13D4CE369DB07FCD401232A46F2
:10984000A36141463B480EF02DFD032323613046C2
:1098500006B0BDE8F04101F0D3BBC3F30722012BF2
:10986000CDE90288CDE9048861688DF809308DF86A
:1098700008204AD00E2B1ED81A460DF10A000EF011
:1098800011FD029A294BC3F89020039AC3F8942043
:10989000049AC3F89820059AC3F89C20BFE739467C
:1098A000404601F0BDFBEA1BD1D07B1B1546E269A7
:1098B00013449844BEE70E220DF10A0001930EF006
:1098C000F1FC029A019BC5F89020039AA3F10E08BF
:1098D000C5F89420049AC5F89820059AC5F89C20EC
:1098E00038F00F0515D1A3696168A3EB08030F4D8C
:1098F0001944EB69DA07FCD401234246AB610D48F9
:109900000EF0D0FC03232B6189E70B788DF80A3029
:10991000B7E7A26960680E32D21A2946104401F0F6
:109920007FFBB8EB05083FF47AAFDCE700000C40A2
:109930003400000190000C402DE9F0478046886813
:10994000012A0CBF4FF480794FF400798307D8F8CF
:1099500000508AB040F0E0800C46C9688B0740F0A8
:10996000DB8094F82030073B062B00F2D2801746AC
:10997000D4E90632DA4200F0CC802B7E042B04D0EE
:1099800006F052FF002800F0C480284606F002FFCF
:10999000064618B130460AB0BDE8F087286806F0E0
:1099A00069FC002800F0BE8001232068AB766E6160
:1099B0000378022B00F08680082B40F0B0805F4BCC
:1099C00020220093CDF8049002A905F1E803F7F7EF
:1099D00061FB48B1883014BF6FF005066FF00406D4
:1099E00030460AB0BDE8F087554802A90DF0C0F82E
:1099F0002B7E042B3CD0D4F81C90B9F10F0F37D933
:109A0000002285F87C706368D4E9041CD4E902E084
:109A1000C5E90A01C5E9083EAC65C5F830C094F84F
:109A2000203085F88130A169C5F87490C5E91A190C
:109A3000C5F8789094F821302A6785F8803085F849
:109A40007F20002948D1D8E90043C4F86090C4F8C9
:109A50005C90C4F8649041461A783A4806F004FFD6
:109A6000012F63D049462046F3F796FD064691E75D
:109A7000012F05F1440A3CD005F1340994F8212066
:109A8000616948460EF00EFC49462046F3F720FE79
:109A9000514602222046FFF78BFE5046494694F875
:109AA000212005F07BFF6FF0030A08B14FF0000A98
:109AB00000232846EB7606F097FE2B7E012B04D080
:109AC000564667E706F088FE92E722463B46514637
:109AD00040466C6DA0475DE73B462846FFF7C8FA55
:109AE000D4F81C908246B9F1000FE1D00028DFD1F4
:109AF000A9E73A4651462046FFF75AFE514620460E
:109B0000F3F7E6FD514694F8212060690EF0CAFB98
:109B1000CCE74FF0FF363DE76FF007063AE76FF00E
:109B2000060637E7EE766FF0010633E73B464A4616
:109B300000212046FFF79CFA06462BE7000150055E
:109B400050000C4071940100F0B5046806460D46C3
:109B500094F87C3083B039B9012B42D0072B72D0F6
:109B6000052B64D0123248D09C462746073B012B78
:109B70009CBF002384F8F030ACF10303DBB2032B6D
:109B800009D93B79282B03D1D7F8EC30012B41D0F0
:109B9000D7F8E40038B96561F7F758FE237E012B4A
:109BA00014D003B0F0BDF7F785FF324604203249E8
:109BB000F7F75EFE0028EED1F7F79CFE0028EAD109
:109BC0007B69002BE7D04FF0FF35E4E7656D304649
:109BD000AC46616994F87C30A26D03B0BDE8F040FA
:109BE0006047A36D93F821105869F7F70FFF3768A6
:109BF00094F87C3097F87CC0B8E7082B35D84FF440
:109C0000A272DA4012F0010F9C46274618BF6FF08F
:109C10000305ABE74FF0FF33FA68CDE9002302AB51
:109C200013E90300F7F7BCFA08BB3768B0E794F80C
:109C3000801004F14400F7F7E9FE376894F87C30AF
:109C400097F87CC092E7E36D13B9D4F8D43053B1E0
:109C5000A36D197C9868F7F7D9FE376894F87C30C3
:109C600097F87CC082E784F8F010274689E73046F1
:109C7000FFF79EF9A7E700BF718F010070B5064698
:109C80000468F7F7A1FE45B255B115F1120F42D0A5
:109C90004FF0FF312A463046BDE87040FFF754BF11
:109CA000D4F8DC30D4F8D4209B1AC4F8DC30D4F8D3
:109CB000D820E36DD21A94F87C30C4F8D8205A1E0C
:109CC000012A1FD9DA1F012A42D9053B012B20D8CE
:109CD000A36D9A68110701D0102A32D80F2A18D81C
:109CE000A16A58680EF0DEFA13E0D4F8DC30D4F83C
:109CF000D4209B1AC4F8DC30D4F8D830E26D9B1A1B
:109D0000C4F8D830D4F8D830A06DD3B9C2690F2ABE
:109D10002BD90021BEE794F87C30022BE5D0062B2E
:109D200001D0082BB4D1D4F8DC20D4F8D410521AC6
:109D3000C4F8DC20D4F8D820E16D521AC4F8D82039
:109D4000C0E73046FFF74EF901460028A2D170BDAA
:109D5000D4F8D830A06D002BF3D1C2680F2AD8D820
:109D6000A16A40680EF09EFAD3E7A16AC0680EF0BF
:109D700099FACEE770B506460568F7F725FE44B2B6
:109D800054B114F1120F32D022463046BDE8704073
:109D90004FF0FF31FFF7D8BED5F8D830EA6D9B1AE7
:109DA000C5F8D83095F87C30591E012919D9053BE2
:109DB000A96D012B94BF8B68CB6848689B1A184427
:109DC00005F1C4010EF06EFA22463046BDE870403F
:109DD0000021FFF7B9BED5F8D830EA6D9B1AC5F857
:109DE000D830AB6DD868EB6E9B1A1844E8E795F84D
:109DF0007C30022BEFD0062B01D0082BC4D1D5F834
:109E0000D810EA6D891AC5F8D810D0E72DE9F041CD
:109E10000468054694F87C30A66D5A1E012A5CD968
:109E2000DA1E012A2BD9053B012BD4F8DC3040F295
:109E30008E80002B68D11A46C4F8D430F3682262B1
:109E4000002B6BD00F2B40F2D280D6E90012C4E970
:109E500009121A0718BF23F00F03D4F8E420E365B2
:109E6000002A44D0D4F8DC20A16E914200F0AF80EB
:109E70000122D4F8D810C91A18BF01211AE0002114
:109E8000D6E9002313F00F00C4E90911E16522624D
:109E900047D1D4F8DC20C4F8D430934200F0BE801F
:109EA000D4F8E4301BB3D4F8DC30A26E0121D21A0E
:109EB00018BF01222046F8F783F82A466449207E1D
:109EC000F7F7D6FC002840F08980F7F713FD00284B
:109ED00040F084806069BDE8F081F3690F2B5CD9A4
:109EE000190707D1D6E90212C4E90912E365002275
:109EF0001146DFE723F00F03D6E90221E365626232
:109F0000A16200220121D5E794F87F3004F1B2026A
:109F1000C4F8D430F3682262002B93D1C4E909332A
:109F20009BE704F1B20784F87F001022384623F043
:109F30000F03C4F8D4300EF0F3F93168D4F8D430FC
:109F4000384694F87F2019440EF0ACF9A8E7002BAE
:109F50003BD094F87F3004F1B202C4F8D430B36837
:109F60002262002BDAD00F2B3FF66FAF04F1A2076D
:109F70001022002138460EF0D3F904F1C408B2686B
:109F8000316838460EF08EF91022002140460EF05E
:109F9000C7F9B368C4E909785FE704F1A2071022A2
:109FA000002138460EF0BCF904F1C408F269B1682A
:109FB00038460EF077F91022002140460EF0B0F935
:109FC000F369C4E90978E36591E71A46C5E7D4F86F
:109FD000D810E26E521A18BF01224AE72C68D4F852
:109FE000E40030BBF7F732FC4FF0FF3073E704F1C9
:109FF000A2071022002138460EF092F904F1C4089D
:10A00000F268316838460EF04DF9102200214046C2
:10A010000EF086F9F368C4E909781EE71022103BB8
:10A0200004F1B2070146C4F8D430384684F87F20E2
:10A0300081E7F7F73FFD2A4604200649F7F718FCA9
:10A040000028CFD1F7F756FC0028CBD16369C9E7C8
:10A050007D9C0100718F010070B50468064663693C
:10A060000D46002B3ED1D4F8E030002B45D1D4F87A
:10A07000D830D168994240D1D4F8D800E16E8842F6
:10A0800004BFD2E90001C4E9090190682063117C92
:10A0900084F8801013B9D4F8DC307BB1D4F8E03008
:10A0A0005BBB3146206884F87C50A265F7F7A2FBC1
:10A0B00030B33046BDE87040FFF7A8BE072D84F8E6
:10A0C0007C5014D031462068F7F794FBC0B10025CE
:10A0D00030462A462946C4F8D450E565FFF734FDDA
:10A0E000284670BD60690028FBD1D368C4E70A46E2
:10A0F00004F144010EF0D6F8E4E74FF0FF3070BDF4
:10A100006FF0010070BD00BF08B5F7F76FF9BDE84B
:10A11000084006F009BB00BF70B505460C4606684E
:10A12000F7F7E0F998B986F8F0000A4BC6F8E000B6
:10A13000002C08BF1C46636830467365A26821780E
:10A1400006F0FCFA00280CBF2846002070BD4FF036
:10A15000FF30EAE70C0B0200006806F015BB00BFF9
:10A1600070B51C460B788C46222B164682B017D051
:10A17000282B15D00568284606F038FB70B9012356
:10A18000069AC5E91A64AC6785F880206C67286771
:10A1900085F87F002863A86585F87C3002B070BD23
:10A1A000069D334662460121CDE90045F3F7F0FAFA
:10A1B00002B070BD70B51C460B788C46222B16463B
:10A1C00082B017D0282B15D00568284606F00EFB64
:10A1D00070B90223069AC5E91A64AC6785F8802035
:10A1E0006C67286785F87F002863A86585F87C3050
:10A1F00002B070BD069D334662460221CDE900459E
:10A20000F3F7C6FA02B070BD0368586950B9A2F1FD
:10A21000070CBCF1060F8EBF4FF0FF30D96283F8F8
:10A2200081207047586970472DE9F041046806465F
:10A2300023790D46222B8AB045D0282B43D0636961
:10A24000A165002B47D14A68236F94F87F1013440F
:10A250000B44002A46D01207A16E41D08B4241D157
:10A2600094F87C70022F65D0042F60D04FF0030863
:10A270000127206805F0FEFF002800F0A2800123DE
:10A28000A3762379022B7DD0082B40F09D80012FEF
:10A290000CBF4FF480734FF4007301934C4B20229A
:10A2A000009302A904F1E803201DF6F7F3FE00284D
:10A2B00043D0883014BF6FF005076FF004073846AD
:10A2C0000AB0BDE8F081A36EA5655BB1D4F8E030BB
:10A2D00043B963694BB1676938460AB0BDE8F0819C
:10A2E0008B42BDD94FF0FF37F6E76A68110703D0FC
:10A2F000D4F8DC309A42F5D194F87C30022B45D06A
:10A30000042B18BF0323102A84F87C3003D8D4F818
:10A31000DC309A4240D031462068F7F76BFA0028CB
:10A320004FD030460AB0BDE8F041FFF76FBDB846E8
:10A3300002279EE74FF004089BE7264802A90CF08D
:10A3400017FC84F87C802A683B4622622046002263
:10A350006968FEF78DFE074628B9E36E1BB9226FC8
:10A36000A36E9A4214D0204606F03EFA237E67611F
:10A37000012BB1D143462A4639463046646DA04789
:10A380000027A9E7201D06F027FADAE70423BAE739
:10A390002046FFF729F8E6E7296804F1B2000DF03E
:10A3A00081FF0022237E6968012B84F87F1062619F
:10A3B000E6D130466169656D94F87C30A26DA8479E
:10A3C000DEE76FF0010787E76FF0060784E700BF5D
:10A3D0000001500550000C40F0B5046883B063697B
:10A3E000002B4FD1064608680D4683077FD1D1F870
:10A3F00004E05FEA8E737AD123798A68222B0DD02C
:10A40000282B0BD03AB1110702D0676F974202D1C7
:10A41000676F97420AD24FF0FF3031E0002AFAD03E
:10A4200017074CD1D4F8D8709742F4D3276FA16E98
:10A430008F4203D0022BEED0082BECD094F818C03A
:10A44000BCF1040F05D0714606F0EEF90028E2D009
:10A45000237994F87C2002F0FB0102292DD0042AF4
:10A4600014BF05270627022B0FD0082B0DD0222B57
:10A470002AD0282B28D0237E4FF0FF30012B11D07B
:10A4800003B0F0BD606903B0F0BDAB682A4601932C
:10A490006B68394600932B683046FFF7D1F8237E6E
:10A4A000012BEDD1AB680F2BEAD801463B46304675
:10A4B0002A46646DA0470020E2E70627D3E7D4F8D8
:10A4C000D8709742AED0A6E73368D3F8E020002AD0
:10A4D000A1D13146186883F87C709D65F7F78AF939
:10A4E00040B1304603B0BDE8F040FFF78FBC6FF0DD
:10A4F0000700C5E76FF00100C2E700BFF0B50468D0
:10A50000064623790D46222B83B036D0282B34D033
:10A510006369002B2CD1086883075FD149688B07DA
:10A520005CD1226FA36E9A4255D1636FEA689A425A
:10A5300051D1237E042B28D006F076F900284AD08A
:10A54000EA68002A44D100272A7CA86804F1440163
:10A550000DF0A8FE237E0020012BE7760BD10146EB
:10A560002A4630460723646DA047384603B0F0BD45
:10A5700060690028E4D003B0F0BD2A4607213046C8
:10A5800003B0BDE8F040FFF767BD002ADBD003460B
:10A59000A8682063287C84F88000CDE9001230464A
:10A5A0002A460721FFF74CF8237E042B0AD0EA68DD
:10A5B0000F2AE0D80028C6D00027012B6061E7767B
:10A5C000D9D1CCE70028BED000236061E376D2E782
:10A5D000D5E90001DBE74FF0FF30CCE76FF0070073
:10A5E000C9E700BFF0B50468064623790D46222B63
:10A5F00083B038D0282B36D06369002B2ED1086861
:10A60000830761D149688B075ED1226FA36E9A429E
:10A6100057D1636FEA689A4253D1237E042B2AD024
:10A6200006F002F900284CD0EA68002A46D12A7CBC
:10A63000A96804F1440005F0B1F9002834D00020E5
:10A64000237E0027012BE7760BD101462A463046B0
:10A650000823646DA047384603B0F0BD6069002848
:10A66000E2D003B0F0BD2A460821304603B0BDE871
:10A67000F040FFF7F1BC002AD9D00346A868206358
:10A68000287C84F88000CDE9001230462A46082153
:10A69000FEF7D6FF237E042B0AD0EA680F2AE0D803
:10A6A0000028C4D06061CCE76FF00300237EC8E7C8
:10A6B0000028BCD000236061E376D2E7D5E9000131
:10A6C000DBE74FF0FF30CCE76FF00700C9E700BFD2
:10A6D0008446024B0FCB8CE80F0070471C0B020026
:10A6E000102200210DF01CBE70B54369456C90F836
:10A6F0004810FBB903790446022B01F00F001AD071
:10A70000082B18D0012815D0CB066868EA6804F138
:10A7100020052FD40146284605F040F910B96FF006
:10A720000303636110232846BDE8704000221946E8
:10A7300005F052B970BD01280FD0236B0F4AC2F843
:10A740009030636BC2F89430A36BC2F89830E36B1F
:10A75000C2F89C30D369DB07FCD4084AD369DE0712
:10A76000FCD4136F2362536F6362936FA362D36F42
:10A77000E362C7E729460DF095FDD3E700000C40E2
:10A7800010B50468F7F720F940B2003818BF01206F
:10A790004042E06510BD00BF70B504460568F7F79C
:10A7A00013F940B230B14FF0FF322B7E6A61012BBA
:10A7B00002D070BD686170BD20462C6C6969A446EA
:10A7C00095F848306A6CBDE87040604738B5056858
:10A7D000F7F7FAF844B21CB14FF0FF346C6138BDA2
:10A7E000F7F706F96C61A86538BD00BF38B5056894
:10A7F000F7F7EAF844B21CB14FF0FF346C6138BD92
:10A80000F7F7F6F86C61686538BD00BF174B70B597
:10A810000468D3F80C610546204606F045F8730736
:10A8200000D470BD1022124B2046C3F80425FFF758
:10A830005BFF94F84830204603F0EF03012B1CBF68
:10A840000023E37605F0D0FF237E022B09D02846B3
:10A85000256C6169AC4694F84830626CBDE8704084
:10A8600060470448BDE87040FDF7ACBF00000C40F5
:10A8700000400C40E06B0020012270B5046882B0FB
:10A8800094F84830A27603F0EF03934217D00546C0
:10A89000A06D30B9636D00201BBB0023A37602B00E
:10A8A00070BD94F861306BB1F7F704F92A460420C3
:10A8B0001B49F6F7DDFF50B30023A365EAE700204C
:10A8C00002B070BD4FF0FF33E268CDE9002302AB68
:10A8D00013E90300F6F764FC0028EDD0636D002B4C
:10A8E000DBD018462E68F7F7E5F82A4604200C4915
:10A8F000F6F7BEFF18B1002318466365CDE7F6F7FB
:10A90000F9FF0028F7D170690028C6D1F3E7F6F700
:10A91000F1FF0028D0D160690028DFD1CCE700BF6B
:10A9200099A7010003682DE9F04705465C6CF7F72D
:10A930004BF846B21EBBA3682C68102B01D91A072E
:10A940002BD1102104F12000F7F76EF82046FFF715
:10A95000CBFE6669331D18BF00262846FFF78CFF23
:10A960000023984218BF4FF0FF3684F860306661CC
:10A97000F6F76CFF237E012B05D0BDE8F0874FF082
:10A98000FF362C68E9E72846256C6169AC4694F8E7
:10A990004830626CBDE8F0476047D4F84490236DBE
:10A9A000D9F8082004F13007A2EB03083146102241
:10A9B00038460DF0B5FC236DD9F800104246194415
:10A9C00038460DF06FFC314620460122E764C4F89A
:10A9D0005080F7F719FD2A460649207EF6F748FF12
:10A9E0000028CCD1F6F786FF0028C8D16669002E72
:10A9F000C3D0C6E791AE010000232DE9F04F7C4A99
:10AA00007C4C87B0D462C2F89030C2F89430C2F85F
:10AA10009830C2F89C30D369DB07FCD4166F16F06F
:10AA2000800F0E6014BF4FF0870A4FF0000A556F79
:10AA3000C6F307274D60936FC6F3C0398B60D46FA0
:10AA4000C6F3C058C4F30742520002EBD472C6F3F7
:10AA5000074C5FFA82FB09EB460908EB4708F20F47
:10AA6000370EC5F3C01606EB4706F6B20096CE7059
:10AA7000C5F3C03606EB450606F0FF0602EB4C02B6
:10AA80000196C5F3072C0E71C5F3C05606EB4C06B4
:10AA9000F6B2C5F3074702964E712E0EED0F05EB89
:10AAA0004705EDB203958D71C3F3C01505EB46055F
:10AAB000EDB2C3F3072CC3F3C037C3F3C05607EBA3
:10AAC000430706EB4C0604954FEA136CCD71C3F3B4
:10AAD0000745DB0F03EB4503DBB2C4F3C015C4F33A
:10AAE000C03E05EB4C050EEB440EC4F3C05C059371
:10AAF0008B72C4F30723E40D0CEB430C04F0FE044B
:10AB000009F0FF095FFA88F8D2B207F0FF07F6B242
:10AB1000EDB20EF0FF0E84EA0A045FFA8CFC012805
:10AB200081F80EB081F8009081F801808A700F7270
:10AB30004E72CD7281F80CE081F80DC0CC7302D05A
:10AB400007B0BDE8F08F19F0800F14BF4FF0870AEF
:10AB50004FF0000A4FEAD81000EB4900009B087044
:10AB6000D00900EB48004870D80900EB420088701B
:10AB700001988AEA440AC20902EB4302029BCA70A6
:10AB8000DA0902EB400203980A71C20902EB4302A0
:10AB9000049B4A71DA0902EB40028A71FA0902EB5E
:10ABA0004302CA71059BF20902EB47020A72DA09F5
:10ABB00002EB46024A72EA0902EB43038B724FEA48
:10ABC000DE1303EB4503CB724FEADC1303EB4E03BA
:10ABD0000B734FEADB124FEA4B0302EB4C0203EB21
:10ABE000D41381F80FA04A738B7307B0BDE8F08FC0
:10ABF00000000C40280000012DE9F04704680546DC
:10AC00002379676C022B94F84880BE688EB000F000
:10AC10008280082B40F0288194F849009449954B94
:10AC200018F0100F0CBF4FF400624FF4806201283F
:10AC300008BF0B4606A9CDE90032201D202204F1F1
:10AC40005803F6F727FA48B1883014BF6FF00508AB
:10AC50006FF0040840460EB0BDE8F087864806A9AC
:10AC60000BF086FF08F00F08B8F1010F20D0102379
:10AC7000D4F844A004F1300800224046194604F0FC
:10AC8000ABFEDAF80860002E49D016F00F0908BFB5
:10AC90004FF01009DAF80010A6EB090640464A46C4
:10ACA00031440DF0FFFA94F84930012B00F0C780D1
:10ACB000DFF8D881714BC8F82C30236AC8F870309F
:10ACC000636AC8F87430A36AC8F87830E36AC8F8D1
:10ACD0007C30002E75D0237E042B00F088800F2E50
:10ACE00039D8D7F800805FEA887300F08780414642
:10ACF00063480BF03DFF2C68237E94F84860042BDA
:10AD000044D0626C92680F2A40D9022B00F0A480D4
:10AD10004FF000089EE7201D05F05EFDA2E794F8C5
:10AD20004930012BC4D1012002A9FFF765FE802321
:10AD300088F800300298D4E90C124140216303994D
:10AD4000A36B4A406263049A5340A363E26B059B82
:10AD50005340E363ACE76B6829461A78494805F02D
:10AD600083FDD8F82C30204623F08073C8F82C30AF
:10AD7000212105F08DFD3146386805F053FD042290
:10AD80000823C8F80421C8F81030B4E7204606F0BC
:10AD90000F06FFF7A9FC012E18BF0023D4F814807A
:10ADA000204618BFE37605F01FFD237E012B7FF4BC
:10ADB00051AF28464146256C94F84830626CA8474C
:10ADC000A6E72046FFF790FCD4F814802046E676EC
:10ADD00094F8486005F008FD237E012B7FF43AAF1C
:10ADE00033463A4641462846246CA04790E7D7F8B8
:10ADF000008006F01F0A5FEA887304D140463109DB
:10AE00000BF07EFE77E736F01F0608BF344610D001
:10AE100000241B4F08F1100908EB040138460BF021
:10AE2000A7FE09EB0401384620340BF0A1FEA64230
:10AE3000F2D8BAF1000F3FF45EAFA04457E7DAF85A
:10AE400008303BB1B9F1100F04D1002002A9FFF77F
:10AE5000D3FD6FE7C84466E74FF0FF310A48FDF7BE
:10AE6000A7FCD4F81480F5E64FF0FF38F2E600BFF7
:10AE70000002C0030001C00350000C403400000178
:10AE800090000C400DA80100E06B002000000C4079
:10AE90002DE9F04182B00646F6F796FD45B23468DA
:10AEA00095B34FF0FF372546012295F84830AA7632
:10AEB00003F0EF03934205D0A86D78B9686D0028C0
:10AEC00058D1A8760023676184F86030F6F7BEFC9D
:10AED000237E012B26D002B0BDE8F08195F86130C9
:10AEE0005BBBEB6800934FF0FF33019302AB13E9B8
:10AEF0000300F6F755F90246686D034632B358BBB6
:10AF0000A8764FF0FF37DDE7102104F12000F6F7B7
:10AF10008BFD2046FFF7E8FB67693B1D18BF2F46F6
:10AF20003568C1E7256C3046AC46616994F8483015
:10AF3000626C02B0BDE8F0416047F6F7BBFD3246F7
:10AF400004201549F6F794FC00B36B6D00221846F7
:10AF5000AA650BB9AB76B5E7D6F80080F6F7AAFD7F
:10AF6000324604200C49F6F783FC28B100236B65B8
:10AF7000AB76A7E7A846F1E7F6F7BCFC0028F5D1C9
:10AF8000D8F81430002BF1D0A876BAE7F6F7B2FC67
:10AF90000028DAD16A69AFE799A7010008B5F6F78A
:10AFA00025FABDE8084005F0BFBB00BF70B50568D5
:10AFB00006460C46F6F796FA002203460F496A65E4
:10AFC000944208BF0C469B1A18BF012301215B4223
:10AFD000AA6585F86020EB656378284685F84930D6
:10AFE000636885F862102B64A268217805F0A6FBDF
:10AFF00000280CBF3046002070BD00BF1C0B0200B3
:10B00000064AD369DB07FCD4136F0360536F4360B8
:10B01000936F8360D36FC360704700BF00000C4024
:10B020002DE9F8438307894620D031F01F070646F3
:10B0300008BF3C460FD000240F4D00F11008311915
:10B0400028460BF095FD08EB0401284620340BF050
:10B050008FFDA742F3D819F01F0F01D1BDE8F88387
:10B0600031190548BDE8F8430BF082BD0909BDE878
:10B07000F8430BF045BD00BF90000C402DE9F041B6
:10B0800013781446022B07460D460DD0082B0BD023
:10B09000222B01D0282B50D1224629463846BDE824
:10B0A000F0411023F2F708BF3E6896F84930022BB2
:10B0B00040D02B689B0743D1EB68102B3DD830461E
:10B0C00005F068FB804658BB96F862302BB13068BB
:10B0D00005F0D0F8B8B30123B3764FF0100E4FF05F
:10B0E000000C756486F848E0351D94E80F00C6F83A
:10B0F00014C085E80F0073466246714606F12000D1
:10B1000004F06AFC3379022B0DD0082B0BD04FF0E2
:10B11000FF38B37E23B105F0B9F80023B376F37698
:10B120004046BDE8F0813846FFF766FD80460028BE
:10B13000F6D0EEE7AB68002BBBD14FF0FF38EFE75E
:10B140006FF00708ECE786F81B806FF00108E7E76F
:10B150002DE9F04113781446022B07460D460DD019
:10B16000082B0BD0222B01D0282B4ED1224629466A
:10B170003846BDE8F0410023F2F79EBE3E6896F8DF
:10B180004930022B3ED02B689B0741D1EB68102B36
:10B190003BD8304605F0FEFA804648BB96F8623050
:10B1A0002BB1306805F066F8A8B30123B3764FF0F1
:10B1B000000C756486F848C0351D94E80F00C6F889
:10B1C00014C085E80F0010236246194606F12000DE
:10B1D00004F002FC3379022B0DD0082B0BD04FF07A
:10B1E000FF38B37E23B105F051F80023B376F37630
:10B1F0004046BDE8F0813846FFF7FEFC8046002857
:10B20000F6D0EEE7AB68002BBDD14FF0FF38EFE78B
:10B210006FF00708ECE786F81B806FF00108E7E79E
:10B22000F8B50B780D46022B074604683DD0082B75
:10B230003BD0222B01D0282B44D194F860C0BCF124
:10B24000000F3FD195E80F004FF0010E261D86E854
:10B250000F00C4F814C0C4F854C0C4F858C084F82F
:10B2600060E0102300261946324604F1200066648F
:10B2700004F0B2FB112384F848302B78222B03D042
:10B28000282B01D03046F8BDE36D01331AD0394682
:10B290002068F6F7AFFAC0B13846F2F7F5FC06467B
:10B2A00060B9F6F7D3FA3046F8BD2946204605F0D6
:10B2B0009DFA06460028D4D03046F8BD3846FFF740
:10B2C000DBFAEEE74FF0FF36DCE76FF00106D9E777
:10B2D000F8B50B780D46022B074604683DD0082BC5
:10B2E0003BD0222B01D0282B44D194F860C0BCF174
:10B2F000000F3FD195E80F004FF0010E261D86E8A4
:10B300000F00C4F814C0C4F854C0C4F858C084F87E
:10B3100060E0102300261946324604F120006664DE
:10B3200004F05AFB012384F848302B78222B03D0F9
:10B33000282B01D03046F8BDE36D01331AD03946D1
:10B340002068F6F757FAC0B13846F2F79DFC06467A
:10B3500060B9F6F77BFA3046F8BD2946204605F07D
:10B3600045FA06460028D4D03046F8BD3846FFF7E7
:10B3700083FAEEE74FF0FF36DCE76FF00106D9E71E
:10B3800070B50468064623790D46222B82B01AD088
:10B39000282B18D06269DAB90A68920749D18A68FD
:10B3A000002A40D012073ED194F86220002A32D100
:10B3B000022B65640FD0082B0DD0A37E4FF0FF3019
:10B3C0008BB902B070BDE06D431CFAD0636993B1D4
:10B3D000606902B070BD3046FFF70EFC0028F0D067
:10B3E000A37E002BEDD0019004F050FF00230198C4
:10B3F000A37602B070BDAB68ABB1190713D131466B
:10B4000020686564F6F7F6F980B1304602B0BDE811
:10B410007040F2F7C5BC206804F02CFF30B1012267
:10B420002379A276C4E74FF0FF30CAE76FF001003E
:10B43000C7E76FF00700C4E770B5046806462379D4
:10B440000D46222B82B023D0282B21D0626922BB4B
:10B450000A68920759D1CA68102A50D88A68002A07
:10B460004DD094F86220002A41D194F848206564B8
:10B47000112A14BF02221222022B84F848200FD076
:10B48000082B0DD0A37E4FF0FF308BB902B070BDFA
:10B49000E06D431CFAD0636993B1606902B070BD7E
:10B4A0003046FFF7A9FB0028F0D0A37E002BEDD09B
:10B4B000019004F0EBFE00230198A37602B070BD6A
:10B4C000AB68E3B194F84830314613F0100F0CBF6D
:10B4D000022312232068656484F84830F6F78AF95D
:10B4E00080B1304602B0BDE87040F2F759BC206828
:10B4F00004F0C0FE30B101222379A276B5E74FF007
:10B50000FF30C3E76FF00100C0E76FF00700BDE751
:10B5100038B504680546F5F77FFC227903469206A4
:10B5200001D4E27E1AB31846F5F782FCF6F71AFA50
:10B530000022237984F860209B0614D40021204641
:10B5400005F07AF9237E012B01D0002038BD626C12
:10B55000002AFAD028466FF00201256C94F8483092
:10B56000A847002038BD2846FFF786F9E6E7F5F73B
:10B570005FFC002038BD00BF8446024B0FCB8CE837
:10B580000F0070472C0B0200142200210CF0C8BEE3
:10B590000C2200210CF0C4BE70B5054696B02C6894
:10B5A000002128220CA80CF0BBFE94F84830294654
:10B5B00003F00F03012B206814BF4FF400764FF403
:10B5C0008076F6F717F900284BD02379222B27D065
:10B5D000282B41D14FF0FF31E3680391029302AB76
:10B5E0000CAA93E80300F5F735FE40B1883014D07B
:10B5F0006FF00506F6F72AF9304616B070BD1A4B03
:10B6000001960093202204F1500304A9201DF5F7B0
:10B6100041FD0646C8B18836EAD16FF00406E9E775
:10B620004FF0FF36A1682046F6F7FEFD2A460F4987
:10B63000207EF6F71DF90028DCD1F6F75BF900282B
:10B64000D8D16669304616B070BD0CA8FDF7D4F8A5
:10B65000000A04A96065E6E7F6F7F8F86FF0060659
:10B66000CAE76FF00106C7E70010C00471B6010019
:10B6700070B506460468F6F7A7F910F0FF051AD072
:10B680004FF0FF356561F6F7E1F894F8483023F0A4
:10B690002002013A012A9CBF002284F85820227E11
:10B6A000012A00D070BDD4E910253046AC4661694E
:10B6B000BDE87040604704F12000F6F7ADF9E1E71E
:10B6C0002DE9F041754E0468D6F80C710546204608
:10B6D00005F0EAF83B072BD52021E36B704AC2F84E
:10B6E00004155A1E0E2A25D96C4B94F84820D3F81D
:10B6F000901012F010022162D3F89410204661627B
:10B70000D3F89810A162D3F89C3008BFE276E362C8
:10B7100005F06AF8237E022B00F0BA802846656C9B
:10B720006169AC4694F84830226CBDE8F04160474E
:10B73000BDE8F081A26B206BD21A815C676B86F842
:10B74000801096F87010012BB95400F09E80511CA7
:10B7500010F801C0022B86F881C096F871C007F876
:10B7600001C000F09280911C10F801C0032B86F8F4
:10B7700082C096F872C007F801C000F08680D11C24
:10B7800010F801C0042B86F883C096F873C007F840
:10B7900001C07AD0111D10F801C0052B86F884C0B5
:10B7A00096F874C007F801C06FD0511D10F801C0A1
:10B7B000062B86F885C096F875C007F801C064D0DE
:10B7C000911D10F801C0072B86F886C096F876C048
:10B7D00007F801C059D0D11D10F801C0082B86F818
:10B7E00087C096F877607E544FD002F1080610F8B3
:10B7F00006C02A49092B81F888C091F878C007F85B
:10B8000006C042D002F1090610F806C00A2B81F8E2
:10B8100089C091F879C007F806C036D002F10A064F
:10B8200010F806C00B2B81F88AC091F87AC007F88F
:10B8300006C02AD002F10B0610F806C00C2B81F8C6
:10B840008BC091F87BC007F806C01ED002F10C0631
:10B8500010F806C00D2B81F88CC091F87CC007F859
:10B8600006C012D002F10D0610F806C00F2B81F8A9
:10B870008DC091F87DC007F806C006D10E32835CFA
:10B8800081F88E3091F87E30BB540023E3632BE7C0
:10B890000448BDE8F041FCF795BF00BF00000C4034
:10B8A00000400C40E06B002008B5F5F79FFDBDE8B7
:10B8B000084004F039BF00BF70B5056806460C4665
:10B8C000F5F710FE00230D4A85F858309C4208BF5A
:10B8D0001446C31A18BF0123012162685B426A64DF
:10B8E000A268EB6485F849102846217804F026FF09
:10B8F00000280CBF3046002070BD00BF2C0B02009A
:10B9000070B50F4D0E46EC6A24F08074EC6215465B
:10B9100023F00F041B0714BF40F21231094904F051
:10B92000B7FF2146304604F07DFF2846214604F04B
:10B9300081FF0822024B2046C3F8042170BD00BFDE
:10B9400000000C4012030100F8B532F00F04154658
:10B9500006460F4617D0151B220993B9ADB9012A27
:10B9600005D9013A0BF0D4F8103C26442744104B7B
:10B97000104C39463046DC620122BDE8F8400BF03D
:10B98000C7B80BF0C5F815B9F8BD0BF0C1F80A4BF4
:10B99000013C30193919EA1810F801CF013303F8C6
:10B9A00001CC13F811CC934201F801CFF4D1F8BDCA
:10B9B00000000C4028002A0180000C402DE9F041D5
:10B9C0000468054694F84820207902F00F02012A05
:10B9D00014BF4FF400734FF4807302280E468AB0F0
:10B9E00068D0082840F0A1800193554B2022009395
:10B9F00002A904F15003201DF5F74CFB48B1883033
:10BA000014BF6FF005066FF0040630460AB0BDE8BB
:10BA1000F0814C4802A90BF0ABF84B4B4B4ADA6271
:10BA2000237EA26B042B01D00F2A48D8206A4649F6
:10BA30003346C1F89000606AC1F89400A06AC1F86A
:10BA40009800E06AC1F89C00D4E90C01FFF77CFF84
:10BA50000023E3632C68237E042B09D0A26B0F2AFA
:10BA600006D9022B64D0002630460AB0BDE8F0812A
:10BA7000354B94F84820D3F8901012F01002216250
:10BA8000D3F8941020466162D3F89810A162D3F8DD
:10BA90009C306669E36208BFE27604F0A5FE237E6F
:10BAA000012BB2D128463146656C94F84830226C9F
:10BAB000A847D8E72549201D04F080FEB0E76B6851
:10BAC00023481A78294604F0CFFE1F49A26BCB6A9F
:10BAD000276B23F08073D4F83480CB62130722F0F5
:10BAE0000F060DBF204640F212312046194904F0DE
:10BAF000CFFE3846314604F095FE3146404604F00C
:10BB000099FE0821E26B104B921BC3F80411E2630B
:10BB1000226AC3F89020626AC3F89420A26AC3F82C
:10BB20009820E26AC3F89C2094E76FF006066CE761
:10BB30004FF0FF310848FCF73BFE666965E700BF40
:10BB40000010C00450000C4000000C402A002A01E4
:10BB5000C1B6010012030100E06B00202DE9F041A5
:10BB6000064648683568830749D10C4689688B07C3
:10BB700045D12B7E9046042B22692ED192B32846C4
:10BB800004F008FE074678BB95F849302BB12868C9
:10BB900004F070FBB0B30123AB76002285F8488037
:10BBA00023682F1DD4F810C02C646A610FCB87E87E
:10BBB0000F00D4E90123C5E90C23E16805F1200E4B
:10BBC00010227046C5E90ECC89B10CF06BFB3046F3
:10BBD000BDE8F0410121FFF7F1BE04F025FE08B1F8
:10BBE0002269CBE74FF0FF373846BDE8F0810CF013
:10BBF00097FB3046BDE8F0410121FFF7DFBE6FF053
:10BC00000707F1E7EF766FF00107EDE7F8B50B688E
:10BC10000C461A780646022A29D0082A27D0222A5A
:10BC200001D0282A31D13568EA6C72BB276967B325
:10BC300095F858204ABB6A61012205F1040C85F889
:10BC400048200FCB2C648CE80F00D4E90123C5E910
:10BC50000C23E16805F1200E10227046AF6369B134
:10BC60000CF020FB3046BDE8F840FFF795BC2146BC
:10BC70003046BDE8F8400122FFF770BF0CF050FBE2
:10BC80003046BDE8F840FFF787BC4FF0FF30F8BD05
:10BC9000F8B50B680C461A780646022A29D0082AFD
:10BCA00027D0222A01D0282A31D13568EA6C72BB0C
:10BCB000276967B395F858204ABB6A61022205F1EB
:10BCC000040C85F848200FCB2C648CE80F00D4E9D5
:10BCD0000123C5E90C23E16805F1200E102270460E
:10BCE000AF6369B10CF0DEFA3046BDE8F840FFF70B
:10BCF00053BC21463046BDE8F8400222FFF72EBF74
:10BD00000CF00EFB3046BDE8F840FFF745BC4FF0A5
:10BD1000FF30F8BD70B50468064623790D46222B26
:10BD20002BD0282B29D063695BBB086883073CD1E3
:10BD300049688B0739D1AA68002A33D0130731D15B
:10BD4000237E042B02D004F06FFD58B394F84930E1
:10BD50002BB1206804F08EFA50B30123A376AB68B0
:10BD6000D5E9001230462163C4E90E3325646263CD
:10BD70000021BDE87040FFF721BEE36C93B9636911
:10BD80000BB1606970BDAB6863B11A070AD129684D
:10BD90006A683046C4E90C122564A363BDE87040AC
:10BDA000FFF7FABB4FF0FF3070BD6FF0070070BDBA
:10BDB0006FF0010070BD00BF70B50B781546222BE7
:10BDC000046808D0282B06D0022B23D0082B21D0C2
:10BDD0004FF0FF3070BDE36C002BF9D194F8586040
:10BDE000002EF5D10FC94FF0010E04F1040C8CE8C0
:10BDF0000F0010222946666184F858E004F1200003
:10BE00009DB10CF04FFA1122002384F84820184607
:10BE1000236470BD204604F0E9FC0028DAD110222A
:10BE2000294604F12000002DEBD10CF079FAEAE765
:10BE300070B50B781546222B046808D0282B06D045
:10BE4000022B23D0082B21D04FF0FF3070BDE36CC4
:10BE5000002BF9D194F85860002EF5D10FC94FF09E
:10BE6000010E04F1040C8CE80F00102229466661D3
:10BE700084F858E004F120009DB10CF013FA12226E
:10BE8000002384F848201846236470BD204604F03F
:10BE9000ADFC0028DAD11022294604F12000002D43
:10BEA000EBD10CF03DFAEAE738B504680546F4F743
:10BEB000B3FF22790346920601D4E27E02B318460C
:10BEC000F4F7B6FF0121204604F0B6FC23799B0667
:10BED00010D4237E012B01D0002038BD226C002A13
:10BEE000FAD028466FF00201656C94F84830A847F4
:10BEF000002038BDF5F736FD002384F85830E8E718
:10BF0000F4F796FF002038BD38B50468E36C33BB06
:10BF100063690BBB94F848308D68112B0A4614BF37
:10BF20002223212365B994F818C06169BCF1010F7F
:10BF300084F8585002D1646CA0472946084638BDA1
:10BF400084F84830096853682264C4E90C13A56377
:10BF5000BDE83840FFF720BB6169084638BD4FF0A7
:10BF6000FF31EBE72DE9F0410468064623790D46E1
:10BF7000222B29D0282B27D0636913BB086883079D
:10BF80004FD149688B074CD194F818C0AA68BCF10E
:10BF9000040F23D0F2B994F84830112B0CBF21279D
:10BFA00022274FF00008BCF1010F606984F81B8064
:10BFB00008D101463B4630462A46646CA0474046BD
:10BFC00000E06069BDE8F08129463046BDE8F041F7
:10BFD000FFF79ABF04F028FC48B3AA6894F84830E9
:10BFE000112B0CBF21272227C2B194F8493033B15D
:10BFF000206804F03FF9B8B10123AA68A37684F859
:10C00000487029686B6830462163C4E90E222564B4
:10C0100063630121BDE8F041FFF7D0BC94F818C07C
:10C02000BFE76FF00700CDE76FF00100CAE74FF000
:10C03000FF30C7E78446024B0FCB8CE80F007047F8
:10C040003C0B0200102200210CF06AB930B5054605
:10C0500097B02C68002128220CA80CF061F9294621
:10C060002068F5F7C7FB002858D02379222B43D04E
:10C07000282B4ED14FF0FF31E3680391029302ABBE
:10C080000CAA93E80300F5F7E5F8B8B994F828206E
:10C09000052A36D82A23D34013F0010F14BF4FF4DA
:10C0A00080734FF4007301931E4B2022009304A968
:10C0B00004F14403201DF4F7EDFF38B188300CBFC4
:10C0C0006FF004006FF0050017B030BD0CA8FCF74E
:10C0D00093FB03461B0A204604A9A364F6F730F835
:10C0E0002A461149207EF5F7C3FB68B9F5F702FC33
:10C0F00050B9606917B030BD2046A168F6F720F846
:10C10000EEE74FF40073CEE7F5F7A0FB4FF0FF30FA
:10C11000DAE7F5F79BFB6FF00600D5E76FF001005B
:10C12000D2E700BF004440042DC1010070B504688F
:10C130000546F5F749FCC3B2003B18BF01235B423B
:10C140006361F5F783FB94F8283023F00402013A89
:10C15000012A9CBF002284F84C20227E012A00D0B4
:10C1600070BD2846D4E908256169AC46BDE8704039
:10C17000604700BF164B70B50468D3F80C610546E4
:10C18000204604F091FB33071BD52022114B20469B
:10C19000C3F8042594F8283003F0FB03012B04BFF7
:10C1A0000023E37604F020FB237E022B0AD02846EE
:10C1B000656A6169AC4694F82830226ABDE870402F
:10C1C000604770BD0448BDE87040FCF7FBBA00BF93
:10C1D00000000C4000400C40E06B00202DE9F043D3
:10C1E000054608680C4603782E68022B8BB02FD0CA
:10C1F000082B40F09A8096F82820052A00F28B80C0
:10C200002A23D34013F0010F14BF4FF480734FF46F
:10C2100000730193464B2022009302A906F14403C8
:10C22000F4F738FF48B1883014BF6FF005066FF09F
:10C23000040630460BB0BDE8F0833E4802A90AF080
:10C2400097FCE7683C4B102F3CD03C4ADA6208E090
:10C25000CB68301D102B0CBF3949384904F0AEFAB9
:10C26000E768337E042B01D00F2F30D8D4E9019832
:10C27000414648463A090AF057FC2C68237E042BB5
:10C280000AD0226AD2680F2A06D9022B46D000268D
:10C2900030460BB0BDE8F08394F828306669032B74
:10C2A00018BF0023204618BFE37604F09DFA237ED2
:10C2B000012BBED128463146656A94F82830226A9F
:10C2C000A847E4E71E4ADA62337E042BCED06B68BF
:10C2D00029461A781B4804F0C7FAD4E90198337E3E
:10C2E000E768042BC4D00F2FC2D9134C3046E36A41
:10C2F000154923F08073E36204F0CAFA39464846D0
:10C3000004F090FA3946404604F094FA0823C4F841
:10C3100004312361B1E74FF400737AE74FF0FF3146
:10C320000A48FCF745FA666983E76FF0060680E77E
:10C330000044400450000C4000000C402A00000162
:10C340002800000175C1010021020200E06B0020FD
:10C3500008B5F5F74BF8BDE8084004F0E5B900BFB3
:10C3600070B5056806460C46F5F7BCF800230D4A83
:10C3700085F84C309C4208BF1446C31A18BF0123ED
:10C38000012162685B426A62A2682B6485F8291009
:10C390002846217804F0D2F900280CBF304600204E
:10C3A00070BD00BF3C0B0200006804F0EDB900BF97
:10C3B000F8B50B680C461A780546022A1BD0082AE5
:10C3C00019D0222A01D0282A47D12E68326C002A9F
:10C3D00043D196F84C70002F3FD10122346286F889
:10C3E0002820341D0FCB84E80F0028467761BDE874
:10C3F000F840FFF72BBE60682E68830731D1A16833
:10C400008B072ED1E26842B3130726D1337E042B6B
:10C4100002D004F009FA00B3304604F0BBF9074635
:10C42000E8B996F829302BB1306803F023FFD8B172
:10C430000123B37601234FF0000C86F828302368DF
:10C44000371D0FCB346287E80F0021462846C6F817
:10C4500014C0BDE8F840FFF7C1BE4FF0FF373846C3
:10C46000F8BD6FF00707FAE7F7766FF00107F6E718
:10C470000B681A78022A23D0082A21D0222A84465F
:10C4800001D0282A16D130B5DCF80040226CA2B9C0
:10C4900094F84C508DB9022204F1040E84F828203F
:10C4A00021620FCB8EE80F0065616046BDE8304029
:10C4B000FFF7CCBD4FF0FF3070474FF0FF3030BD7D
:10C4C0006FF00600704700BFF8B590F818C00E4630
:10C4D000BCF1040F15461C4601D00F2B06D8294687
:10C4E00030462209BDE8F8400AF01EBB0A4F0B494E
:10C4F000FB6A23F08073FB6204F0CAF921463046E0
:10C5000004F090F92146284604F094F90823C7F86E
:10C5100004313B61F8BD00BF00000C402102020065
:10C5200038B50B780468022B1ED0082B1CD0222BA8
:10C5300007D0282B05D04FF0FF30032384F8283094
:10C5400038BD236CB3B994F84C509DB90FC94FF066
:10C55000010E04F1040C8CE80F00656184F84CE0D6
:10C56000002318462362E8E7204604F03FF900283C
:10C57000F6D0E2E74FF0FF3038BD00BF70B50B7862
:10C580000468222B01D0282B14D1256CBDB994F856
:10C590004C30A3B90FC904264FF0010E04F1040C6E
:10C5A0008CE80F006561256284F8286084F84CE00F
:10C5B000284670BD6FF006031D466361F8E74FF033
:10C5C000FF35F5E770B50B680C461B780546222B46
:10C5D000066822D0282B20D073690BB1706970BD1A
:10C5E000486883072BD189688B0728D1E2681AB382
:10C5F000130721D1337E042B1AD196F829302BB1A1
:10C60000306803F037FEE8B10123B37621462846AF
:10C610003462BDE87040FFF7E1BD336C63B9736904
:10C62000002BDBD128463462BDE87040FFF70EBD19
:10C6300004F0FAF80028E0D14FF0FF3070BD6FF041
:10C64000070070BD6FF0010070BD00BF70B50B68D2
:10C650000C461B780646222B056824D0282B22D0B6
:10C660006B692BBBCA685AB34868830757D189687E
:10C670008B0754D113074FD12B7E042B1AD195F879
:10C68000293033B1286803F0F5FD00284AD0012392
:10C69000AB76052385F82830214630462C62BDE86C
:10C6A0007040FFF79BBD2B6C002B35D16B69ABB194
:10C6B000686970BD04F0B8F870B3E368002BDED190
:10C6C00000222B7E6869012BEA76F2D105232246EF
:10C6D00001466C6A3046A047002070BD95F82830AE
:10C6E000032B0ED0042B03D10622134685F82820F5
:10C6F000E2685AB985F84C202A7E6869012AE6D09A
:10C7000070BD0522134685F82820F1E730462C62DB
:10C71000BDE87040FFF79ABC4FF0FF3070BD6FF07E
:10C72000070070BD6FF0010070BD00BF8446024B72
:10C730000FCB8CE80F0070474C0B02002422002125
:10C740000BF0EEBD082200210BF0EABD0C22002107
:10C750000BF0E6BD142200210BF0E2BD10B5046819
:10C76000F5F732F918B9C4F8F400606110BD4FF064
:10C77000FF30606110BD00BF38B50568F5F724F9DA
:10C7800010F0FF0403D04FF0FF346C6138BDF5F7B3
:10C790002FF96C61C5F8F40038BD00BF38B50568E5
:10C7A0000446D5F8F40008B9002038BDF5F782F941
:10C7B000224604200549F5F75BF80028F4D1F5F787
:10C7C00099F80028F0D1686938BD00BF5DC7010045
:10C7D0002DE9F0410468064694F898305A1E012A63
:10C7E00008D9073B012B05D9D4E91E239268A2EB97
:10C7F000030801E0D4F8908004F1BB051022002169
:10C8000028460BF08DFDE36F616A4246194404F13E
:10C81000DC0728460BF046FD1022002138460BF0BD
:10C820007FFD002101222046C4F880106562A762C6
:10C83000C4F87C80F5F70EFB32460749207EF5F7F9
:10C8400017F828B9F5F756F810B96069BDE8F08116
:10C850004FF0FF30FAE700BF1DCB010030B50446B2
:10C860008FB02822002104A80BF05AFD94F89830CC
:10C8700003F0FB02022A2CD0042B14BF4FF4807566
:10C880004FF400754FF0FF31E3680391029302AB60
:10C8900004AA93E80300F4F7DDFC30B1883013D02C
:10C8A0006FF0050528460FB030BD104B2022CDE9B2
:10C8B000003504F19B0104F1F003201DF4F7EAFBBD
:10C8C000054648B18835EBD16FF0040528460FB016
:10C8D00030BD4FF40075D5E704A8FBF78DFF000AC3
:10C8E000C4F8F80028460FB030BD00BF0001500565
:10C8F000F0B5046806460D4694F8983083B039B90F
:10C90000012B42D0072B72D0052B64D0123248D0B5
:10C910009C462746073B012B9CBF002384F8FC3034
:10C92000ACF10303DBB2032B09D93B79282B03D1EC
:10C93000D7F8F830012B41D0D7F8F40038B9656149
:10C94000F4F784FF237E012B14D003B0F0BDF5F77C
:10C95000B1F8324604203249F4F78AFF0028EED1BC
:10C96000F4F7C8FF0028EAD17B69002BE7D04FF02D
:10C97000FF35E4E7656F3046AC46616994F898305E
:10C98000A26F03B0BDE8F0406047A36F93F8211099
:10C990005869F5F73BF8376894F8983097F898C0DD
:10C9A000B8E7082B35D84FF4A272DA4012F0010F25
:10C9B0009C46274618BF6FF00305ABE74FF0FF33E7
:10C9C000FA68CDE9002302AB13E90300F4F7E8FBB2
:10C9D00008BB3768B0E794F8991004F14400F5F704
:10C9E00015F8376894F8983097F898C092E7E36F95
:10C9F00013B9D4F8803053B1A36F197C9868F5F758
:10CA000005F8376894F8983097F898C082E784F86A
:10CA1000FC10274689E73046FFF7C0FEA7E700BFB6
:10CA20005DC7010070B506460468F4F7CDFF45B256
:10CA300055B115F1120F42D04FF0FF312A46304662
:10CA4000BDE87040FFF754BFD4F89430D4F880208C
:10CA50009B1AC4F89430D4F89020E36FD21A94F85B
:10CA60009830C4F890205A1E012A1FD9DA1F012AD3
:10CA700042D9053B012B20D8A36F9A68110701D03A
:10CA8000102A32D80F2A18D8A16A58680BF00AFC6D
:10CA900013E0D4F89430D4F880209B1AC4F8943072
:10CAA000D4F89030E26F9B1AC4F89030D4F89030EC
:10CAB000A06FD3B9C2690F2A2BD90021BEE794F821
:10CAC0009830022BE5D0062B01D0082BB4D1D4F836
:10CAD0009420D4F88010521AC4F89420D4F89020EE
:10CAE000E16F521AC4F89020C0E73046FFF770FE9D
:10CAF00001460028A2D170BDD4F89030A06F002B61
:10CB0000F3D1C2680F2AD8D8A16A40680BF0CAFBDB
:10CB1000D3E7A16AC0680BF0C5FBCEE770B5064647
:10CB20000568F4F751FF44B254B114F1120F33D039
:10CB300022463046BDE870404FF0FF31FFF7D8BEC7
:10CB4000D5F89030EA6F9B1AC5F8903095F8983078
:10CB5000591E012919D9053BA96F012B94BF8B6878
:10CB6000CB6848689B1A184405F1DC010BF09AFB6E
:10CB700022463046BDE870400021FFF7B9BED5F827
:10CB80009030EA6F9B1AC5F89030AB6FD868D5F833
:10CB90008C309B1A1844E7E795F89830022BEED0BA
:10CBA000062B01D0082BC3D1D5F89010EA6F891A53
:10CBB000C5F89010CFE700BF2DE9F04104680546A5
:10CBC00094F89830A66F5A1E012A5ED9DA1E012AFF
:10CBD0002CD9053B012BD4F8943040F29080002BE7
:10CBE0006AD11A46C4F88030F3682262002B6DD0F7
:10CBF0000F2B40F2D580D6E90012C4E909121A07BA
:10CC000018BF23F00F03D4F8F420E367002A46D0BE
:10CC1000D4F89420D4F88810914200F0B08001221A
:10CC2000D4F89010C91A18BF01211BE00021D6E9E1
:10CC3000002313F00F00C4E90911E167226248D113
:10CC4000D4F89420C4F88030934200F0C080D4F827
:10CC5000F43023B3D4F89430D4F888200121D21AC8
:10CC600018BF01222046F5F7F5F82A466549207ECF
:10CC7000F4F7FEFD002840F08A80F4F73BFE002820
:10CC800040F085806069BDE8F081F3690F2B5CD9C5
:10CC9000190707D1D6E90212C4E90912E367002295
:10CCA0001146DFE723F00F03D6E90221E367626252
:10CCB000A16200220121D5E794F8843004F1CB026F
:10CCC000C4F88030F3682262002B91D1C4E90933A3
:10CCD00099E704F1CB0784F884001022384623F04A
:10CCE0000F03C4F880300BF01BFB3168D4F88030A0
:10CCF000384694F8842019440BF0D4FAA7E7002BA7
:10CD00003BD094F8843004F1CB02C4F88030B3688F
:10CD10002262002BDAD00F2B3FF66DAF04F1BB0778
:10CD20001022002138460BF0FBFA04F1DC08B2684F
:10CD3000316838460BF0B6FA1022002140460BF05D
:10CD4000EFFAB368C4E909785DE704F1BB07102284
:10CD5000002138460BF0E4FA04F1DC08F269B1680E
:10CD600038460BF09FFA1022002140460BF0D8FA0B
:10CD7000F369C4E90978E36791E71A46C5E7D4F88F
:10CD80009010D4F88C20521A18BF012248E72C6862
:10CD9000D4F8F40030BBF4F759FD4FF0FF3072E7E0
:10CDA00004F1BB071022002138460BF0B9FA04F158
:10CDB000DC08F268316838460BF074FA1022002162
:10CDC00040460BF0ADFAF368C4E909781BE710227E
:10CDD000103B04F1CB070146C4F88030384684F894
:10CDE000842080E7F4F766FE2A4604200649F4F71B
:10CDF0003FFD0028CFD1F4F77DFD0028CBD163693A
:10CE0000C9E700BF25CA01005DC70100F4F7EEBA0B
:10CE100070B505460C460668F4F764FB98B90D4BEF
:10CE2000C6F8EC00002C08BF1C466368002273673C
:10CE30002378022B337614BF0346A3682846336059
:10CE400086F8FC2070BD4FF0FF330020C6F8EC30B0
:10CE500070BD00BF4C0B0200704700BF10B5944678
:10CE60008E461C4682B00121724663460094F1F75B
:10CE700093F802B010BD00BF10B594468E461C4614
:10CE800082B00221724663460094F1F785F802B041
:10CE900010BD00BF0368586918B9D96283F89A2099
:10CEA00070475869704700BFF8B50468D4F88830F7
:10CEB000A167002B3BD0D4F8EC30002B37D1676949
:10CEC000EFB994F898300546022B0E4615D0042B86
:10CED00018BF032384F898307268102A03D8D4F856
:10CEE00094309A420ED029462068F4F783FC08B3A8
:10CEF0002846BDE8F840FFF75FBE0423EAE767690C
:10CF00003846F8BD316804F1CB000BF0CBF90022B4
:10CF10007368626184F88430237E012BF0D1284647
:10CF20006169656F94F89830A26FA847E8E74FF001
:10CF3000FF37E5E76FF00107E2E700BF03680A4645
:10CF4000596979BB5168890731D1916891B310B59E
:10CF5000044688071DD1D3F8900081421DD893F86C
:10CF6000981001F0FB0002281AD0042914BF0520F4
:10CF70000620D3F8EC1081B983F898002146186890
:10CF80009A67F4F737FC78B12046BDE81040FFF708
:10CF900013BED3F890008142DDD04FF0FF3010BDBA
:10CFA0000620E6E7586970476FF0010010BD6FF08A
:10CFB000070070474FF0FF30704700BF70B504683E
:10CFC000054662690B46002A41D1D4F8EC20002ABC
:10CFD00042D1D4F89060CA68B2423DD1D4F88C20D6
:10CFE000D4F89010914204BFD3E90012C4E90912A9
:10CFF000986820631A7C84F8992016B9D4F89410A4
:10D0000081B1D4F8EC203ABB072229462068A367F7
:10D0100084F89820F4F7EEFB08B32846BDE870408A
:10D02000FFF7CABD072304F1440184F898300BF0E0
:10D0300039F929462068F4F7DDFB80B128463246ED
:10D040003146C4E91F66FFF753FC304670BD606986
:10D050000028FBD1CE68C1E74FF0FF3070BD6FF004
:10D06000010070BD70B50468064662690B46002A6F
:10D070003DD1D4F8EC20002A3ED1D4F89050CA68B3
:10D08000AA4239D1D4F88C20D4F89010914204BF30
:10D09000D3E90012C4E909129A6822631A7C84F861
:10D0A000992015B9D4F8942082B1D4F8EC201ABB99
:10D0B000082231462068A36784F89820F4F79AFB89
:10D0C000E8B13046BDE87040FFF776BD0823314631
:10D0D000206884F89830F4F78DFB80B130462A46FA
:10D0E0002946C4E91F55FFF703FC284670BD606957
:10D0F0000028FBD1CD68C5E74FF0FF3070BD6FF061
:10D10000010070BD002343608360C3600361037549
:10D11000704700BF10B50468F4F756FCC0B2003881
:10D1200018BF01204042A06210BD00BF10B50468C6
:10D13000F4F74AFC10F0FF0018BF6FF02700A06260
:10D1400010BD00BF38B50568F4F73EFC10F0FF04D1
:10D1500003D04FF0FF34AC6238BDF4F749FCAC6249
:10D16000E86238BD38B50568F4F72EFC10F0FF040E
:10D1700003D04FF0FF34AC6238BDF4F739FCAC6239
:10D18000286338BD38B50568F4F71EFC10F0FF04BD
:10D1900003D04FF0FF34AC6238BDF4F729FCAC6229
:10D1A000686338BD38B50568F4F70EFC10F0FF046D
:10D1B00003D04FF0FF34AC6238BDF4F719FCAC6219
:10D1C000A86338BD10B50468F4F7FEFBC0B20038A0
:10D1D00018BF01204042A06210BD00BF10B5046816
:10D1E000F4F7F2FBC0B2003818BF01204042A06241
:10D1F00010BD00BFF0B504680546E06A83B058B9B9
:10D200000026206B002842D1606B00282FD1A06B34
:10D21000C0B9304603B0F0BD94F8D430002B46D0EE
:10D22000F4F748FC2A4604202D49F4F721FB002896
:10D2300053D1F4F75FFB00284FD1A66A002EE0D14E
:10D24000E662DDE72F68F4F735FC2A46042024491E
:10D25000F4F70EFB00283DD1F4F74CFB002839D140
:10D26000BB6A002B36D13046A36303B0F0BD2F68F4
:10D27000F4F720FC2A4604201949F4F7F9FA30BBE8
:10D28000F4F738FB18BBBB6A0BBB6363BFE72F68BF
:10D29000F4F710FC2A4604201149F4F7E9FA98B98A
:10D2A000F4F728FB80B9BB6A73B92363ACE74FF08E
:10D2B000FF3322689268CDE9002302AB13E9030033
:10D2C000F3F76EFF0646B9E74FF0FF369CE74FF0E5
:10D2D000FF369CE74FF0FF369BE74FF0FF3690E7B5
:10D2E000C5D101002DE9F04182B006460568F4F78A
:10D2F0006BFB10F0FF0410D04FF0FF343046FFF707
:10D3000079FF002818BF04466C62F4F79FFA6B7F20
:10D31000012B4DD002B0BDE8F0812A7F012A14D143
:10D3200069682B7B4868082B18BF0222AB7FE9890C
:10D33000009005F1440003F039F86B681A78042A6C
:10D340000CBF022222221A70D8E73768902207F118
:10D350004408214640460AF0E3FFFA8941461F325D
:10D36000D208786B02F0FC02F4F766FB32462146E5
:10D370000420F4F77DFA0028BED1F4F7BBFA0028A8
:10D38000BAD1F4F721FBC0B20028B5D1BB68586808
:10D39000BB7FC3B1FA8941460732D20802F07CFF55
:10D3A000AB681A78042A14BF222202221A70A5E759
:10D3B00021466C693046A446AA692B7F126802B0E8
:10D3C000BDE8F041604700F8014BFA894146073259
:10D3D000D2080AF067FFE3E7F4F708B88446024B87
:10D3E0000FCB8CE80F0070475C0B0200F8B50646C7
:10D3F0000D460468F4F776F8D8B9124BA062002DF8
:10D4000008BF1D46F3F708FD94F8D570B7B901239E
:10D4100084F8D530F3F70CFD2B7830466377D5E9E7
:10D420000123E762C4E90837626127636763A76382
:10D43000F8BD4FF0FF33A3620020F8BDF3F7F8FC0E
:10D44000FAE700BF5C0B02004FF0020CF8B5D1E91F
:10D450000372002304688D68A260C4E900570A784B
:10D4600084F81CC022730A7DC4E90C33A161A27741
:10D470006362E362A3630646F0F7F2FF70B92046E9
:10D48000F4F7E6FB32460D49607FF4F7F1F968B92D
:10D49000F4F730FA50B9656A2846F8BD05463046BB
:10D4A000FFF7A8FEF4F7D2F92846F8BD3046FFF79B
:10D4B000A1FE4FF0FF35F4F7C9F9EDE7E5D2010021
:10D4C0008446024B0FCB8CE80F0070476C0B0200B8
:10D4D000182200210AF024BF142200210AF020BFE4
:10D4E00010B50468F4F770FAC0B2003818BF012014
:10D4F0004042C4F8A40010BD38B50568F4F764FADA
:10D5000010F0FF0404D04FF0FF34C5F8A44038BD3C
:10D51000F4F76EFAC5F8A440686038BD38B5056800
:10D52000F4F752FA10F0FF0404D04FF0FF34C5F8BE
:10D53000A44038BDF4F75CFAC5F8A440A86038BD33
:10D540002DE9F04F04680546206894F8B63002785B
:10D55000012B02F0DF0114BF4FF400674FF4806726
:10D560000229CFB072D0282A40F000814668019786
:10D570004FF00627902206A9231D0097F3F78AFD96
:10D58000002860D1636806AF002B00F0C68094F8D5
:10D59000B6308046012B84F8C8005DD1B4F8B230B3
:10D5A0000733B6EBD30F6BD123681B78282B00F021
:10D5B000AE802E68B6F8B23096F8B6101F335B090D
:10D5C000013302294FEA83025DD04FF0000C01299C
:10D5D000E3466146E146CDF814C05CD1694BDFF803
:10D5E000BCE1039303F16043049396F8B030DFF895
:10D5F000B0A1012B64485CD0A3F10209B9F1050F79
:10D6000000F2AE804FF0010909FA03F919F0900F0A
:10D6100052D119F0480F52D119F0240F00F0A08018
:10D62000F4F718FA2A4604205849F4F721F900289B
:10D6300040F09980F4F75EF9002840F09480D6F825
:10D64000A40000283ED04FB0BDE8F08F4FF0000896
:10D65000D0E90176012BA1D0022BA5D1B4F8B230CC
:10D660000733DB085B000133B34209D123681B7821
:10D67000282B6ED0B8F1000F9BD13B78042B98D0AB
:10D680006FF00900DFE74FF0000CE3466146E1462A
:10D69000DA00CDF814C03E4BDFF808E1039303F144
:10D6A0006043049396F8B030DFF8FCA0012B3948B2
:10D6B000A2D149460398B3E770466146B0E75046A9
:10D6C0005946ADE701222E68B6F8B23084F8C8207A
:10D6D0001F335B09134496F8B620012A0CBF9C0047
:10D6E000DC00B8F1000F1DD0214638467268F4F70F
:10D6F000C5F92A4604202849F4F7BAF898BBF4F78C
:10D70000F9F880BBD6F8A4004FB0BDE8F08F63688D
:10D71000002B3FF44EAF002095E74FF0010894F83E
:10D72000B63097E7414622462AA80AF0F9FD96F856
:10D73000B630012B1DD096F8B120B6F8B210781C87
:10D740002AAB02F043FF214672682AA8F4F796F943
:10D75000CFE76368002BDED1B8F1000F8DD028E74A
:10D76000DDE904015CE74FF0FF306CE76FF020006B
:10D7700069E7384696F8B120B6F8B2102AAB02F045
:10D78000A9FFE0E70148302001483028F9D4010022
:10D790000140302001403028E1D4010001483038F8
:10D7A00001483030014030380140303038B504682D
:10D7B000D4F8A430013300F089800022054694F8A3
:10D7C000B00084F8B120431E062B00F28280DFE80F
:10D7D00003F05723045D230464003F4B0328C4F87F
:10D7E000B23065D001234FF4C071022084F8B1300B
:10D7F00004F10C0304F1C00210F0F6FA00285FD027
:10D800002946D4F8AC00F3F7F5FF00285BD0284692
:10D81000FFF796FE68B138BD4FF001230228C4F827
:10D82000B23049D001234FF48071022084F8B13026
:10D83000DEE72C6800212948E268F4F70BF92A4654
:10D8400004202749F4F714F8002839D1F4F752F8E6
:10D85000B0BBD4F8A4000028DDD12C68E168D4F86E
:10D86000C000A268F4F70AF92A4604201D49F3F71C
:10D87000FFFF28BBF4F73EF810BBD4F8A40038BD76
:10D880004FF0E013E021C4F8B230B1E7164B40F29C
:10D8900009210120C4F8B230AAE74FF00222012387
:10D8A0004FF400710220C4F8B22084F8B1309FE731
:10D8B0004FF4C07101209BE74FF48071012097E77E
:10D8C0004FF0FF3038BD6FF0010038BD6FF0210020
:10D8D00038BD6FF01F0038BD8001800101440F008A
:10D8E0001DD5010005D901000902000210B5046828
:10D8F000F4F76AF8C0B2003818BF01204042C4F8FB
:10D90000A40010BD10B50468F4F75EF8C0B200388A
:10D9100018BF01204042C4F8A40010BD70B50568CE
:10D920000446686882B028B90026A868B0B93046B5
:10D9300002B070BD95F8C8301BB3F4F7BBF82246AF
:10D9400004201849F3F794FF40BBF3F7D3FF28BB3B
:10D95000D5F8A460002EE8D16E60E5E72568F4F7FD
:10D96000A9F8224604200F49F3F782FF30B9F3F7F4
:10D97000C1FF18B9D5F8A430002BD8D04FF0FF362E
:10D98000D5E74FF0FF332A689268CDE9002302AB58
:10D9900013E90300F3F704FC0646DBE74FF0FF361C
:10D9A000C3E700BFEDD801002DE9F04184B0044683
:10D9B0000768F4F709F810F0FF080AD197F8B630B5
:10D9C000012B68D0266875684DB9B06818BB45460C
:10D9D00034E026684FF0FF387568002DF5D096F8D2
:10D9E000C830002B43D02846F4F764F822460420C0
:10D9F0003649F3F73DFF00285DD1F3F77BFF0028A0
:10DA00005DD1B068D6F8A4500346002D3FD17560B3
:10DA10000028DCD02668F4F74DF8224604202B4974
:10DA2000F3F726FF002843D1F3F764FF00283FD126
:10DA3000D6F8A430002B3BD1002DC8D0C7F8A05099
:10DA4000F3F704FF97F8A830012B02D004B0BDE82B
:10DA5000F0812046D7F8BC402946A446D7F8B82024
:10DA600097F8B630126804B0BDE8F04160473368FB
:10DA70009B6802934FF0FF33039304AB13E9030059
:10DA8000F3F78EFB0546B0680346002DBFD018465D
:10DA9000002BD3D0BEE7D7F8B820B7F8B210D2E940
:10DAA000043207F110000092424602F0BDFC89E703
:10DAB0004FF0FF35C2E74FF0FF35B368E7E7B068D6
:10DAC0000028F5D04FF0FF352668A4E7EDD8010017
:10DAD000F3F78CBCF8B505460C460668F3F702FD73
:10DAE00000BB134BC6F8A400002C08BF1C46F3F77C
:10DAF00093F996F8C9708FB9012386F8C930F3F706
:10DB000097F92378284686F8A830D4E9013277605F
:10DB1000C6F8AC20C6F8BC30B760F8BDF3F788F99A
:10DB20000020F8BD4FF0FF33C6F8A430F8E700BF7F
:10DB30006C0B020070B5012500238A680468064654
:10DB400022600A7884F8B65084F8B020CA68C4F815
:10DB5000B810C4F8C4206360A360C4F8A030FFF715
:10DB600025FE80B92046F4F70BF832460E4994F8AA
:10DB7000A800F3F77DFE70B9F3F7BCFE58B9D4F8EE
:10DB8000A050284670BD05463046FFF7C7FEF3F7A4
:10DB90005DFE284670BD3046FFF7C0FE4FF0FF35F2
:10DBA000F3F754FEEDE700BFA9D901002DE9F041DC
:10DBB000022600234A68046882B022600A7884F84A
:10DBC000B66084F8B0208A68C4F8B810C4F8C420DD
:10DBD0006360A360C4F8A03007460D46FFF7E6FD7A
:10DBE000064610BB04F110080146902240460AF098
:10DBF00097FBB4F8B230CDF80080D5E90301324686
:10DC000002F044FC2046F3F7BBFF3A460F4994F874
:10DC1000A800F3F72DFE88B9F3F76CFE70B9D4F8BD
:10DC2000A060304602B0BDE8F0813846FFF776FECE
:10DC3000F3F70CFE304602B0BDE8F0813846FFF73E
:10DC40006DFE4FF0FF36F3F701FEEAE7A9D90100B8
:10DC50008446024B0FCB8CE80F0070477C0B020010
:10DC60000C2200210AF05CBB1C2200210AF058BBE8
:10DC7000182200210AF054BB10B50468F3F7A4FE83
:10DC8000C0B2003818BF01204042606210BD00BF22
:10DC900038B50568F3F798FE10F0FF0403D04FF095
:10DCA000FF346C6238BDF3F7A3FE6C62A86238BD26
:10DCB00038B50568F3F788FE10F0FF0403D04FF085
:10DCC000FF346C6238BDF3F793FE6C62E86238BDD6
:10DCD00038B50568F3F778FE10F0FF0403D04FF075
:10DCE000FF346C6238BDF3F783FE6C62686338BD45
:10DCF00038B50568F3F768FE10F0FF0403D04FF065
:10DD0000FF346C6238BDF3F773FE6C62286338BD74
:10DD100010B50468F3F758FEC0B2003818BF0120F0
:10DD20004042606210BD00BF10B50468F3F74CFEBE
:10DD3000C0B2003818BF01204042606210BD00BF71
:10DD400010B50468F3F740FEC0B2003818BF0120D8
:10DD50004042606210BD00BFF0B504680546A06A8D
:10DD600083B000282DD10026E06A90B1A37ADBB100
:10DD70002E68F3F79FFE2A4604204549F3F778FD05
:10DD800000287ED1F3F7B6FD00287AD1766A06B96D
:10DD9000E662606B00284ED1206B00283BD1A06B5F
:10DDA00020BB304603B0F0BD4FF0FF33626892688D
:10DDB000CDE9002302AB13E90300F3F7F1F90646BE
:10DDC000E5E7637A002B46D0F3F774FE2A46042079
:10DDD0002F49F3F74DFD002856D1F3F78BFD0028AE
:10DDE00052D1666A002EBFD1A662BCE72F68F3F756
:10DDF00061FE2A4604202649F3F73AFD00283DD16A
:10DE0000F3F778FD002839D17B6A002B36D13046F4
:10DE1000A36303B0F0BD2F68F3F74CFE2A4604203D
:10DE20001B49F3F725FD30BBF3F764FD18BB7B6A94
:10DE30000BBB2363B3E72F68F3F73CFE2A460420AD
:10DE40001349F3F715FD98B9F3F754FD80B97B6AD0
:10DE500073B96363A0E74FF0FF3322689268CDE99E
:10DE6000002302AB13E90300F3F79AF90646B9E77A
:10DE70004FF0FF3690E74FF0FF3690E74FF0FF3658
:10DE80008FE74FF0FF3684E74FF0FF366CE700BFB7
:10DE900011DD010070B582B005460468F3F794FD0A
:10DEA00040B238B9237DA063012B1FD0022B2FD0A5
:10DEB000002601E04FF0FF362846FFF74DFF00280F
:10DEC00018BF4FF0FF36E660F3F7C0FC237F012B4D
:10DED00001D002B070BD2846A5693146AC46226922
:10DEE000237D126802B0BDE8704060472669FF21BB
:10DEF000B26804F15000526800921A4602F056FAD5
:10DF0000B3681A78042A14BF222202221A70CFE7BB
:10DF10002269FF21D2E9053204F15000009201226A
:10DF200002F082FAC4E700BF70B50E4605460468E9
:10DF3000E36C626BA3F58073B3F5001F2CBF0E4931
:10DF400023F07F01606CA164F3F706FF2A46314697
:10DF5000207FF3F78DFC20B9F3F7CCFC08B9E0681B
:10DF600070BD013004D12846FFF7F6FEF3F76EFCD2
:10DF70006FF0020070BD00BF80FD1F0038B504685F
:10DF800005462269E16CD2E9033211B1501A0A4602
:10DF900003442046C4E91132EFF792FA2A460A49AF
:10DFA000207FF3F765FC20B9F3F7A4FC08B9E0681B
:10DFB00038BD013004D12846FFF7CEFEF3F746FC0A
:10DFC0004FF0FF3038BD00BF81E0010070B505683B
:10DFD00004462E69F3F7F8FC40B260B10D3014BF6F
:10DFE0004FF0FF366FF007062046FFF7B5FEF3F758
:10DFF0002DFCEE6070BDF3F7FBFCF368AA6C316991
:10E0000013446B64EB6CB1F5835FA3EB0203A8636D
:10E01000EB64204607D30749FFF786FF0646002E2C
:10E02000E2D1EE6070BDFFF7A9FF0646002EF8D0E2
:10E03000DAE700BF39E0010070B504460568F3F780
:10E04000C3FC40B2B8B9D5E912239B1AB3F5805F7F
:10E050002046EB640BD30949FFF766FF064626B15D
:10E060002046FFF779FEF3F7F1FBEE6070BDFFF796
:10E0700085FF0646F3E76FF00206F1E739E001009D
:10E0800070B5046805462669F3F79EFC40B2002887
:10E090003AD1D6E90323402B6264A364E3641FD81A
:10E0A0002E683169F26C0B699A4204D0C9689B1AD8
:10E0B0000B44C6E911323046EFF736FA2A461449C6
:10E0C000307FF3F7D5FBC0B9F3F714FCA8B9F668B5
:10E0D00026B12846FFF740FEF3F7B8FBE66070BDB7
:10E0E000403B4032B3F5805F6264E364D8D3284696
:10E0F0000849FFF719FF0646EAE7013004D1284630
:10E10000FFF72AFEF3F7A2FB4FF0FF36E1E700BF6F
:10E1100095DE01001DE2010038B50468054622695C
:10E12000E16CD2E9023211B1501A0A46034420468A
:10E13000C4E91132F3F760FE2A460A49207FF3F75B
:10E1400097FB20B9F3F7D6FB08B9E06838BD01307A
:10E1500004D12846FFF700FEF3F778FB4FF0FF30BD
:10E1600038BD00BF95DE010070B5056804462E6914
:10E17000F3F72AFC40B260B10D3014BF4FF0FF3608
:10E180006FF007062046FFF7E7FDF3F75FFBEE6051
:10E1900070BDF3F72DFCB368AA6CF16813446B648F
:10E1A000EB6CB1F5825FA3EB0203A863EB6420463E
:10E1B00007D30749FFF7B8FE0646002EE2D1EE600E
:10E1C00070BDFFF7A9FF0646002EF8D0DAE700BFC2
:10E1D000D5E1010070B504460568F3F7F5FB40B2E0
:10E1E000B8B9D5E912239B1AB3F5805F2046EB64DA
:10E1F0000BD30949FFF798FE064626B12046FFF7E4
:10E20000ABFDF3F723FBEE6070BDFFF785FF06461D
:10E21000F3E76FF00206F1E7D5E1010070B50446BF
:10E220000568F3F7D1FB40B260BBD5E912239B1A16
:10E23000B3F5805FEB641FD226683169F26C0B691D
:10E240009A4204D0C9689B1A0B44C6E91132304681
:10E25000EFF76AF922461249307FF3F709FBA0B9BC
:10E26000F3F748FB88B9F66826B12046FFF774FD3E
:10E27000F3F7ECFAEE6070BD20460A49FFF754FE52
:10E280000646F1E76FF00206EFE7013004D12046C1
:10E29000FFF762FDF3F7DAFA4FF0FF36E5E700BF6C
:10E2A00095DE01001DE2010008B5F3F79FF8012299
:10E2B000014B1A7008BD00BF876C002070B5064680
:10E2C0000C460568F3F70EF928BB154B6862002C65
:10E2D00008BF1C46F2F7A0FD124B1A780346AAB1FC
:10E2E0002A7A9AB901232B72F2F7A2FD23783046DD
:10E2F0002B77012B08BF6368A26808BFAB610023BE
:10E300002A62AB62EB622B636B6370BD1846F2F757
:10E310008FFD002070BD4FF0FF336B62F9E700BF47
:10E320007C0B0200876C0020F8B5D1E90175002351
:10E33000012204680646C4E90075C4E90A33C4E949
:10E340000C3322752161F0F713FC054608B128460D
:10E35000F8BD2046F3F7AAFC32460949207FF3F7BF
:10E3600087FA38B10130F2D13046FFF7F5FCF3F708
:10E370006DFAECE7F3F7BEFA0028F3D1E568E6E7BB
:10E3800095DE01004FF0020C0022036870B5D1E960
:10E39000016583F814C019610969C3E90065C3E91F
:10E3A0000A22C3E90C2239B30446F0F7E1FB00B1BD
:10E3B00070BD25682A692846D2E90313602B1A46E6
:10E3C00028BF60226964AA64EB64F3F799FC2246D3
:10E3D0000B49287FF3F74CFA20B9F3F78BFA08B909
:10E3E000E86870BD013004D12046FFF7B5FCF3F7B3
:10E3F0002DFA4FF0FF3070BD6FF0210070BD00BFEF
:10E40000CDDF0100F0B50326002403684A681E75BD
:10E410005A60CA6883B01C6019619C62DC621C632C
:10E420005C63002A36D00546F0F7A2FB08B103B0C2
:10E43000F0BD2C680146266904F15007B3684822F4
:10E440006364F3683846402BE36428BF4023A36429
:10E4500009F066FFD6E904010122FF23009702F0CC
:10E4600015F82046F3F798FC2A460C49207FF3F76D
:10E47000FFF928B9F3F73EFA10B9E06803B0F0BD30
:10E48000013004D12846FFF767FCF3F7DFF94FF0BE
:10E49000FF30CCE76FF02100C9E700BF69E1010060
:10E4A0000346024A07CA83E8070070478C0B020044
:10E4B00070B504460568F3F787FA10F0FF0008D03E
:10E4C0004FF0FF3195F8E030C5F8D810012B03D09C
:10E4D00070BDC5F8D80070BD2046D5F8DC30BDE869
:10E4E0007040184710B50468F3F76EFA003818BF8B
:10E4F00001204042C4F8D80010BD00BF38B5046800
:10E50000054694F8E130032B09D8DFE803F0025800
:10E51000514A0222202384F8F620C4F8F030B4F8DF
:10E52000F430D4F8D02004F14C00C4E93901C4F827
:10E53000EC3022B1002B4ED00120134400E01046F5
:10E5400084F8F7002946D4F8CC00C4F8D430F3F7A7
:10E5500051F9002842D02046F3F7B4FA94F8E1309C
:10E56000DBB1022B04BF3023C4F8F030F2F754FCC7
:10E5700003462A461B4994F8E0001D46F3F778F954
:10E5800020BB0123284684F8F930F2F751FCF3F759
:10E59000B1F9F0B9D4F8D80038BD1C23C4F8F03074
:10E5A000E4E70522402384F8F620C4F8F030B6E70B
:10E5B0000422402384F8F620C4F8F030AFE70322A9
:10E5C000202384F8F620C4F8F030A8E72846F2F7B4
:10E5D0002FFCF3F73BF94FF0FF3038BD6FF001002F
:10E5E00038BD00BF11E8010070B506460568F3F7B5
:10E5F000EBF910F0FF0413D04FF0FF340023C5F8FF
:10E60000D84085F8F930F3F721F995F8E030012B7F
:10E6100000D070BD3046D5E93613BDE870401847CC
:10E62000D5F8F010D5F8E800F3F7E8F9E6E700BF11
:10E6300038B50568F3F7C8F920B14FF0FF34C5F8D5
:10E64000D84038BD0446F3F7D3F9C5F8D840A860E0
:10E6500038BD00BF38B50568F3F7B6F920B14FF003
:10E66000FF34C5F8D84038BD0446F3F7C1F9C5F802
:10E67000D840686038BD00BFF0B50468A3B094F816
:10E68000E130032B1ED8054620680278222A15D0D7
:10E69000282A17D14FF4806603F160730833009382
:10E6A000802202A904F108030196F2F7F3FC18B9DD
:10E6B000A2685AB184F8FA0023B0F0BDA268466897
:10E6C000002A41D04FF0FF3023B0F0BD2F683868EA
:10E6D00097F8E130017822293DD0282908BF426807
:10E6E000032B02AE32D900211D48F3F7B3F92A46B5
:10E6F00004201C49F3F7BCF80028E3D1F3F7FAF83B
:10E700000028DFD1D7F8D8000028D5D101232F6801
:10E710003A6884F8FA301378222B1ED0282B14BFC5
:10E72000014651683046BA68F3F7A8F92A46042032
:10E730000D49F3F79DF80028C4D1F3F7DBF8002862
:10E74000C0D1D7F8D800B7E72746826807489B05AD
:10E7500000211844C9E78268C2E79168E2E700BF78
:10E760000128110031E60100E5E401000128110152
:10E7700070B505680446A86882B0F0B195F8FA3023
:10E7800013B3F3F797F9224604202049F3F770F802
:10E7900048B300231846AB606B689BB118462668E7
:10E7A000F3F788F9224604201849F3F761F818B303
:10E7B000002318466B6002B070BD4FF0FF306B68ED
:10E7C000002BEBD102B070BD4FF0FF332A68926886
:10E7D000CDE9002302AB13E90300F2F7E1FC0028C6
:10E7E000EDD1A860EBE7F3F785F80028D1D1D5F893
:10E7F000D8000028E3D1CCE7F3F77CF80028D7D184
:10E80000D6F8D8000028DDD1D2E700BFB1E401007E
:10E8100070B505460468F3F7D7F810F0FF0327D06A
:10E820004FF0FF33C4F8D830002316481649226849
:10E83000C4F8D030A4F8F43003600B601AB1284655
:10E84000FFF796FF48B9F3F701F8002294F8E0309B
:10E8500084F8F920012B05D070BD4FF0FF33C4F8C8
:10E86000D830F0E72846D4E93613BDE870401847A1
:10E87000D4F8F010D4F8E800C4F8D830F3F7BEF8B4
:10E88000D2E700BFD8620020D46200202DE9F04713
:10E8900004687D4E94F8E1300546F75CF3F794F890
:10E8A00010F0FF003ED194F8E110C4F8D80001291F
:10E8B00025D9023901298CBF00210121890104F1E8
:10E8C0000C00F3F79BF8714BDFF8CC811A68D4F891
:10E8D000D0301344D8F80020C4F8D030BA4210D851
:10E8E000002A71D10026C4F8D860F2F7AFFF94F87F
:10E8F000E03084F8F960012B5FD0BDE8F08720217B
:10E90000DDE72F6897F8E110705CB2FBF0F300FBD5
:10E9100003F39A4208BF1B1A03292DD8DFE801F040
:10E92000267F868D4FF0FF322F6897F8F930C4F8B4
:10E93000D820002B53D1DFF85C91DFF85C810026F2
:10E94000A7F8F460C7F8D060C9F80060C8F80060A4
:10E95000F2F77CFF94F8E03084F8F960012BCCD119
:10E96000D4E936132846BDE8F0471847022287F855
:10E97000F6202022C7F8F020C7F8EC300323DFF898
:10E9800014913846D9F8002087F8F730C7F8E4200A
:10E99000F3F798F82A463E4997F8E000F2F768FF47
:10E9A0000646002850D1F2F7A5FF002866D1D7F817
:10E9B000D830C4F8D830BDE8F08731462846D4F8BE
:10E9C000DC30BDE8F0471847324B04F14C001968C1
:10E9D00009F068FCD8F80030A4F8F43082E700238E
:10E9E000DFF8B090DFF8B08097F8F920A7F8F4309E
:10E9F000C7F8D030C9F80030C8F80030002A9ED0DF
:10EA000087F8F930F2F7AEFF97F8E030012B96D196
:10EA10006FF002012846D7F8DC3098478FE70322D1
:10EA200087F8F6202022C7F8F020A5E7042287F80F
:10EA3000F6204022C7F8F0209EE7052287F8F6204E
:10EA40004022C7F8F02097E70026A7F8F460C7F83F
:10EA5000D060C9F80060C8F80060F2F7F7FE97F8D8
:10EA6000E03087F8F960012B05D14FF0FF312846DF
:10EA7000D7F8DC3098474FF0FF339AE787F8F96012
:10EA8000F2F7E4FEF7E700BF980B0200D062002027
:10EA90009DEA0100D8620020D46200202DE9F041F7
:10EAA0000468434A94F8E130424E0746356812F84C
:10EAB0000380F2F789FFC0B2002848D13368B5FB64
:10EAC000F8F5B3FBF8F208FB123308FB05F50BB9B8
:10EAD000A5EB080594F8E110012920D90239012994
:10EAE0008CBF00210121890104F10C00F2F786FF9F
:10EAF000D4F8D03032682B44AA42C4F8D03010D1B8
:10EB000000233360C4F8D830F2F7A0FE002294F856
:10EB1000E03084F8F920012B13D0BDE8F0812021EA
:10EB2000E2E7254B521B196804F14C00294409F017
:10EB3000B9FBB4F8F420336813445B1BA4F8F43039
:10EB4000DEE73846D4E93613BDE8F04118474FF008
:10EB5000FF323D6895F8F930C4F8D82053B9DFF892
:10EB600058800023C8F80030A5F8F430C5F8D0303C
:10EB70003360C9E70023DFF8408095F8F920A5F855
:10EB8000F430C5F8D030C8F800303360002AE8D03F
:10EB900085F8F930F2F7E6FE95F8E030012BE0D188
:10EBA0006FF002013846D5F8DC309847D9E700BF4E
:10EBB000980B0200D4620020D86200202DE9F041B9
:10EBC00082B004460768F2F7FFFE10F0FF064BD054
:10EBD0004FF0FF362568A86868B195F8FA30BBB1E8
:10EBE000F2F768FF224604202C49F2F741FE002884
:10EBF00041D00023AB606868D8B9C7F8D860F2F795
:10EC000025FE97F8E030012B27D002B0BDE8F08157
:10EC10002B689B6800934FF0FF33019302AB13E91D
:10EC20000300F2F7BDFA0028E5D1A8606868002863
:10EC3000E3D0D4F80080F2F73DFF224604201749C4
:10EC4000F2F716FE00B300236B60C7F8D860F2F746
:10EC5000FDFD97F8E030012BD7D1D7E936132046D8
:10EC600002B0BDE8F0411847D7F8F010D7F8E80037
:10EC7000F2F7C4FEAEE7F2F73DFE0028B9D1D5F8B1
:10EC8000D830002BB7D1B4E7F2F734FE0028DAD140
:10EC9000D8F8D830002BB0D1D5E700BFB1E40100DF
:10ECA00008B5F2F7A3FB0122014B1A7008BD00BFA3
:10ECB000886C002070B5046806460D46F2F7ACF883
:10ECC00094F8F820034642BB1649097829B301237A
:10ECD00084F8F92084F8F830F2F7AAF8124B002DE6
:10ECE00008BF1D46F2F7FEFBD0B9A4F8F400C4F843
:10ECF000D0006B78022B84F8E03018BF03466A68B6
:10ED0000C4F8DC202A786060A06084F8E12008BFA5
:10ED1000AB683046C4F8CC3070BD1846F2F788F8BE
:10ED2000002070BD886C00208C0B020038B505688F
:10ED3000044695F8F9307BB92146D5F8CC00F2F7B6
:10ED400059FD00B938BD2046FFF712FDF2F77EFDF0
:10ED5000002385F8F83038BD00230D480D4995F89B
:10ED6000F920A5F8F430C5F8D03003600B60002A14
:10ED7000E2D085F8F930F2F7F5FD95F8E030012B97
:10ED8000DAD16FF002012046D5F8DC309847D3E79E
:10ED9000D8620020D46200202DE9F04F0468DFF82B
:10EDA00030C294F8E13006460F4683B00146D4F8ED
:10EDB000CC0015461CF80380F2F71CFD002800F07B
:10EDC000F680002D36D0B4F8F400C24605EB0009F9
:10EDD000C84500F0B58080F0A480B9FBF8FB08FBC3
:10EDE0000BFBBBF5001F80F0E580002834D1D9452E
:10EDF00008BFABEB080BB5EB0B0540F08880DA469B
:10EE000094F8E130032B42D8DFE803F03B7A6C73CF
:10EE10003846F2F70DF8356895F8F930002B40F0D8
:10EE2000A580674F674A00231360A5F8F430C5F842
:10EE3000D0303B600025C4F8D850F2F707FD94F8B5
:10EE4000E030012B04D129463046D4F8DC30984715
:10EE5000002003B0BDE8F08FA8EB00054C302A4637
:10EE60003946204409F01EFA00223D44A4F8F4205B
:10EE7000534F544AA9EB08033B60156004F14C075B
:10EE8000BEE70223202284F8F630C4F8F020D4F83C
:10EE9000D0302046002B0CBF02230323C4F8E470BB
:10EEA00084F8F730C4F8ECA0F2F70CFE464BC3F838
:10EEB00000A0F1F7B1FF32460746444994F8E0005C
:10EEC000F2F7D6FC05460028A2D10123384684F883
:10EED000F930F1F7ADFFF2F70DFD00283FD1D4F87E
:10EEE000D800B6E70423402284F8F630C4F8F020B6
:10EEF000CDE70523402284F8F630C4F8F020C6E7B9
:10EF00000323202284F8F630C4F8F020BFE72A4615
:10EF100007EB0B0104F14C0009F0C4F9A4F8F4501C
:10EF20006DE74C302A463946204409F0BBF90022EF
:10EF3000B4F8F4301D44224BA4F8F4501A6079E779
:10EF40004C3039462A46204409F0ACF90021B4F887
:10EF5000F4301B4A2B44A4F8F43011606AE784F8BB
:10EF6000F950F2F773FC4FF0FF3072E70023154AB7
:10EF7000134F95F8F910A5F8F430C5F8D0301360A8
:10EF80003B6000293FF44FAF85F8F9300192F2F76A
:10EF9000E9FC95F8E030019A012B7FF444AF6FF063
:10EFA00002013046D5F8DC309847019A3BE76FF014
:10EFB00001004EE7F2F74AFC6FF0050049E700BF99
:10EFC000D4620020D8620020D06200208DE80100C9
:10EFD000980B0200FFF792BAB2F5001F2DE9F0413D
:10EFE000046864D2054688460146D4F8CC0016462B
:10EFF0001F46F2F7FFFB00285CD094F8E120032ABB
:10F0000009D8DFE802F03E450237042384F8F630E1
:10F010003023C4F8F0300023284A2949A4F8F430FA
:10F02000C4F8D03084F8F7302360C4F8D8302046D4
:10F03000C4E93A76C4F8E480C4F8D4600B60136085
:10F04000F2F740FDF1F7E8FE03462A461D4994F821
:10F05000E0001D46F2F70CFC08BB0123284684F8AB
:10F06000F930F1F7E5FEF2F745FCD8B9D4F8D8004D
:10F07000BDE8F081052384F8F6304023C4F8F03071
:10F08000C9E7022384F8F6301C23C4F8F030C2E745
:10F09000032384F8F6302023C4F8F030BBE7284679
:10F0A000F1F7C6FEF2F7D2FB4FF0FF30E0E76FF06A
:10F0B0000500DDE76FF00100DAE700BFD86200204D
:10F0C000D4620020E9E50100F8B5046894F8F9304D
:10F0D0004BB9134F134E0023A4F8F430C4F8D030CA
:10F0E0003B603360F8BD00230D4F0E4E94F8F920BD
:10F0F000A4F8F430C4F8D0303B603360002AEAD082
:10F1000084F8F9300546F2F72DFC94F8E030012B35
:10F11000E1D128466FF00201D4F8DC309847DAE7F5
:10F12000D8620020D4620020036893F8F9202AB93D
:10F13000D3F8D00010B983F8E11070474FF0FF30DA
:10F14000704700BFF8B50468054694F8E130032B1A
:10F1500009D8DFE803F0025049420222202384F854
:10F16000F620C4F8F030002302222160636084F8A6
:10F17000F720A360C4F8D8300B78222B01D0282BBD
:10F180004ED12946D4F8CC00F2F734FB00284DD0FC
:10F190002846FFF771FA0646C0B92F6897F8E130A4
:10F1A000032B2FD8002123489B051844D7F8F020C3
:10F1B000F2F750FC2A4604201F49F2F759FB90BB96
:10F1C000F2F798FB78BBD7F8D860F6B12846FFF77E
:10F1D000CFFAF2F73BFB3046F8BD0522402384F816
:10F1E000F620C4F8F030BEE70422402384F8F6206D
:10F1F000C4F8F030B7E70322202384F8F620C4F8DF
:10F20000F030B0E701460D48D0E7F2F71FFB94F865
:10F21000E030012BDFD1D4E9361328469847DAE7EE
:10F220004FF0FF36D7E74FF0FF36CFE76FF001061C
:10F23000D1E700BF0228110155E6010002281100A4
:10F24000FFF75CB938B50468054694F8E100032877
:10F2500009D8DFE800F0564F0248042084F8F60091
:10F260003020C4F8F000C4F8E420049AC4F8D43084
:10F27000C4E93A2300232A4A2160A4F8F430C4F8F0
:10F28000D03084F8F7306360A360C4F8D8301360DE
:10F290000A782448222A036001D0282A3DD1294631
:10F2A000D4F8CC00F2F7A6FA90B32846FFF7E4F9B9
:10F2B000044688B92C682046F2F704FC2A461A490D
:10F2C00094F8E000F2F7D4FA28BBF2F713FB10BB76
:10F2D000D4F8D840204638BD2846FFF749FAF2F75F
:10F2E000B5FA204638BD052084F8F6004020C4F861
:10F2F000F000B8E7032084F8F6002020C4F8F000FE
:10F30000B1E7022084F8F6001C20C4F8F000AAE758
:10F310006FF00104DEE7F2F799FA4FF0FF34D9E716
:10F32000D4620020D8620020BDEB01002DE9F04F2F
:10F3300089B0002861D00D4600295ED0B2F5801F4B
:10F3400093465AD2002A5ED01F4600234FF002088F
:10F350008246D01D079300F0070308FA03F808F16E
:10F36000FF38B0F1081FDAF800305FFA88F84FEA8A
:10F37000D009C0F3C10C80F09480CDF80CC02DE012
:10F38000042407A82146F3F791F8474B52461E780C
:10F3900000213046F2F76CFA00285ED1F2F7AAFAA3
:10F3A00000285AD1F2F710FB10F0FF0355D1B9F144
:10F3B000030F2FD9039A9ABBF2F748FA29783B46F4
:10F3C00008EA010129701299002200912846594645
:10F3D00000F078FBB8B9DAF8003007905146586869
:10F3E000F2F708FA00284CD0B9F1030FC8D9039BF3
:10F3F00028466BB129F00304C4E76FF002042046ED
:10F4000009B0BDE8F08F0024204609B0BDE8F08FB8
:10F410004C46B7E74A46284607A908F043FFCBE722
:10F420000493A9EB0403194607A80593F3F73EF8E4
:10F43000049B524619463046F2F71AFA68B9F2F7B9
:10F4400059FA50B9F2F7C0FAC0B230B9059A07A913
:10F4500055FA84F008F026FFAEE74FF0FF34F2F7DC
:10F46000F5F9129B0022009328783B4608EA000039
:10F4700028705946284600F025FB204609B0BDE813
:10F48000F08F6FF00104129B594600932A783B4697
:10F4900008EA02082846002285F8008000F012FBE6
:10F4A000ADE76FF00204EEE766150200844610B582
:10F4B000044C054B94F800E00FCB8CE80F008CF85F
:10F4C00000E010BD661502005415020010B5054C91
:10F4D00023780BB1002010BDF1F788FF0123002035
:10F4E000237010BD896C002070B5066804460D4677
:10F4F000F1F792FC337873B901233370F1F798FC7C
:10F50000F1F7F0FF48B955B1EB6873602B78012B28
:10F5100003D0204670BDF1F78BFC002070BD024B7C
:10F520002046DB687360F5E7541502002DE9F04FC3
:10F5300083B0002847D00D46002944D0B2F5801F83
:10F5400041D2002A6FD002240023073202F00701C3
:10F550008C40013CB2F1081F06464FEAD207006812
:10F560000193E4B261D231464068F2F743F90028D2
:10F570005ED0032F2DD84FF004090DEB090049464A
:10F58000F2F794FF2C4B324693F800A0002150462E
:10F59000F2F76EF9002843D1F2F7ACF900283FD119
:10F5A000F2F712FA10F0FF083AD1032F18D9BB076F
:10F5B0001CD1F2F74BF940467A1EAB5C1C40AC54B0
:10F5C00003B0BDE8F08F6FF00208404603B0BDE81D
:10F5D000F08FBA0728460CBFB94627F00309CEE7DB
:10F5E0003A46284601A908F05DFEE2E7A7EB090BC1
:10F5F000594601A8F2F75AFF324641465046F2F703
:10F6000037F968B9F2F776F950B9F2F7DDF9C0B217
:10F6100030B95A4601A955FA89F008F043FEC8E707
:10F620004FF0FF38C5E79046CFE76FF00208C2E71A
:10F630006FF00108BFE700BF661502002DE9F04F2B
:10F640008BB00391002867D09B46002B64D0149B9D
:10F65000B3F5801F60D2002B64D000234FF0020965
:10F660000993149B174603F1070E0EF007034FEAA8
:10F67000DE0809FA03F909F1FF3908F1FF35B8F599
:10F68000803F064603685FFA89F9CEF3C10E0BEBA3
:10F69000050A00F29880CDF810E007952DE00424CB
:10F6A00009A82146F2F702FF484B32461D78002197
:10F6B0002846F2F7DDF800285ED1F2F71BF90028A2
:10F6C0005AD1F2F781F910F0FF0355D1B8F1030FC9
:10F6D0002FD9049A9ABBF2F7B9F89AF800300122B0
:10F6E00009EA0303009758468AF800301499039BEF
:10F6F00000F0E8F9B0B93368099031465868F2F77C
:10F7000079F800284ED0B8F1030FC8D9049B5846A9
:10F710006BB128F00304C4E76FF0020420460BB07D
:10F72000BDE8F08F002420460BB0BDE8F08F4446C2
:10F73000B7E74246584609A908F0B4FDCBE7059360
:10F74000A8EB0403194609A80693F2F7AFFE059B40
:10F75000324619462846F2F78BF868B9F2F7CAF82C
:10F7600050B9F2F731F9C0B230B9069A09A95BFA7B
:10F7700084F008F097FDAEE74FF0FF34079DF2F7F5
:10F7800065F800971BF80520584609EA02020BF8B5
:10F790000520039B0122149900F094F920460BB038
:10F7A000BDE8F08F6FF00104079D00971BF805205E
:10F7B000584609EA0209039B012214990BF80590A7
:10F7C00000F080F9AAE76FF00204EEE76615020088
:10F7D00010B48C4614461946019A634601945DF8AC
:10F7E000044BFFF7A3BD00BF03464FF0020C0020FF
:10F7F000C3E9011283F800C0704700BF03464FF011
:10F80000040C0020C3E9011283F800C0704700BF58
:10F810002DE9F0478646002B37D0002A74D05D488A
:10F820005D4B013A05681E6800204FF6FF730EEB32
:10F83000020423E0B14273D0AE4569D0B64566D02C
:10F8400011F802C02778A7EB0C071FFA87F85FFAB8
:10F8500087FC4CEA182C4CEA1C1C4CEA9C0C4CEA29
:10F860005C0C1F400CF0010C07430CF1FF3C38B25C
:10F8700003EA0C03013C002A47D0013AA942D9D13E
:10F880002778B8463FB2C446E3E7002A3CD0184682
:10F89000404B76461F68404B4FF6FF750446D3F841
:10F8A00000C002F1FF3826E0614543D0BE454AD092
:10F8B000E64551D00B5D96F80090A9EB03091FFABD
:10F8C00089FA5FFA89F343EA1A2343EA131343EAF6
:10F8D000930343EA530309EA050903F001030134E2
:10F8E00040EA0909013BA2420FFA89F005EA030543
:10F8F00006F1010609D0B942D6D196F80090CA4661
:10F900000FFA89F95346DEE71046BDE8F087BAB32F
:10F910001EF802707F421FFA87F85FFA87FC98E7AB
:10F92000002AADD19EF80070013F1FFA87F85FFAF8
:10F9300087FC8EE7444596F800901AD0CA460FFA25
:10F9400089F95346BFE71EF80490C9F100091FFA70
:10F9500089FA5FFA89F3B6E71EF8049044450CBFB4
:10F96000C9F10109C9F100091FFA89FA5FFA89F39F
:10F97000A9E709F1FF391FFA89FA5FFA89F3A2E7CB
:10F980009EF80070C7F101071FFA87F85FFA87FC3D
:10F990005FE700BF042D0020002D0020002384B06D
:10F9A000019000918DF80F3072B101980099C05C00
:10F9B00011F803C09DF80F1080EA0C0001330143D9
:10F9C0009A428DF80F10F0D19DF80F00B0FA80F038
:10F9D000400904B0704700BF00B583B0019071B119
:10F9E0006BB1481EA1EB030E01E0E64507D0019B79
:10F9F0008446591C013801911A70431CF5D103B09B
:10FA00005DF804FB2DE9F0435FEA920902F0030878
:10FA100019D00244A1F1040CA2EB8907002312F8CB
:10FA2000016C12F8025C12F8034C66F3070312F83B
:10FA300004ED65F30F2364F317436EF31F63BA42BB
:10FA40004CF8043FEAD1B8F1010F4FF000031CD08D
:10FA5000B8F1020F0FD0B8F1030F14D182784478B7
:10FA600062F30703027864F30F2362F3174341F84C
:10FA70002930BDE8F0834478027864F3070362F329
:10FA80000F2341F82930BDE8F083027862F30703C1
:10FA900041F82930BDE8F08310B541EA020E1EF0AE
:10FAA000030F0AD042B103461144821813F8010B28
:10FAB000934201F8010DF9D110BDBDE81040FFF7E8
:10FAC000A1BF00BF2DE9F041069C073106469046D4
:10FAD0001D46CF08002C38D020F0010302331DD082
:10FAE000B44234D0214643463A463046FFF790FEB2
:10FAF0000446C4F3C03475B126F00103023317D0B5
:10FB0000AE4208D043463A4629463046FFF780FECB
:10FB10000028B8BF00242046BDE8F08124F001038E
:10FB20000233DDD10E4B1B689C4214D08DB10024F2
:10FB300025F001030233E3D1094B1B689D42EAD152
:10FB4000701B18BF4FF0FF30E2E70124D3E7002419
:10FB5000D1E72C46DFE7041B18BF4FF0FF34C8E79E
:10FB6000002D00202DE9F0474FF00009D0F800806B
:10FB70008AB0B8F82C5006460F46D2E90010CDF8EE
:10FB80002490F3F783F8052D00F0978040F20513D9
:10FB90009D4200F0AC8040F205239D428246D8F899
:10FBA000081077D040F205339D4219D13D680520F9
:10FBB000296009AA2946F2F795FC044660B9514626
:10FBC000D8F804200998F7F70DF80446002800F04B
:10FBD0008C802846F2F7E4FC20460AB0BDE8F087A6
:10FBE000052009AAF2F70CFD40F605139D420446D4
:10FBF00000F09C8040F605239D421DD040F6053361
:10FC00009D4200F0B0800028E6D140F205639D429D
:10FC100000F0C08027D840F205439D4200F0AE803E
:10FC200027D940F205539D4223D1D6E90212099803
:10FC3000F7F70CFB0446CFE7D8F808203B681A60BA
:10FC40000028C9D1D6E90231FA68CDE90031099816
:10FC5000B96807F10C03F7F7A1FC0446002844D06B
:10FC6000C7F80C90B8E740F605039D4200F0998074
:10FC700005D96FF0850420460AB0BDE8F08740F250
:10FC800005739D42F5D1D6E902120998F7F722FAD9
:10FC90000446A1E73D680520296009AA2946F2F734
:10FCA00021FC0446002897D15146D8F80420099831
:10FCB000F6F792FE0446C0B18BE77C68D8F828308E
:10FCC000D8F8041005943C6808F118020494F4680C
:10FCD0000394B468029474690194346900943C1DDF
:10FCE0000694F7F78FFD0446D0B9002474E77C68CA
:10FCF000D8F82830D8F8041005943C6808F11802A8
:10FD00000494F4680394B4680294746901943469A7
:10FD100000943C1D0694F7F725FF04460028E4D024
:10FD20002046C7F804900AB0BDE8F087D8F808204C
:10FD30003B681A6000287FF44FAFD7E9023107F122
:10FD40000C0202927A69CDE900310998396907F10C
:10FD50001403F7F77BFB04460028C6D0C7F80C90C5
:10FD6000C7F8149038E73D68D8F808302B600028B1
:10FD7000BBD10998F7F7D2FC04462AE709983B1D46
:10FD8000D7E90012F7F7B6FA04460028ADD00023F1
:10FD90007B6021E70998D8E90412F6F7DBFD0446F9
:10FDA0001AE73C46D6E902127B680998009354F89A
:10FDB000043B0194F7F71CF80446002895D0E6E7C9
:10FDC00070B504460D46D2E9001084B02668F2F7FB
:10FDD0005DFF40F20622B38D934233D00FD8062B3D
:10FDE00020D0B3F5837F19D1D4E904327168CDE90D
:10FDF0000032D4E90223F5F7E9F904B070BD40F20E
:10FE0000063293420AD1D4E904327168CDE9003256
:10FE1000D4E90223F5F7BCFB04B070BD6FF0850098
:10FE200004B070BD2B1D716802936B6801932B6841
:10FE30000093D4E90223F5F71DF880B100236B602D
:10FE400004B070BD2B1D716802936B6801932B6821
:10FE50000093D4E90223F5F7BBFA0028EED1002085
:10FE600004B070BD70B5066804460D46D2E90010B6
:10FE700086B0F2F70BFFB38D072B1BD040F20712B1
:10FE8000934213D12B1D716804936B6803932B6805
:10FE900002936369019323690093D4E90223F5F780
:10FEA00073FCC0B100236B6006B070BD6FF08500BD
:10FEB00006B070BD2B1D716804936B6803932B68AB
:10FEC00002936369019323690093D4E90223F5F750
:10FED00057FC0028E6D1002006B070BD2DE9F047A0
:10FEE0000027066886B0B6F82CA005468846D2E9F9
:10FEF00000100597F2F7CAFEBAF1040F00F08680F1
:10FF0000BAF5827F00F0AE80BAF5017F8146B16814
:10FF100053D0BAF5417F16D1D8F80050012029609E
:10FF200005AA2946F2F7DEFA044640B94946726846
:10FF30000598F6F719F8044600283AD1002420461F
:10FF400006B0BDE8F087012005AAF2F759FB40F2A0
:10FF500004739A45044670D040F604039A451ED0B7
:10FF60000028ECD140F204539A4500F08E803ED92F
:10FF700040F204639A4534D1D5E902124446D8F8D8
:10FF800004300598009354F8043B0194F6F762FAA4
:10FF900004460028D2D00023C8F80430CFE7D8F8B0
:10FFA0000050B3682B600028C8D10598F6F708FC0C
:10FFB00004462846F2F7F4FAC1E7D8F800500120C9
:10FFC000296005AA2946F2F78DFA04460028B6D121
:10FFD000494672680598F5F7A9FE04460028ADD099
:10FFE000E7E76FF08504204606B0BDE8F08740F2F1
:10FFF00004439A45F5D1D8E90012059808F10403A5
:020000022000DC
:10000000F6F78EF904460028C5D197E7D8F80430F2
:1000100071680193D8F80030009308F1040302934B
:10002000D5E90223F5F7B4FB0446002886D0204624
:10003000C8F8047006B0BDE8F087B268D8F80030A0
:100040001A6000287FF47BAFD8E90212059808F106
:100050000C03F6F7B1FA044600283FF46FAFC8F876
:100060000C706CE7D8F8043071680193D8F8003050
:10007000009308F104030293D5E90223F5F710FD7C
:10008000044600283FF45AAFD1E70598D5E902129B
:10009000F6F78EF8044652E72DE9F0434FF00009D9
:1000A000D0F8008085B0B8F82C600546022E0F46C7
:1000B000CDF8089070D0B6F5817F7FD040F2022352
:1000C0009E42D8F8082026D01146032002AAF2F753
:1000D00097FA40F202539E4204462FD040F2026348
:1000E0009E424CD040F202739E423AD078B940F220
:1000F00002439E4270D000F2848040F202339E425E
:100100007FD1D5E902120298F3F75AFE0446204641
:1001100005B0BDE8F0830D6803202A60294602AAD5
:10012000F2F7E0F904460028F1D1D8F8041002985B
:10013000F3F714FE0446F0B90024E8E7D8F80820E5
:100140003B681A600028E2D1D7E90212029807F151
:100150000C03F3F753FE04460028EDD0C7F80C90CB
:10016000D5E73D68D8F808302B600028E4D1029824
:10017000F3F7DEFD04462846F2F712FAC7E7D8F88F
:1001800008203B681A600028C1D1D5E90212029804
:10019000F3F780FE0446BAE70C464B68D8F8040033
:1001A000009354F8043BD5E902120194F3F724FFBD
:1001B00004460028C0D0C7F80490A8E7D5E9043465
:1001C000D8F80400D5E902120094F3F79FFF044623
:1001D000204605B0BDE8F083AB683D681B68294642
:1001E000039003AA03202B60F2F77CF90446002851
:1001F0008DD1DDE90201F4F7B3F80446002886D07A
:10020000B9E76FF0850482E7FEE700BFF0B585B07F
:10021000F0F702FE124E0446357825B12046F0F77D
:1002200007FE05B0F0BD4FF0FF3701A8F0F734FE30
:100230000C4A01AB19210C488DF80C500297F0F7CD
:100240000FFE01210948F8F7ADFA29460848F8F7EA
:10025000A9FA012320463370F0F7EAFD05B0F0BD9E
:100260008A6C002009020200C46B0020306C002060
:10027000E06B0020014608B50348F8F799FAB0FA98
:1002800080F0400908BD00BF306C00200148F8F73D
:1002900099BA00BF306C002042B1034611440244B9
:1002A00011F801CD03F801CB9342F9D1704700BF9B
:1002B00030B4029D41EA0272073142F0807405F1C8
:1002C000040CCA0863B92C6042B1131D1044EA182B
:1002D00010F8013D0CF8013B9445F9D130BC704752
:1002E00001462C60604630BC07F0DCBF2DE9F843C6
:1002F0001B07099E43EA02639DF820E00B43CF1DD4
:100300000C461546814606F1040CFF084FEA0268C8
:100310003360BEF1000F0ED13844FFB33A1D3244B2
:10032000431C13F801ED0CF801EB9445F9D1022DB3
:100330001CD0BDE8F88360463A46494607F0B2FF54
:10034000022DF6D104F11F0048F48038400948EA34
:100350000403013046F8203006EB80003A4609EBF2
:1003600007010430BDE8F84307F09CBF04F11F0308
:1003700048F480385B0948EA0402013346F8232038
:1003800006EB83037A1C043302441F4412F8011D58
:1003900003F8011B9F42F9D1BDE8F883022AC8D1B6
:1003A00048F480330B437360C3E700BFF8B5069F82
:1003B00005461646A3B904223B4603F8012BCA1D85
:1003C000D2080CD002F1040C8444501C38441CF8B0
:1003D00001ED03F801EB8342F9D1022E14D0F8BDF0
:1003E00001F11F046409A40022463846291D07F0C4
:1003F00059FF022EF3D104F108012246294438198D
:10040000BDE8F84007F04EBF01F11F035B0902EBA6
:10041000830308332B44024413F8011D00F8011B29
:100420008242F9D1F8BD00BFF8B5CD1D0F46064692
:10043000069CED08CAB905F1030CADB12A1D0244B2
:10044000581912F8011D03F8011B9842F9D11F3702
:100450007F090CEB870305333344254413F8012D42
:1004600004F8012BA542F9D1F8BD2A46311D1846E2
:1004700007F018FF07F11F01490902312A462046FB
:1004800006EB8101BDE8F84007F00CBF2DE9F04F05
:1004900003F11F0685B00E9F7609013603F10708A8
:1004A0001D460C4607F1040E4FEAD8084FEA8609AC
:1004B00007EB860A002A40D1A9F104034345994677
:1004C0004FF4007228BFC1467A8009F1FF325FFA0B
:1004D00085FB0292C5F307250AF10402A3EB090389
:1004E00087F800B07D700192B9F1000F3DD0F4465D
:1004F00009F1040800EB090107EB080011F8012DD0
:100500000CF8012B6045F9D1002B43D1029A144419
:1005100040F2012207F826B0AAF80220019A8AF8D0
:1005200001500134D04414F8011D02F8011B90451C
:10053000F9D133BB05B0BDE8F08F43F0007301463D
:10054000424670463B6007F0ADFE4246214609F147
:10055000040045F0007545F48035384447F82650CE
:1005600005B0BDE8F04F07F09DBE43451DD840F2F1
:10057000012207F826B08AF80150AAF80220002BC1
:10058000D8D01A4600210198484405B0BDE8F04F84
:1005900007F0C6BE1A4600210EEB0900039307F0D0
:1005A000BFFE029B1C44039BB2E71A4670464946B5
:1005B000029307F0B5FE40F2012207F826B0029B35
:1005C0008AF80150AAF80220DBE700BF2DE9F04FBE
:1005D0000027160101F11F0201F1070852099200DC
:1005E0004FEAD80842459F70174628BF474602F198
:1005F000040A46F002065FFA81FBC1F30725F6B252
:1006000003EB0A0985B01C46DE7083F800B05D700C
:10061000191D09F1040300937B1E0290D21B019364
:10062000002F4AD086467346084607F1040C3B4427
:1006300004EB0C0E039613F8016D00F8016B864570
:10064000F9D1039ECAB9019B02999844012304F889
:100650000AB0414489F8015089F8036089F80230F2
:10066000009BCC44013111F8010D03F8010B9C45AE
:10067000F9D1D2B905B0BDE8F08FC81900210392B5
:1006800007F04EFE019B02999844012304F80AB03A
:10069000039A89F8015089F80360414489F80230CF
:1006A000002FE6D007F1040CDAE700210098384467
:1006B00005B0BDE8F04F07F033BE9045DDD3012310
:1006C00004F80AB089F8015089F8036089F802300B
:1006D000CFE700BF120130B542F0010401F11F0263
:1006E000DC705209CC1D9200E40894424FF00005E2
:1006F00028BF14461970090A9D7059701D1D54B108
:10070000294600EB040C201D03441CF801ED01F800
:1007100001EB9942F9D1121B00D130BD28190021FB
:10072000BDE8304007F0FCBD08B5FFF76FFD0122C2
:10073000014B1A7008BD00BF8B6C0020F8B516463F
:1007400004460F46F0F768FB0E4B1A78034692B149
:10075000657E85B901236376F0F76AFB022F18BF27
:100760000026A5762776E576266025771020EFF718
:1007700073FC2846F8BD1846F0F75AFB4FF0FF30DF
:10078000F8BD00BF8B6C00200346002210205A7673
:10079000EFF730BD38B50446F0F73EFBE37E3BB9DA
:1007A00003F0FF050123E376F0F742FB284638BD4E
:1007B000F0F73EFB4FF0FF3038BD00BF034610B5E9
:1007C0000C460348596806F0D3F9024BDC6210BDB1
:1007D00050000C4000000C4003460248596806F0E7
:1007E000C7B900BF50000C40704700BF70B5044649
:1007F0000D46F0F711FBE37E7BB903F0FF06012302
:10080000E376F0F715FB95E80F00B64604F1040C0B
:100810008CE80F006661704670BDF0F709FB4FF081
:10082000FF3EF8E7704700BFB2F5805F8CBF002045
:1008300001207047704700BF037F10B504463BB9E5
:100840006FF0020200236261E376A27E32B910BD2E
:10085000002301202377EFF7D9FBF1E7A376BDE86A
:100860001040FFF713BD00BF84460B4610B5144679
:1008700061461A460548F0F719FB21461920F0F7A2
:100880002DFBBDE8104019200FF08EBDC46B002079
:10089000044B10B5044619620120EFF793FB0123C6
:1008A000237710BD00000C4010B400210F24094A2A
:1008B0001162C2F80411C2F81441027F12B95DF846
:1008C000044B704703465DF8044B01201977EFF79E
:1008D0009DBB00BF00000C400000000070FFFFFF48
:1008E00076FFFFFF7CFFFFFF79FFFFFF0DF10000A8
:1008F000E9F00000ADF0000085F0000065F00000B8
:1009000025F00000E9EF00005369676E61747572AD
:100910006531000012000000FFFFFFFF0C04000023
:1009200032000000FF0000004549503133305F4184
:10093000494300000000010000000000000000002A
:1009400000000000000000000000000000000000A7
:100950000000000000000200000000000000000095
:100960000000000000000000000000000000000087
:100970000000000000000300010000000100000072
:100980000000000000000000000000000000000067
:100990000000000000000000000000000200000055
:1009A0000000000000000000000000000000000047
:1009B0000000000000000000000000000300000034
:1009C0007AFFFFFF78FFFFFF78FFFFFF6BFFFFFF5E
:1009D00077FFFFFF6DFFFFFF7CFFFFFF00000000C0
:1009E00079FF7CFF7CFF7CFF7CFF7CFF7CFF7CFF32
:1009F0007CFF7CFF7CFF7CFF7CFF7CFF7CFF7CFF1F
:100A00007CFF7CFF7CFF7CFF7CFF7CFF7CFF7CFF0E
:100A10007CFF7CFF7CFF7CFF77FF79FF6DFF7CFF15
:100A20000000000079FF79FF79FF79FF79FF79FFF6
:100A300079FF79FF6DFF7CFF7CFF7CFF7CFF7CFFF3
:100A40007CFF7CFF7CFF7CFF7CFF7CFF7CFF7CFFCE
:100A50007CFF7CFF7CFF7CFF7CFF7CFF7CFF7CFFBE
:100A600079FF79FF77FF78FF78FF78FF78FF78FFCD
:100A70006DFF7CFF0000000078FFFFFF7AFFFFFFA3
:100A800077FFFFFF6DFFFFFF7CFFFFFF000000000F
:100A90001C000000200000003000000040000000AA
:100AA000140000001400000000000000000000001E
:100AB0001C0000002000000030000000400000008A
:100AC0001C000000200000000000000000000000EA
:100AD0001C0000002000000030000000400000006A
:100AE000FF000000FF000000FF000000FF0000000A
:100AF000FF000000FF000000FF00000002000000F7
:100B000000000000FFFFFFFF0000000002000000E7
:100B100000000000FFFFFFFF0000000002010000D6
:100B200000000000FFFFFFFF0000000002000000C7
:100B300000000000FFFFFFFF0000000002000000B7
:100B400000000000FFFFFFFF0000000002000000A7
:100B500000000000FFFFFFFF000000000200000097
:100B600000000000FFFFFFFF000000000200000087
:100B700000000000FFFFFFFF000000000200000077
:100B800000000000FFFFFFFF000000000102000066
:100B900000000000FFFFFFFF4040808003000000D6
:100BA000030000000A000000E80800000300000045
:100BB0003C0C0200180C0200F40B0200D00B0200E7
:100BC0000100000020000000840C0200600C020004
:100BD000EDD3F55C1A631258D69CF7A2DEF9DE1449
:100BE00000000000000000000000000000000010F5
:100BF00000000000010000000000000000000000F4
:100C000000000000000000000000000000000000E4
:100C10000000000000000000066D0700000000005A
:100C200000000000000000000000000000000000C4
:100C3000000000000000000000000000EDFFFFFFCA
:100C4000FFFFFFFFFFFFFFFFFFFFFFFFFFFFFFFFB4
:100C5000FFFFFFFFFFFFFFFFFFFFFF7F0000000020
:100C6000D9D3CE7EA2C5E929B2617C6D7E4D3D927D
:100C70004CD148772CDD1EE0B486A0B8A119AE2077
:100C8000000000000900000000000000000000005B
:100C90000000000000000000000000000000000054
:100CA0000000000000000000010000008C0D0200A8
:100CB0004C0D02000C0D0200CC0C020001000000E3
:100CC000400000000C0E0200CC0D02006900A99C3F
:100CD000829687B5DDDA5D0881D3B11D4710AC7F00
:100CE000196186411926A94C415C3E557008337044
:100CF000CA9C63D60ED2C9B3B38D30CB07FCC933BF
:100D0000AEE6D43F8BC4E9DBB89DDDAA23F716809D
:100D100063BD0928DDE5BA5EB7504098673E08DC40
:100D2000CA94FC774DACC1E7B9C7F22BA717117F66
:100D3000B5C89A8BC9F12E0AA13A25A85A5DED2DA6
:100D4000BC6398EACA4134A81016F93DCA94FC77EE
:100D50004DACC1E7B9C7F22BA717117FB5C89A8B65
:100D6000C9F12E0AA13A25A85A5DED2DBC6398EA77
:100D7000CA4134A81016F93D8DDDCB94C54C23AC87
:100D8000457132E2893B608B31A33078F3483A58A1
:100D90005660AA2885C6822D2FFF8128E680A3E60B
:100DA0002AA1CDAE4268C69B009B4D7D7108337071
:100DB000CA9C63D60ED2C9B3B38D30CB07FCC933FE
:100DC000AEE6D43F8BC4E9DBB89DDDAA9208D83AE1
:100DD0000F1ECD780654F0A82F2BCAD1AE63278AF8
:100DE000D84BCA5B5E485F4A49DEDCB211811F887E
:100DF0005BC500A01A7BA52400F709F2FD2278CF7D
:100E0000A9BFEAC0EC3263565D38DE7D22F8B9BC7A
:100E10000922358B685E6A4047506D7C5F7DB993CF
:100E20007B68D1508DD4D0E2781F3BFF8E09D0F47F
:100E3000EE623BB4C116D9B5709FED85936A4C9CA8
:100E40002E32215A64D92ED8BDE4AE8101000000B3
:100E5000000F0200D00E0200A00E0200700E020071
:100E60000100000030000000600F0200300F02009F
:100E7000656504E90232883B10C37F6BAFB63ACF99
:100E8000A72504AC6C6E161FB35654ED09712F15CF
:100E9000DF41E6507E6F5D0F286D38A3821EB98C4E
:100EA000114C50FA9686B73A94C9DB950239B47C56
:100EB000D562EB3EA50E882EA6D2DC07E17DB72FCA
:100EC0007C44F01654B5398B2628CE22DDC7A80401
:100ED0002628CE22DDC7A804EBD43A504A81A58A41
:100EE0000FF991BAEF6591138727B24F8EA2BEC258
:100EF000A0AF05CE0A08723C0C158C3DC682C37BA0
:100F000053EC073113004787711A1D9029A7D3AC02
:100F10002311B77F19DAB112B45654ED09712F15A8
:100F2000DF41E6507E6F5D0F286D38A3821EB98CBD
:100F300015533C2641038242118191772146460E8A
:100F4000282991F94F059CE16458ECFE290BB76202
:100F500052D5CF958EEBB15CA4C2F920751DBE8A27
:100F60001EAFD447E2B287EFAA46D63634E026E871
:100F7000E810BD0CFECA7FDBE34FF17EE7A3478894
:100F80006B3FC1B7813AA6A2FF45CF68F0641C1D34
:100F90000100000014100200F40F0200D40F020040
:100FA000B40F0200010000002000000054100200F5
:100FB00034100200A7564897820E1E90F7A661B51E
:100FC000A37A398C718D839D900A663EBCA9EEA1EF
:100FD000DB57FBA9B6078CFF18DCCC6BCEE1F75CC6
:100FE00029168495BF7CD7BBD9B530F3444B4AE969
:100FF0006C5CDC26D9B530F3444B4AE96C5CDC26EA
:10100000C15580FBE7FF7A413075F6EE57302CFC76
:1010100075095A7D77536E1F1D481320282026D549
:1010200023F63B6E728D839D900A663EBCA9EEA1AD
:10103000DB57FBA99769042FC7541D5C548EED2D17
:10104000134577C2C91D61141A46F897FDC4DAC367
:1010500035F87E546232CE9ABD53443AC223BDE382
:10106000E127DEB9AFB781FC2F484B2CCB577ECBA5
:10107000B9AED28B01000000641102002011020001
:10108000DC10020098100200010000004200000085
:10109000EC110200A8110200096438911EB76FBB61
:1010A000AE479C89B8C9B53BD0A509F74801CC7FAC
:1010B0006B962FBF83878651FAFFFFFFFFFFFFFF6D
:1010C000FFFFFFFFFFFFFFFFFFFFFFFFFFFFFFFF30
:1010D000FFFFFFFFFFFFFFFFFF010000003F506B1E
:1010E000D41F45EFF1342C3D88DF733507BFB13B8A
:1010F000BDC052167B937EEC51391956E109F18E31
:101100009189B4B8F315B3995B72DAA2EE4085B653
:10111000A0219A921F9A1C8E61B93E955100000041
:10112000FCFFFFFFFFFFFFFFFFFFFFFFFFFFFFFFD2
:10113000FFFFFFFFFFFFFFFFFFFFFFFFFFFFFFFFBF
:10114000FFFFFFFFFFFFFFFFFFFFFFFFFFFFFFFFAF
:10115000FFFFFFFFFFFFFFFFFFFFFFFFFFFFFFFF9F
:10116000FF010000FFFFFFFFFFFFFFFFFFFFFFFF8B
:10117000FFFFFFFFFFFFFFFFFFFFFFFFFFFFFFFF7F
:10118000FFFFFFFFFFFFFFFFFFFFFFFFFFFFFFFF6F
:10119000FFFFFFFFFFFFFFFFFFFFFFFFFFFFFFFF5F
:1011A000FFFFFFFFFF0100005066D19F7694BE88CD
:1011B00040C272A286703C356107AD3F01B950C58F
:1011C0004026F45E9972EE972C663E2717BDAF1746
:1011D00068449B574944F598D91B7D2CB45F8A5CC1
:1011E00004C03B9A786A29391801000066BDE5C23F
:1011F000317E7EF99B426A85C1B34833DEA8FFA2E7
:1012000027C11DFE2859E7EF775E4BA1BA3D4D6B14
:1012100060AF28F821B53F053981649C42B495231D
:1012200066CB3E9ECDE90404B7068E85C60000005D
:1012300001000000E4120200B41202008412020055
:1012400054120200010000003000000044130200AC
:10125000141302007329C5CC6A19ECEC7AA7B048C4
:10126000B20D1A58DF2D37F4814D63C7FFFFFFFF22
:10127000FFFFFFFFFFFFFFFFFFFFFFFFFFFFFFFF7E
:10128000FFFFFFFFEF2AECD3EDC8852A9DD12E8A00
:101290008D3956C65A8713508F081403124181FEA8
:1012A0006E9C1D18192DF8E36B058E98E4E73EE25D
:1012B000A72F31B3FCFFFFFF00000000000000007B
:1012C000FFFFFFFFFEFFFFFFFFFFFFFFFFFFFFFF2F
:1012D000FFFFFFFFFFFFFFFFFFFFFFFFFFFFFFFF1E
:1012E000FFFFFFFFFFFFFFFF000000000000000006
:1012F000FFFFFFFFFEFFFFFFFFFFFFFFFFFFFFFFFF
:10130000FFFFFFFFFFFFFFFFFFFFFFFFFFFFFFFFED
:10131000FFFFFFFF5F0EEA907C1D437A9D817E1DDB
:10132000CEB1600AC0B8F0B51331DAE97C149A285E
:10133000BD1DF4F829DC9292BF989E5D6F2C269615
:101340004ADE1736B70A7672385E543A6C2955BFB2
:101350005DF20255382A5482E041F759989BA78BD9
:10136000623B1D6E74AD20F31EC7B18E37058BBE78
:1013700022CA87AA01000000F8130200D813020055
:10138000B813020098130200010000001C000000C6
:1013900038140200181402003D2A5C5C4529DD1354
:1013A0003EF0B8E0A216FFFFFFFFFFFFFFFFFFFFC9
:1013B000FFFFFFFF00000000B4FF552343390B2758
:1013C000BAD8BFD7B7B04450563241F5ABB3040CCE
:1013D000850A05B400000000FEFFFFFFFFFFFFFFCE
:1013E000FFFFFFFFFEFFFFFFFFFFFFFFFFFFFFFF0E
:1013F000FFFFFFFF000000000100000000000000F0
:1014000000000000FFFFFFFFFFFFFFFFFFFFFFFFE8
:10141000FFFFFFFF00000000347E00859981D54466
:101420006447075AA07543CDE6DF224CFB23F7B58E
:10143000886337BD00000000211D5C11D680323466
:101440002211C256D3C1034AB99013327FBFB46B85
:10145000BD0C0EB70000000001000000E8140200FF
:10146000C4140200A01402007C1402000100000059
:1014700020000000301502000C150200512563FC0D
:10148000C2CAB9F3849E17A7ADFAE6BCFFFFFFFFFF
:10149000FFFFFFFF00000000FFFFFFFF0000000054
:1014A0004B60D2273E3CCE3BF6B053CCB0061D6518
:1014B000BC86987655BDEBB3E7933AAAD835C65AA1
:1014C00000000000FCFFFFFFFFFFFFFFFFFFFFFF2B
:1014D000000000000000000000000000010000000B
:1014E000FFFFFFFF00000000FFFFFFFFFFFFFFFF08
:1014F000FFFFFFFF000000000000000000000000F0
:1015000001000000FFFFFFFF00000000F551BF37A2
:101510006840B6CBCE5E316B5733CE2B169E0F7C18
:101520004AEBE78E9B7F1AFEE242E34F0000000089
:1015300096C298D84539A1F4A033EB2D817D03776D
:10154000F240A463E5E6BCF847422CE1F2D1176B08
:101550000000000002000000000000000000000089
:10156000FFFFFFFF1C00040000000000000000005F
:10157000000000000000000000000000000000006B
:101580002DE9F04303680446103B85B0052B00F2BB
:101590009E80DFE803F0456F0303398F03690C2B4E
:1015A00040F09580026A042A40F091800021406852
:1015B00001AA06F01FFFA368002BC0F28B80EFF793
:1015C0002BFCDDE9011200274FF0706C554E0546EB
:1015D000039BD6F824845448DCF8609022F08052B3
:1015E000C6F82474C8470346C6F8248428460093E6
:1015F000EFF71EFC39466A46236A606806F006FF6C
:10160000002005B0BDE8F083036A042B5FD14FF4DE
:10161000006500216A466068009506F0F7FEEFE776
:101620000369042B53D1056A042D50D12B460021A8
:10163000406801AA06F0DEFEA368002B40DB019B98
:1016400023F08053B3F5801F6AD2B3F5803F5AD29E
:101650000122DB0A354902FA03F30A681A420CBF79
:101660000125002500216A46236A6068009506F07E
:10167000CDFEC5E70369042B29D1036A042B26D1CB
:101680000021406801AA06F0B5FEA368002B31DBFB
:10169000EFF7C2FB00274FF070630199214E05461A
:1016A000D6F824849B6D21F08051C6F824741E481E
:1016B000984798E7036A042B09D14FF48015A8E7EF
:1016C0001E22294601980EF0F5FE0028B7D16FF0D2
:1016D000800096E71E22039901980EF0EBFE002889
:1016E000F5D0DDE9020117220EF0E4FE00287FF4B8
:1016F00066AFECE717224FF4006101980EF0DAFEB6
:101700000028C5D1E3E7B3F5002F4FEA93324FF03D
:1017100001032ABF02F01F020549064993409CE7D6
:1017200005259FE7004002408FA0E3B71044024028
:10173000144402401844024010B58CB04FF00041F0
:101740004FF0FF3006F046FEC106F7D5694610207F
:1017500006F048FE009B9A1C04D30021019806F075
:1017600061FEEBE7002B019C07DB6846FFF708FFF3
:101770000146204606F056FEE0E76FF08001204665
:1017800006F050FEDAE700BF4FF0400C30B443F6ED
:10179000DA3204250D4B0E4CC4E9000183F802C374
:1017A000D3F8801221F00401C3F88012D3F880121C
:1017B000C3F8805011F0040F14BF10460020BFF38F
:1017C0004F8FBFF36F8F30BC704700BF00E100E068
:1017D000682C0020024BD3E9000102F0EBB800BFF7
:1017E000682C002008B51220EFF72EFB002008BD62
:1017F0004FF47A702DE9F84F5C4BDFF878819B6AE3
:10180000B8F80020C3F30A0300FB03F3DFF8689184
:10181000803392B2B2EB132FB9F800104FEA1327BE
:1018200002D289B2B9425AD8EFF7F6FA40F2FE7303
:101830004E4C4FF0000B236541F63C73A9F8003085
:10184000EFF7F6FAA36CDFF834A123F00103A364E9
:10185000EFF7E2FAC4F854B0A8F800B0EFF7E8FAEE
:10186000A36C23F00203A364DAF80050ADB12C4658
:10187000E6892D68B74202D9A689B742F6D3214638
:101880005046EFF7F5F8314623463846A6682269F8
:1018900084F814B0B047002DE9D1EFF7BDFADAF8BB
:1018A00000300646002B52D0002541F63C74998941
:1018B000DA898C421B6828BF0C46954238BF154612
:1018C000002BF4D1B9F800309BB29C4224D3B8F875
:1018D00000309BB2AB4209D33046EFF7A9FA234A56
:1018E000D36C03F00303D364BDE8F88F204B2C02C4
:1018F000A3FB04341D4FC4F38A14EFF78DFA7C6503
:10190000A8F80050EFF794FABB6C304643F002039E
:10191000BB64EFF78DFAE2E7154B2702A3FB07370D
:10192000BF09DFF848A0EFF777FACAF85070A9F8B6
:101930000040EFF77DFADAF8483043F00103CAF8C7
:101940004830B8F800309BB2AB42C5D2CEE741F682
:101950003C74B9F8002092B2A24202D8B8F8003024
:10196000BAE71D4640F2FE77DBE700BF00600040AB
:10197000D34D6210E42C0020600C0020702C00205D
:1019800038B5EFF749FA0D4D04462B7823B12046C0
:10199000BDE83840EFF74CBA00F0D2FB032008490D
:1019A00000F022FC074AD36ADB07FCD5012320465E
:1019B0002B70BDE83840EFF73BBA00BFE62C0020A3
:1019C000F1170200006000404FF47A73044A906AF5
:1019D000C0F30A0003FB00F08030000A704700BF2C
:1019E000006000402DE9F84304461F460E461546A8
:1019F000EFF712FA089BA7602361237D0746A681B3
:101A0000E5817BB1294C23889BB29E4217D3284C99
:101A100023889BB2AB422DD33846EFF709FA00205A
:101A2000BDE8F88321462348EFF70CF80123A68987
:101A30002375E5891D4C23889BB29E42E7D21E4B3D
:101A40004FEA0628A3FB0838DFF87090C8F38A181D
:101A5000EFF7E2F9C9F850802680EFF7E9F9D9F8F5
:101A60004830134C43F00103C9F8483023889BB237
:101A7000AB42D1D2104B2E02A3FB0636DFF83C80DE
:101A8000C6F38A16EFF7C8F9C8F854602580EFF757
:101A9000CFF9D8F84830384643F00203C8F8483048
:101AA000EFF7C6F90020BDE8F88300BF600C002006
:101AB000E42C0020702C0020D34D62100060004008
:101AC0002DE9F0470446EFF7A7F9237D0646002BE2
:101AD0003FD1EFF7A1F9394B07461B68002B45D0E2
:101AE000002541F63C749989DA898C421B6828BF2D
:101AF0000C46954238BF1546002BF4D1DFF8C8805C
:101B0000B8F800309BB29C423CD32D4C23889BB24A
:101B1000AB4215D22B4B4FEA0528A3FB0838DFF860
:101B2000AC90C8F38A18EFF777F9C9F8548025808C
:101B3000EFF77EF9D9F8483043F00203C9F848308E
:101B40003846EFF775F93046EFF772F90020BDE837
:101B5000F08721461948EEF78BFF00232375EFF736
:101B60005BF9164B07461B68002BB9D141F63C7454
:101B7000DFF85480B8F8002092B2A2421AD8104B75
:101B80001B88DDE70F4B4FEA0429A3FB09394FEA15
:101B90009919DFF838A0EFF73FF9CAF85090A8F884
:101BA0000040EFF745F9DAF8483043F00103CAF88E
:101BB0004830AAE71D4640F2FE79EAE7702C002083
:101BC000E42C0020D34D6210600C00200060004027
:101BD000034B1A6812B11868EEF7FABE704700BFDF
:101BE000902C0020F0B583B005460C46EFF714F9B1
:101BF0000D4B06461A7D92B91CB941F63C739D42C5
:101C000007D0002722462946084B07480097FFF7D0
:101C1000E9FE304603B0BDE8F040EFF709B91846D9
:101C2000FFF74EFFE8E700BF782C0020D11B020031
:101C3000014B1860704700BF902C00202DE9F04147
:101C40002F4E0C4633881BB2834206DC2D4D2B8869
:101C50001BB2A34229DBBDE8F0812B4B821C03FBA6
:101C600002F22A4B05469A4246DA294B1344002BCE
:101C700004DA03F57F1303F57F533F339B15254AA1
:101C800003F30803244F02EA0328EFF7C5F8C7F867
:101C900058803580EFF7CCF8BB6C1A4D43F0040345
:101CA000BB642B881BB2A342D5DA174BA21E03FBE1
:101CB00002F2164B9A421BDA154B1344002B04DA3E
:101CC00003F57F1303F57F533F339B15114F03F348
:101CD0000803114E07EA0327EFF79EF8F7652C80FB
:101CE000EFF7A6F8B36C43F00803B364BDE8F081E6
:101CF0000A4B13449B15E9E7084B13449B15BEE7B9
:101D0000640C0020620C00203C553D000F0099FF40
:101D1000F2FF460000FF010000600040F2FF860075
:101D20002DE9F047EFF778F84FF47841FF223F4C68
:101D30003F4BA1651A80EFF77BF8A36CDFF80881B1
:101D400023F00403A364EFF767F84FF485314FF4F1
:101D50007F42384BE1651A80EFF76AF8A36C23F0F5
:101D60000803A364D8F80050226BC2F38A13D2038D
:101D70004BD56FEA43536FEA53532F4A02FB03F3E9
:101D80002E4F1F44002F4ADBBF153FB2DDB14FF08D
:101D9000000ADFF8B4902C46B4F90E602D68B74203
:101DA00003DDB4F90C60BE420BDC21464846EEF779
:101DB0005FFE314623463846A668226984F814A09F
:101DC000B047002DE7D1EFF727F8D8F800300546E7
:101DD0006FF0FF01FF2063B1B3F90C40B3F90E209F
:101DE000A0421B68A8BF20469142B8BF1146002BF5
:101DF000F2D1FFF723FF2846EFF71AF80B4AD36C0E
:101E000003F00C03D364BDE8F0870B490C4A01FBD7
:101E100003F39342B4DD0B4F1F44BF15B5E707F53D
:101E20007F1707F57F573F37AEE700BF00600040E0
:101E3000640C0020620C00201CB21000778574FF37
:101E4000897A6B007785B4FF942C002038B5EEF7C3
:101E5000E3FF0D4D04462B7823B12046BDE8384002
:101E6000EEF7E6BF00F06CF90C20084900F0AAF983
:101E7000074A536BDB07FCD5012320462B70BDE8D6
:101E80003840EEF7D5BF00BFE72C0020211D02002F
:101E900000600040114B1A6BC2F38A13D20313D5B2
:101EA0006FEA43536FEA53530D4A02FB03F30D48A5
:101EB0001844002801DB8015704700F57F1000F5FD
:101EC0007F503F30801570470549074A01FB03F3F7
:101ED0009342ECDD054818448015704700600040CF
:101EE0001CB21000778574FF897A6B007785B4FF88
:101EF0002DE9F84304461F460E461546EEF78CFFC3
:101F0000089BA7602361237D0746A681E5817BB1FD
:101F10003C4C23881BB2B34219DC3B4C23881BB2D8
:101F2000AB423EDB3846EEF783FF0020BDE8F88386
:101F300021463648EEF786FD0123B4F90C6023757F
:101F4000B4F90E502F4C23881BB2B342E5DD304B61
:101F5000B21C03FB02F22F4B9A424ADA2E4B134477
:101F6000002B04DA03F57F1303F57F533F339B15F2
:101F70002A4A03F30803DFF8A88002EA0329EEF7F0
:101F80004BFFC8F858902680EEF752FFD8F848303B
:101F90001D4C43F00403C8F8483023881BB2AB4201
:101FA000C0DA1B4BAA1E03FB02F21A4B9A4224DA38
:101FB000194B1344002B04DA03F57F1303F57F5309
:101FC0003F339B15154A164E03F3080302EA032814
:101FD000EEF722FFC6F85C802580EEF729FFB36C90
:101FE000384643F00803B364EEF722FF0020BDE853
:101FF000F8830C4B13449B15BAE70A4B13449B150B
:10200000E0E700BF640C0020620C0020942C00204C
:102010003C553D000F0099FFF2FF460000FF010014
:1020200000600040F2FF860038B50446EEF7F4FE8B
:10203000237D0546FBB9EEF7EFFE124B04461B6805
:102040006FF0FF01FF2063B1B3F90CC0B3F90E20AC
:1020500060451B68A8BF60469142B8BF1146002B7F
:10206000F2D1FFF7EBFD2046EEF7E2FE2846EEF751
:10207000DFFE002038BD21460248EEF7F9FC0023C0
:102080002375D8E7942C0020034B1A6812B1186806
:10209000EEF79EBC704700BFB42C0020F0B583B0B3
:1020A00005460C46EEF7B8FE0D4B06461A7D92B972
:1020B00014F5807F01D1FF2D07D000272246294645
:1020C000084B07480097FFF713FF304603B0BDE801
:1020D000F040EEF7ADBE1846FFF7A6FFE8E700BFF9
:1020E0009C2C002089200200014B1860704700BF23
:1020F000B42C00200C4A0D4B10B51868D46C20404D
:1021000003D00B4B1B6803B198470A4B186820405B
:1021100003D0094B1B6803B19847BDE81040074B3B
:102120001868EEF78DBE00BF00600040D42C002080
:10213000DC2C0020D82C0020E02C00201409020008
:102140002DE9F04184B0EEF767FE184E044635786D
:102150002DB1204604B0BDE8F041EEF769BE4FF066
:102160000108134F0221B86806F008F801A8EEF73D
:1021700093FE7A68396801AB02920E480E4A8DF8D8
:102180000C80EEF76DFE032120460C4B0C4A9D643B
:102190001960D2F8003843F00403C2F8003886F81A
:1021A000008004B0BDE8F041EEF742BEE82C00200C
:1021B00014090200B82C0020F52002000060004045
:1021C0000050004038B505460C46EEF725FE044B9E
:1021D000044A1C601560BDE83840EEF729BE00BF18
:1021E000E02C0020D82C002038B505460C46EEF730
:1021F00013FE044B044A1C601560BDE83840EEF73E
:1022000017BE00BFDC2C0020D42C002000000000F2
:1022100000000000000000000000000000000000BE
:08222000845D000001000000D4
:1022280034270300A06C0020580000002827030072
:10223800002D00200300000020270300600C002070
:1022480002000000006E0020F30600000C2D0020A4
:10225800E50F0000680C002026080000400C002054
:1022680008000000EFF38880EFF38981EFF3948290
:10227800FEE700BFFEE700BFFEE700BFFEE700BFC6
:10228800FEE700BFFEE700BFFEE700BFFEE700BFB6
:10229800FEE700BFFEE700BFFEE700BFFEE700BFA6
:1022A800FEE700BFFEE700BFFEE700BFFEE700BF96
:1022B800FEE700BFFEE700BFFEE700BFFEE700BF86
:1022C800FEE700BFFEE700BFFEE700BFFEE700BF76
:1022D800FEE700BFFEE700BFFEE700BFFEE700BF66
:1022E800FEE700BFFEE700BFFEE700BFFEE700BF56
:1022F800FEE700BFFEE700BF08B572B6284B83F3C0
:102308000988284B83F30A8883F30B88264B22A17C
:10231800D1E90001254CC3E9000100F04FF8244B36
:10232800A34238BF9C4614D2DCF808306BB1DCE914
:10233800001200230439043A51F8040F013342F81B
:10234800040FDCF808008342F6D30CF10C0CA4450A
:10235800EAD31848184B98421BD2002403F1FF3CDB
:10236800ACEB000C00F110032CF0070C08309C4477
:1023780050F8043C53B1002350F8082C043A42F8B2
:10238800044F50F8041C01338B42F8D308306045E1
:10239800EED105F007FE00BFA5EDF5FEA5EDF5FEB3
:1023A800380C002040040020380C00204C22020089
:1023B800282202004C2202006C2202000348044931
:1023C800044B054A88601A60704700BF00D10000BE
:1023D80000ED00E0A46C002000D8B805002070478C
:1023E8000020704700207047704700BF124B134A07
:1023F800D3F8A410914206D0D3F8A420104B9A42E7
:1024080001D0002070470F4B93F8D0375A2BDAB21F
:10241800F7D072B1C32A0CD0A52AF2D10A4BD3F84F
:10242800103233B1023B0D2BEBD8084A52F8230087
:1024380070474FF4405070470000044E5A5A638B5F
:10244800C3C3F0A90000024E00F00040C0490200DA
:10245800F8B50446074F0E46384621680DF0E4FBF0
:102468000546394630462A4605F018FF0020256003
:10247800F8BD00BFF849020008B50C4B024693F8B6
:10248800DCC00846BCF10D0F0BD85FFA8CF31B01BA
:10249800083303F0FF0303F1005105F0FFFE0020AD
:1024A80008BD002105F0FAFE002008BD0000044E1A
:1024B800F0B50024054689B00F4610226846114938
:1024C800CDE90044CDE90244CDE90444CDE9064410
:1024D80005F0E4FE08220C4904A805F0DFFE0822F6
:1024E8000A4906A805F0DAFE2E686946202E28BF9C
:1024F80020263846324605F0D1FE20462E6009B027
:10250800F0BD00BF7800004E6800004E7000004E1D
:10251800034650B14FF4D04C4FF400510122002033
:10252800C3F800C059601A7270474CF2DA2070473D
:102538000020054B82B01B689AB262F30F001B0C97
:1025480063F31F4002B07047504A020008207047EA
:102558000020704700207047022814BF6FF0030066
:10256800002070476FF00300704700BF014B1868E8
:10257800704700BFA4880020014B1B68586870474B
:10258800D06D0020F8B50446EEF742FC00224FF06B
:1025980070630D4E2146D6F8247405469B6D0B4892
:1025A800C6F8242498470446C6F824742846EEF74B
:1025B8003BFC34B1042C0CBF4FF0FF306FF004002B
:1025C800F8BD2046F8BD00BF004002408FA0E3B729
:1025D8002DE9F0410D4614460646EEF719FC002297
:1025E8004FF070630E4F2946D7F824841D6EC7F844
:1025F80024242346324606460A48A8470546C7F813
:1026080024843046EEF710FC3DB1042D0CBF4FF08A
:10261800FF306FF00400BDE8F0812046BDE8F0818E
:10262800004002408FA0E3B70C4B10B51B6800F1C7
:10263800FF3E5C689644D4E9013404FB03F3013B94
:102648009E45844606D814460846614605F026FE8F
:10265800204610BD6FF0040010BD00BFD06D0020F3
:10266800BFF34F8F0549064BCA6802F4E062134373
:10267800CB60BFF34F8F00BFFDE700BF00ED00E068
:102688000400FA0510B5094C0020A368984723698F
:1026980002209847A46A4FF4E1310120A04723465D
:1026A800BDE8104001211520184700BF544A020018
:1026B8000020054B82B01B689AB262F30F001B0C16
:1026C80063F31F4002B070478C4A02000120704734
:1026D8000020704700207047022834BF6FF00300C5
:1026E8000020704701B30246F0B5104E104DD6F8E1
:1026F80000C02C680F4F0144631C2B6012F801EBDB
:10270800B3F5807F07F804E002EB0C04A4EB0004A7
:10271800346003D0914205D01C46EDE70023914276
:102728002B60F9D10020F0BD00207047A888002058
:10273800AC880020B08800206FF00300704700BF0D
:10274800014B5868704700BFDC6D0020014B98684A
:10275800704700BFDC6D002000207047002382B066
:102768000193019802B070476FF00300704700BFF3
:10277800002382B00193019802B07047B8B170B5D8
:102788000E46B9B1002305460C4CA360206800F042
:1027980021F80028FAD02946206800F011F8A3682B
:1027A800013501339E42A360F0D1002070BD6FF067
:1027B800040070476FF0040070BD00BFDC6D00209E
:1027C80003681B685A68920743BF1B6800200B7098
:1027D8000420704743680246186810F0010004D0CE
:1027E80013681B68586800F002007047FFF738BF8D
:1027F80008B5114B83F30A88104800F049FAC0B9AC
:1028080000F0B4FAA8B9FFF7E9FD90B9FFF7E8FDC1
:1028180058B9FFF7E9FD00F0EFF800F0D3FA00F03F
:10282800D7F800F04BF8002008BDFFF7DBFD0028C3
:10283800EFD0FFF7DBFFF2E740040020BC7B00206D
:10284800F8B501F00C030C2B0CBF154605464A06DB
:102858000C4601F008061FD58B06B6FA86F358BF5A
:102868002835AA695B0912F8026CC6F380129342F4
:1028780006F0A00705D147B16FF083032B6020460F
:10288800F8BDFFF7B3FF002FF6D166B1032EF3D1E1
:10289800284600F09DFAF2E7FFF7A8FF002EEBD1DB
:1028A800FFF7A4FFE8E700F0D7FC044602482146FA
:1028B80000F0C2FAE3E700BF380C002000DF7047E1
:1028C80070B52DE91F1072B6BFF36F8F00F0C4FF0B
:1028D800EFF30B856E4600281FBF002282F30B889A
:1028E800854681F30B8862B6BFF36F8FB6E81F1079
:1028F800E04772B6BFF36F8F00F0D6FF4FF00002CB
:1029080082F30B88B54685F30B8862B6BFF36F8FE9
:1029180070BD00BF402010EA0E0023D001B500F0C2
:10292800D5FFBDE8044088421CD072B6BFF36F8F54
:10293800EFF309821EF020031CBF22E9F00F083ACA
:1029480080E80440B1E804401EF020031CBF0832B0
:10295800B2E8F00F0B6882F3098883F30B8862B63C
:10296800BFF36F8F704700BFEFF308807146EFF336
:102978000982EFF30B830CB406B4FFF761FF8646B8
:10298800009900F0080001F00801401A02DC12DB8F
:1029980004B070471EF020031CBF2DE9F00FBDF1F5
:1029A800080D0A4C254626462746A046A146A246BB
:1029B800A34630B4704704B030BC1EF020031CBFDF
:1029C8001DF1080DBDE8F00F04B07047A5EDF5FE48
:1029D80000217020074BDA6882F07F4282F47F0280
:1029E80042F48042DA6019765976D976D97783F835
:1029F8002200704700ED00E0104AD2F8883043F416
:102A08007003C2F88830BFF34F8FBFF36F8F4FF05A
:102A1800E020D2F88C100A4B41F44061C2F88C10C7
:102A28005A6B22F080425A635A6B42F03C425A6316
:102A3800C36843F42003C360704700BF00ED00E0A3
:102A480000EF00E080EA0000E1EE100A00EE100A54
:102A580000EE900A01EE100A01EE900A02EE100A4A
:102A680002EE900A03EE100A03EE900A04EE100A32
:102A780004EE900A05EE100A05EE900A06EE100A1A
:102A880006EE900A07EE100A07EE900A08EE100A02
:102A980008EE900A09EE100A09EE900A0AEE100AEA
:102AA8000AEE900A0BEE100A0BEE900A0CEE100AD2
:102AB8000CEE900A0DEE100A0DEE900A0EEE100ABA
:102AC8000EEE900A0FEE100A0FEE900A704700BF44
:102AD800009A164B9A4227D101229043014641ECB5
:102AE800100B41EC110B41EC120B41EC130B41ECB8
:102AF800140B41EC150B41EC160B41EC170BEFF3E3
:102B0800148222F0040282F31488BFF36F8F024606
:102B180003460446054606460746804681468246E1
:102B28008346844686460447FEE70000A5EDF5FE89
:102B380008B500214FF0FF3005F048FC0028F8D117
:102B4800BFF34F8F30BF00214FF0FF3005F03EFC40
:102B58000028EED1F4E700BF4FF0400C30B443F644
:102B6800DA3208250D4B0E4CC4E9000183F803C383
:102B7800D3F8801221F00801C3F88012D3F880122C
:102B8800C3F8805011F0080F14BF10460020BFF39F
:102B98004F8FBFF36F8F30BC704700BF00E100E07C
:102BA800D47B00204FF0400C30B443F6DA324FF0BB
:102BB80000650D4B0D4CC4E9000183F81BC3D3F825
:102BC800801221F00061C3F88012D3F88012C3F894
:102BD800805011F0006F14BF10460020BFF34F8FD4
:102BE800BFF36F8F30BC704700E100E0CC7B002062
:102BF8004FF0400C30B443F6DA324FF000750D4B0D
:102C08000D4CC4E9000183F819C3D3F8801221F0F0
:102C18000071C3F88012D3F88012C3F8805011F005
:102C2800007F14BF10460020BFF34F8FBFF36F8F94
:102C380030BC704700E100E0C47B0020024BD3E9C0
:102C4800000100F0B3BE00BFD47B0020024BD3E9E3
:102C5800000100F0ABBE00BFCC7B0020024BD3E9E3
:102C6800000100F0A3BE00BFC47B002008B51320FC
:102C7800EEF7E6F8002008BD08B52920EEF7E0F8E1
:102C8800002008BD08B52B20EEF7DAF8002008BDB3
:102C980010B5044601F02CF810B90223236010BDCA
:102CA80043F6DA3010BD00BF58B151B18368002037
:102CB80013F4406F14BF0123034643F002030B6073
:102CC800704743F6DA307047EFF3148381F002015E
:102CD800C1F3400161F3000383F31488BFF36F8FDE
:102CE8000020704742B38446084639B3114603F0C2
:102CF8000602062A10B519D09B0722D51E244FF0CC
:102D08001A0E0C2208231CF0020F18BF1A461CF0DA
:102D1800010F06D0EFF3948313F0010F14BF22467E
:102D280072460DF0C3FB78B1002010BD17244FF098
:102D3800130E05220123E6E7002070474CF2DA2043
:102D480070474CF2DA2010BD6FF07F0010BD00BF55
:102D5800884208D0830704D581F00201C1F34000FE
:102D68007047012070470020704700BF08B500F089
:102D780055FF78B900F05CFF60B900F08DFF48B9E5
:102D880062B6FFF77FFC00F089FF18B900F0AEFFCC
:102D980000B908BD43F6DA3008BD00BF014B18681A
:102DA800704700BFAC4A0200014B1B6818687047A7
:102DB800AC4A0200024B1B68586840F080507047CC
:102DC800AC4A02000122014B1A607047DC7B0020EC
:102DD8002DE9F0410446154AD4E901761268062324
:102DE8005268394652F8140CB2B2D4F80080FFF792
:102DF80079FF18B90E4B1B68012B04D06FF08605BC
:102E08002560BDE8F081054600F0E4F940F20513BD
:102E18009842F3D15FFA88F8B8F1010FEED1B6B253
:102E2800032EEBD9034B3B60EAE700BF847C00200C
:102E3800DC7B00201620040004460D46FFF702FE46
:102E4800A546284703689962704700BF02480121D8
:102E58000160BFF34F8F7047C07B002003490868AB
:102E680000220A60BFF34F8F70470000C07B00202C
:102E780008480268002A08D107484FF080510160CD
:102E8800BFF34F8FBFF36F8F704702220260BFF30B
:102E98004F8F7047C07B002004ED00E02DE9F84318
:102EA80004681E468368DFF85CC09046A4F15002AF
:102EB8009A4244F808CC44F804CC05460F46A4F1DD
:102EC80008041BD3A4F1480948220021484605F00C
:102ED80023FA00234FF080716FF0020244E90733B0
:102EE80044F8208C44F8087C44F80C6C44F8041C22
:102EF80044F8143CC5E90092BDE8F883FFF776FC76
:102F0800E0E700BFA5EDF5FE0368283383F30988E1
:102F1800836883F30B88BFF36F8F4068704700BFE7
:102F280030B58646EFF3108572B6C06B08B34FF024
:102F3800000C64460EF13C0283681B685B69994289
:102F480008BF144600F18402D0F8840008BF0CF1D1
:102F5800010C0028F0D164B12068BCF1010FD0F851
:102F68008430236005D1DEF8143023EA0103CEF85B
:102F7800143085F3108830BD70B40C4E75689DB15F
:102F880001462B46002403E098681C4650B10346CE
:102F98001A6852688A42F7D11CB19A687360A260B5
:102FA8009D60184670BC70472846FBE7607C00208F
:102FB8000368D3E90223520505D58B420CBF0020D4
:102FC8006FF0FA0070478B422CBF00206FF0FA00B8
:102FD800704700BF38B52AB10B689B68DB0517D569
:102FE800002038BD0F4B04461B685D681C2D16D0A9
:102FF80055F81C2C906958B100232C3202E001339B
:10300800984208D052F8041FA142F8D19842E7D15B
:103018006FF0FC0038BD03469842E1D1F8E7FFF7AE
:10302800E5FBE5E7847C00202DE9F047484F06469C
:103038003B680C46D3F804801546B8F11C0F7AD0CB
:1030480058F81C3C9A68002C5DD060005FD5414B55
:1030580004F01F0153F82180B8F1000F53D0D8F8BD
:10306800003012F4406FD3F804902BD09A68D10541
:1030780067D55205C4F3072442D5DB689C4242D188
:10308800EFF3108972B600F083FD044689F31088C7
:10309800002859D0302200210C3005F03DF93B685A
:1030A80020465B68C4F808801C3B6360656100F0DB
:1030B80043FD002320612360C4F880300020346081
:1030C800BDE8F0873B68D3F804A0BAF11C0F35D0EF
:1030D8005AF81C1C8869002833D000232C3102E0E0
:1030E8000133834203D051F8042F9145F8D1984217
:1030F80027D0D8F80030C4F307249A685205BCD406
:10310800DB689C42BCD96FF08000BDE8F0872046A0
:1031180000F026FD04460028F5D000F03FFD002809
:10312800F1D16369AB42EED12368002BEBD1A368E0
:10313800002BC3D1E7E7FFF759FB81E7FFF756FB01
:10314800C6E76FF08100BBE76FF08200B8E700BF09
:10315800847C0020E07B002010B500F001FD0446CF
:1031680000F01CFD88B90C4B1B685B681C2B0FD04A
:1031780053F81C3C63B15A68A3685B681B685B68BA
:10318800934218BF0024204610BD0024204610BDDD
:103198004FF0FF32F0E700BF847C002070B5044692
:1031A8000E461546002130220C3005F0B5F8084BC4
:1031B80020461B68A6605B6865611C3B636000F085
:1031C800BBFC002320612360C4F8803070BD00BFC1
:1031D800847C0020064B1B685B681C2B04D053F8CA
:1031E8001C3C0BB1586870474FF0FF30704700BF68
:1031F800847C0020084B10B51B685C681C2C08D028
:1032080054F81C3C9B6813F4406F14BF0120002045
:1032180010BDFFF7EBFAF3E7847C002038B50446CD
:1032280098B90C4B1B685B681C2B08D053F81C3CE6
:103238002BB15D68B4EBD57F03D1284638BD4FF07C
:10324800FF35FFF7D3FA284638BD00F065FC054680
:10325800F0E700BF847C00202DE9F04100F088FCF5
:103268000023144E144FDFF8548073607B6000F025
:1032780057FC03E02946204600F03CFA304600F0AF
:103288001FF8044690B139468023424600F08EF874
:103298000546204600F044F9214651F8080BFFF78F
:1032A80003FD0028E6D0FFF7A1FAE3E7BDE8F04107
:1032B80000F084BA707C0020607C0020E07B002055
:1032C800F8B50546002864D0334E346814F1290F48
:1032D8005CD8324A04F1280311688B4256D2E2695D
:1032E800A36902EB42020C3303EB4203226A02EBAE
:1032F80042021344626A02EB820213449B00E31801
:1033080001D2994201D2FFF771FA236824491A0CB5
:1033180012048A4228D19BB2B3F5817F2BD263680D
:10332800002B2DDB1F4A204B1768196807F144034F
:103338008B42136027D8E269A36902EB42020C337F
:1033480003EB4203D4E9081201EB41010B4402EB01
:103358008202134432683C6002EB83026B68384691
:103368003B6432606F60F8BDFFF740FA23689BB298
:10337800B3F5817FD3D3FFF739FA6368002BD1DA2D
:10338800FFF734FACEE7FFF731FAD4E700273846DB
:10339800F8BDFFF72BFA97E7B06C0020A84A0200A7
:1033A80000005F5FAC6C0020A44A02002DE9F04FDA
:1033B80007460E4690469A4683B0002859D0002901
:1033C80057D03968544B01F13005D1E906201C6803
:1033D800019105EB8205002845D0504A00EB4001D9
:1033E800126804EB81019142196036D8002C3AD05A
:1033F800B8F1000F40D04FF0000BBAF1800FDA4659
:1034080064D00022AB68696913F4007FC4E90172D3
:1034180025604BEA010B5FFA83F900930ED0FFF7A2
:10342800E5F9009B13F0E00F02D158F829300BB1F1
:10343800FFF7DCF9019BD86948F8294073680AF15D
:10344800010A5045A36005F11805746004F10C04E5
:10345800D7D8584603B0BDE8F08FFFF7C7F9019BEE
:10346800D8690028C2D14FF0000B584603B0BDE818
:10347800F08FFFF7BBF9A4E7C346C246AA686B6999
:1034880012F4007F84E8A0014BEA030B0AF1010A59
:10349800009205F1180511D0FFF7A8F9009AD1B2EA
:1034A80012F0E00F4FEA810101D10B681BB10091C6
:1034B800FFF79CF90099019B0C60D8697368504527
:1034C800A360746004F10C04D8D8C2E75A46AB680C
:1034D800696913F4007FC4E900574BEA010BA26045
:1034E8005FFA83F90CD013F0E00F02D158F82930B5
:1034F80023B1FFF77BF90022019BD86948F82940DE
:1035080073680AF1010A8245A36005F11805746021
:1035180004F10C04DBD39CE7A86C0020A04A02004D
:103528002DE9F0410546002840D02F68D7E9072348
:10353800B96903EB430307F1300404EB830402EB9E
:1035480042027B6A01EB420104EB810443B300268B
:1035580040F201180BE03B88B3F5807F17D0434554
:1035680020D07B6A0136B34204F1140418D92269C9
:10357800EB682146134328462268EB6090470028F1
:10358800E9D0FFF733F93B88B3F5807FE7D1E068EE
:1035980000F020FB7B6A0136B34204F11404E6D83C
:1035A800BDE8F081E06800F025FBDAE7FFF71EF9D7
:1035B800BBE700BF10B4436840781C3BEFF3108CA6
:1035C80072B61C695A69224007D1002C18BF022024
:1035D8008CF310885DF8044B7047042A08D0002447
:1035E8000A6005201C618CF310885DF8044B704755
:1035F800D8684007F3D458699A6B20F004005861E2
:10360800EDE700BF10B400240268C368C46394687F
:103618000B43C360A3054CBFD06802485DF8044B58
:10362800704700BF5DFC020038B51446054B0268C0
:103638001C30D5681860FFF7BDFB03462846236099
:1036480038BD00BF6C7C002000283CD030B58368B2
:10365800044683B0002B33D01A68002A30D05B6848
:10366800002B2DD0D96B5269C0F88410D863EFF3C2
:10367800108172B6586902435A615A691B691A4225
:1036880014BF6FF0FD00002081F31088656895B1C4
:10369800EFF3108272B66B695B0705D582F3108869
:1036A8000123236003B030BD04232B6182F310880B
:1036B8006FF0FD00F4E70190FFF798F80198E7E74D
:1036C8006FF08000EEE76FF0800070474368996301
:1036D800EFF3108172B65A69186942F004025A6110
:1036E8005B69034214BF6FF0FD00002081F310886E
:1036F800704700BFF0B5002607680446BD6A3B69FD
:10370800BF68DFF8B4C02B44073500F11C0E23F066
:10371800070383B080F82C7025F00705C7F3C0278E
:1037280001AAC0F830E0C361836245625CF82730C3
:10373800066280F82D60C6859847236801469A6816
:10374800D3F818E012F4007229D1D869E6694FEA73
:10375800800C0CF1130525F00705761BE661DD6882
:10376800B260144A37463560726068B130330CF184
:103778000C0C03EB8E03B44406F10C021D691833DC
:1037880042F8045B9445F9D1B0606FF00102019BE7
:10379800A76104F12C0000F05FF903B0F0BDE26905
:1037A800DB680448A2F11007E761786042F8103C32
:1037B800BE60EAE7A0220300B46C002038B50D48CB
:1037C8000D4D00F015F90D4B0D4A28461A6000F012
:1037D80071F92B6804465B6853F8141C53F81C0CE9
:1037E800FFF772FA08B9204638BDFEF7FFFF2046FA
:1037F80038BD00BFBD350200847C0020687C0020F5
:10380800400C002038B504460D4648B1EFF310834C
:1038180072B66069284008BF256183F3108838BDF7
:10382800FEF7E4FFF2E700BF38B504460D4678B16D
:10383800EFF3108272B6636920692B436361636991
:10384800034214BF6FF0FD00002082F3108838BDDA
:10385800FEF7CCFFECE700BF38B5114B1B685C687E
:103868001C3CEFF30583C3F30803ABB90D4BE269C6
:103878001B689C68A24202D9D9688A4205D91D688A
:10388800FFF7E4FA2846214638BD00242546FFF70D
:10389800DDFA2846214638BDFEF7A8FFE6E700BF57
:1038A800847C00206C7C002010B5044600F0D6FA19
:1038B800FFF7D4FA14F1FE0F03D0022801D02046F6
:1038C80010BDFFF7D5FA204610BD00BF2DE9F8431B
:1038D800EFF3108772B600F091F8DFF87880A0F166
:1038E8002C06D8F800305D68294698B1A5F11C0966
:1038F800B1450FD00446EFF30982AB6828339342F1
:1039080013D8D9F80800B168FFF722FAB0B961688E
:10391800C8F800400E4B1B6813B1B26902B11A60B7
:1039280087F310882846BDE8F883FEF75FFFD9F8CB
:103938000800B168FFF70CFA0028E8D0B16854F81D
:103948002C0CFFF7C1F90028E1D0FEF74FFFDEE7A6
:10395800687C0020847C002001B34A1E0A401DD1E7
:1039680010B4D0E9064303EB430304EB430C046AA9
:1039780000F1300304EB440403EB8403446A03EBD3
:103988008C0024B910E0A24200F1140008D00369A9
:1039980001328B42F7D15DF8044B70470020704725
:1039A80000205DF8044B70472046F4E738B505461B
:1039B8000C46D0B1C9B12B68A2685B689A4201D0A5
:1039C800FEF714FF63681BB19847012803D038BD80
:1039D800E06800F00FF928462169FFF725FFFE305F
:1039E800F5D1BDE83840FFF743BAFEF7FFFEE2E73E
:1039F800014B1860704700BF787C0020002370B529
:103A0800134A82B014680193EFF3108672B6C4B1FA
:103A1800104D03E001280FD0A46894B120462B680C
:103A280001A99847C0B205286070F3D10199606870
:103A3800FFF708FA0123637086F31088204602B066
:103A480070BD002486F31088204602B070BD00BF08
:103A58007C7C0020787C00209C4670B5134E134671
:103A680034680546624624B190F800C02078604565
:103A780013D3AC6035606868FFF710FA01210C4B6E
:103A880069701A6822B129781278914228BF35687E
:103A98001D6070BD2078604503D2A646A468002C3E
:103AA800F8D1AC60CEF80850E5E700BF807C002074
:103AB8007C7C00200023F0B5154A83B006461468C4
:103AC8000193EFF3108772B6FCB1124D03E00128A1
:103AD8000FD0A468CCB120462B6801A99847C0B282
:103AE80005286070F3D101996068FFF7ABF90123ED
:103AF800637087F31088FFF7BBF906B1346060681C
:103B080003B0BDE8F040FFF7FFB90024F1E700BFBC
:103B18007C7C0020787C00204FF0FF30704700BF8D
:103B280008B5FFF73BF9034B9860FFF73DF980F3C1
:103B3800888808BD00ED02E0074A10B41368074CF6
:103B4800013303F00703001B591C01EBC0005DF8AB
:103B5800044B1360704700BF887C00208C7C0020D9
:103B680018B1024B013803EBD00070478C7C002061
:103B780008B58C22082340F28C41044800F08CFAE6
:103B880000B908BDBDE80840FEF730BE8C7C0020B7
:103B9800014800F0B5BA00BF8C7C0020014608B58A
:103BA800044800F0BFFA00280CBF6FF0FC000020AA
:103BB80008BD00BF8C7C0020014610B5EFF31084CF
:103BC80072B6034800F0A8FA84F3108810BD00BF4D
:103BD8008C7C002040B2002807DB012300F01F0185
:103BE800034A40098B4042F820300020704700BF4C
:103BF80000E100E040B200280CDB0122064943093D
:103C080000F01F002033824041F82320BFF34F8F7C
:103C1800BFF36F8F0020704700E100E00020034BE6
:103C2800D8765A6A42F470225A62704700ED00E072
:103C38004FF04020154908B5CA68154B92B2134396
:103C4800CB60D0F8FC37052B08D0D0F8FC37052B13
:103C580004D04FF07063D3F8843098470CF024FCFC
:103C68006FF001020B4BC3F81024D3F81024033271
:103C780009D8D3F81034033305D84FF07063D3F85C
:103C880084309847FEE7002008BD00BF00ED00E043
:103C98000800FA0500400240002070474FF0FF324C
:103CA800114B0020C3F88022C3F88422C3F888226D
:103CB800C3F88C22C3F89022C3F89422C3F8982240
:103CC800C3F89C22C3F8A022C3F8A422C3F8A822F0
:103CD800C3F8AC22C3F8B022C3F8B422C3F8B822A0
:103CE800C3F8BC22704700BF00E100E00020704725
:103CF8002DE9F8434FF070640020D4F8B4309847A9
:103D080010B9D4F8843098474A4A4B4BD360D168ED
:103D1800994208D0D2689A4205D04FF07063D3F820
:103D280084309847FEE7434A444B1361116999422E
:103D380008D012699A4205D04FF07063D3F88430E6
:103D48009847FEE73B4A3E4B5361516999421CD163
:103D58004FF070640120D4F8B430984710B9D4F803
:103D6800843098473349374A8A608B68534033F028
:103D7800004313D08B68534033F000430ED04FF00C
:103D88007063D3F884309847FEE752699A42DFD0CF
:103D98004FF07063D3F884309847FEE74FF0030C78
:103DA80000204FF001094FF002086FF01E0E0427A3
:103DB8000526062507242449244BD1E9031222F0BD
:103DC8001F0242EA0C0221F01F01C3F8D800C3F811
:103DD800DC10C3F8E0201E4AC3F8D890C3F8DC20F2
:103DE80002F530220132C3F8E0201A4AC3F8D8801D
:103DF800C3F8DC20C3F8E0E0C3F8D8C0C3F8E0009B
:103E0800C3F8D870C3F8E000C3F8D860C3F8E0007E
:103E1800C3F8D850C3F8E000C3F8D840C3F8E000AE
:103E2800D3F8D0200C4942EA0902C3F8D02099609F
:103E3800BDE8F883007000401BF002608300E8C012
:103E48007EFF016001010080AC4A020000ED00E045
:103E58000080031000C0003000D10000823001282B
:103E680000D9704708B5FFF7C5F900B108BDBDE82E
:103E78000840FEF7BBBC00BF002070470E4B70B572
:103E88001B6805465C680E4654F8102C1C3C0AB1A9
:103E980002420DD0002E02DB6069284070BD294621
:103EA8002046FFF7AFFC002808BF6FF0FD0070BD8B
:103EB800FEF79CFCEEE700BF847C00202DE9F04172
:103EC80005460E46002834D0431E034231D12A4A03
:103ED8000623116830224C68314654F8140C1C3CF7
:103EE800FEF700FFB0BB63698BB363692B422BD02D
:103EF800042D21D1EFF3108872B6E36B6BB304F194
:103F08003C0211461D4603F18402D3F88430002B8D
:103F1800F7D10B60E36BD5F888702BB388F3108862
:103F28003022304605F10C0104F0B8F93846BDE8F6
:103F3800F081FEF75BFCCAE729462046FEF7F0FF52
:103F48000546B0B10027EBE7FEF750FCD0E7FEF7D7
:103F58004DFCCAE7FEF74AFCC5E7FEF747FCE36BF2
:103F6800002BCCD11B68FFDE636923F00403636177
:103F7800D4E76FF08B07D9E7847C0020F8B50546B5
:103F88000E46FFF7E9F80446002872D0A768002F0C
:103F980074D0E368991C17D05A1C19D1002E5DD132
:103FA80015F1810F4FD0EFF3108672B629462046DF
:103FB800FFF78CFB054686F310882368022B48D050
:103FC800002328462360F8BD022323600025EAE782
:103FD800002B4BDBD4F88030C3F30142012A04BF25
:103FE8000022E266C3F30152012A04BF00222267BD
:103FF800C3F30162012A08BF0022C3F3017308BF9B
:104008006267012B04BF0023A367E36A13B1E36F60
:10401800E26E5A60236B13B1E36F226FDA60636B51
:1040280013B1E36F626F5A61A36B13B1D4E91E2316
:10403800DA613B6835469B689B0544BF02232360D1
:1040480015F1810FAFD16369002BACDBFEF7CEFB16
:10405800A9E72046FFF7B0FD2846F8BD16F1820F04
:104068000FD016F1830F01D135469CE7FEF7BEFB52
:10407800ACE7FEF7BBFBA768002F8AD1FEF7B6FBBB
:1040880087E70223354623608DE700BF08B5FEF7B2
:10409800E7FA6FF0830008BD70B32DE9F84F1E46AC
:1040A8003BB3171D03FB07FA0AF10C038B428B463F
:1040B80091461ED1804600240A46002104F02CF9BE
:1040C80008F10C039C46A64600E0AC460EF1010E32
:1040D8007645CCF800400CEB07056446F5D1002086
:1040E800AAEB070A5344C8E90039C8F808B0BDE884
:1040F800F88F6FF0F800FAE76FF0F800704700BF2C
:10410800034638B1006828B100220168196040F8F8
:10411800042B7047704700BF02680B1F41F8042C3E
:104128000360704700F10C0399420FD38268C91AE3
:104138008A420BD943680433B1FBF3F203FB121133
:10414800A1F10400B0FA80F04009704700207047E0
:104158002DE9F04F7E4C97B0CDE9010324680BB2EE
:10416800002B6768C1F30268C1F3024AC0F292806B
:104178008B420C461546C36000F09E8008EB0A038C
:10418800042B00F287804FEAD1794FEA49194FEAA8
:10419800C80649F0020332464FEA116B57F8140C6F
:1041A80029460393FEF79EFD1C3F0146002871D166
:1041B800202206A804F0B0F83246294606A804F0E2
:1041C8006DF8029E4FEACA052A463146B86849F09A
:1041D8000603FEF787FD049000285BD101462022E4
:1041E8000EA804F099F82A4631460EA804F056F8AD
:1041F8001BF0060F64D0DDE9082302EB030E069BD3
:1042080073454CD3B8F1020F5AD9DDE90A0100EB26
:10421800010C634548D31BF0040F00F09180DDE9E1
:104228000C5105EB010B5B4503D2079E33449D42BD
:1042380030D3624501D286452CD829448A4201D21E
:10424800AE4527D8884278D304F00063002B039B3F
:104258001CBF22234FF020090393019BCDF814A023
:1042680006AD03F1180BDDE903A60AE06B68B0455B
:104278004BF8043F55F8083BCBF83000CBF820301A
:1042880024D953466A682968B8680136FEF72AFDBA
:104298000028EBD06FF0800017B0BDE8F08F0799C9
:1042A80019448A42AED2F5E7079919448842B2D236
:1042B800F0E7DDE90132DA67002017B0BDE8F08FDA
:1042C80023012CD4B8F1000FC7D101E0DDF814A008
:1042D800B9F1200F2BD00026019B102203F12C05E9
:1042E8000021284604F018F8BAF1000FE1D00EAC0E
:1042F80046F0060605EB8A0A08E0636845F8043BC1
:1043080054F8083BAA45E863EB62D2D033466268AA
:104318002168B868FEF7E6FC0028EED0BAE7B8F1E5
:10432800000F04D022234FF02009039395E7002CB7
:104338000CDBC4F3C0467601CEE7AC4584D9A9E7C7
:10434800624581D286457FF67FAFA3E72026C3E783
:10435800847C00202DE9F04182B098460E4617462D
:104368000546FEF747FFFEF759FF2946024601A812
:10437800FEF75AFE044618B1204602B0BDE8F081A7
:1043880043463A4631460198FFF7E2FE044628B113
:104398006B00F1D50198FFF70FFCEDE70198FFF7E7
:1043A80053F90446204602B0BDE8F08140F20110FE
:1043B800704700BF70B50546FEF71CFF0646284645
:1043C800FEF7DAFD48B10446014632462846FEF7B4
:1043D80001FE10B92368D86870BD002070BD00BF09
:1043E8002DE9F8430C462A49164609681F46D1F8B4
:1043F8000480FEF7B1FE0546002843D0EB68002B89
:104408003DDB032C38D8D5F88020A40022FA04F329
:104418009B072CD1042305EB040903FA04F4144385
:10442800C5F88040D9F81C40D9F84C30E41A02D1BC
:104438002046BDE8F88306233A46314658F8140C5E
:10444800FEF750FC08BBBC4228BF3C46D9F84C30AC
:10445800D9F83C1030461944224603F01FFFD9F81A
:104468004C3020462344C9F84C30BDE8F883FEF7A9
:10447800BDF9D5F88020CDE7FEF7B8F9C3E7FEF718
:10448800B5F9BEE7FEF7B2F9B8E7FEF7AFF9DAE734
:10449800847C002070B50C461646FEF75DFE054686
:1044A80030B3EB68002B20DB032C16D8D5F880102E
:1044B800A40021FA04F39B0712D10423A3400B4361
:1044C8002A19C5F88030D36CD069C01A04D0B0421C
:1044D80028BF30460344D36470BDFEF787F9E5E78B
:1044E800FEF784F9D5F88010E7E7FEF77FF9DBE7F8
:1044F800FEF77CF9D5E700BF2DE9F843274C904635
:1045080024681F466468A4F11C090C46FEF724FEC3
:10451800054600283ED0EB68002B38DB032C28D852
:1045280005EB8406F36AF26E9B1ABB422CD3D5F8CE
:1045380080200434A40022FA04F39B071FD104232B
:10454800A3401343D9F808003A46C5F880304146DD
:104558000223FEF7C7FB78B9F36EF06D41463A4681
:10456800184403F09BFEF36E00203B44F366BDE85D
:10457800F883FEF73BF9D3E7FEF738F9ECE7FEF7E7
:1045880035F9D5F88020DAE7FEF730F9CFE7FEF7FE
:104598002DF9C3E7FEF72AF9BDE700BF847C0020A8
:1045A800F8B50D46FEF7D8FD044600284FD0A3689D
:1045B800D3E900279368190524D5E368002B26DB87
:1045C800032D28D804EB8506F369AD005BB3D4F856
:1045D8008030EB40DA072DD45B0732D40223B86869
:1045E800F269F16BFEF77EFB70BB01230222D4F85F
:1045F8008010AB40AA400B4323EA0203C4F8803082
:10460800F06BF8BDFEF7F2F8E368002BD8DAFEF796
:10461800EDF8032DD6D904EB8506FEF7E7F8F36924
:10462800AD00002BD3D1FEF7E1F8D4F88030EB4091
:10463800DA07D1D5FEF7DAF8D4F88030EB405B071B
:10464800CCD5FEF7D3F8C9E7FEF7D0F8CDE7FEF7EB
:10465800CDF8ACE738B50C46FEF77EFD0546A0B3AD
:10466800AB681B689B68190517D5EB68002B19DB2D
:10467800032C1BD8D5F88010A40021FA04F3DA071C
:104688001CD59B0715D402230122A3400B43A2404B
:1046980023EA0203C5F8803038BDFEF7A7F8EB68B7
:1046A800002BE5DAFEF7A2F8032CE3D9FEF79EF813
:1046B800E0E7FEF79BF8D5F88010E4E7FEF796F8F8
:1046C800D5F8801021FA04F3DBE7FEF78FF8C7E787
:1046D800F8B50C46FEF740FD054600284AD0AB6801
:1046E800D3E900279368190525D5EB68002B27DB4C
:1046F800032C29D805EB8406F36A63B3D5F8803018
:104708000434A400E340DA072ED45B0729D4062337
:10471800B868F26AF16DFEF7E5FAF8B901230222EA
:10472800D5F88010A340A2400B4323EA0203C5F842
:104738008030F06DF8BDFEF759F8EB68002BD7DA3A
:10474800FEF754F8032CD5D905EB8406FEF74EF88E
:10475800F36A002BD2D1FEF749F8CFE7FEF746F807
:10476800DCE7FEF743F8D2E7FEF740F8D5F88030EB
:10477800E340CAE7FEF73AF8B1E700BFF8B50C46E0
:104788001646FEF7E9FC0546002842D0AB681B68D0
:104798009B6819051ED5EB68002B20DB032C22D85B
:1047A80005EB8407FB6AB34224D3D5F880100434A0
:1047B800A40021FA04F3DA0724D59B071DD40223A9
:1047C8000122A3400B43A24023EA0203C5F880302C
:1047D800FE66F8BDFEF70AF8EB68002BDEDAFEF796
:1047E80005F8032CDCD905EB8407FDF7FFFFFB6A0E
:1047F800B342DAD2FDF7FAFFD7E7FDF7F7FFD5F8AE
:104808008010DCE7FDF7F2FFD5F8801021FA04F3F9
:10481800D3E7FDF7EBFFB9E7F8B506460F46FEF715
:10482800E9FC05463046FEF7A7FB40B3036804469B
:104838009B689B0526D42A4630462146FEF7CAFBCC
:10484800E8B939462046FEF7B3FBC0B92846FEF75B
:10485800E5FC0646EFF3108772B6FFF799F90546AF
:1048680087F3108888B132462146FEF797FC4FF04F
:10487800FF332846EB60BDE8F840FEF7E5BE6FF071
:104888008100F8BD6FF08000F8BD6FF08200F8BDC0
:1048980010B5044682B0FEF7ADFCA4B1630015D490
:1048A800FEF7BCFC2146024601A8FEF7BDFB40B955
:1048B80001980368012B09D06FF00103C360FEF76C
:1048C800C3FE02B010BD204602B010BD6FF08000DC
:1048D800F7E700BF38B50D46FEF73EFC044660B169
:1048E800A3681B689B689B0502D40020A56138BD9E
:1048F800FDF77CFF0020A56138BDFDF777FFEFE7E6
:104908000B4B01461B6810B55B6853F81C0CFFF78E
:1049180023F8044620B1E068FFF75CF9002010BDD9
:10492800FDF764FFE068FFF755F9002010BD00BFF0
:10493800847C00200B4B01461B6810B55B6853F85C
:104948001C0CFFF709F8044620B1E068FFF752F99C
:10495800012010BDFDF74AFFE068FFF74BF9012081
:1049680010BD00BF847C002070B50546114B294658
:104978001B685C6854F81C0CFEF7EEFF1C3C0646EE
:10498800A8B1736883B163692B420AD0EFF3108230
:1049980072B6636923EA0503636182F31088002015
:1049A80070BDFDF723FFF1E7FDF720FFEBE7FDF70B
:1049B8001DFFE6E7847C0020004000000040000066
:1049C80000000000000000000000000000000000DF
:1049D80000000000000000000000000000000000CF
:1049E800000000000000000000000000005000006F
:1049F8005053415F494F545F50524F46494C455FB1
:104A08003100000039250200552502005925020011
:104A18005D2502006125020031260200D925020029
:104A28008D2502006D2502007525020081250200F2
:104A3800000000000002000000080000000800005C
:104A480001000000FF00000001020001B926020079
:104A5800D5260200D9260200DD260200E126020042
:104A6800ED2602008527020041270200492702009F
:104A780055270200612702006527020071270200FE
:104A880079270200030202020040034000C201002D
:104A980076322E302E300000F86F0020986F0020FC
:104AA80030D400000081031000800310FF7F0E1037
:084AB800002503002027030084
:104AC000009A294B9A4208D110B503F067FC03F015
:104AD000A7FA06BC96460C46744703F0ABFC00BF31
:104AE000009A214B9A4208D110B503F05FFC03F005
:104AF00097FA06BC96460C46744703F09BFC00BF31
:104B00000CB4029A184B9A420CD14FF0004319434F
:104B10000CBC10B503F052FC03F082FA06BC9646BA
:104B20000C46744703F086FC009A0F4B9A4208D15A
:104B300010B503F087FC03F073FA06BC96460C46EA
:104B4000744703F077FC00BF009A074B9A4208D1E4
:104B500010B503F07FFC03F063FA06BC96460C46E2
:104B6000744703F067FC0000A5EDF5FE08B503F0FF
:104B7000A3FABDE80840714672467346B7EE000AD4
:104B8000F7EE000AB7EE001AF7EE001AB7EE002AA9
:104B9000F7EE002AB7EE003AF7EE003AB7EE004A19
:104BA000F7EE004AB7EE005AF7EE005AB7EE006A89
:104BB000F7EE006AB7EE007AF7EE007A8EF3008C1B
:104BC00010B4F1EE10CA4FF66074C0F6FF740CEA30
:104BD000040CE1EE10CA10BCF446744708B503F0AB
:104BE0008FFABDE808407046714672467346B7EECC
:104BF000000AF7EE000AB7EE001AF7EE001AB7EE59
:104C0000002AF7EE002AB7EE003AF7EE003AB7EEC8
:104C1000004AF7EE004AB7EE005AF7EE005AB7EE38
:104C2000006AF7EE006AB7EE007AF7EE007A8EF3CC
:104C3000008C10B4F1EE10CA4FF66074C0F6FF7429
:104C40000CEA040CE1EE10CA10BCF446744700BF35
:104C50004FF04023D3F8FC03714672467346B7EE1B
:104C6000000AF7EE000AB7EE001AF7EE001AB7EEE8
:104C7000002AF7EE002AB7EE003AF7EE003AB7EE58
:104C8000004AF7EE004AB7EE005AF7EE005AB7EEC8
:104C9000006AF7EE006AB7EE007A000FF7EE007ACE
:104CA0008EF3008C10B4F1EE10CA4FF66074C0F6AB
:104CB000FF740CEA040CE1EE10CA10BCF446744711
:104CC0004FF09C43B3F88C00714672467346B7EEC2
:104CD000000AF7EE000AB7EE001AF7EE001AB7EE78
:104CE000002AF7EE002AB7EE003AF7EE003AB7EEE8
:104CF000004AF7EE004AB7EE005AF7EE005AB7EE58
:104D0000006AF7EE006AB7EE007AF7EE007A8EF3EB
:104D1000008C10B4F1EE10CA4FF66074C0F6FF7448
:104D20000CEA040CE1EE10CA10BCF446744700BF54
:104D30004FF09C43D3F88C00714672467346B7EE31
:104D4000000AF7EE000AB7EE001AF7EE001AB7EE07
:104D5000002AF7EE002AB7EE003AF7EE003AB7EE77
:104D6000004AF7EE004AB7EE005AF7EE005AB7EEE7
:104D7000006AF7EE006AB7EE007A20F07F40F7EEA7
:104D8000007A8EF3008C10B4F1EE10CA4FF6607406
:104D9000C0F6FF740CEA040CE1EE10CA10BCF44635
:104DA000744700BF1D4A7046D2F88430714643F004
:104DB0000203C2F88430B7EE000A72467346F7EE7B
:104DC000000AB7EE001AF7EE001AB7EE002AF7EE67
:104DD000002AB7EE003AF7EE003AB7EE004AF7EED7
:104DE000004AB7EE005AF7EE005AB7EE006AF7EE47
:104DF000006AB7EE007AF7EE007A8EF3008C10B4FA
:104E0000F1EE10CA4FF66074C0F6FF740CEA040CA1
:104E1000E1EE10CA10BCF446744700BF0010004019
:104E20001D4A7046D2F88430714623F00203C2F85E
:104E30008430B7EE000A72467346F7EE000AB7EE0A
:104E4000001AF7EE001AB7EE002AF7EE002AB7EEC6
:104E5000003AF7EE003AB7EE004AF7EE004AB7EE36
:104E6000005AF7EE005AB7EE006AF7EE006AB7EEA6
:104E7000007AF7EE007A8EF3008C10B4F1EE10CACF
:104E80004FF66074C0F6FF740CEA040CE1EE10CA31
:104E900010BCF446744700BF001000404FF09C4324
:104EA00093F8F022042A38D993F83003C0EB0010AD
:104EB000400080B2714672467346B7EE000AF7EEC4
:104EC000000AB7EE001AF7EE001AB7EE002AF7EE66
:104ED000002AB7EE003AF7EE003AB7EE004AF7EED6
:104EE000004AB7EE005AF7EE005AB7EE006AF7EE46
:104EF000006AB7EE007AF7EE007A8EF3008C10B4F9
:104F0000F1EE10CA4FF66074C0F6FF740CEA040CA0
:104F1000E1EE10CA10BCF44674474FF41670C9E7AE
:104F20004FF09C4393F8F0227146042A8ABF93F80D
:104F300031034FF4C87000EB800072467346B7EE41
:104F4000000AF7EE000AB7EE001AF7EE001AB7EE05
:104F5000002AF7EE002AB7EE003AF7EE003AB7EE75
:104F6000004AF7EE004AB7EE005AF7EE005AB7EEE5
:104F7000006AF7EE006AB7EE007A88BF8000F7EEAD
:104F8000007A8EF3008C10B4F1EE10CA4FF6607404
:104F9000C0F6FF740CEA040CE1EE10CA10BCF44633
:104FA000744700BF4FF09C4393F8F0227146042AE7
:104FB0008ABF93F832034FF4C87000EB800072464A
:104FC0007346B7EE000AF7EE000AB7EE001AF7EEE6
:104FD000001AB7EE002AF7EE002AB7EE003AF7EE15
:104FE000003AB7EE004AF7EE004AB7EE005AF7EE85
:104FF000005AB7EE006AF7EE006AB7EE007A88BF93
:105000008000F7EE007A8EF3008C10B4F1EE10CA37
:105010004FF66074C0F6FF740CEA040CE1EE10CA9F
:1050200010BCF446744700BF1D4A1E4BC2F808333B
:10503000D2F80833012BFBD0704671467246734696
:10504000B7EE000AF7EE000AB7EE001AF7EE001A04
:10505000B7EE002AF7EE002AB7EE003AF7EE003A74
:10506000B7EE004AF7EE004AB7EE005AF7EE005AE4
:10507000B7EE006AF7EE006AB7EE007AF7EE007A54
:105080008EF3008C10B4F1EE10CA4FF66074C0F6C7
:10509000FF740CEA040CE1EE10CA10BCF44674472D
:1050A0000010004051E5CC1A00221B4B7046C3F89B
:1050B0000823714672467346B7EE000AF7EE000AFF
:1050C000B7EE001AF7EE001AB7EE002AF7EE002A44
:1050D000B7EE003AF7EE003AB7EE004AF7EE004AB4
:1050E000B7EE005AF7EE005AB7EE006AF7EE006A24
:1050F000B7EE007AF7EE007A8EF3008C10B4F1EE82
:1051000010CA4FF66074C0F6FF740CEA040CE1EEAE
:1051100010CA10BCF4467447001000401B4B714687
:10512000C3F80003724670467346B7EE000AF7EE06
:10513000000AB7EE001AF7EE001AB7EE002AF7EEF3
:10514000002AB7EE003AF7EE003AB7EE004AF7EE63
:10515000004AB7EE005AF7EE005AB7EE006AF7EED3
:10516000006AB7EE007AF7EE007A8EF3008C10B486
:10517000F1EE10CA4FF66074C0F6FF740CEA040C2E
:10518000E1EE10CA10BCF446744700BF00100040A6
:105190001B4B7146C3F80403724670467346B7EE64
:1051A000000AF7EE000AB7EE001AF7EE001AB7EEA3
:1051B000002AF7EE002AB7EE003AF7EE003AB7EE13
:1051C000004AF7EE004AB7EE005AF7EE005AB7EE83
:1051D000006AF7EE006AB7EE007AF7EE007A8EF317
:1051E000008C10B4F1EE10CA4FF66074C0F6FF7474
:1051F0000CEA040CE1EE10CA10BCF446744700BF80
:10520000001000401C4B00F00300C3F8540171462D
:10521000704672467346B7EE000AF7EE000AB7EE24
:10522000001AF7EE001AB7EE002AF7EE002AB7EEE2
:10523000003AF7EE003AB7EE004AF7EE004AB7EE52
:10524000005AF7EE005AB7EE006AF7EE006AB7EEC2
:10525000007AF7EE007A8EF3008C10B4F1EE10CAEB
:105260004FF66074C0F6FF740CEA040CE1EE10CA4D
:1052700010BCF446744700BF001000401C4B00F007
:105280000700C3F850017146704672467346B7EE88
:10529000000AF7EE000AB7EE001AF7EE001AB7EEB2
:1052A000002AF7EE002AB7EE003AF7EE003AB7EE22
:1052B000004AF7EE004AB7EE005AF7EE005AB7EE92
:1052C000006AF7EE006AB7EE007AF7EE007A8EF326
:1052D000008C10B4F1EE10CA4FF66074C0F6FF7483
:1052E0000CEA040CE1EE10CA10BCF446744700BF8F
:1052F0000010004002231C4A5361D3689B07FCD571
:105300007046714672467346B7EE000AF7EE000A21
:10531000B7EE001AF7EE001AB7EE002AF7EE002AF1
:10532000B7EE003AF7EE003AB7EE004AF7EE004A61
:10533000B7EE005AF7EE005AB7EE006AF7EE006AD1
:10534000B7EE007AF7EE007A8EF3008C10B4F1EE2F
:1053500010CA4FF66074C0F6FF740CEA040CE1EE5C
:1053600010CA10BCF44674470000024002221B4BD6
:1053700070461A62714672467346B7EE000AF7EE3F
:10538000000AB7EE001AF7EE001AB7EE002AF7EEA1
:10539000002AB7EE003AF7EE003AB7EE004AF7EE11
:1053A000004AB7EE005AF7EE005AB7EE006AF7EE81
:1053B000006AB7EE007AF7EE007A8EF3008C10B434
:1053C000F1EE10CA4FF66074C0F6FF740CEA040CDC
:1053D000E1EE10CA10BCF446744700BF0000024062
:1053E000F8B5A0F540652C2D04460F4600F00306E5
:1053F0004BD8002E65D140F61C439C4254D94C2F0B
:1054000069D80123354A780952F8202007F01F0196
:105410008B40134252D03946204602F0A9FEBDE827
:10542000F8407046714672467346B7EE000AF7EED2
:10543000000AB7EE001AF7EE001AB7EE002AF7EEF0
:10544000002AB7EE003AF7EE003AB7EE004AF7EE60
:10545000004AB7EE005AF7EE005AB7EE006AF7EED0
:10546000006AB7EE007AF7EE007A8EF3008C10B483
:10547000F1EE10CA4FF66074C0F6FF740CEA040C2B
:10548000E1EE10CA10BCF4467447FDF7B3F9FEB95B
:105490000123AD08AB40C3F30B030BB9FDF7AAF929
:1054A00040F61C439C4209D80D2FB4D9FDF7A2F950
:1054B0000123BB40C3F30D03002BACD1FDF79AF9D8
:1054C000A9E7FDF797F940F61C439C4297D8EBE714
:1054D000FDF790F9DCE7FDF78DF992E7EC060300A4
:1054E000F8B5A0F20446F02E05460C465DD8AB0791
:1054F0005FD10127C6F384034C2C4FEAD61607FA76
:1055000003F748D8304B53F826301F424AD00123C6
:105510002E4A600952F8202004F01F018B401342EC
:105520004AD02146284602F029FEBDE8F8407046E0
:10553000714672467346B7EE000AF7EE000AB7EE00
:10554000001AF7EE001AB7EE002AF7EE002AB7EEBF
:10555000003AF7EE003AB7EE004AF7EE004AB7EE2F
:10556000005AF7EE005AB7EE006AF7EE006AB7EE9F
:10557000007AF7EE007A8EF3008C10B4F1EE10CAC8
:105580004FF66074C0F6FF740CEA040CE1EE10CA2A
:1055900010BCF4467447FDF72DF90B4B53F8263039
:1055A0001F420CD0FDF726F9B1E7FDF723F9AB0751
:1055B0009FD0FDF71FF99CE7FDF71CF9B1E7FDF758
:1055C00019F9FDF717F9A2E7F8060300EC06030046
:1055D000431EB3F1806F10B504463BD24FF07063A9
:1055E0002046D3F894309847BDE810407046714685
:1055F00072467346B7EE000AF7EE000AB7EE001ADD
:10560000F7EE001AB7EE002AF7EE002AB7EE003ADE
:10561000F7EE003AB7EE004AF7EE004AB7EE005A4E
:10562000F7EE005AB7EE006AF7EE006AB7EE007ABE
:10563000F7EE007A8EF3008C10B4F1EE10CA4FF63C
:105640006074C0F6FF740CEA040CE1EE10CA10BCE2
:10565000F4467447FDF7CEF8C0E700BF4FF0402294
:10566000D2F80C31704643F00103C2F80C31714698
:1056700072467346B7EE000AF7EE000AB7EE001A5C
:10568000F7EE001AB7EE002AF7EE002AB7EE003A5E
:10569000F7EE003AB7EE004AF7EE004AB7EE005ACE
:1056A000F7EE005AB7EE006AF7EE006AB7EE007A3E
:1056B000F7EE007A8EF3008C10B4F1EE10CA4FF6BC
:1056C0006074C0F6FF740CEA040CE1EE10CA10BC62
:1056D000F44674474FF04022D2F80C31704623F064
:1056E0000103C2F80C31714672467346B7EE000AE8
:1056F000F7EE000AB7EE001AF7EE001AB7EE002A2E
:10570000F7EE002AB7EE003AF7EE003AB7EE004A9D
:10571000F7EE004AB7EE005AF7EE005AB7EE006A0D
:10572000F7EE006AB7EE007AF7EE007A8EF3008C9F
:1057300010B4F1EE10CA4FF66074C0F6FF740CEAB4
:10574000040CE1EE10CA10BCF44674474FF040223E
:10575000D2F80C31704643F40033C2F80C31714674
:1057600072467346B7EE000AF7EE000AB7EE001A6B
:10577000F7EE001AB7EE002AF7EE002AB7EE003A6D
:10578000F7EE003AB7EE004AF7EE004AB7EE005ADD
:10579000F7EE005AB7EE006AF7EE006AB7EE007A4D
:1057A000F7EE007A8EF3008C10B4F1EE10CA4FF6CB
:1057B0006074C0F6FF740CEA040CE1EE10CA10BC71
:1057C000F44674474FF04022D2F80C31704623F46F
:1057D0000033C2F80C31714672467346B7EE000AC8
:1057E000F7EE000AB7EE001AF7EE001AB7EE002A3D
:1057F000F7EE002AB7EE003AF7EE003AB7EE004AAD
:10580000F7EE004AB7EE005AF7EE005AB7EE006A1C
:10581000F7EE006AB7EE007AF7EE007A8EF3008CAE
:1058200010B4F1EE10CA4FF66074C0F6FF740CEAC3
:10583000040CE1EE10CA10BCF44674474FF040224D
:10584000D2F80C31704623F08073C2F80C317146E7
:1058500072467346B7EE000AF7EE000AB7EE001A7A
:10586000F7EE001AB7EE002AF7EE002AB7EE003A7C
:10587000F7EE003AB7EE004AF7EE004AB7EE005AEC
:10588000F7EE005AB7EE006AF7EE006AB7EE007A5C
:10589000F7EE007A8EF3008C10B4F1EE10CA4FF6DA
:1058A0006074C0F6FF740CEA040CE1EE10CA10BC80
:1058B000F44674474FF04022D2F80C31704643F45E
:1058C0008023C2F80C31714672467346B7EE000A67
:1058D000F7EE000AB7EE001AF7EE001AB7EE002A4C
:1058E000F7EE002AB7EE003AF7EE003AB7EE004ABC
:1058F000F7EE004AB7EE005AF7EE005AB7EE006A2C
:10590000F7EE006AB7EE007AF7EE007A8EF3008CBD
:1059100010B4F1EE10CA4FF66074C0F6FF740CEAD2
:10592000040CE1EE10CA10BCF44674474FF040225C
:10593000D2F80C31704623F48023C2F80C31714642
:1059400072467346B7EE000AF7EE000AB7EE001A89
:10595000F7EE001AB7EE002AF7EE002AB7EE003A8B
:10596000F7EE003AB7EE004AF7EE004AB7EE005AFB
:10597000F7EE005AB7EE006AF7EE006AB7EE007A6B
:10598000F7EE007A8EF3008C10B4F1EE10CA4FF6E9
:105990006074C0F6FF740CEA040CE1EE10CA10BC8F
:1059A000F44674474FF04022D2F80C3100F4E04046
:1059B00023F4E0430343C2F80C317046714672464B
:1059C0007346B7EE000AF7EE000AB7EE001AF7EEDC
:1059D000001AB7EE002AF7EE002AB7EE003AF7EE0B
:1059E000003AB7EE004AF7EE004AB7EE005AF7EE7B
:1059F000005AB7EE006AF7EE006AB7EE007AF7EEEB
:105A0000007A8EF3008C10B4F1EE10CA4FF6607479
:105A1000C0F6FF740CEA040CE1EE10CA10BCF446A8
:105A2000744700BF4FF04023D3F80C017146724613
:105A30007346B7EE000AF7EE000AB7EE001AF7EE6B
:105A4000001AB7EE002AF7EE002AB7EE003AF7EE9A
:105A5000003AB7EE004AF7EE004AB7EE005AF7EE0A
:105A6000005AB7EE006AF7EE006AB7EE007AC0F3AC
:105A70000050F7EE007A8EF3008C10B4F1EE10CAED
:105A80004FF66074C0F6FF740CEA040CE1EE10CA25
:105A900010BCF446744700BF4FF04022D2F80C31DE
:105AA00000F4706023F470630343C2F80C31704655
:105AB000714672467346B7EE000AF7EE000AB7EE7B
:105AC000001AF7EE001AB7EE002AF7EE002AB7EE3A
:105AD000003AF7EE003AB7EE004AF7EE004AB7EEAA
:105AE000005AF7EE005AB7EE006AF7EE006AB7EE1A
:105AF000007AF7EE007A8EF3008C10B4F1EE10CA43
:105B00004FF66074C0F6FF740CEA040CE1EE10CAA4
:105B100010BCF446744700BF4FF04022D2F80C315D
:105B2000B0F5803F0CBF43F4803323F48033C2F8D8
:105B30000C317046714672467346B7EE000AF7EEB6
:105B4000000AB7EE001AF7EE001AB7EE002AF7EED9
:105B5000002AB7EE003AF7EE003AB7EE004AF7EE49
:105B6000004AB7EE005AF7EE005AB7EE006AF7EEB9
:105B7000006AB7EE007AF7EE007A8EF3008C10B46C
:105B8000F1EE10CA4FF66074C0F6FF740CEA040C14
:105B9000E1EE10CA10BCF446744700BF4FF040223B
:105BA000D2F80C3100F00E0023F00E030343C2F8CC
:105BB0000C317046714672467346B7EE000AF7EE36
:105BC000000AB7EE001AF7EE001AB7EE002AF7EE59
:105BD000002AB7EE003AF7EE003AB7EE004AF7EEC9
:105BE000004AB7EE005AF7EE005AB7EE006AF7EE39
:105BF000006AB7EE007AF7EE007A8EF3008C10B4EC
:105C0000F1EE10CA4FF66074C0F6FF740CEA040C93
:105C1000E1EE10CA10BCF446744700BF4FF04022BA
:105C2000D2F80C3110280CBF43F0100323F01003FE
:105C3000C2F80C317046714672467346B7EE000AE0
:105C4000F7EE000AB7EE001AF7EE001AB7EE002AD8
:105C5000F7EE002AB7EE003AF7EE003AB7EE004A48
:105C6000F7EE004AB7EE005AF7EE005AB7EE006AB8
:105C7000F7EE006AB7EE007AF7EE007A8EF3008C4A
:105C800010B4F1EE10CA4FF66074C0F6FF740CEA5F
:105C9000040CE1EE10CA10BCF4467447B0F1405F4A
:105CA00010B5044603D31F4B021D9A4201D9FCF7DD
:105CB000A1FD204602F068FABDE81040704671462A
:105CC00072467346B7EE000AF7EE000AB7EE001A06
:105CD000F7EE001AB7EE002AF7EE002AB7EE003A08
:105CE000F7EE003AB7EE004AF7EE004AB7EE005A78
:105CF000F7EE005AB7EE006AF7EE006AB7EE007AE8
:105D0000F7EE007A8EF3008C10B4F1EE10CA4FF665
:105D10006074C0F6FF740CEA040CE1EE10CA10BC0B
:105D2000F4467447008802304FF08043186B714688
:105D300080F4004072467346B7EE000AF7EE000AA0
:105D4000B7EE001AF7EE001AB7EE002AF7EE002AB7
:105D5000B7EE003AF7EE003AB7EE004AF7EE004A27
:105D6000B7EE005AF7EE005AB7EE006AF7EE006A97
:105D7000B7EE007AC0F3C030F7EE007A8EF3008CF5
:105D800010B4F1EE10CA4FF66074C0F6FF740CEA5E
:105D9000040CE1EE10CA10BCF44674474FF0804288
:105DA000136C704643F48013136471467246734655
:105DB000B7EE000AF7EE000AB7EE001AF7EE001A87
:105DC000B7EE002AF7EE002AB7EE003AF7EE003AF7
:105DD000B7EE004AF7EE004AB7EE005AF7EE005A67
:105DE000B7EE006AF7EE006AB7EE007AF7EE007AD7
:105DF0008EF3008C10B4F1EE10CA4FF66074C0F64A
:105E0000FF740CEA040CE1EE10CA10BCF4467447AF
:105E10001A4B7146986972467346B7EE000AF7EE60
:105E2000000AB7EE001AF7EE001AB7EE002AF7EEF6
:105E3000002AB7EE003AF7EE003AB7EE004AF7EE66
:105E4000004AB7EE005AF7EE005AB7EE006AF7EED6
:105E5000006AB7EE007AF7EE007A8EF3008C10B489
:105E6000F1EE10CA4FF66074C0F6FF740CEA040C31
:105E7000E1EE10CA10BCF446744700BF0020004099
:105E80001D4A7146D36990699BB2B3EB901F18BF4E
:105E9000D369B7EE000A72467346F7EE000AB7EE12
:105EA000001AF7EE001AB7EE002AF7EE002AB7EE56
:105EB000003AF7EE003AB7EE004AF7EE004AB7EEC6
:105EC000005AF7EE005AB7EE006AF7EE006AB7EE36
:105ED000007AF7EE007A8EF3008C10B4F1EE10CA5F
:105EE0004FF66074C0F6FF740CEA040CE1EE10CAC1
:105EF00010BCF446744700BF0020004008B5EBF723
:105F000095FBBDE80840714672467346B7EE000A3D
:105F1000F7EE000AB7EE001AF7EE001AB7EE002A05
:105F2000F7EE002AB7EE003AF7EE003AB7EE004A75
:105F3000F7EE004AB7EE005AF7EE005AB7EE006AE5
:105F4000F7EE006AB7EE007AF7EE007A8EF3008C77
:105F500010B4F1EE10CA4FF66074C0F6FF740CEA8C
:105F6000040CE1EE10CA10BCF44674472DE9F04170
:105F70000D46164682B01E22012104460AF09AFA06
:105F800000286FD00122214601A802F08BF99DF86C
:105F90000430082B66D8364A52F82340002C61D0D2
:105FA000D4F818804FEA48070137B7425DD8172266
:105FB000314628460AF07EFA002853D0B8F1000F87
:105FC00012D005EB08012B468E46481EE269A0EB75
:105FD000030C12F80C2003F8012F226A994212F8E0
:105FE0000CC00EF801CFF1D104230021F21BE819F7
:105FF0002B7002F095F9002002B0B7EE000ABDE860
:10600000F041714672467346F7EE000AB7EE001A89
:10601000F7EE001AB7EE002AF7EE002AB7EE003AC4
:10602000F7EE003AB7EE004AF7EE004AB7EE005A34
:10603000F7EE005AB7EE006AF7EE006AB7EE007AA4
:10604000F7EE007A8EF3008C10B4F1EE10CA4FF622
:106050006074C0F6FF740CEA040CE1EE10CA10BCC8
:10606000F44674476FF08000C6E74FF0FF30C3E797
:106070009007030010B50446EAF726FBC0B30121E0
:106080002046E9F753FFBDE810407146724673465B
:10609000B7EE000AF7EE000AB7EE001AF7EE001AA4
:1060A000B7EE002AF7EE002AB7EE003AF7EE003A14
:1060B000B7EE004AF7EE004AB7EE005AF7EE005A84
:1060C000B7EE006AF7EE006AB7EE007AF7EE007AF4
:1060D0008EF3008C10B4F1EE10CA4FF66074C0F667
:1060E000FF740CEA040CE1EE10CA10BCF4467447CD
:1060F0006FF00100C7E700BF08B5EAF7CBF9BDE8CC
:106100000840714672467346B7EE000AF7EE000A81
:10611000B7EE001AF7EE001AB7EE002AF7EE002AE3
:10612000B7EE003AF7EE003AB7EE004AF7EE004A53
:10613000B7EE005AF7EE005AB7EE006AF7EE006AC3
:10614000B7EE007AF7EE007A8EF3008C10B4F1EE21
:1061500010CA4FF66074C0F6FF740CEA040CE1EE4E
:1061600010CA10BCF4467447B0F1405F46D30346F2
:1061700010B5244C0433A3423DD8B1F1405F0A4628
:1061800039D30532A24236D8E9F7FAFEBDE810400D
:10619000714672467346B7EE000AF7EE000AB7EE94
:1061A000001AF7EE001AB7EE002AF7EE002AB7EE53
:1061B000003AF7EE003AB7EE004AF7EE004AB7EEC3
:1061C000005AF7EE005AB7EE006AF7EE006AB7EE33
:1061D000007AF7EE007A8EF3008C10B4F1EE10CA5C
:1061E0004FF66074C0F6FF740CEA040CE1EE10CABE
:1061F00010BCF44674476FF00200C7E76FF002006E
:10620000C6E700BF0088023010B50446EAF75CFA22
:10621000C0B301212046E9F787FFBDE81040714671
:1062200072467346B7EE000AF7EE000AB7EE001AA0
:10623000F7EE001AB7EE002AF7EE002AB7EE003AA2
:10624000F7EE003AB7EE004AF7EE004AB7EE005A12
:10625000F7EE005AB7EE006AF7EE006AB7EE007A82
:10626000F7EE007A8EF3008C10B4F1EE10CA4FF600
:106270006074C0F6FF740CEA040CE1EE10CA10BCA6
:10628000F44674476FF00100C7E700BF10B504463D
:10629000EAF71AFAC0B301212046EAF707F8BDE889
:1062A0001040714672467346B7EE000AF7EE000AD8
:1062B000B7EE001AF7EE001AB7EE002AF7EE002A42
:1062C000B7EE003AF7EE003AB7EE004AF7EE004AB2
:1062D000B7EE005AF7EE005AB7EE006AF7EE006A22
:1062E000B7EE007AF7EE007A8EF3008C10B4F1EE80
:1062F00010CA4FF66074C0F6FF740CEA040CE1EEAD
:1063000010CA10BCF44674476FF00100C7E700BF25
:1063100008B5EAF703F9BDE80840704671467246D1
:106320007346B7EE000AF7EE000AB7EE001AF7EE72
:10633000001AB7EE002AF7EE002AB7EE003AF7EEA1
:10634000003AB7EE004AF7EE004AB7EE005AF7EE11
:10635000005AB7EE006AF7EE006AB7EE007AF7EE81
:10636000007A8EF3008C10B4F1EE10CA4FF6607410
:10637000C0F6FF740CEA040CE1EE10CA10BCF4463F
:10638000744700BF08B5E9F7F7FFBDE8084071465C
:1063900072467346B7EE000AF7EE000AB7EE001A2F
:1063A000F7EE001AB7EE002AF7EE002AB7EE003A31
:1063B000F7EE003AB7EE004AF7EE004AB7EE005AA1
:1063C000F7EE005AB7EE006AF7EE006AB7EE007A11
:1063D000F7EE007A8EF3008C10B4F1EE10CA4FF68F
:1063E0006074C0F6FF740CEA040CE1EE10CA10BC35
:1063F000F446744708B5EAF745F8BDE8084070462A
:10640000714672467346B7EE000AF7EE000AB7EE21
:10641000001AF7EE001AB7EE002AF7EE002AB7EEE0
:10642000003AF7EE003AB7EE004AF7EE004AB7EE50
:10643000005AF7EE005AB7EE006AF7EE006AB7EEC0
:10644000007AF7EE007A8EF3008C10B4F1EE10CAE9
:106450004FF66074C0F6FF740CEA040CE1EE10CA4B
:1064600010BCF446744700BF08B5EAF759FABDE816
:1064700008407046714672467346B7EE000AF7EE62
:10648000000AB7EE001AF7EE001AB7EE002AF7EE90
:10649000002AB7EE003AF7EE003AB7EE004AF7EE00
:1064A000004AB7EE005AF7EE005AB7EE006AF7EE70
:1064B000006AB7EE007AF7EE007A8EF3008C10B423
:1064C000F1EE10CA4FF66074C0F6FF740CEA040CCB
:1064D000E1EE10CA10BCF446744700BF08B5EAF7F5
:1064E0006DF8BDE80840714672467346B7EE000A83
:1064F000F7EE000AB7EE001AF7EE001AB7EE002A20
:10650000F7EE002AB7EE003AF7EE003AB7EE004A8F
:10651000F7EE004AB7EE005AF7EE005AB7EE006AFF
:10652000F7EE006AB7EE007AF7EE007A8EF3008C91
:1065300010B4F1EE10CA4FF66074C0F6FF740CEAA6
:10654000040CE1EE10CA10BCF446744708B5EAF733
:10655000ABF8BDE808407046714672467346B7EE28
:10656000000AF7EE000AB7EE001AF7EE001AB7EECF
:10657000002AF7EE002AB7EE003AF7EE003AB7EE3F
:10658000004AF7EE004AB7EE005AF7EE005AB7EEAF
:10659000006AF7EE006AB7EE007AF7EE007A8EF343
:1065A000008C10B4F1EE10CA4FF66074C0F6FF74A0
:1065B0000CEA040CE1EE10CA10BCF446744700BFAC
:1065C00008B5EAF79FF8BDE8084071467246734681
:1065D000B7EE000AF7EE000AB7EE001AF7EE001A5F
:1065E000B7EE002AF7EE002AB7EE003AF7EE003ACF
:1065F000B7EE004AF7EE004AB7EE005AF7EE005A3F
:10660000B7EE006AF7EE006AB7EE007AF7EE007AAE
:106610008EF3008C10B4F1EE10CA4FF66074C0F621
:10662000FF740CEA040CE1EE10CA10BCF446744787
:10663000B0F1405F10B5044604D3204B00F11402C2
:106640009A4201D9FCF7D6F82046EAF769F8BDE886
:1066500010407046714672467346B7EE000AF7EE78
:10666000000AB7EE001AF7EE001AB7EE002AF7EEAE
:10667000002AB7EE003AF7EE003AB7EE004AF7EE1E
:10668000004AB7EE005AF7EE005AB7EE006AF7EE8E
:10669000006AB7EE007AF7EE007A8EF3008C10B441
:1066A000F1EE10CA4FF66074C0F6FF740CEA040CE9
:1066B000E1EE10CA10BCF446744700BF00880230F7
:1066C00008B5EAF73FF8BDE80840714672467346E0
:1066D000B7EE000AF7EE000AB7EE001AF7EE001A5E
:1066E000B7EE002AF7EE002AB7EE003AF7EE003ACE
:1066F000B7EE004AF7EE004AB7EE005AF7EE005A3E
:10670000B7EE006AF7EE006AB7EE007AF7EE007AAD
:106710008EF3008C10B4F1EE10CA4FF66074C0F620
:10672000FF740CEA040CE1EE10CA10BCF446744786
:10673000B0F1405F10B5044604D3204B00F11402C1
:106740009A4201D9FCF756F82046FBF771FABDE8EA
:1067500010407046714672467346B7EE000AF7EE77
:10676000000AB7EE001AF7EE001AB7EE002AF7EEAD
:10677000002AB7EE003AF7EE003AB7EE004AF7EE1D
:10678000004AB7EE005AF7EE005AB7EE006AF7EE8D
:10679000006AB7EE007AF7EE007A8EF3008C10B440
:1067A000F1EE10CA4FF66074C0F6FF740CEA040CE8
:1067B000E1EE10CA10BCF446744700BF00880230F6
:1067C00008B5FBF701F9BDE808407146724673460B
:1067D000B7EE000AF7EE000AB7EE001AF7EE001A5D
:1067E000B7EE002AF7EE002AB7EE003AF7EE003ACD
:1067F000B7EE004AF7EE004AB7EE005AF7EE005A3D
:10680000B7EE006AF7EE006AB7EE007AF7EE007AAC
:106810008EF3008C10B4F1EE10CA4FF66074C0F61F
:10682000FF740CEA040CE1EE10CA10BCF446744785
:1068300038B541F63C73984204460D4601D899425A
:1068400001D9FBF7D7FF29462046FBF7CBF9BDE876
:1068500038407046714672467346B7EE000AF7EE4E
:10686000000AB7EE001AF7EE001AB7EE002AF7EEAC
:10687000002AB7EE003AF7EE003AB7EE004AF7EE1C
:10688000004AB7EE005AF7EE005AB7EE006AF7EE8C
:10689000006AB7EE007AF7EE007A8EF3008C10B43F
:1068A000F1EE10CA4FF66074C0F6FF740CEA040CE7
:1068B000E1EE10CA10BCF446744700BFB0F1405F6F
:1068C00010B5044604D3204B00F114029A4201D9BA
:1068D000FBF790FF2046FBF707FCBDE81040704631
:1068E000714672467346B7EE000AF7EE000AB7EE3D
:1068F000001AF7EE001AB7EE002AF7EE002AB7EEFC
:10690000003AF7EE003AB7EE004AF7EE004AB7EE6B
:10691000005AF7EE005AB7EE006AF7EE006AB7EEDB
:10692000007AF7EE007A8EF3008C10B4F1EE10CA04
:106930004FF66074C0F6FF740CEA040CE1EE10CA66
:1069400010BCF446744700BF0088023008B5FBF75E
:10695000A1FABDE80840714672467346B7EE000AD8
:10696000F7EE000AB7EE001AF7EE001AB7EE002AAB
:10697000F7EE002AB7EE003AF7EE003AB7EE004A1B
:10698000F7EE004AB7EE005AF7EE005AB7EE006A8B
:10699000F7EE006AB7EE007AF7EE007A8EF3008C1D
:1069A00010B4F1EE10CA4FF66074C0F6FF740CEA32
:1069B000040CE1EE10CA10BCF446744738B500F57B
:1069C00080739BB2B3F5007F04460D4605D201F5F6
:1069D00080739BB2B3F5007F01D3FBF70BFF294611
:1069E0002046FBF75BFBBDE83840704671467246B7
:1069F0007346B7EE000AF7EE000AB7EE001AF7EE9C
:106A0000001AB7EE002AF7EE002AB7EE003AF7EECA
:106A1000003AB7EE004AF7EE004AB7EE005AF7EE3A
:106A2000005AB7EE006AF7EE006AB7EE007AF7EEAA
:106A3000007A8EF3008C10B4F1EE10CA4FF6607439
:106A4000C0F6FF740CEA040CE1EE10CA10BCF44668
:106A5000744700BF70B517220D460968064609F055
:106A600029FD002840D02968214809F0E1F80446B2
:106A70001F493046224601F015FC0020B7EE000AFF
:106A8000F7EE000AB7EE001AF7EE001AB7EE002A8A
:106A9000F7EE002AB7EE003AF7EE003AB7EE004AFA
:106AA000F7EE004AB7EE005AF7EE005AB7EE006A6A
:106AB000F7EE006AB7EE007A2C60F7EE007ABDE8D8
:106AC00070407146724673468EF3008C10B4F1EE3E
:106AD00010CA4FF66074C0F6FF740CEA040CE1EEC5
:106AE00010CA10BCF446744704464FF0FF30C5E7A7
:106AF000984A0200000000000000000000000000B2
:106B000070B478C8194A78C20139FAD170BC70479C
:106B1000F0B4F0C8144BF0C3124BF0CBF0C1013A03
:106B2000F7D1F0BC704700BFF0B4F0C80F4BF0C312
:106B3000013A07D0F0C80D4BF0C30A4BF0CBF0C1BF
:106B4000013AF7D1064B1C680F25AC431C60054B7E
:106B5000F0CBF0C1F0BC7047AFF30080AFF3008022
:106B60002C000C4070000C4080000C4090000C4049
:106B7000820706D18A0704D130B43CC93CC030BC7E
:106B8000704710230A78027001310130013BF9D1BE
:106B9000704700BF000000002DE9F04FD0E904531A
:106BA000144603F0FE42B2F1407F8BB059D0B2F1EF
:106BB000806F1FD0B2F1A06F00F09A80AA4A23F034
:106BC000FF01914259D12168A84841F4C52242F001
:106BD0000102834222606BD0A54A93424DD106F058
:106BE00059FA18B9236843F48073236000200BB06E
:106BF000BDE8F08F15F4807248D1AF0500F1AF8188
:106C00000FF20C29D9E900894FF0000A0027D44679
:106C10006FF086029FED806B9FED817B954E964DC8
:106C2000DFF89CE20088C4E90067B0F5105F00F06F
:106C3000CE8042F20135A8421FD118291DD18F49BB
:106C4000C4E900898B4209D08D498B4215D08D490A
:106C50008B4212D17546E246C4E9005A002ABED0E2
:106C60000BE0894A1A40B2F1607F50D010391029E8
:106C700003D8864ACA40D2071ED4002200236FF0F0
:106C80008600C4E900230BB0BDE8F08F4FF0000A86
:106C90000FF29419D9E900890027D44652469FED96
:106CA000646B9FED657B7A4E7A4DDFF818E2B9E7A9
:106CB000794B0B43236092E70027784E15F4406F21
:106CC000C4E9006776D1764A9342D6D05CA7D7E96B
:106CD00000676FF0860273498B42CED10388C4E906
:106CE0000067B3F5105FC8D1002A3FF478AFC4E75E
:106CF00015F4807240F0E880AD0540F1428152A762
:106D0000D7E900670FF24819D9E90089E3E015F4E3
:106D1000406F4FF0000E00F0FE80634AF04609928B
:106D2000F246F3467246F1467046F4469FED4A7BC2
:106D30005E4D5F4E0895A5F500050795A5F5800504
:106D40000295A5F5800505955A4FA5F58005049592
:106D5000CDF80CE0CDF818E0A5F580050196DBB282
:106D600043F0007303F17E43053B84ED007B0E2B63
:106D700083D801A656F823F0D16F02007B6C020085
:106D80007B6C0200C96F020009700200FB6F0200F9
:106D9000ED6F02007B6C02007B6C02007B6C0200DA
:106DA0007B6C0200DF6F0200BB6F0200AD6F020060
:106DB000956F020000273A4A3F4E9342C4E90067AC
:106DC00000F02E8126A7D7E90067002283E73B4821
:106DD000834200F02B81103910293FF64EAF2B482B
:106DE00020FA01F1CE077FF548AF24498B423FF4EA
:106DF00035AF40F2108122498B4208BF84ED006B11
:106E00007FF43BAF002A3FF4EAAE36E7AFF30080F1
:106E100001284300000000000128031800000000C2
:106E2000012803300000000001285300000000008A
:106E30000128131800000000012813300000000092
:106E400001280208000000000128240000000000C2
:106E500001282408000000000128110000000000A3
:106E600001281208000000000004000801040008C6
:106E70000904000801280300012803080044400415
:106E80000010C004004040040000C07F0101010068
:106E900001281300012813080128260001280200F8
:106EA0000002C0030001C0030128D10201289102A1
:106EB00001285100012851020128120000FF40045E
:106EC000012843080128530800270FF2D419D9E9F3
:106ED00000890022684E0088C4E90067B0F5105FA1
:106EE0007FF4CBAE103910293FF6C7AE634820FAC5
:106EF00001F1C9077FF5C1AE61498B423FF4AEAEE7
:106F000001F580718B427FF4B8AEC4E90089002A94
:106F10003FF465AEB1E65B4D5B4A0895A5F500050B
:106F20000795A5F58005594E0295A5F580050595AF
:106F3000A5F5800509920495F046F246F346F14620
:106F40007046F4466FF086029FED3F7B504FCDF8C0
:106F50000CE0CDF818E0A5F580050196FFE64FF0AE
:106F6000000A3BA7D7E900670FF2EC09D9E90089CD
:106F7000D4469FED3B6B9FED3C7B464DDFF828E10F
:106F800050E600270FF2E809D9E900896FF0860280
:106F9000414EA0E7203928293FF66FAE7046099D83
:106FA000C4E90050002A3FF41AAE66E618395029A9
:106FB0003FF663AE4046089DF2E7103978293FF668
:106FC0005CAE3D465046EBE70E393229E8D954E62F
:106FD0000E3932293FF651AE6046019DE0E70E3989
:106FE00082293FF64AAE5846079DD9E720396029E5
:106FF0003FF643AEDDE90250D2E7183968293FF683
:107000003CAEDDE90550CBE7103930293FF635AE0F
:107010004846049DC4E721498B423FF41DAE2CE64F
:107020000388B3F5105F3FF4DAAD26E6202902D0DD
:1070300040297FF422AE84ED007B002A3FF4CFADDF
:107040001BE600BFAFF30080012801000000000034
:107050000128230000000000012863000000000058
:107060000128231800000000012823300000000040
:10707000012804080000000001281400010101009B
:1070800000015005012881020128C10201284100A8
:10709000012841020128230801280400004040047F
:1070A0000128140800000000012863080000000007
:1070B0002DE9F04F0C46496991B001F0FE4CBCF14E
:1070C000C06F054690461E461F9F39D0BCF1E06F49
:1070D0000CD0BCF1106F00F09C806FF08600002295
:1070E0000023C7E9002311B0BDE8F08FBC4B9942E3
:1070F00074D003F5807321F0FF029A42EDD1A8A36A
:10710000D3E9002311F0FF01C7E90023E5D041F0E6
:10711000007101F17E43053B062BDED801A252F837
:1071200023F000BF61740200DB700200DB7002001C
:107130006F740200997402008B7402007D74020067
:1071400044F20103B4F8009029F440529A4200F04E
:10715000C880DFF8A4A209EA0A03B3F5824FBCD1C4
:1071600021F4FF7323F00103B3F1062F00F0E48153
:107170009C4B9942B1D19FED8C7B09F4E043B3F570
:10718000E04F87ED007B00F06D82B3F5804FA4D116
:107190005FFA89F3002800F07684422B9DD1618844
:1071A00000299AD01D9B0A9119601E9B1960B8F1A5
:1071B000000F40F08D801B9B6BB11C9B5BB11C9A38
:1071C00001F11F0312685B090133B2EB830F4FEA31
:1071D000830480F060856FF0890080E774A3D3E9B1
:1071E000002375A1D1E90001C7E90023238803F436
:1071F000E043B3F5E04F00F05681B3F5804F7FF4E4
:107200006CAF002D00F0E4826388002B3FF465AF83
:107210005AE04FF0000B744B744A0B40DFF8DCA1CE
:1072200043F010639342C7E900AB7FF456AF238865
:1072300003F4E042B2F5E04F00F0EC81B2F5804F8C
:107240007FF44BAF1C9A314605921B9A049223F4AB
:10725000435222F03F02B2F5824F4FF0000218BFB6
:1072600000238DF834206288DBB200920DAA0392CD
:107270000AAA029207AA01921A9A03F0B3FD15B165
:10728000FF238DF83430238803F44F42B2F5824F48
:107290007FF423AFDBB2302B05D0412B00F05884B4
:1072A000122B7FF41AAF3B687A6843F40013C7E9E6
:1072B000003200287FF413AF002DA5D19DF83430A3
:1072C000002B3FF40AAF0A9B1D9A13601E9A1360AD
:1072D00005F0E0FE18B93B6843F480733B60002082
:1072E00001E711F0FF033FF4F8AE43F0007303F140
:1072F0007E43053B062B3FF6F0AE01A252F823F089
:107300001D730200DB700200DB70020001740200DA
:107310003174020019740200497402009FED287B49
:1073200029A3D3E900230FF2A80BDBE900AB9FED03
:107330002A6B09F4E049B9F5E04FC7E9002300F0F2
:107340003781B9F5804F7FF4C8AE002D00F053832C
:1073500021F48753264A23F01F03934221F0FF01B3
:1073600000F0F6820022234B8DF8342099427FF4FE
:10737000B4AE3A68638842F400023A60002B3FF4EE
:10738000ACAE03F11F021D9952090B60083D1E9B14
:107390000132A5EB82021A609AE700BFAFF30080CA
:1073A0000140A20000000000014050380000000031
:1073B000014082000000000001488204000000003B
:1073C000014090080000000001400008000000009B
:1073D00001489008000000000148800800000000FB
:1073E00000020007000800060000FFF60000020986
:1073F000000300060002000600CFFFFF014001006D
:107400009FEDB57BCEA3D3E900230FF23C3BDBE934
:1074100000AB9FEDB36B8CE79FEDB37BCCA3D3E9BF
:1074200000230FF2343BDBE900AB9FEDB16B80E74B
:107430009FEDB17BCAA3D3E900230FF22C3BDBE91C
:1074400000AB9FEDAF6B74E79FEDAF7BC8A3D3E9B3
:1074500000230FF2243BDBE900AB9FEDAD6B68E747
:10746000C7A3D3E90023C8A1D1E90001BCE6C8A3A2
:10747000D3E90023C8A1D1E90001B5E6C8A3D3E947
:107480000023C9A1D1E90001AEE6C9A3D3E90023D5
:10749000C9A1D1E90001A7E6C9A3D3E90023CAA184
:1074A000D1E90001A0E6C7E90001002D7FF4ACAEF0
:1074B0000AAB009330461A990DAB07AA07F064FE99
:1074C00000287FF40CAE089B0E9A9A423FF605AE58
:1074D0001D9ADB0013601E9A13601B9A002A3FF46A
:1074E0007AAE1C9A002A3FF476AE11461F33096823
:1074F0005B090133B1EBC30F4FEAC302FFF46BAE7C
:107500001C9B61881A601D9B1B6899427FF4E5AD46
:107510002A46022307981B9C009402F0F9FF089A60
:107520001B99043288181E990223096801220090D1
:107530000D9802F0EDFFCBE69FED777BB4F802B03B
:107540000846FF235A46394687ED007B02F0C8FE05
:1075500000287FF4C4AD09F4E043B3F5E04F00F038
:10756000B781B3F5804F7FF4B8AD1C9A0DAB05928F
:107570001B9A8DF83400CDE903320AAB029307ABB6
:107580000193314628461A9ACDF800B05FFA89F384
:1075900003F028FC00287FF4A2AD9DF83430002BC6
:1075A0007FF49BAD0A9B1D9A13601E9A13608FE6B1
:1075B000614A21F4875323F01F03934200F0538163
:1075C0005E4B21F0FF0199427FF487AD87ED006BA0
:1075D000002D00F019831B9B002B3FF47EAD1C9BFC
:1075E000002B3FF47AAD6288002A3FF476AD1D9BF4
:1075F0001C991A6002F11F0308685B090133B0EBA4
:10760000C30F4FEAC301FFF4E6AD1E9B1A601C9B3B
:1076100019605DE603F44F42B2F5824F40A1D1E913
:107620000001C7E900017FF458ADDBB2412B00F047
:107630003E82122B00F04382302B7FF44EAD002DA2
:1076400000F08E8238A1D1E900011123C7E90001C1
:10765000B8F1000F00F02A8363881D9A13601E9A08
:10766000136035E632A3D3E90023C7E900230028DD
:1076700000F07E815FFA89F9B9F1420F7FF42DADF8
:10768000618800293FF429AD1D9B0A9119601E9B5A
:107690001960B8F1000F7FF41BAE1B9B002B3FF469
:1076A0009AAD1C9B002B3FF496AD1C9801F11F0373
:1076B00000685B090133B0EB830F4FEA8302FFF4EC
:1076C0008AAD1C9C112322601B9A30460092002236
:1076D00002F01EFFFCE500BF01409020000000000A
:1076E00001488020000000000140903000000000B0
:1076F0000148803000000000014090280000000098
:10770000014880280000000001409038000000007F
:1077100001488038000000000140300000000000F7
:10772000014801040000000001482104000000009D
:107730000148503800000000000300060002000667
:1077400001400020000000000148902000000000DF
:1077500001400030000000000148903000000000AF
:1077600001400028000000000148902800000000AF
:10777000014000380000000001489038000000007F
:107780000140A208000000000148A20C0000000017
:107790000140A220000000000148A22400000000D7
:1077A0000140A238000000000148A23C0000000097
:1077B0000140A230000000000148A2340000000097
:1077C0000140A228000000000148A22C0000000097
:1077D0000DAB009330461A990AAB07AA07F05CFD7F
:1077E00000287FF47CAC9DF83430002B7FF475AC1E
:1077F000089A1D99D2000B9B0A601E9ADB00136049
:107800001B9A002A3FF4E7AC1C9A002A3FF4E3AC31
:107810000A681F331C995B091F320968023303EBA6
:107820005213B1EB830F4FEA8302FFF4D4AC1C9BDD
:1078300061881A601D9B1B6899427FF44EAC2A46F2
:10784000022307981B9C009402F062FE089A1B9981
:10785000043288181E9902230968012200900A98B0
:1078600002F056FE34E5C7E900AB002D7FF4B3AE5D
:107870000AAB009330461A990DAB07AA07F0C0FC7B
:1078800000287FF42CAC089B62881D99DB000B60FC
:1078900012B193427FF421AC1E9A13601B9A002A06
:1078A0003FF499AC1C9A002A3FF495AC1F33116841
:1078B0005B090133B1EBC30F4FEAC302FFF48BAC9A
:1078C0001C9B07981A601D9B00221968022322E660
:1078D0003B6843F400633B60002D00F0FB805FFADF
:1078E00089F9B9F1120F00F03981B9F1300F7FF445
:1078F000F4AB1123BBF1000F3FF4EFAB1D9ACDF8B1
:1079000028B0C2F800B01E9AC2F800B0B8F1000F5B
:107910007FF4DEAC1B9A002A3FF45DAC1C9A002A6F
:107920003FF459AC1C990BF11F020868520901324F
:10793000B0EB820F4FEA8201FFF44DAC1C9A1B9C06
:107940001160304642465946009402F0E1FDBFE422
:10795000FF2299428DF8342000F0B880A84B99425C
:107960007FF4BBAB3A68638842F410023A6005E5E5
:107970000AAB009330461A99019507AB0DAA07F0A0
:10798000DDFA00287FF4ABAB9DF81C30042B7FF4AC
:10799000A4AB238803EA0A0ABAF5824F7FF49DABB1
:1079A000DBB2422B7FF499AB0A9B618899427FF44A
:1079B00094AB1D9B19601E9B19601B9B002B3FF411
:1079C0000AAC1C9B002B3FF406AC1C9A01F11F0370
:1079D00012685B090133B2EB830F4FEA8300FFF4B7
:1079E000FAAB11231C9C002220601B9800900D987C
:1079F00002F08EFD6CE40DAB009330461A990AAB91
:107A000007AA07F049FC00287FF469AB63697D4A47
:107A100023F0FF03934240F07F819DF83430002B28
:107A20003FF45BAB3B68628843F410033B60089B08
:107A30001D99DB000B6012B193427FF44EAB0B9BA0
:107A40001E9ADB0013601B9A002A3FF4C4AB1C9AF9
:107A5000002A3FF4C0AB1D9A1C9912681F335B09C2
:107A60001F320968023303EB5213B1EB830F4FEA65
:107A70008302FFF4B0AB1C9B07981A601D9B002289
:107A800019680223DEE662881C9C009205941B9C08
:107A9000314604940DAC03940AAC029407AC1A9AD4
:107AA000019403F09FF900287FF419AB75E5002DD0
:107AB00000F0B6804EA1D1E900010123C6E5002DFA
:107AC0004ED04DA1D1E900010123BFE587ED007B38
:107AD000638853E40AAB009330461A99019507ABCB
:107AE0000DAA07F08DF900287FF4F9AA9DF81C3043
:107AF000012B00F0C480022B7FF4EFAA238803F44B
:107B00004F42B2F5824F7FF4E8AADBB2302B7FF40C
:107B1000E4AA11230A9A618891427FF4DEAA1B9A93
:107B2000002A3FF4DAAA1C9A002A3FF4D6AA1C9C29
:107B300001F11F02246852090132B4EB820F4FEAAF
:107B40008200FFF448AB1D9A11601E9A116049E74C
:107B50003B687A6843F48003FFF7A9BB0123C9E6B9
:107B600000250AAB009330461A9907AB0DAA019580
:107B700007F046F900287FF4B2AA9DF81C30022BCA
:107B80006CD0032B59D0012B7FF4A7AA228802F4D2
:107B90004F41B1F5824F7FF4A0AAD2B2122A7FF4EE
:107BA0009CAAD7E9002042F4001261883A600A9A40
:107BB000786091427FF491AA1D9A11601E9A11601B
:107BC0001B9A002A3FF407AB1C9A002A3FF403AB30
:107BD0001C9C01F11F02246852090132B4EB820F90
:107BE0004FEA8200FFF4F7AAFCE600BFAFF3008083
:107BF0000148410400000000014821040000000089
:107C000000130006000300060AAB009330461A99E1
:107C10000DAB07AA07F0B8FA00287FF460AA32E695
:107C20000AABCDE9003530461A9907AB0DAA07F02B
:107C300085F900287FF453AA9FE7238803F44F4275
:107C4000B2F5824F7FF449AADBB2412B7FF445AAFB
:107C50003A680123786842F48002A6E7238803F497
:107C60004F42B2F5824F7FF438AADBB2302B7FF45B
:107C700034AA3A681123786842F4001295E7228802
:107C800002EA0A0ABAF5824F7FF427AAD2B2122A70
:107C90007FF423AA3EE71C9B42461C601B9C304697
:107CA0001123009402F034FCFFF712BB1B9A002A48
:107CB0003FF413AA1C9A002A3FF40FAA61881068A7
:107CC00001F11F0252090132B0EB820F4FEA820428
:107CD000FFF481AA00293FF400AA1D9A30461160E2
:107CE0001E9A0A9111601C9A14601B9C42460094D3
:107CF00002F00EFC0A9BFF2B7FF4EAAA1B9B1B9948
:107D00001A7993F8233022F0070243F040030A71F6
:107D100081F82330FFF7DCBA094A93423FF47DAE85
:107D2000084A93427FF4D9A99DF83430002B7FF4A0
:107D3000D4A93B68628843F400033B6077E600BF48
:107D40000013000600020006F0B5002705463C4C73
:107D50003C4E89B04FF48072394620462F6000F0C7
:107D6000DFFA4FF480723946304600F0D9FA4FF00E
:107D7000E0624FF4C20320462260236105F0C4FF95
:107D800000284FD1304605F0F7FF00284AD133686C
:107D9000BB424FEA136203F480310BDB0A4312F05B
:107DA000FF0442D176686EB9274806F05BFB204697
:107DB00009B0F0BD02F07F0252420029EFD122F457
:107DC0008032ECE705F066F920B319A1D1E9000192
:107DD0002B46402206F02CFC0446F8B9CDE90500FC
:107DE000CDE90300CDE90100009037233146174A61
:107DF000286806F0E7FD04460028D8D0144806F0AD
:107E000031FB286806F072FC0023984218BF044634
:107E10002B60CCE708A1D1E90001D9E70D4806F0B5
:107E200021FBC4E76FF09204BEE76FF09A04BEE74F
:107E30000128350000000000012935000000000085
:107E4000807A002098870020042103002421030069
:107E5000B8200300E020030070B5234D86B02C68E5
:107E600034B10020214A13680133136006B070BD9D
:107E70001F4805F09BFD286060B39FED197B1B4AEE
:107E80001368013313601B4B1B4A83ED007B83EDAA
:107E9000027B83ED047B83ED067B146006F002F920
:107EA000013014D0154E164B16492868164ACDE9F4
:107EB00000160293CDE90344144B154905F0F8FF71
:107EC000337823B106B0BDE8704007F04DBA6FF0CB
:107ED0000100CBE74FF0FF30C8E700BFAFF30080F1
:107EE0000000000000000000A08800209C88002006
:107EF0002C220300807B002098880020C589002068
:107F0000F46D0020C6890020C7890020C8890020A0
:107F1000C98900200348044B834202D0034B03B1BC
:107F200018477047006E0020006E0020000000001F
:107F3000064B0749C91A891048BF0131491003D0BF
:107F4000044B0BB101481847704700BF006E00207A
:107F5000006E00200000000010B5064C237843B9E5
:107F6000FFF7D8FF044B13B10448AFF3008001239F
:107F7000237010BDC289002000000000F822030019
:107F800008B5054B1BB105490548AFF30080BDE8B6
:107F90000840FFF7CDBF00BF00000000A07B00201D
:107FA000F8220300A3F5803A704700BF174B002B5F
:107FB00008BF134B9D46FFF7F5FF00218B460F4688
:107FC0001348144A121A00F0ABF90E4B002B00D0E4
:107FD00098470D4B002B00D098470020002104004B
:107FE0000D000D48002802D00C48AFF3008008F0C7
:107FF000E5FA20002900FAF7FFFB08F0CDFA00BFF0
:10800000000008000000000000000000380C002004
:10801000006E0020CC89002000000000000000005D
:10802000B7EE000AF7EE000AB7EE001AF7EE001AF4
:10803000B7EE002AF7EE002AB7EE003AF7EE003A64
:10804000B7EE004AF7EE004AB7EE005AF7EE005AD4
:10805000B7EE006AF7EE006AB7EE007AF7EE007A44
:10806000F1EE10CA40F29F01CFF200013CEA010C90
:10807000E1EE10CA002383F300887047FAF7BABB19
:10808000FFF7FCFFFEE700BFFAF7B4BBFFF7FCFF0A
:10809000FEE700BFFAF7AEBBFFF7FCFFFEE700BF4D
:1080A000FAF7A8BBFFF7FCFFFEE700BFFAF7A2BB99
:1080B000FFF7FCFFFEE700BF03281DD8DFE800F054
:1080C00017120D024FF09C43B3F848034FF6FF73AD
:1080D000984208BF4FF4004070474FF09C43B3F8FC
:1080E0004A03F3E74FF09C43B3F84C03EEE74FF03D
:1080F0009C43B3F84E03E9E74FF40040704700BFDC
:1081000010B4032830D8DFE800F028211A024FF01D
:108110009C4393F94423120192B24FF04021002076
:10812000D1F80838114C23F47F4323F0F0031343B4
:10813000CC60C1F808385DF8044BC86070474FF058
:108140009C4393F94523120192B2E6E74FF09C431A
:1081500093F94623120192B2DFE74FF09C4393F963
:108160004723120192B2D8E70022D6E72769AFC5AC
:1081700000F1804303F514331960704700F180402B
:1081800000F5143001607047034B04491A68036816
:108190000860134303607047B87B0020A06C002088
:1081A000124B01291A6804D832F81130184322F80A
:1081B0001100138852880E4813439BB202782BB9E2
:1081C00092B102210B4A116203707047012A07D055
:1081D000022208494A61CA689207FCD5012202704E
:1081E000054A23F001035360704700BFA06C0020D4
:1081F000F66D00200000024000000840124B0129EB
:108200001A6805D832F8113023EA000322F8113039
:10821000138852880D4813439BB202782BB992B150
:1082200002210B4A116203707047012A07D0022213
:1082300007494A61CA689207FCD501220270054AC3
:1082400023F0010353607047A06C0020F66D0020FE
:1082500000000240000008400E4B0F481A680178E9
:108260001388528813439BB22BB991B102210B4A58
:10827000116203707047012907D0022207494A6141
:10828000CA689207FCD501220270054A23F0010357
:1082900053607047A06C0020F66D00200000024083
:1082A0000000084082B140EA01039B0784460CD0DD
:1082B00002E00B439B0708D0634611F801CB013A5B
:1082C00003F801CB9C46F4D17047032A10B525D999
:1082D0000B46A2F1040E2EF0030E04318E44ACEBDB
:1082E000030C1C6819464CF803400CEB03040433E0
:1082F0009E45F6D102F00302531E72B1043104F11F
:10830000040C0C788CF800403BB14B78022A8CF8B6
:10831000013002D08B788CF8023010BD531EF0E78C
:1083200030B50C0444EA01640C4344EA012472B100
:1083300083070DD084465FFA81FE02E013F0030F3D
:1083400007D06346013A03F801EB9C46F6D130BDF5
:108350000346032A1FD9A2F1040E2EF0030E03F1E7
:10836000040CE6441D461C60634673450CF1040C86
:10837000F8D102F00302541E002AE8D02B1DC9B226
:108380001970002CE3D0012C5970E0D0032A9970A9
:10839000DDD0D97030BD541EF1E700BF024B1B6821
:1083A0005B689B68184700BF400C0020024B1B68AD
:1083B0005B685B68184700BF400C002010B4044C99
:1083C000246864682468A4465DF8044B604700BFD5
:1083D000400C0020024B1B685B68DB68184700BF3D
:1083E000400C0020024B1B685B681B69184700BFEC
:1083F000400C002010B4044C246864686469A446EE
:108400005DF8044B604700BF400C002010B4044CE2
:1084100024686468E469A4465DF8044B604700BFC3
:10842000400C0020024B1B685B681B6A184700BFAA
:10843000400C0020024B1B685B685B6A184700BF5A
:10844000400C0020024B1B685B68DB6A184700BFCA
:10845000400C0020024B1B685B681B6B184700BF79
:10846000400C0020024B1B685B689B6B184700BFE9
:10847000400C0020024B1B685B68DB6B184700BF99
:10848000400C0020024B1B685B685B6C184700BF08
:10849000400C0020024B1B685B689B6C184700BFB8
:1084A000400C0020024B1B685B68DB6C184700BF68
:1084B000400C0020024B1B685B681B6D184700BF17
:1084C000400C002030B51D4B85B09D6AA84703695C
:1084D000012B2FD1A8471A4C8368A360A8470346F5
:1084E0001B7D01A82376FAF717F818BBA1689DF841
:1084F0000C30029A01FB03F3B2FBF3F50199114A28
:10850000616011482146E360258200F047FA08B116
:1085100005B030BD0C4800F077FA0028F8D00A48C2
:1085200000F090FA0028F3D1074805B0BDE83040CC
:1085300000F06ABA6FF08000EAE700BF0C4A020060
:10854000BC6C00205812030018810020114670B541
:1085500051EA030284B0DDE9085435D0072C30D845
:108560000422CDE9021301900DEB02011948FFF737
:1085700099FE0822184E0DEB02011848FFF792FEF3
:1085800032461449164800F05FFAA8B9B368DB0711
:108590001DD444F44034C6E9015401F0CDFA00245E
:1085A00006462B460C4A0B490D48CDE9084604B057
:1085B000BDE8704000F05CBA10F18C0FE9D004B057
:1085C00070BD6FF08500FAE76FF08600F7E76FF097
:1085D0008400F4E73C8100203081002040810020AD
:1085E00018810020114670B551EA030286B00A9D39
:1085F0002FD0CDE90301042203A91748174C059396
:10860000FFF750FE082204A91548FFF74BFE22464B
:108610001149144800F018FAA0B92468AC4218D3E4
:108620000B9B641B9C4228BF1C460C9B1C6001F0EA
:1086300083FA06462B46224607490A48009600F070
:108640001DFB08B906B070BD00230C9A136006B07C
:1086500070BD6FF08600F5E73C810020308100207E
:108660004081002018810020114630B551EA0302F4
:1086700085B0089C1CD00422CDE901010DEB02015C
:108680000D480393FFF70EFE08220C4D0DEB02017F
:108690000B48FFF707FE2A4607490A4800F0D4F9BD
:1086A00020B92B68AA68C4E90033A26005B030BDC8
:1086B0006FF08600FAE700BF3C8100203081002087
:1086C000408100201881002010B5144654EA0302AE
:1086D00084B01FD00422CDE901040DEB0201114842
:1086E0000393FFF7DFFD08220F4C0DEB02010F484B
:1086F000FFF7D8FD22460B490D4800F0A5F958B9FF
:10870000A368DB070AD40749094804B0BDE8104054
:1087100000F0A2BA6FF0860004B010BD6FF08400C4
:10872000FAE700BF3C81002030810020408100201A
:108730001881002008B503461B6800209B689847F5
:10874000002818BF6FF0910008BD00BFF8B51D46A6
:10875000036804465B680E461746984703460B4A73
:108760006068C3F3410312F823200544069BE068C8
:1087700024683946B3FBF2F200FB0650A469A04717
:108780000028B4BF6FF091000020F8BD6C12030008
:108790000020704770B50446C06898B10E460025A9
:1087A00004E0D4E902301D44A8420BD9D4E90023E7
:1087B0002B4400FB0630D36998470028F1D06FF0B6
:1087C000910070BD002070BD2DE9F04782B00A9D78
:1087D0001DB9002002B0BDE8F08717464268064682
:1087E00013440268C068526800FB013490472A4B6A
:1087F000C0F3410013F82090B4FBF9F809FB08F826
:10880000444542D03368012240465B6901A998473C
:1088100000283DDBA4EB080301AAD1182B4499459D
:108820002ED8A9EB040AC24452463846FFF73AFD57
:10883000B5EB0A05CDD004EB0A083268A9455369A7
:1088400010D84046B5FBF9F807EB0A0142469847B5
:1088500000281DDB09FB08F2AD1ABAD09244326839
:1088600004EB0A0853694046012201A998470028F1
:108870000EDB2A4601A907EB0A00FFF713FDA8E764
:108880002A463846FFF70EFDA3E74FF0000AD4E76B
:108890006FF091009EE700BF6C1203002DE9F04FCE
:1088A00003688FB006AA04460D46DF6800F072FD2B
:1088B00010B10FB0BDE8F08F0BA801F04FF90146E1
:1088C000002865D1DDE90669202206A8DDF82480AC
:1088D000FFF726FD2946204606AA00F085FF00285E
:1088E000E7D12368DB8A63B3834682460CE05946AE
:1088F000204606AA00F078FF0028DAD12368DB8A38
:108900000BF1010B5B451DD95D45F9D05946204659
:1089100006AA00F03FFD0028CBD1069BB342E6D16A
:108920000BA801F01BF90028E1D1079B4B45DED9CC
:108930009F4228BF1F46A3EB08030793099B9A4455
:10894000D5E79A46B8F1000F0DD14146204603AA5B
:1089500000F070FD0028ACD14146204603AA01F08A
:108960004FF868B1A5E73B46424631462046CDF870
:1089700004A0CDF8009000F0A3F9002899D11EB111
:10898000204600F0FBFF30B9204600F0C3FC90E722
:108990006FF08B008DE76FF083008AE780B370B5CE
:1089A0000C4651B3154642B30B8A012B25D9032B34
:1089B00023D0CA8A022B0646C968A08A4FEA42120F
:1089C00012D1A1F114039B1A834216D3884214D802
:1089D0001432914211D3182200213046FFF7A0FC37
:1089E0000020C6E9004570BD884206D80C20023B35
:1089F000083200FB03238B42EDD96FF0860070BD77
:108A00006FF08600704700BF30B583B0054600F0B8
:108A10003BFF044610B1204603B030BD4FF08071DB
:108A2000284601AA00F010FC30B110F18C0F18BFDD
:108A30000446204603B030BD28460199FFF72EFFBB
:108A40000446E8E700F0F2BD10B58AB0144602AB68
:108A500001AA00F081FB40B9DDE90412BDF818302D
:108A6000C4E90012A3600AB010BD6FF08B00FAE7F2
:108A70002DE9F04192B00446884615460021202297
:108A80000AA81F46189EFFF74BFC4FF6FF73CDE96F
:108A90000533002D00F0DC80AB68B3F1807F80F0FF
:108AA000D780414620460AAB05AA00F055FB0028B6
:108AB00000F0968010F18C0F40F08F80AB68DB03E4
:108AC00040F18B804FF6FF73069A9A4240F09B80EC
:108AD0002368998A6B688B4200F2BA800AA8A96859
:108AE0000290059807AD821A06A818BF01220091CE
:108AF000019041462046039500F004FD00286CD10A
:108B00002FB30C9B9E4200F287803A4631460D9867
:108B100001F018F800287FD1199B2946CDE9007390
:108B2000204633460AAA00F045F9002874D10C9B70
:108B30003E449E420A99204688BF0C96079E00F04C
:108B400005FB314607900A9A204600F049FE2A4666
:108B500020460A9900F054FF00285DD1069920466E
:108B60000AAA00F041FE0146002855D1DDE905536F
:108B70009D4228BF1D4620462A4600F0A5FA00283F
:108B80004AD14FF6FF72059B934210D0069A93424A
:108B90000DD09A4238BF1A462046691C00F094FA5C
:108BA000002839D1DDE905539D4238BF1D462368B1
:108BB0002046DA8A691C00F087FA68BB0A9B73BBFF
:108BC0006FB3204600F0A6FB38B94FF6FF73059946
:108BD000994202D0069B994234D112B0BDE8F0818F
:108BE000D5F808C0059A1CF4003F06D069680D9BB3
:108BF0008B421AD10C90CDF838C04FF6FF739A42D1
:108C000006923FF465AF07AD2A4620460A9900F068
:108C100011FC00283FF474AF6FF08300DDE72046BD
:108C200000F0ACFE0028CCD0F6E70E9B114643F0D6
:108C3000807320460AAA0E9300F0D6FD00283FF468
:108C400041AFE9E72046FFF729FE12B0BDE8F08109
:108C50006FF08600C1E700BF10B582B0002301AA03
:108C6000044600F079FA28B920460199FFF716FE6C
:108C700002B010BD6FF08B00FAE700BF70B58CB08A
:108C800015461C4603AA04AB064600F065FA98B9DF
:108C90002A462146069800F055FF58B92246109CF6
:108CA0002B46304604A9009400F062F8002818BF53
:108CB0006FF083000CB070BD6FF08B00FAE700BF5F
:108CC0002DE9F04186B0904603AA05461F460E46A0
:108CD00000F0B0FB044618B1204606B0BDE8F081B4
:108CE000059B314643442846059300F02FFA0D9B1F
:108CF00080464BBB1F46DDE903120C9B9A420BD208
:108D00000B460C992846891A01910092414600F0C1
:108D100089FD20BB012703993246284600F060FDFB
:108D20003146284603AACDF80C8000F069FE0446BF
:108D3000C0B9002ED0D0002FCED06B684146DB6882
:108D4000286898470446C7E7CDE900730146039BAE
:108D500028460C9A00F066FD01270028CBD06FF062
:108D60008304B9E732464146284600F039FDB3E7AF
:108D70002DE9F04184B090460C4601AA09680546E9
:108D80001E460A9F00F056FB70B901994B1C0BD090
:108D90000A966368D5E9000464683A46A4464344E9
:108DA00004B0BDE8F04160476FF0830004B0BDE857
:108DB000F08100BF2DE9F0470F4682B011681646DA
:108DC000DDE90AA91C46054600F0C0F98046736833
:108DD0007A681C44A31A00920193284641463B68D6
:108DE00000F020FD48B9CDF800A0696823464A4646
:108DF0008C6828684146A04710B102B0BDE8F087F2
:108E0000F16872682B680A44DB680092B9682846EA
:108E10005B1A9B1A019341463B6800F003FD002852
:108E2000EBD13368002BE8D041466B682868DB68DB
:108E300002B0BDE8F04718472DE9F04F00264FF08B
:108E40000C0805468B46914634468BB02EE0CDF893
:108E500000806F685946D7F804A002AA0134D047B1
:108E600000286CD19DF809109DF808309DF80A2063
:108E70009DF80B004B4053409DF80C109DF80D20C1
:108E800043404B409DF80E009DF80F105340434067
:108E90009DF810204B409DF8110053409DF8121092
:108EA0009DF8132043404B4053405E40286804EB3C
:108EB0004403028A9B00022A0CBF0121911E8C42AE
:108EC00003F10803C3D3C38A002B3BD000244FF027
:108ED00020081DE0DDE902325340DDE90401069A75
:108EE00043404B400798089953404340099A4B40F0
:108EF0005340C3F307225A40C3F3074128684A404E
:108F000082EA1363C28A73409442DEB21AD2028AA2
:108F1000022AA2F1020303EB430308BF0C23696892
:108F200018BF9B0003EB4413D1F804A002AA5946D2
:108F3000CDF800800833D04701340028CAD00BB0E8
:108F4000BDE8F08F002089F800600BB0BDE8F08F1D
:108F50000821F0B5002304468BB000914068194603
:108F6000456806AA2068A847002845D0206808AAB6
:108F7000082665680096002301216D68A84700282F
:108F800040F084809DF82430012B5BD0022B7DD1F2
:108F900023689DF826201B7E9A4277D005464FF025
:108FA000FF360746012120460DF11702FFF744FF67
:108FB000D8B99DF825209DF817309A4215D1002D7B
:108FC00046D023681B7E9DF82620B3FA83F35B0905
:108FD00093429DF81E104ED08B4245D0914233BF34
:108FE000012600260127002701E0002D4ED0002099
:108FF000C4E904670BB0F0BD9DF81C300146012B9D
:1090000020682AD0022BB2D19DF81E20037E9A42FE
:1090100008AAADD020460392FFF70EFF039AD0B9FD
:109020009DF81D109DF8203020689942A0D1082697
:1090300065680096002301216D68A84748B30127A1
:109040000026D4E722689DF82530127E9A421DD072
:1090500000270126CBE720688AE79DF81D20037EC4
:109060009A4208AAE3D183E7002B0CBF0123022315
:109070009A42E4D1B2E7002B0CBF012302239942AC
:1090800013BF0126002601270027B0E76FF08300F9
:10909000B0E79DF82470012F0BD0022F11D1236867
:1090A0009DF826201B7E9A420BD0012506462F46AE
:1090B00078E723689DF82520197E914282D10646E3
:1090C00095E70127064692E72DE9F0470646006836
:1090D000551A038AC2B0022B08BF4FF00C09D6E91B
:1090E00004781EBFA3F1020909EB49094FEA890977
:1090F00009EB41196D0109F108090ED121E07068F1
:1091000000944B46D0F808A04146306802AAD047E8
:10911000A14498B92D1B14D03068B5F5807F2C463A
:1091200028BF4FF48074D6F804C000944B463946EB
:10913000DCF804A002AAD0470028E0D042B0BDE885
:10914000F087002042B0BDE8F08700BF09B1806819
:1091500070474069704700BF2DE9F0470546006839
:109160009846C38A8AB0002B57D00E4691460024F9
:109170002027B0F810C06968BCF1020F0FBF0C23A4
:10918000ACF1020303EB43039B00009703EB441392
:10919000D1F804A002AA29690833D04728B16FF09A
:1091A000830C60460AB0BDE8F0872B68029A1B8AE0
:1091B000022B0CBF0123023B9A42F0D207A800F019
:1091C000CDFCF0B92868059A838A9A42E7D8049BB7
:1091D0009A42E4D3DDE9023173B9038AB0F816C0CC
:1091E000022B0FBF0C23023B03EB43039B0003EB5B
:1091F0004C1308338B42D2D8C06800F0A3FC00287F
:10920000CDD10C22314607A806F0F6FC844650B1B9
:1092100028680134C38AA342ABD86FF08B0C604638
:109220000AB0BDE8F087C9F80040B8F1000FB8D027
:1092300002AC0FCCA8E80F0094E80F0088E80F00FC
:1092400060460AB0BDE8F0872DE9F04305460068A6
:109250008BB0C38A002B51D00E46904600242027A5
:10926000038A6968022B0FBF0C23023B03EB430305
:109270009B00009703EB4413D1F8049002AA2969DC
:109280000833C847814628B16FF0830948460BB0C0
:10929000BDE8F0832B68029A1B8A022B0CBF0123C6
:1092A000023B9A42F0D207A800F058FCF0B92868B7
:1092B000059A838A9A42E7D8049B9A42E4D3DDE96F
:1092C000023173B9038AB0F816C0022B0FBF0C230A
:1092D000023B03EB43039B0003EB4C1308338B422D
:1092E000D2D8C06800F02EFC0028CDD1069B1E42CB
:1092F0000AD128680134C38AA342B1D86FF08B0920
:1093000048460BB0BDE8F0834846C8F800400BB0B3
:10931000BDE8F08370B5827B0168531CDBB28373B8
:10932000097E04469942416904BF023282730129D1
:1093300082B000F10D022AD8FFF77EFD78B9082629
:1093400065680346616920680096AD68A219A84760
:1093500028B963686169DB682068984708B102B082
:1093600070BD6368D4E904121B692068C4E9042154
:1093700098470028F3D123681A8A022AEFD91846A1
:109380006268A168136902B0BDE8704018476FF0C9
:109390008600E4E770B5044600681546B0F810C0D2
:1093A0006268BCF1020F0FBF0C23ACF1020303EBA8
:1093B00043039B0003EB4113202182B000915668C8
:1093C00021692A460833B047064610B1304602B03C
:1093D00070BD23682A681B8A022B0CBF0123023B45
:1093E0009A4223D205F1140000F0B8FB0028EDD119
:1093F0002068EA68838A9A4218D8AB689A4215D3E3
:10940000D5E900316BB9038AC48A022B0FBF0C2344
:10941000023B03EB43039B0003EB441308338B42F3
:1094200004D8C06800F08EFB0028CFD06FF09706FC
:10943000CCE700BFF0B50C2583B0009501EB4101EE
:109440008B00416804464F6808330169006816467E
:10945000B84708B103B0F0BD236831681A8A914259
:109460000CD2B268D868716800F06CFB30B9336810
:10947000012B06D905467368AB42EBD06FF097001D
:10948000E8E72368DA8A1B8A022B03D0023B03EB4E
:1094900043039D0005EB42150835ECE7F0B50C25BC
:1094A00083B0009501EB41018B00416804464F6891
:1094B0000833016900681646B84708B103B0F0BD2B
:1094C000236831681A8A91420CD2B268D8687168F0
:1094D00000F038FB30B93368012B06D905467368B4
:1094E000AB42EBD06FF09700E8E72268138A022BBB
:1094F00003D0023B03EB43039D00D38A05EB4315E6
:109500000835ECE72DE9F04F98464FF0080B0026A0
:109510004FF00C0992468DB00446199D00680391E6
:10952000028A022A0CBF0122023AB24259D961686A
:10953000CDF800904F685B462A462169B847F8B1DC
:109540006FF083072068C38A9BB1002556462946E1
:10955000204604AAFFF71EFF58B909A800F0FEFA3A
:1095600010B1002E35D1012623680135DB8A9D42DA
:10957000EDD34FF6FF73179A13606FF08D072CE051
:1095800020682968028A91424CD2AA68C06869683A
:1095900000F0D8FA07460028D2D12A682068012AAC
:1095A0000AD93A46696891423CD1AA680BF10C0B82
:1095B000904519D90136B3E7028AC18A022A0FBF42
:1095C0000C22023A02EB4202920002EB41120832F4
:1095D000E8E7179B1D60002FCFD138460DB0BDE8DE
:1095E000F08F6FF08D07AEE7189B03991E60C3687C
:1095F0009B1A189A53601346C2F80C8003F11400AA
:109600000C22FEF74FFE189B169A1A610023189A37
:1096100093602368DA8AAB68A3EB0803AB60002A87
:1096200093D1A6E76FF083078DE700BF2DE9F041E6
:109630008EB00446FFF78CFC002840F09B806669E2
:10964000636831461B69206898470546002840F04A
:109650008D80D4E90003B6FA86F11B694909984761
:109660000546002840F082802068037EB3FA83F329
:109670005B09A373038AC18A022B7DD101220C23CB
:10968000A26002220C2503EB411300260121227364
:10969000C26808332661616100950493D31A626839
:1096A00003919568059303AA0823A8470546002857
:1096B0005CD120680495C3680593038A022B2FD0E0
:1096C0002E46DA1EB24206F1030106F1010608D960
:1096D00063681B699847024620681543038A022B7A
:1096E000EFD1002D79D1022B4FF014064FF00C076B
:1096F000A3F1030214D0954212D200976368616906
:10970000D3F80880EB1C039303AA334601350C36CB
:10971000C04748BB2068038A022BA3F10302EAD1A9
:109720002022002106A8FEF7FBFD2068C38A4BB368
:109730000025202603E02068C38AAB4222D9028A92
:109740006168022AA2F1020303EB43030CBF0C235E
:109750009B00009603EB45138F6806AA61690833E6
:10976000B84701350028E6D06FF0830528460EB0D3
:10977000BDE8F081002663E70222023B03EB4303CE
:1097800093407DE7A27B531CDBB2A373017E994219
:10979000616904BF0232A273012904F10D02E3D80A
:1097A0002046FFF749FB03460028DDD108266568FF
:1097B000616920680096AD68A219A8470028D3D136
:1097C00063686169DB682068984705460028CDD149
:1097D000D4E90423C4E90432C8E76FF09105C5E772
:1097E00002B18160704700BF30B586460068202511
:1097F000B0F810C083B0BCF1020F0EBF0C23ACF167
:10980000020303EB4303DEF8044018BF9B0003EBA5
:109810004113DEF814100095A4680833A04703B084
:1098200030BD00BF2DE9F04FC3B0DDE94C863EB33B
:1098300005468A46174699460CE0686800943B4600
:10984000D0F808B05146286802AAD8472744A0B9E2
:10985000361B15D0B6F5807F344628BF4FF4807490
:10986000D5F804C02868009443464946DCF804B0A3
:1098700002AAD847A0440028DFD043B0BDE8F08F4B
:10988000002043B0BDE8F08FF0B50446D0E90003F6
:1098900087B01B689847054610B1284607B0F0BD51
:1098A0002046FFF755FB034640B908266568216945
:1098B000206800966D68A219A84710B16FF0830563
:1098C000EBE7237B2169012B2FD0022BF6D12368F4
:1098D000A27B1B7E9A42F1D00129EFD8204603AA31
:1098E000FFF7AAFA0028E9D1627B9DF80C309A4272
:1098F000E4D12068636861691B69984705460028C0
:10990000DCD12068038A022B05D96368A1681B6932
:1099100098470028D2D1237B012B0CD0022B18BFF3
:109920006FF08305284607B0F0BD2068627B037E98
:109930009A42DFD1C2E70021204603AAFFF7AEFD1D
:1099400005460028A9D16FF0070508222368059F66
:10995000DE68ED1B3544D4E904312046CDE900250D
:10996000FFF760FF0546002897D10223627B20465F
:10997000A2732373FFF7CEFC05468EE770B50C2566
:1099800086B00095416804464E68082301690DEBD6
:1099900005020068B04708B106B070BD236803999E
:1099A0001A8A914228D2DDE90412D86800F0CAF878
:1099B000024608BB039B012B10D9049B93421BD189
:1099C0002168059BC9682046C91A891A2369CDE90F
:1099D00000216169FFF726FF06B070BD2268138A77
:1099E000D28A022B03D0023B03EB43039D0005EB1D
:1099F000421505F10802E0E76FF09700CCE700BFE1
:109A00002DE9F04304468846436801EB4105AD006B
:109A10009F680068616987B005F10803B8F1000F1D
:109A20001FD10C2611600096B847002843D1D4E915
:109A30000476236805F10C011B8A05F11402022B40
:109A40000FBF0C259D1E05EB4505AD006D1A3B466D
:109A500031462046CDE90025FFF7E4FE07B0BDE81A
:109A6000F0834FF00C09CDF80090B847014610BBC9
:109A7000D4E90476204603AAFFF7DCFCD8B9CDF878
:109A8000009063686169D3F808902068082303AAEE
:109A90000396C84778B9B8F1010FCAD01422A5F1CE
:109AA0000C03019331463B4620460092FFF7BAFE75
:109AB0000028BED0D2E76FF0830007B0BDE8F08386
:109AC00002460B4640F22D10FEF7FEBD30B50446AF
:109AD0000D46114683B022462B46009140F22D10D0
:109AE000FEF7C2FD03B030BD10B584B0CDE9002350
:109AF0000B460799069C0291044902460C6040F20D
:109B00002D10FEF76FFD04B010BD00BF488100208E
:109B100030B504460D46114683B0069A40F22D102A
:109B20000192044A136022462B460091FEF70EFD77
:109B300003B030BD48810020014B1868704700BF5A
:109B400048810020814206D8401A90422CBF002054
:109B50006FF0860070476FF0860070470378D3B9C6
:109B60004278C2B98378B3B9C278A2B9017991B900
:109B7000437983B9827972B9C37963B9027A52B9E8
:109B8000437A43B9837A33B9C37A002B0CBF6FF0A1
:109B90008B00002070470020704700BF0023FF218A
:109BA00010B5224C88B022780793ADF81A308DF8A2
:109BB00014308DF815108DF816308DF817308DF89B
:109BC00018308DF8193012B1002008B010BD07A868
:109BD0000DF1190106AA0DF11703CDE90210CDE927
:109BE00000320DF11A010DF116030DF1150205A851
:109BF00003F0AAF90028E8D19DF815300BB10F2B1E
:109C00000BD103F063F80028DFD1094B094819682C
:109C100003F026FC01232370D6E7024606490748D5
:109C200004F020FC6FF09600CFE700BFC38900204E
:109C3000A80B0200DC6200208C12030078120300E3
:109C400001F0FE42B2F1006F1AD1034602F2014266
:109C500021F00800904202D06FF08500704710B4E8
:109C600000226FF060441046C3F8E440C3E90122CB
:109C7000C3E936225DF8044B1960A3F8E820704769
:109C80006FF08600704700BF036823B1D0F8E4305E
:109C900000200B6070476FF0880070470268034631
:109CA00062B1D0F8E4208A420BD390F8E90058B9A9
:109CB0000122C3F8E41083F8E92070476FF08800B0
:109CC00070476FF0860070476FF08400704700BFE8
:109CD00070B5054608466C682AB31E461BB3002CB7
:109CE00040D040F201239842114623D040F206238F
:109CF000984234D1D5F8D800A0B304F140440234DE
:109D0000012C28D9A6F130030344972B27D8002231
:109D10002B180D301A7328443246FEF7C3FAC5F8E3
:109D2000DC60002070BD002C14BF6FF086006FF067
:109D3000880070BD04F140440234012C8CBFC7235D
:109D4000CC23B3420BD3324605F10C00FEF7AAFA3E
:109D5000C5F8D860E5E70D23C5F8DC30E1E76FF022
:109D6000860070BD6FF0880070BD00BF70B58CB00C
:109D70006D4685E80C0040F20113994249D16FF01D
:109D800040439A42164604460FD1234B02689A423A
:109D900024D1012384F8E830002395E8030004343B
:109DA00084E8030018460CB070BD02AA95E80300D1
:109DB00002F04AF903460028F4D1DDE906201749EC
:109DC000BDF808C08E4223680BD013498B421AD0CD
:109DD000B2F5804F04BF012384F8E8306FF08603AA
:109DE000E0E70F498B42F3D19842F1D1BCF5885F8F
:109DF00002D0BCF5905FEBD1B2F5804FC9D0B2F57F
:109E0000004FC9D0EAE79842E2D1BCF5105FDFD13C
:109E1000F2E76FF08503C5E701040008FEFFFF3F8E
:109E2000090400084388F0B507334FEAE30C0388C0
:109E3000D1F8E4604F684468856813B303F4E043E5
:109E4000B3F5804F1DD04FEA142EBEF1010F18D18B
:109E5000E4B2802C15D16FF040439F420ED0114BDD
:109E6000013D9D420DD8664515D30B680E4C23F07D
:109E70000803A34208D06FF08800F0BD013B9D426B
:109E8000F1D06FF08600F0BD91F8E83033B1BDE855
:109E9000F04001F0ADBB6FF08E00F0BD6FF08400BC
:109EA000F0BD00BFFCFFFF3F0104000838B50025EE
:109EB0000446C0E900558560CC2229460C30FEF7E7
:109EC0002FFA2846C4E93655C4E93855A4F8E850B5
:109ED00038BD00BF91427ED030B5AD4C21F0FF03BC
:109EE000A34286461DD0AB48834276D0AA4DAB42F2
:109EF0000AD021F4FF7C2CF0010CBCF1062F03D01A
:109F000005F5E065AB4224D122F0FF0CA44506D054
:109F100084450ED181EA0200FF2840F2D88000205B
:109F200030BD22F0FF0C9C455ED09A48844500F07D
:109F3000BA80994CA44500F0938022F4FF7020F081
:109F40000100B0F1062F00F096809448844500F09F
:109F5000E78001F0FE43B3F1A06F64D0B3F1407F1E
:109F6000DDD102F0FE43B3F1407FD8D181EA020097
:109F700030F47E10D3D18A4B0B40B3F1607F00F0F8
:109F80003A81B3F1707FCBD10EF4E043B3F5005FBB
:109F9000C6D11EF4E06FCEF30223C1D011F47C1FB2
:109FA00040F00E8101249C4012F47C1300F00B81E0
:109FB000C2F305439C42254638BF1D4611F4004FAD
:109FC00002F4004000F0F080002840F048819C42FC
:109FD00098BF104630BD0846704722F0FF0CA445DC
:109FE0009DD09C45A5D195E711F0FF0311D06D4898
:109FF00043F00073834254D012F0FF000CD101F003
:10A00000FE43B3F1A06FA9D130BD11F0FF0340F0C2
:10A010000C8112F0FF0082D0624B40F00070984239
:10A0200097D1084630BD02F0FE43B3F1A06F7FF434
:10A0300076AF81EA020333F47E137FF470AF0D0430
:10A04000C1F30543C2F3054402F4004000F19A80D5
:10A0500000283FF465AFA3422CBF0846002030BD66
:10A0600081EA0200FF287AD901F0FE43B3F1A06F24
:10A070007FF474AF53E781EA0200FF283FF64FAF49
:10A08000434D21F4875020F01F00A84201D0A34285
:10A0900024D111F0FF032ED0424843F000738342D5
:10A0A00026D1104630BD81EA0203FF2B3FF637AFC1
:10A0B00011F0FF039BD112F0FF003FF431AF394B99
:10A0C00040F000729A420CBF0846002030BD314873
:10A0D0008342EDD0304CA34286D0844621F4FF70F9
:10A0E00020F00100B0F1062F16D02C48834213D087
:10A0F000284B9C4580D0284B9C453FF47DAF22F4F3
:10A10000FF7323F00103B3F1062F3FF475AF234B28
:10A110009C457FF41EAF6FE711F0FF03E8D0BBE76B
:10A1200081EA0200FF289FD81948834200F0B380DB
:10A1300000F58050834200F0B380A342CED111F0ED
:10A14000FF0340F0BB806346134883427FF454AF63
:10A1500012F0FF007FF460AF01F0FE43FEE60C4812
:10A1600083425FD00B4883423FF44FAF6345B5D184
:10A1700011F0FF00E8D00B4B40F000709842BAD1CC
:10A1800010468FE700285BD1A34298BF104630BD30
:10A190000003000600130006000200060009000686
:10A1A0000000C07FFF000002002853D19C427FF4D2
:10A1B000B7AE230403F47C1321F47E10184330BDA2
:10A1C000C1F30544F0E641481040B0F1607F4FD044
:10A1D000B0F1707F01D02546F0E60EF4E040B0F516
:10A1E000005FF8D10123CEF3022083409C42254634
:10A1F00038BF1D46E2E6BEF5885F7FF491AE11F4EC
:10A200007C14DDD13248CBB243F00073834253D08B
:10A2100003F17E43043B0F2B3FF6C6AE2D4850F8AA
:10A220002340C1E611F0FF0305D02B4843F0007333
:10A2300083423FF436AF12F0FF007FF4EDAE6FE6DD
:10A24000A34238BF234621F47E1040EA034040F485
:10A25000004030BD9C422CBF0846002030BD2B047E
:10A2600021F47E1103F47C130B4343F4004030BD12
:10A27000174DD0B240F00070A84216D000F17E40D9
:10A2800004380F28A7D8154B254653F820309C4298
:10A2900038BF1D4692E611F0FF037FF4A8AECAE76F
:10A2A00011F0FF037FF4A3AEA6E6102C25464FF075
:10A2B000100338BF102581E6102475E6064843F0E8
:10A2C000007383427FF417AF1046EBE60000C07FB7
:10A2D0000300000220130300FF000002201303000C
:10A2E00010B4C0B28BB188BBB2F5C07F59D049D889
:10A2F000B2F5807F5DD003D822F02002C02A5DD065
:10A300006FF086005DF8044B70470028ECD0334BAB
:10A3100040F00070984231D8314B9842F0D900F1AA
:10A320007E4005380628EBD801A353F820F000BF83
:10A33000C7A3020001A3020001A30200BDA3020003
:10A34000B3A30200A3A3020093A30200254B40F095
:10A3500000709842C8D0FC3B9842D1D000F17E43B7
:10A36000043B0F2BCCD8204C54F823401B4B984275
:10A370002ED194420DD9FF2A0BD0C1E7194B984238
:10A38000B2D0BDE7B2F5007F03D040F209239A4274
:10A39000B6D1D1E9003243F060530020C1E9003268
:10A3A000B0E7D1E9003243F040530020C1E9003268
:10A3B000A8E7D1E9003243F02053EEE7D1E90032BB
:10A3C00043F00053E9E7D1E9003243F00063E4E7EA
:10A3D000944295D898429FD992E700BF0B000002A3
:10A3E00004000002FF000002E0120300F8B5444B35
:10A3F00005461F6811BB434A434B14681B6804EBB6
:10A40000070C9C44ACEB0404A4456AD958233F4E86
:10A4100003FB046302E00134644538D293F854200E
:10A420005833002AF7D1644531D25823FF2203FB69
:10A43000046383F8542000202C60F8BD802948D0A4
:10A44000002F54D0012958D1304E394633460024CC
:10A4500004E00134BC4203F1580311D293F85420B4
:10A46000002A41D01A79012AF3D11A695207F0D48F
:10A47000B94208BF21460134BC4203F15803EDD371
:10A480000C46BC46A44507D10024204F07E0012913
:10A4900027D16446A445F7D0582707FB0467582303
:10A4A00003FB0463D86C08B102F04EFF582303FB92
:10A4B0000463186D08B102F047FF582238460021A6
:10A4C000FDF72EFF5822FF2302FB046686F8543066
:10A4D000B1E70D4B1B6807EB030CBC4588BF3C463E
:10A4E00094D86FF08D00F8BDBC429ED3C8E7012917
:10A4F000F7D1064E3C463746D1E7BC46002485E7F7
:10A500009C0B0200A40B0200A00B020020460020BE
:10A510004FF0000C2DE9F0410C4661F3070C01F1FE
:10A520001F0E090A61F30F2CE51D4FEA5E1E069E01
:10A5300062F3174CED0863F31F6CB5EB8E0F80468A
:10A5400046F804CB4FEA8E0719D8FF2CA7EB050776
:10A550000CD001462A46304604F0FCFE6FB13A4664
:10A5600070190021BDE8F041FDF7DABE01462A4628
:10A570003046FDF797FE002FF1D1BDE8F081294666
:10A580003A46084803F06EFFFF2C3A4641463046F3
:10A5900003D0BDE8F04104F0DDBEBDE8F041FDF7B9
:10A5A00081BE00BFA41203002DE9F04F002689B040
:10A5B0001F46054613460C46CDE906669DF84890B1
:10A5C0009DF84C80169A79B122B16FF0860009B0DF
:10A5D000BDE8F08F179A002AF7D1189A002AF4D113
:10A5E000B9F1000FF1D007E0002AEED0179A002A47
:10A5F000EBD0189A002AE8D04046149906AA019395
:10A6000004F0C0FA0646002851D1B8F1030F019BAF
:10A6100000F0D480B8F1040F40F08880149A0390C1
:10A620000732D208049202922B220192149A0590CA
:10A630001F324FEA521B0BF101024FEA820AB9F1B5
:10A64000000F41D0002C00F0D68023F08060394606
:10A65000524620F4006007AB03F0EAFF064630BB29
:10A660006E4F4FF4807201463846FDF759FE4FF0A9
:10A67000C8533B606A4B019A03EA0A43FB615FFAE5
:10A680008BF303EB032342EA0343BB60069BC7E95A
:10A6900003657B61634D079B3846C7E90866FE6228
:10A6A000BB61BD6203F030FB08B36FF09206079800
:10A6B00000B1B4B1069818B104F018F8002886D19A
:10A6C000304609B0BDE8F08F002CBED1DDE9032192
:10A6D0000A4417999142B8D207986FF0890600286A
:10A6E000E8D004F003F80028E4D00646E2E74E4E36
:10A6F000304603F041FB0028D7D13368002B4FEAE6
:10A70000136603F480322ADA06F07F0676420AB92D
:10A7100026F4803616F0FF0623D1B9F1000F26D0BB
:10A72000002C6DD0DDE906032360C4E708F1FF3299
:10A73000012A19D80121149A039102F11F0B4FEA43
:10A740005B1B0732D0080BEB01024FEAC20A14224E
:10A75000019200FA01F2CDE9042102906FE716435D
:10A76000D8E76FF09606A2E76FF085069FE7A8F19D
:10A770000308B8F1010F38D9059B13B10423169AC9
:10A780001370DDF808801698039F42462749384425
:10A7900004F0E0FD049A904522D005EB8B013D4684
:10A7A000169A454450190831424604F0D3FD4346F9
:10A7B0002B440293189B029A1A6078E7149A03902C
:10A7C00002F11F0B4FEA5B1B0732D1080BF10102AC
:10A7D0004FEA820A282204910291019205902EE705
:10A7E000DDE9022313440293E4E7029A16980F4925
:10A7F000FDF758FDDEE7179A5245BFF426AF6BE729
:10A80000524616980749FDF74DFD189B0798C3F867
:10A8100000A000287FF465AF4CE700BF1C83002038
:10A820000000FF0F7C8100201C820020808100201E
:10A83000F0B583B0054601A80E461746FDF784FA29
:10A84000044608B9019911B9204603B0F0BD3B4652
:10A850003246284604F056F80446019803F046FFB5
:10A86000002818BF0446204603B0F0BD2DE9F04192
:10A87000002484B0804603A8CDE902440E46174662
:10A880001D46FDF761FA044608B9039B1BB9204633
:10A8900004B0BDE8F081404631462A4602AB03F0E1
:10A8A000C7FE044648B1039803F020FF002818BFF4
:10A8B0000446204604B0BDE8F0810B9C2A46DDE941
:10A8C000020301940A9C3946009403F0A7FF044652
:10A8D000029803F00BFF002818BF0446E3E700BF0F
:10A8E0002DE9F04182B06D46836800F1080203F162
:10A8F000004303F58033B3F5704F044692E803003C
:10A9000085E803002AD3636B002B44D1276CD4F86D
:10A910000480DFB9606C90B93E46E06C08B102F08B
:10A9200013FD206D08B102F00FFD5FFA88F8B8F151
:10A93000010F22D0C6B1304602B0BDE8F08103F06D
:10A94000D5FE06460028E8D13E46E6E7384603F045
:10A95000CDFE0746606C0028DED0F0E76FF085067C
:10A96000304602B0BDE8F081582231462046FDF75E
:10A97000D7FC304602B0BDE8F08195E8030002F054
:10A98000A1FD0028D6D095E8030002F093FD02F067
:10A9900013FC0646CEE76FF08706CCE72DE9F041C1
:10A9A00084B06D464A4B85E803001B680446C3F13A
:10A9B00000418842904622D3002861DBC11801F192
:10A9C0000042013B9A421AD85820424A424B126830
:10A9D0001B681A4402F10042404B0A4400FB023358
:10A9E000039202939A68A2424AD193F85420002A13
:10A9F00046D00020C8F8003004B0BDE8F081384BE4
:10AA0000621E9A421AD9374B9C420FD004F100447F
:10AA100004F58034B4F5704F32D295E8030002AAF1
:10AA200002F0D2F950B304B0BDE8F08102AA95E873
:10AA3000030002F0C9F910F1880FF3D10022254B71
:10AA400025491B680968039213EB010C1FD01146BE
:10AA5000224B07E0013161454FF0010203F1580339
:10AA600013D00F469E681846A642F3D1029302B156
:10AA700003978C450BD993F854300BB1029BB8E780
:10AA80006FF0870004B0BDE8F081CDE9020195E8E0
:10AA9000030002F017FD0028F2D0012103A8FFF700
:10AAA000A5FC0028EED195E803005824039B0B4A2F
:10AAB00004FB0322029202F001FE0028E2D1029B75
:10AAC0005A68996A120A18BF1039996291E700BF53
:10AAD000A40B02009C0B0200A00B020020460020E9
:10AAE000FDFFFF3F5D81FF7F2DE9F04186B06B46A2
:10AAF00083E8030093E80300504B04AE1B6886E82C
:10AB00000300C3F1004181420446904624D8002846
:10AB100064DB191801F10042013B9A421CD858200D
:10AB2000474A484B12681B681A4402F10042464BE0
:10AB30000A4400FB0233039202939A68A2424DD169
:10AB400093F85420002A49D0586B00286ED06FF03B
:10AB5000990006B0BDE8F0813C4B621E9A421BD9B9
:10AB60003B4B9C420FD004F1004404F58034B4F513
:10AB7000704F33D296E8030002AA02F025F958B3C9
:10AB800006B0BDE8F081049402AA96E8030002F042
:10AB90001BF910F1880FF2D100202A4B284A1B68BC
:10ABA0001268039013EB020C1FD00146264B07E0FE
:10ABB000013161454FF0010003F1580313D00F46F6
:10ABC0009D681A46A542F3D1029300B103976145EF
:10ABD0000BD293F854300BB1029BB5E76FF08700AE
:10ABE00006B0BDE8F081CDE90221049496E80300A7
:10ABF00002F068FC0028F1D0012103A8FFF7F6FB62
:10AC00000028EDD196E803005824039B0E4A04FB6C
:10AC10000322029202F052FD0028E1D1029B5A6801
:10AC2000996A120A18BF103999628DE70122C8F893
:10AC300000305A6306B0BDE8F08100BFA40B0200EB
:10AC40009C0B0200A00B020020460020FDFFFF3FEE
:10AC50005D81FF7F38B590B1056C04460DB928467B
:10AC600038BD284603F042FD002123790546802B9C
:10AC70002164F4D158222046FDF752FBEFE76FF034
:10AC80008605ECE7F0B587B06B4604464F4A83E88B
:10AC90000300126893E80300C2F1004304ADA3422D
:10ACA00085E803002AD8002C67DB101900F1004367
:10ACB000013A934222D85822454B46491B680968FD
:10ACC0000B4403F100434449034402FB0311039383
:10ACD00002918B68A34250D191F85430002B4CD094
:10ACE000002C4AD091F85430002B46D04B6B002BEF
:10ACF00069D0002318464B6307B0F0BD374B621E86
:10AD00009A4219D9364B9C420ED004F1004404F506
:10AD10008034B4F5704F30D295E8030002AA02F0F7
:10AD200053F860BB0299DDE702AA95E8030002F040
:10AD30004BF810F1880FF4D10027264B244A1B68EA
:10AD40001268039713EB020C1DD03A46224B07E022
:10AD5000013262454FF0010703F1580311D0164646
:10AD600098681946A042F3D1029307B10396624551
:10AD700009D293F85430002BB2D16FF0870007B09E
:10AD8000F0BDCDE9021295E8030002F09BFB00281C
:10AD9000F3D0012103A8FFF729FB0028EFD195E8A4
:10ADA00003005826039B0C4A06FB0322029202F082
:10ADB00085FC0028E3D102994B688A6A1B0A18BFF8
:10ADC000103A8A628CE76FF09600D8E7A40B020075
:10ADD0009C0B0200A00B020020460020FDFFFF3F5D
:10ADE0005D81FF7F2DE9F04F89B00E46DDE9165AEF
:10ADF00098460446129FDDF85090002872D0302B00
:10AE0000C9F8007000F0BF80412B0AD0122B00F06F
:10AE100089806FF0860009B0BDE8F08FB8F1410F6E
:10AE2000F7D14FF0000C0123002DF2D0BAF1000F42
:10AE3000EFD01F377F0903F0030007FB0007DAF8A4
:10AE40000010BA00B1EB870FC0F07A810128CAF870
:10AE5000002005F1040A00F09C80D9F80090EB7006
:10AE600009F11F077F0909F10708C9F30722BF008D
:10AE70004FEAD8085FFA89FB0392002C5AD1474564
:10AE8000059E85F800B06A70AC70C0F0FC80B9F126
:10AE9000FF0FA7EB080400F03581424631465046CB
:10AEA00004F058FA2CB1224600210AEB0800FDF705
:10AEB00037FA039B381D05F800B02844437040F270
:10AEC000012346444380051DB9F1FF0F4246314638
:10AED000284600F0888004F03DFA002C40F086807F
:10AEE000002098E7159B1146019305AB009330466F
:10AEF0004B46139A04F0D0F800288CD1D9F80030D2
:10AF00009F4286D1139B1B78013B032B81D801A262
:10AF100052F823F02FB002003FB002001DAE020035
:10AF20001FB002000B78042B7FF473AF02234FF0A5
:10AF3000010C79E7039B47456B704FF000036644B3
:10AF400085F800B0AB70C0F0BD80B9F1FF0FA7EB82
:10AF5000080400F0DD8042463146504604F0FAF91C
:10AF60002CB1224600210AEB0800FDF7D9F9039B1A
:10AF7000043705F807B03D446B7040F201234644A6
:10AF80006B800435A0E70B78042B7FF442AF1223CB
:10AF9000CDE7D9F8008008F11F077F0908F10709FC
:10AFA0005FFA88F0C8F30722BF004FEAD90928707A
:10AFB0006A7014BB4F45AC70EB70059C55D3B8F16B
:10AFC000FF0FA7EB090700F0AF804A462146504625
:10AFD00004F0C0F9002F83D03A4600210AEB0900A3
:10AFE000FDF79EF97CE7FDF75DF976E72246002143
:10AFF00005EB0800FDF794F972E7EB7000234F456D
:10B000006644AB7023D3B8F1FF0FA7EB090700F03C
:10B0100085804A463146504604F09CF9DAE7B8F19B
:10B02000420F7FF4F6AE4FF0000C1123FCE6B8F1AE
:10B03000120F7FF4EEAE4FF0000C0223F4E6B8F1ED
:10B04000300F7FF4E6AE4FF0000C1223ECE64946D9
:10B050003A463D4803F006FAB8F1FF0F3A4631464A
:10B0600050460DD004F076F93AE749463A4636485C
:10B0700003F0F8F9B8F1FF0F3A4621465046F1D1F6
:10B08000FDF710F92CE73A4641462F4803F0EAF95C
:10B09000B9F1FF0F50463A4631464BD004F05AF909
:10B0A00040F20123039A381D05F800B028444146B8
:10B0B00042704380051D3A4623484644B84603F093
:10B0C000D1F901E73A4641461F4803F0CBF9B9F1FF
:10B0D000FF0F50463A4631462FD004F03BF940F27C
:10B0E000012203983B1D05F803B02B4441465870DC
:10B0F0005A8015483A4646441D1DB84603F0B2F939
:10B100000024E1E6424631465046FDF7CBF8C9E659
:10B11000424631465046FDF7C5F821E74A463146DA
:10B120005046FDF7BFF855E74A4621465046FDF721
:10B13000B9F84FE7FDF7B6F8B2E7FDF7B3F8CEE799
:10B140006FF0890067E600BFA412030000222DE91A
:10B15000F04F8FB00A92002800F09F801D460F46E6
:10B160000446189B002900F09B80002B40F095803E
:10B17000199B002B40F091801A9B002B40F08D8092
:10B18000A668238806F1004606F58036B6F5704FAE
:10B1900076D3D4F84C902269616802F44072B2F51B
:10B1A000407F4FEA1128D4E90EB01946099004F106
:10B1B000400A7FD015F4205F05D023F0FF02B2F5DE
:10B1C000E24F00F0918015F001002BD10023226C9A
:10B1D000002A40F08180002F00F0C7800025A26A7D
:10B1E0005846534609993D6003F022FA002840F082
:10B1F000CB81DAF80050B9F1000F07D0B8F1000F99
:10B2000000F04381B8F1010F00F04D816FF096041A
:10B21000284603F06BFA0346002861D12346CAF89A
:10B2200000005DE023F0FF02B2F5824FCED1189A04
:10B23000002A00F036816269DBB202F0FE42B2F110
:10B24000106F00F0DA80122B00F04681302B00F0F6
:10B250008981422B40F0D98004236788FD1DED08C9
:10B26000AA46B8F1010F0A9517D0B9F1000F00F006
:10B27000C180199AAA4280F031816FF089032FE0D2
:10B28000012D86D003F4E042B2F5805F60D0B2F5C4
:10B29000005F5DD05B0400F184806FF086031FE0E7
:10B2A000002BFAD0199B002BF7D01A9B002B7FF4B0
:10B2B00067AFF2E703F4E042B2F5005F7FF47AAFE4
:10B2C000002F3FF477AFEE0540F18580DAF80020DB
:10B2D000002A83D0002302E0002F00F07C813A6036
:10B2E00018460FB0BDE8F08F206C002800F0998060
:10B2F00063690C9003F0FE43B3F1106F4FF0FF331E
:10B3000018BF0023DBB2C9B2122900F088803029AF
:10B3100000F05C81412900F02081422940F0B38097
:10B32000B3FA83F56D09AD006288CDE90223002FE1
:10B3300000F0F480002401950125099B5A46394606
:10B34000CDE9054400950494FFF72EF90346C7E7BD
:10B350002046A16A04F13802FBF71EFC0346D4F82C
:10B360004C90002BBCD1238815E73946199A1898C0
:10B370000993FCF7D5FF1A9B1F60B9F1000F39D074
:10B38000B8F1000F32D1A26A199B9A4200F22081D3
:10B3900049461898FCF786FF1A9BA26A1A60099B17
:10B3A0009EE7A02300220D93904B214601939946DE
:10B3B000A36A0120009304F1380305930CAB0493B6
:10B3C0000BAB03930DAB0293E36CCDE90B22FBF7C0
:10B3D0006FFE0346C5E715F4007500F09D80D4F8B4
:10B3E00050908BF4401B04F1440A6FE7B8F1010F51
:10B3F00000F0F8806FF0960372E7122B6CD0302BC0
:10B4000000F0B080412B00F0B8800023678807F17E
:10B41000070A4FEADA0A4FEA4A05013521E7012512
:10B4200082E70CAB58460999A26A03F001F903467A
:10B4300000287FF4CCAEB8F1000F06D0B8F1010FB0
:10B4400000F0A7806FF09603C1E64946A26A0C9807
:10B4500003F08EF90346002B7FF4B9AED4E90EB5A4
:10B460006369218803F0FE43B3F1106F4FF0FF339F
:10B4700018BF002301F44F42B2F5824F0C98099592
:10B48000DBB23FF440AF00254EE7A26A49462846AA
:10B4900003F06EF90446E4B9DAF800303B600023AB
:10B4A0001EE7134693E60DA8A66AFCF74DFC04467A
:10B4B00078B90D990029EFD04A46284606F11003C5
:10B4C00003F020FA04460D9803F010F90028E2D0AA
:10B4D0000446DAF800509BE6012397E7B6F5704F73
:10B4E00042D3032B09F1040149D004231898524692
:10B4F00000F8013B03F02EFF07F11F01189B4909DB
:10B5000002310AF10100524609EB8101184403F0AF
:10B5100021FF1A9B1D60C2E73D60BEE6A024059492
:10B5200001240094314C01950AAD099B5A463946D5
:10B5300004940695FFF738F8034600287FF4D0AE50
:10B540000A9D199B9D423FF698AE2A4621461898BF
:10B55000FCF7A8FE1A9B1D60A1E7002B93D0FF23E8
:10B560000325E1E6022351E7A26A49461898FCF751
:10B5700099FEA36A1A9A136091E703236DE6524677
:10B580001898FCF78FFEC4E76FF09203CAF80050DA
:10B59000A6E60DA80C9EA56AFCF7D6FB034600287C
:10B5A0007FF415AE0D9900293FF458AF05F1100353
:10B5B0004A46304603F0A6F905460D9803F096F882
:10B5C000034600287FF403AE2B4644E70225ABE692
:10B5D0006FF08C0384E63946199A1898FCF7A0FEA0
:10B5E0001A9B1F606FF084037AE600BF7C81002005
:10B5F0002DE9F04F0E4600250024002301889FB05E
:10B600004788CDE91845D0F804900546D0F8108059
:10B610000A92706801F4E0420737B2F5805FCDE925
:10B620000F33CDE91133CDE91333CDE91533D6F816
:10B63000D8B0D6F8DCA04FEAE70709900AD0B2F5F7
:10B64000005F07D0490456D46FF0860420461FB02F
:10B65000BDE8F08F3946284618AAFBF79DFA044644
:10B6600008F44078ACB1B8F5407FEFD14FF0000955
:10B67000139D002DEAD0B9F1000F33D00023286CC0
:10B680006B63002831D12646686C002843D13446CC
:10B69000DCE719F0FF0944D1494610A8FEF7A6FEE1
:10B6A0000446C8B96FF04043099A9A424ED01BAB8A
:10B6B000321D179092E8030017AA83E80300FFF7F2
:10B6C0006DF90446002840F093801798436B002BD7
:10B6D00000F0E5806FF09904B8F5407FC6D0139D67
:10B6E000002DB3D0286C0028CDD002F0FFFF064615
:10B6F0000028C9D1C7E7012218A9059112A9049110
:10B7000011A9039110462946CDE901330097FBF7B3
:10B71000CFFC0446A4E702F0E9FF0446002895D1D7
:10B72000B5E705F1080413AA94E80300FFF736F91A
:10B73000002840F0A980139DB8F5407F2B466FF09C
:10B740008A04CDD11D46002B80D0CBE7024614A938
:10B75000612003F0BFF910F18C0F044652D04FF076
:10B760000009B8F5407F00F0D78000230D93002C2E
:10B770007FF47EAF199B189819460C933A4615AB87
:10B780000B9002F055FF044600287FF471AF099B2F
:10B79000DA4403F140430233012B06F10C0B0AD9C2
:10B7A000D6F8E4300422DB0058460FA90AF1040A57
:10B7B0000F93FCF777FDDDE914104FF000085346B6
:10B7C0005A46CDE90588CDE90388CDE90188CDF851
:10B7D000009003F0F7F80446E8B1139D002D3FF404
:10B7E00035AFB9F1000F3FF47DAFC5F8348079E78C
:10B7F000179B002B3FF470AF5B6B002B18BF6FF0F3
:10B80000990469E7139DB8F5407F2B466FF09A04C1
:10B810007FF466AF96E70D9B002B4ED16FF040434F
:10B82000099A9A4202D00022139B5A635823109A15
:10B83000159903FB02F2D6F8E4300020DB1BC6F8B2
:10B84000E4303A4EB3181964169959642988B152F4
:10B850006A885A806A685A602A691A616A695A61F4
:10B86000AA699F629A610B9A9A630C9ADA63119A99
:10B87000DA62129A1A63D5E902120A9DC5E900122A
:10B88000C3E902125863E1E694E8030001F012FEF6
:10B890001BAA01F08FFC00287FF4FEAE4BE70121CC
:10B8A000234641632246CDE901440094894614A908
:10B8B0001390FFF74BFC044653E70B983A460C995C
:10B8C00016AB80F4401002F0B3FE8046C0B9CDE95B
:10B8D0000500CDE90300CDE9010053465A4614990D
:10B8E0001698CDF8009003F06DF8002896D0139DBF
:10B8F00085B1B9F1000F01D0C5F834800446F1E6F6
:10B90000139D2DB1B9F1000F00D06C634446E9E6F8
:10B9100004469BE6044699E62B8803F4E043A3F52E
:10B920000052534253410D9321E700BF20460020AF
:10B930002DE9F04F00270024002597B0CDE91045F0
:10B94000CDE90D770F97002B3AD0078804461D46A6
:10B95000D0F808A03FB96FF0860800232B6040465E
:10B9600017B0BDE8F08F4369002BF4D043880E4632
:10B9700091464BB10733B9EBD30F4FEAD30203D053
:10B98000520001324A45E6D1D4F804B023695FFA87
:10B990008BF203F440730792BAF1000F16D0A34A5A
:10B9A0000AF1FF31914268D9A14A924565D0079BBF
:10B9B000012BD0D1083494E8030001F07BFDCAE7E5
:10B9C0006FF08608404617B0BDE8F08F002AC2D15C
:10B9D000B3F5407F07F4E04200F0E580CDF82CA0FD
:10B9E000B2F5805F5BD0B2F5005F58D07B04B2D572
:10B9F000A0220F920EAA334604928E4E0DAA0392F5
:10BA000010AF0FAACDF8009002922146002201202B
:10BA100001960597FBF74CFB8046DDF83C90B8F1AA
:10BA2000000F9AD1079913A8FEF7E0FC8046002882
:10BA300093D1582201204FEA1B23DDF84CB07E49F8
:10BA400002FB0BF209928A1808925063079A002AA7
:10BA500000F08B8073BB012A00F0C4806FF0860871
:10BA60005823754A089803FB0B2300225A63FEF7FC
:10BA700037FF002818BF80466FE7079A012A00F0B9
:10BA8000A080802A7FF467AFB3F5407F07F4E042DF
:10BA900000F0168100230B93A2E701230B93002EE5
:10BAA0003FF459AF10AF3A4649462046FBF774F8C9
:10BAB0008046B4E7012BD1D16269604B1340B3F1EA
:10BAC000607F00F09B80079B09F110010F91002B14
:10BAD00000F0BC80012B00F0FE80802BBED1DDE9A0
:10BAE0001001099B544A403313444A4602F0A0FD1A
:10BAF000034608B19846B3E758234F484A4603FB2C
:10BB00000B033146186C1F4602F032FE0346002834
:10BB1000F0D1DDE910010B9B002B40F01981582377
:10BB200003FB0BF3228844480021C252628803447D
:10BB30005A8062685A6022691A6162695A61A26910
:10BB4000C3F828909A610D9ADA620E9A1A63DDE9B9
:10BB50001067C3E90E67E268C5F800A06A60C3F821
:10BB600008A0E2685963DA60F9E6354A0BF1004A49
:10BB700012681146334AAAEB010A12680A92324A45
:10BB80000A991268AAEB010AAAEB020A002B91D1CA
:10BB9000494601F057FB089AD06478B131464A46CD
:10BBA000FCF780FBBBE7B2F5005F3FF476AFB2F580
:10BBB000805FCDF82CA07FF419AF70E76FF08C0890
:10BBC0004EE704F1080292E80300089301F072FCCA
:10BBD00013AA01F0EFFA089B8046002864D16FF0A9
:10BBE0008A08BAE633463A462146CDE900890898E4
:10BBF00001F078FC002892D0804631E719F0030F5D
:10BC00003FF461AF0B4B31461E464A461846FCF7DF
:10BC100049FB06EB0900C9F1A002002109F1030963
:10BC2000FCF77EFB29F003094DE700BFFDFFFF3F56
:10BC30005D81FF7F7C810020204600200000C07FC6
:10BC4000A40B0200A00B02009C0B0200012001F0DB
:10BC5000F9FA5823494A03FB0B27F8640028ADD0B2
:10BC60000FAB009001933246DDE910014B46FEF721
:10BC7000FDFD0028C0D10B9B002B3FF450AF0120ED
:10BC80000F9901F0DFFA3865002897D00FABCDE9A6
:10BC90000003109832464B46119980F44010FEF78D
:10BCA000E5FD0028A8D13AE710F18C0F7FF455AEDE
:10BCB0002188B3F5407F01F4E0423CD00F46E9E62D
:10BCC000B2F5005F3FF4E9AE0023B2F5805F0B935D
:10BCD0007FF48CAEE3E6A0293FF670AFDDE91001FA
:10BCE000274B324600930FAB01934B46FEF7BEFD48
:10BCF000034600287FF4FEAE0B9B33B33246109808
:10BD0000204E0FAB019311994B4680F440100096E2
:10BD1000FEF7ACFD034600287FF4ECAE00960F99C9
:10BD20003A460191164B2146089801F0DBFB0028AA
:10BD30007FF462AFF3E607F4E047A7F50053B3FAE8
:10BD400083F35B090F460B934AE60B9B0093E6E7F0
:10BD5000099B0A4A4433134480F440104A4602F0D7
:10BD600067FC034600287FF4C5AE31464A46786C2E
:10BD700002F0FEFC00287FF43FAFD0E62046002012
:10BD80007C8100204C8100202DE9F04186B06B467B
:10BD90000446754A83E80300126804ADC2F1004608
:10BDA000A64293E8030085E803004CD8002CC0F2BB
:10BDB0008F80111901F10043013A934243D86B4B34
:10BDC0006B4A1B6812686B4F1344582203F10043FF
:10BDD0000B4402FB037703930297BB68A34277D11E
:10BDE00097F85430002B73D07C6807F1080393E870
:10BDF000030000F1004303F58033B3F5704F85E88D
:10BE00000300C0F097807B6B002B61D1386C002859
:10BE100040F096808046786C00285FD14646F86CEA
:10BE200008B101F091FA386D08B101F08DFAE4B271
:10BE3000012C00F08980002E4CD158223146384622
:10BE4000FCF76EFA46E04C4B621E9A421ED94B4BF1
:10BE50009C4211D004F1004404F58034B4F5704FD5
:10BE600036D295E8030002AA00F0AEFF06466EB394
:10BE7000304606B0BDE8F081049402AA95E80300BC
:10BE800000F0A2FF10F1880F0646F0D10020374ADB
:10BE9000374B16681B680390F61828D00246354BBE
:10BEA00007E00132B2424FF0010003F158031CD009
:10BEB00090469F681946A742F3D1029308B1CDF886
:10BEC0000C80B24213D293F854300BB1029F8BE72F
:10BED0006FF08706304606B0BDE8F08102F006FC40
:10BEE000064600289BD1464699E7CDE90212049404
:10BEF00095E8030001F0E6FA0028E9D0012103A843
:10BF0000FEF774FA06460028E4D195E803005824A9
:10BF1000039B184A04FB0322029201F0CFFB064662
:10BF20000028D7D1029F7C68BB6A220A18BF103B49
:10BF3000BB625AE76FF08506304606B0BDE8F08177
:10BF400002F0D4FB804666E795E8030001F0BAFAF8
:10BF500000283FF470AF95E8030001F0ABFA01F060
:10BF60002BF9064667E700BFA40B02009C0B0200FA
:10BF7000A00B020020460020FDFFFF3F5D81FF7FF8
:10BF800070B582B002AB03E90300294B01461B6880
:10BF9000C3F10043984207D30028B4BF6FF0870570
:10BFA0000025284602B070BD224B421E9A4232D86C
:10BFB000214A224B10681B68C01827D0204E00244D
:10BFC000334602E00134844220D09A6858338A42D2
:10BFD000F8D1582303FB04631A79802A24D05D6BBF
:10BFE000E5B9D86CE8B101F0AFF9582303FB04635D
:10BFF000186D10B101F0A8F900255822002102FBAC
:10C000000460FCF78DF9284602B070BD6FF083051F
:10C01000284602B070BD0B4B9842C9D06FF087051F
:10C02000BFE76FF09605E0E70025284602B070BD37
:10C03000A40B0200FDFFFF3F9C0B0200A00B0200BF
:10C04000204600205D81FF7F2DE9F04186B06B46E0
:10C0500083E8030093E80300544B04AE1B6886E8B2
:10C060000300C3F1004181420446154630D8002840
:10C0700071DB191801F10042013B9A4228D858207F
:10C080004B4A4C4B12681B681A4402F100424A4B5F
:10C090000A4400FB0233039202939A68A2425AD1E7
:10C0A00093F85420002A56D0002D7CD0D3E90112F9
:10C0B000D868E8601868C5E90112D3E904129B69E1
:10C0C00028600020C5E90523296106B0BDE8F0819C
:10C0D0003A4B621E9A421BD9394B9C420FD004F155
:10C0E000004404F58034B4F5704F34D296E8030070
:10C0F00002AA00F069FE60B306B0BDE8F0810494C6
:10C1000002AA96E8030000F05FFE10F1880FF2D15A
:10C110000020284B264A1B681268039013EB020C80
:10C1200020D00146244B07E0013161454FF001006A
:10C1300003F1580314D088469F681A46A742F3D1EA
:10C14000029308B1CDF80C8061450BD293F85430BE
:10C150000BB1029BA8E76FF0870006B0BDE8F08145
:10C16000CDE90221049496E8030001F0ABF9002820
:10C17000F1D0012103A8FEF739F90028EDD196E8A6
:10C1800003005824039B0C4A04FB0322029201F093
:10C1900095FA0028E1D1029B5A68996A120A18BFE1
:10C1A0001039996280E76FF08600D6E7A40B020091
:10C1B0009C0B0200A00B020020460020FDFFFF3F69
:10C1C0005D81FF7F10B50446006A01F0BDF820468E
:10C1D000BDE8104028220021FCF7A2B82DE9F04F5D
:10C1E0001E46136995B00393D2F8089053690CADBD
:10C1F00085E8030014460546D2F818A092F804B06A
:10C200000293B9F1000F0BD0684A09F1FF31914256
:10C2100040F28D806FF08607384615B0BDE8F08F8C
:10C22000BBF1000FF6D1624A129513680D9A049380
:10C230001392C3F10042AA4228D95C4A691E914276
:10C240005ED800275B4A119711685B4A126811EBB0
:10C25000020C45D03946594A07E0013161454FF09B
:10C26000010702F1580239D0884690681346A84267
:10C27000F3D110920FB1CDF84480614530D292F8DD
:10C280005420002A36D0DDF840801DE0002D31DB3F
:10C290005F1907F100415A1E9142CED85821454AF4
:10C2A000454812680068024402F1004243483A449B
:10C2B00001FB02081192CDF84080D8F80820AA426C
:10C2C00018D198F85420AAB1D8F83420002A49D0BF
:10C2D0006FF09907384615B0BDE8F08FCDE9103101
:10C2E00012950DF1480898E8030001F0EBF80028DA
:10C2F00040F027816FF08707384615B0BDE8F08F12
:10C300002F4A95421FD005F1004202F58032B2F566
:10C31000704FEFD214AB10AA13E9030000F054FDE4
:10C320000746002FAFD0384615B0BDE8F08F04F1B6
:10C3300008010FAA03C9FEF731FB00287FF473AF91
:10C340006FF08A0768E7129514AB10AA13E903008F
:10C3500000F03AFD10F1880F07463FF472AF002F4E
:10C36000E1D190E70121D8F81030B8F80070C8F892
:10C37000341003F44071B1F5407F01BF07F4E0428F
:10C38000A2F50052B2FA82F2520905922EB16288E9
:10C39000C2B1B8F80210914214D06FF086070023A2
:10C3A0003846C8F8343015B0BDE8F08FFDFFFF3FC8
:10C3B000A40B02009C0B0200A00B020020460020F0
:10C3C0005D81FF7F22880AB1BA42E6D1D8F84820C1
:10C3D000002A40F0B3809A0740F1B080D8F80420DA
:10C3E000110A0129089103D1D2B2802A00F0A68057
:10C3F0000793D8F8143038461A4602990993FDF786
:10C4000069FD84463846D8F8187051463A46CDF84A
:10C4100018C0FDF75FFD0246DDE9060320B9029969
:10C4200011B109990029B8D122B9BAF1000F01D090
:10C43000002FB2D1594611A8D4F804A00792029354
:10C44000FDF7D4FF07460028A9D15821119B01FB15
:10C4500003F2B4490B928A18184609930A92029B78
:10C46000079ABBF1000F0ED1AF4900F100490968EE
:10C4700002910298AD49A9EB000904980968A9EB5B
:10C480000009A9EB01094FF0580C0399E068194025
:10C49000099B70600CFB03FCA24BC6F8009003EBF9
:10C4A0000C06C6F80890E068B564F06060684FEA72
:10C4B0001A2A7060B8F8000023F80C00069BB8F840
:10C4C0000200C6E9053231617080A28B089BB283FD
:10C4D000D8F82820B262D8E90E01C6E90E01D8F8D2
:10C4E0002C20F262D8F830203263002B54D1D8F8D7
:10C4F0002850D8F84C10A9B12A468D48FBF7D2FE37
:10C50000059B23B1D8F82820103295423BD0BAF1D0
:10C51000000F4DD1BBF1000F00F09D80BBF1010F6A
:10C5200000F087806FF0860700230A98C8F834303F
:10C53000FEF7D6F9002818BF074630E76FF08407EA
:10C540002DE7012111A8FDF751FF074600287FF4D0
:10C5500063AE58201199734A00FB012298E803004A
:10C56000109201F0ABF8074600287FF455AEDDF8D5
:10C570004080D8F80420D8F82810120A18BF1039C3
:10C58000C8F82810A0E6D8F850100029CAD02A46CA
:10C590006848FBF787FEBAE7012B02D06FF08407EB
:10C5A000C2E7BAF1010FF9D1D8F828501035A0E749
:10C5B000BAF1010FF2D1BBF1000F5FD1089B012B43
:10C5C00000F08C80582605F110015046129100F0C1
:10C5D00039FE099A534B06FB0236F064002800F03E
:10C5E0009D8012AC009001942B46D6E90E01504A72
:10C5F000FEF73CF906F13809034600286CD1059B8B
:10C60000002B3FF4CCAE5046129900F01BFE306573
:10C6100088B3CDE90004B06B2B46D9F80410444A26
:10C6200080F44010FEF722F900283FF4B8AE074628
:10C630007AE7B9F1000F3FF475AF0B9A394B0A99BD
:10C6400038321A440846CDE900A5394B00F04AFFBC
:10C650000028ECD1A3E62946012000F0F3FD582282
:10C66000099C304902FB0412D06420B12A463049AB
:10C67000FBF718FE93E66FF08C0755E7BBF1800FD0
:10C6800000F0A380BBF1010F7FF44CAFB9F1000FB4
:10C690003FF448AF089B012B00F087805826214BC0
:10C6A000099A06FB023605F110031293059BD6E9A1
:10C6B0000E01002B5DD0DFF878A0DFF8789012AC87
:10C6C0002B46524680F44010CDF800900194FEF7BE
:10C6D000CDF8034600282FD01F4625E758242946C9
:10C6E000184600F0AFFD09990E4A04FB0124E064EE
:10C6F0000028C0D02A460E49FBF7D4FD059B002B2D
:10C700003FF44DAE2946089800F09CFD20650028B6
:10C71000B1D02A460749FBF7C5FD40E66FF08C0310
:10C720001F4601E720460020A00B02009C0B0200E0
:10C730007C8100204C8100200194CDF800A02B4684
:10C74000D6E90E015246FEF791F803460028C3D100
:10C750000B9A464B38320A991A44129B08460193A9
:10C76000CDF80090424B00F0BDFE00287FF45FAF93
:10C7700015E63F4C12AA2B46019200942246FEF782
:10C7800075F803460028A7D1059B12990B9A0093D0
:10C790000191364B0A9938321A440846234600F074
:10C7A000A1FE00287FF443AFF9E50B9A2F4B3832F6
:10C7B0000A991A442F4B0846009301952C4B00F020
:10C7C00091FE00287FF433AFE9E5284A582411464A
:10C7D00009980B9B04FB001440331344D4E90E0169
:10C7E000D8F8282001F024FF034600287FF474AF16
:10C7F000089B206C012BD8F828202AD01C4901F076
:10C80000B7FF00287FF413AF059B002B3FF4C7ADA3
:10C810005824164A09990B9B04FB0124A06B44334E
:10C820001344E16BD8F8282080F4401001F000FF99
:10C83000034600287FF450AF089B606C012BD8F8AA
:10C8400028200BD00A4901F093FF00287FF4EFAEB7
:10C85000A5E507491032FDF7EBFFD2E70549103295
:10C86000FDF7E6FF00287FF4E2AE98E520460020C1
:10C870007C8100204C8100202DE9F04188B002AC81
:10C8800084E803000446A04903980968CDE90640FE
:10C89000C1F10040A0421646984624D8002C66DB21
:10C8A0000A1902F1004301398B421CD85821974BD9
:10C8B00097481B680068974D034403F100431344F5
:10C8C00001FB035505930495AB68A3424FD195F83E
:10C8D0005430002B4BD06B6B002B71D06FF0990054
:10C8E00008B0BDE8F0818C4B621E9A421DD98B4B7B
:10C8F0009C4210D004F1004404F58034B4F5704F2C
:10C9000035D208AB04AA13E9030000F05DFA60B366
:10C9100008B0BDE8F081069408AB04AA13E903004F
:10C9200000F052FA10F1880FF1D10023774A7849CC
:10C9300012680968059312EB010C1FD0184675495F
:10C9400007E0013060454FF0010301F1580113D0B9
:10C9500005468F680A46A742F3D1049103B10595B5
:10C9600060450BD291F854300BB1049DB3E76FF0E2
:10C97000870008B0BDE8F081CDE90420069406AC3C
:10C9800094E8030000F09EFD0028F0D0012105A8E6
:10C99000FDF72CFD0028ECD15821059B5D4A01FBD9
:10C9A000032294E80300049200F088FE0028E0D1FE
:10C9B000049D6B68AA6A1B0A18BF103AAA628AE72C
:10C9C00001236B63002E00F0D2800E9B002B00F041
:10C9D000CE802C6914F0010300F0BA802B8803F498
:10C9E000E042B2F5805F36D0B2F5005F33D047F257
:10C9F00001018B427FD044F201018B4200F09E8006
:10CA000047F202018B4200F09D8044F202018B420A
:10CA100000F08E8023F0FF03B3F5E24F1BD0B3F597
:10CA2000824F00F09E806B68DFB21B0A40F0A4804A
:10CA3000E96C002958D0B2F5E04F1ED16888C21DBC
:10CA40000E9BD208FF281A60304601F104016BD01A
:10CA500002F080FC6AE06888C31DDB0843457BD890
:10CA60006B68DFB21B0A12D1E96C00293CD0B2F529
:10CA7000E04FE4D0B2F5805F52D0B2F5005F4FD006
:10CA80006FF0850000236B6308B0BDE8F081012BD7
:10CA9000F6D1B2F5805F05D0B2F5005F02D0B2F5F5
:10CAA000E04FEDD1802FEBD0E96CE9B1AA6A0E9B83
:10CAB000103230461A60FBF7F5FB296D002935D09E
:10CAC00004F44074B4F5407F30D10E9B1B681A46C5
:10CAD000F0180193FBF7E6FB0E9BAA6A1B68103364
:10CAE00013440E9A136021E0012F14BF6FF08600EB
:10CAF0006FF08500C6E7688843080133DB0803EB65
:10CB0000C3033B33AAE700BFA40B02009C0B020047
:10CB1000A00B020020460020FDFFFF3F5D81FF7F4C
:10CB20003046AA6A0E9B1A60FBF7BCFB0020A9E7FF
:10CB30006888C30803EB43034A338FE76888C30858
:10CB400010338BE76888C30803EB43035A3385E748
:10CB50006FF084006B630CE700236FF089006B6358
:10CB600007E76888C31DDB085B00013376E7002315
:10CB70006FF086006B63FCE6012B81D18FE700BF6D
:10CB80002DE9F04F8FB00DF1200C8CE8030000214F
:10CB90000A911AB11D46189B03B125B96FF08600A2
:10CBA0000FB0BDE8F08F14460B910CAB9CE803006E
:10CBB0000BAA83E80300FDF7F1FEC0B90B9E716B71
:10CBC000D9B90123328896F8048022F0FF07B7F51F
:10CBD000E24F73631ED002F4E042B2F5804F0FD0F3
:10CBE0006FF08600002373630FB0BDE8F08F0B9BDE
:10CBF000002BD5D05B6B002BD2D06FF09900CFE724
:10CC0000189A0146CDE90152009402463046FEF7DB
:10CC10009DFAE7E77069D2B200F0FE40B0F1106F04
:10CC200038D0122A41D0302A46D0412AD8D0422AC0
:10CC3000D6D14FF0000A4FF00409002330461A46BF
:10CC4000CDE901330AA90093FEF780FA0A9F8346D3
:10CC500068B117B1B8F1800F01D15846C2E7384624
:10CC600001F044FD0028BDD130645846BAE7D6E94A
:10CC70000E23CDE90445189CCDF80CA006947488C9
:10CC80000146CDF800B03846CDE90194FDF78CFCA3
:10CC90008346DEE7122A0BD0302A11D0412A9FD1D9
:10CCA0004FF0FF0A4FF00309C7E78A469946C4E7E9
:10CCB00099464FF0FF0AC0E78A464FF00209BCE7E9
:10CCC0004FF0FF0A4FF00209B7E700BF2DE9F0432C
:10CCD000082285B00020394902F08EFF002869D172
:10CCE000374E04464AF6AA28364F306013E0042235
:10CCF000494602A8FBF7D6FA029B2C331C440422B7
:10CD0000214603A8FBF7CEFA039B002B52D04FF627
:10CD1000FF7293424ED0042204F108010DEB020091
:10CD2000FBF7C0FA019B04F120094345DFD15825E8
:10CD30000422306804F10C0105FB00701044FBF77D
:10CD4000B1FA0822306804F1100105FB00701044AC
:10CD5000FBF7A8FA3068042205FB007004F1180103
:10CD60001430FBF79FFA3068042205FB007004F1D1
:10CD70001C011030FBF796FA3068042205FB0070A6
:10CD800049462830FBF78EFA3068022205FB007016
:10CD900004F12401FBF786FAFF21336804F128022D
:10CDA00005FB037501333360AB6AEA642C3385F805
:10CDB0005410A3E7002005B0BDE8F0836013030022
:10CDC0001C8400200075002010B483B002AB03E97E
:10CDD000030000F1004303F58033B3F5704F70D2C8
:10CDE0004B4B0146186800286BD04A4B9C68A14207
:10CDF0005BD0012865D01C6EA1426BD0022860D0A8
:10CE0000D3F8B840A14267D003285AD0D3F81041D4
:10CE1000A14263D0042854D0D3F86841A14260D025
:10CE200005284ED0D3F8C041A1425CD0062848D096
:10CE3000D3F81842A14258D0072842D0D3F8704204
:10CE4000A14254D008283CD0D3F8C842A14250D0C7
:10CE5000092836D0D3F82043A1424CD00A2830D03C
:10CE6000D3F87843A14248D00B282AD0D3F8D04336
:10CE7000A14244D00C2824D0D3F82844A14240D069
:10CE80000D281ED0D3F88044A1423ED00E2818D0E1
:10CE9000D3F8D844A14236D00F2812D0D3F8303579
:10CEA0008B4201D010280CD01B4B5868000A0ED1C1
:10CEB00093F85410FF290AD1136003B05DF8044BB6
:10CEC00070476FF0870003B05DF8044B70476FF058
:10CED0008600F8E75833E8E7B033E6E703F58473F4
:10CEE000E3E70E4BE1E70E4BDFE70E4BDDE70E4BC2
:10CEF000DBE70E4BD9E70E4BD7E70E4BD5E70E4BD2
:10CF0000D3E70E4BD1E70E4BCFE70E4BCDE700BF7B
:10CF10001C84002000750020287A00206076002004
:10CF2000B87600201077002068770020C0770020B6
:10CF30001878002070780020C87800202079002020
:10CF4000D0790020787900202DE9F84F4E4CDFF899
:10CF500040A180460F46164600214FF480722046BD
:10CF60001D46DDF828B0FBF7DBF94FF48072002195
:10CF70005046FBF7D5F94FF070622046226000F072
:10CF8000C3FE00287CD1504600F0F6FE002877D181
:10CF9000DAF80020002A4FEA126102F4803067DBE1
:10CFA000014311F0FF096BD1384C1C224946204641
:10CFB000FBF7B6F9DAF804204FF0000E100C002A47
:10CFC0002272A0714FEA1220BCBF01226272DAF80D
:10CFD0000C20DAF81030E071C2F3C040C2F3C06C2C
:10CFE00060F3070EDAF81400DAF808106CF30F2E6D
:10CFF0002361130F63F3174E030C63F31F6E0B0CC7
:10D00000A2802370C2F30342C0F303334FEA112C12
:10D01000C0F30B00A1702273C4F814E084F801C0BF
:10D0200060832376B8F1000F01D088F800300FB18B
:10D03000638B3B800EB1A37D33700DB1E37D2B700C
:10D04000BBF1000F02D0637D8BF800300B9B13B156
:10D050001A46237B13700C9B13B11A46237D137061
:10D060000D9B13B11A46236913604846BDE8F88F3B
:10D0700001F07F014942002893D121F4803190E7EB
:10D080006FF09209F1E700BF408500202484002062
:10D0900040840020F8B5414E414A3368934263D042
:10D0A000404CA34201D10120F8BD3F4F3F4D4FF40A
:10D0B000807200213846FBF733F94FF4807200216B
:10D0C0002846FBF72DF94FF0706338463B6000F0BF
:10D0D0001BFE00285CD1284600F04EFE002850D1EF
:10D0E0002B68002B4FEA136103F480323EDB1143BF
:10D0F00011F0FF0145D12E4C1C222046FBF710F900
:10D100006B681A0C002B2372A2714FEA1322B8BF6E
:10D110000123E271AA68B8BF6372130C2370A27076
:10D12000130A00226370EB68D5E90451C3F3C040D1
:10D13000C3F3C06760F30702A380256167F30F2282
:10D140001D0FC3F30343237365F317420B0CC1F3A5
:10D15000033C63F31F62C1F30B0184F818C06183C1
:10D16000626158B10E4B33600020F8BD01F07F01C1
:10D170004942002ABCD121F48031B9E7094B336020
:10D1800091E73068074BC01AB0FA80F04009F8BD4B
:10D190003068001BB0FA80F04009F8BD2084002000
:10D1A00055AA550088228800408500204084002030
:10D1B00024840020FCF78ABCFCF782BC1E4B9A68D2
:10D1C0007AB11E4B116899420BD1D169A3F110239A
:10D1D000A3F1EF13994204D19368012B01D8D368CE
:10D1E0000BB101207047536913BB1369F3B1F0B45D
:10D1F000124C134D14E0D969A94214D19968012940
:10D2000011D8D96879B1186981420CD05E6916B11C
:10D210009F69BE4207D0914205D11A4620B103460C
:10D220001968A142E7D00120F0BC7047184670474A
:10D2300091699942D9D1D4E74086002055AA00FFD0
:10D24000669911EE2DE9F84F3C4D2B68EC68002BE8
:10D250003FD0AB68002B3CD000283AD0002938D012
:10D2600001FB00F6B6FBF0F0814232D1301D30D820
:10D27000B10732D026F00301043114B929E0A469C2
:10D280003CB363688B42FAD3D4F808C0BCF1000FFA
:10D290001FD1A0695B1A232B814667691FD8012320
:10D2A000A360002F46D0B861A06900B14761002398
:10D2B0002A696361D207A36102D5FFF77FFF40B9F6
:10D2C0002034324600212046FBF72AF82046BDE8EC
:10D2D000F88F00242046BDE8F88F3146CDE7D4F81A
:10D2E000108001F1200EDFF858B0DFF858A004EBF1
:10D2F0000E02203BC2E9013CC2E9034844F80EB0EB
:10D30000C2F81CA0B8F1000F01D0C8F80C20C2F878
:10D310001890576187B1BA61906900B142610023EA
:10D320006160296922610122C4E90533CB07A2604B
:10D33000C6D5C2E7E860B8E7EA60EEE740860020BD
:10D3400055AA00FF669911EE002872D070B5424CC4
:10D350002368002B6CD0A268002A69D0984267D35A
:10D3600062681344984263D23C4B50F8202C9A4296
:10D370005ED150F8042CA3F11023A3F1EF139A42CD
:10D3800056D150F8183C012B52D850F8146C1EB1ED
:10D3900050F8102C96424BD050F80C2C1AB150F883
:10D3A000081C8A4244D0012B42D1002250F8103C84
:10D3B000A0F1200540F8182C002E3BD0B268002ABE
:10D3C00038D150F81C1C726820310A4433617260F5
:10D3D00003B1DE60202200212846FAF7A1FF33695D
:10D3E000FBB19A68EAB9354659686A680A4419690E
:10D3F00020326A602961D5E9050240B3826102B139
:10D40000506158699A696861AA61F0B18561AA6939
:10D4100002B1556101B1CD60202200211846FAF712
:10D420007FFF23699B0703D5BDE87040FFF7C6BEA9
:10D4300070BD704713B19A68002AD5D0E36840F8F0
:10D44000083C03B15D61E560EBE7E560E0E7002AD9
:10D45000D7D0E260D4E700BF4086002055AA00FF85
:10D4600038B50D460446142200210F48FAF758FF3C
:10D47000232D18D914F0030304D0043DC3F1040292
:10D480001D4414442A4600212046FAF749FF064B62
:10D49000064A0748A5F12001C3E901541C60E06178
:10D4A000C4E90021DC6038BD4086002055AA00FF99
:10D4B000669911EE82B002AB03E90300009801996E
:10D4C00002B0704700B587B06B4683E8030003AA3B
:10D4D00000980199FCF7FAFA8C3018BF012007B0C8
:10D4E0005DF804FB2DE9F04F8FB0CDE90230DDF897
:10D4F0006480002B00F0DC80B8F1000F00F0D880D1
:10D50000189B0E469146002B79D04FEA4805B5F599
:10D51000005F80F0C780283529460120FFF792FE82
:10D520000446002800F0C180B6460DF1180C00F149
:10D53000280BBEE80F00ACE80F009EE80F008CE857
:10D540000F0008225C492046CDF81480FAF7AAFEA5
:10D55000042207A904F10800FAF7A4FE022206A992
:10D5600004F10C00FAF79EFE02220DF11A0104F1FB
:10D570000E00FAF797FE04220AA904F11000FAF748
:10D5800091FE04220BA904F11400FAF78BFE042289
:10D590000CA904F11800FAF785FE4946082204F1A7
:10D5A0001C00FAF77FFE042205A904F12400FAF713
:10D5B00079FE58460299059AFAF774FE189B2BB12A
:10D5C000059A19460BEB0200FAF76CFED6F80890A4
:10D5D000D6F80CB04846594606AAFCF777FA8C30C4
:10D5E0000FD02A4600212046FAF79AFE2046FFF780
:10D5F000ABFE6FF08A0A50460FB0BDE8F08F45468B
:10D6000085E7002723462A46484659460097FCF7F7
:10D610007FFA824658B12A4600212046FAF780FE5A
:10D620002046FFF791FE50460FB0BDE8F08F484608
:10D63000594606AAFCF74AFA824670BB079A9542F9
:10D6400029D101462A462046FAF76AFE2046FFF70E
:10D650007BFE039C314628222046FAF723FE4146F2
:10D660000120FFF7EFFDE064F8B142460299FAF7B6
:10D6700019FE189B002BBED041460120FFF7E2FDAA
:10D68000039B186588B142461899FAF70BFE50467D
:10D690000FB0BDE8F08F6FF0980A59464846FCF786
:10D6A0000FFAB8E76FF08D0AA5E76FF08C0AA2E7D2
:10D6B0006FF0860A9FE700BF681303002DE9F04F63
:10D6C0008BB004AB83E80300DDF81090DDF8148024
:10D6D000154683464146484607AADDF814A0FCF7E4
:10D6E000F5F90446C0B9089F01203946FFF7AAFDA5
:10D6F0000646002800F0A7804846414607AA06943F
:10D70000FCF7E4F9044658B13A4600213046FAF7EE
:10D7100007FE3046FFF718FE20460BB0BDE8F08F3D
:10D7200006AB0246019348463B4641460096FCF74D
:10D73000DBF9069B04469F4240F082800028E3D13B
:10D74000272F05F1280905F1380877D90822304636
:10D75000424902F051FA044600286FD106F1240133
:10D7600048460422FAF79EFDA96AA7F128039942C8
:10D7700064D8B1F5005F61D2B3EB410F3DD099425F
:10D7800028BF4FF0000959D3D1BBE964042206F148
:10D790000801A818FAF786FD022206F10C012846B6
:10D7A000FAF780FD022206F10E01A818FAF77AFDB9
:10D7B000042206F1100105F11000FAF773FD0422AE
:10D7C00006F1140105F11400FAF76CFD042206F1CC
:10D7D000180105F11800FAF765FD4046082206F128
:10D7E0001C01FAF75FFDEB6CC5E902BA1BB3AB6A2B
:10D7F000002B08BF6FF0910486E74FF00109C3E7E3
:10D800000120FFF71FFDE86400B306F12803194665
:10D81000AA6A0393FAF746FDB9F1000FB6D00120CA
:10D82000A96AFFF70FFD286580B1AA6A0399114420
:10D83000FAF738FDAAE76FF0910465E7C5E902BA87
:10D840006FF0980460E76FF08C0465E76FF08C046C
:10D85000C5F808B0C5F80CA056E700BF6813030070
:10D860002DE9F04F85B0019000F0DAF8064600F09F
:10D87000D9F8044600F0D8F8834600F0D9F80090B3
:10D8800000F0DAF807781FB1002005B0BDE8F08F8E
:10D89000A64257D80346002E4BD0009A4FF0640A98
:10D8A000043A15464DF23D49DFF8CC8002920390D0
:10D8B000BBF1000F24D000F0BBF80446006818B993
:10D8C0001EE054F8040FD8B1594602F0CBFE0028F0
:10D8D000F7D15B463A462449244800F0C3FD0020B6
:10D8E000009A029B02EB8602043A53F8041F01B12E
:10D8F00018609342F9D14FF0FF3005B0BDE8F08FCA
:10D900000AFB0780594645F8040F02F0B5FEDBE933
:10D910001003DBE912412A680BF1500B176601373F
:10D92000BE42C2E91003C2E91241C2F85090BFD111
:10D93000039B0198029300F083F8029B48B90122EF
:10D940001A70A1E7234632460749094800F08AFDCC
:10D95000D1E702460449074800F084FD002ECAD0F2
:10D96000009B043B0293BAE784140300A413030052
:10D9700070130300D81303005486002010B500F084
:10D9800051F800F055F800F057F8044605490648EC
:10D9900000F068FD237803B910BD00F065F800239E
:10D9A000237010BD70140300F0130300F8B5074690
:10D9B00000F038F8064600F03BF8054600F03CF869
:10D9C0000378DBB1FFB15EB10024043D55F8041FBC
:10D9D00019B1384602F046FE48B10134A642F5D1ED
:10D9E0003A460B490B4800F03DFD0020F8BD2146AA
:10D9F000384600F049F80028F2D0F8BD044906483E
:10DA000000F030FDF1E70249044800F02BFDECE79F
:10DA100064140300441403000814030028140300D2
:10DA2000032070470320704700487047D86C0020DF
:10DA30000048704788870020004870478087002092
:10DA4000074B1A680AB1074951655A680AB1054976
:10DA500051659B680BB1034A5A650020704700BFAF
:10DA60008887002000000F40064B1A680AB1002189
:10DA700051655A680AB1002151659B680BB10022BB
:10DA80005A65704788870020022908B503D8054BDE
:10DA900053F8210008BD02460349044800F0E2FCA7
:10DAA000002008BD88870020C015030098140300DB
:10DAB000114B10B51C78CCB102460B4680B14DF22B
:10DAC0003D41006D88420BD1990709D1D2E911106F
:10DAD0001944884204D3536D890853F8210010BDBE
:10DAE0000649074800F0BEFC002010BD0349054868
:10DAF00000F0B8FCF8E700BF80870020AC150300F9
:10DB0000B814030008140300134B10B51C78F4B1CB
:10DB10000B46A8B14DF23D41046D8C4210D113F07B
:10DB200003010DD1446C03EB040C846C644507D3F2
:10DB3000436D4FEA9C0C53F82C300846136010BD1F
:10DB400002460649064800F08DFC102010BD03492E
:10DB5000044800F087FCF8E780870020AC1503003C
:10DB6000B814030008140300134B10B51C78ECB173
:10DB70000B46A0B14DF23D41046D8C420FD113F024
:10DB800003010CD1446C03EB040C846C644506D394
:10DB9000436D4FEA9C0C084643F82C2010BD02460A
:10DBA0000649074800F05EFC102010BD03490548F7
:10DBB00000F058FCF8E700BF808700209C150300A8
:10DBC000E81403000814030070B5234C82B02578D4
:10DBD000002D3BD01C4648B34DF23D43056D9D42A0
:10DBE00024D1002C2FD004F1FF3421DB8B071FD16F
:10DBF000D0E911658B199D424FEA840C1AD311F0BC
:10DC0000030F01EB840415D13444AC4212D8416DAA
:10DC100023F003031944131F624451F8040B43F823
:10DC2000040F9A42F9D1002002B070BD5CB1013CF2
:10DC30004FEA840C0CEB01040B46024607490848E6
:10DC4000009400F00FFC102002B070BD034905489D
:10DC500000F008FCF7E700BF80870020881503006C
:10DC60001415030008140300002A41D0002B9C4621
:10DC70003EDD30B51F4B83B01B78A3B30CF1FF3CE6
:10DC800020B34DF23D43046D9C421FD18B071DD143
:10DC9000D0E911544B199C424FEA8C0E18D311F065
:10DCA000030F01EB8C0C13D1AC44A44510D8416D8B
:10DCB00023F003000144131F724453F8040F9342EE
:10DCC00041F8040BF9D1002003B030BD4FEA8C0EAF
:10DCD0000EEB01040B46024607490848009400F089
:10DCE000C1FB1020F0E70449054800F0BBFBF8E752
:10DCF000102070478087002074150300441503002E
:10DD00000814030000F0B2BB002101F0E1BB00BF2A
:10DD1000F8B50C46074601F059FB2146064600F0CF
:10DD200041F9D0B14FF0FF3500F06AFC012305EB5B
:10DD30004405AB40034213D00021284600F036FCD6
:10DD400030B13A462146304600F08AF90020F8BD4D
:10DD50000146284600F04AFCF3E76FF00C00F8BDDE
:10DD60006FF00800F8BD00BF08B501F08DFBBDE8FD
:10DD7000084001F0ABBB00BF2DE9F843074601F0B6
:10DD800083FB01F0A3FB02264FF0FF334FF00109A4
:10DD9000054616FB0036134C09FA06F901F016FB8E
:10DDA0002946804600F0FEF888B100F029FC10EA10
:10DDB000090F0CD00021304600F0F8FB68B13A465C
:10DDC0002946404600F04CF90020BDE8F883013CAC
:10DDD000E4D16FF00D00BDE8F8830146304600F055
:10DDE00005FCECE780F0FA02013810B4032805D8EE
:10DDF000DFE800F020120C02FF2934D000210C468D
:10DE0000084611601C605DF8044B7047FF29F5D18E
:10DE1000E02401201D49F4E7B1F5807F1FD0B1F562
:10DE2000C07F24D0B1F5007FE8D14FF4D074012039
:10DE30001749E6E7E0290ED0B1F5807F1CD0B1F597
:10DE4000C07F1DD040F209208142D7D14FF4DC744D
:10DE500001201049D5E7C82401200F49D1E7E0246B
:10DE600001200E49CDE7E02401200D49C9E74FF418
:10DE7000A07401200B49C4E7E02401200A49C0E74F
:10DE80004FF4A07401200949BBE700BFB816030096
:10DE900098170300581B0300301F0300781A030073
:10DEA000D815030038190300501E0300101D03008D
:10DEB0002DE9F84F8B46DDE90B87DDE90D6543F66B
:10DEC000F87192461C46DDF82890FFF7F1FDBBF192
:10DED000000F03D0C0F302538BF8003014B1C0F32D
:10DEE000C0532370BAF1000F03D0C0F302438AF885
:10DEF0000030B9F1000F03D0C0F3C04389F80030FF
:10DF0000B8F1000F03D000F00F0388F8003027B1FC
:10DF10008023C0F3011293403B800EB1030A33709B
:10DF20000DB1000E2870BDE8F88F00BF38B50B4664
:10DF300004240546013B9B009C4022464FF47C5143
:10DF4000FFF712FE4FF47C512846FFF7B1FD8443E2
:10DF500014BF6FF00100002038BD00BF70B5064649
:10DF60000D4692B143F6E0711446FFF7A1FD03465A
:10DF700043F6F47123603046FFF79AFD830504D51C
:10DF8000206810F4000000D170BD4FF47C51304681
:10DF9000FFF78EFD691E8900C840C04300F00100F4
:10DFA00070BD00BF10B50C464FF47C51FFF780FDEB
:10DFB0000223013C9C40A340034214BF01200020E7
:10DFC00010BD00BFF8B505460C461646CBB94C1E31
:10DFD0004023A10232462846FFF746FE0122A40054
:10DFE00002FA04F44FF47C5122462846FFF7BCFDA8
:10DFF0004FF47C512846FFF75BFD04421FD0002000
:10E00000F8BD43F6E071FFF753FD43F6F4710746A0
:10E010002846FFF74DFD810504D53A0202D46FF082
:10E020000200F8BD4FF47C512846FFF741FD013C4A
:10E03000A300D840C307CBD56FF00200F1E743F649
:10E04000FC712846FFF734FD47F6825380B29842B0
:10E05000D5D047F28C339842D1D06FF00300F8BD91
:10E0600070B50C464FF47C5116460546FFF720FD6F
:10E070000223611E01FA03F203FA02F420420DD0DA
:10E080004023324628468902FFF79EFD22464FF480
:10E090007C512846FFF768FD002070BD6FF002003C
:10E0A00070BD00BF38B543F6FC710446FFF700FDB4
:10E0B00047F6825380B2984203D04FF0FF3528468E
:10E0C00038BD43F6F4712046FFF7F2FC810501D418
:10E0D0000325F4E743F6E0712046FFF7E9FC10F46E
:10E0E0008075F7D1820523D5002821DB00F4500389
:10E0F000B3F5A00F26D01ED8B3F5801F04D0B3F51A
:10E10000800F08BF012519D143F6F8712046FFF7AB
:10E11000CFFC030C83EA10535B07D0D0C30C83EA17
:10E12000D05313F0010F18BF6FF00105284638BD1A
:10E130006FF00205C3E7B3F5100FC9D06FF0030508
:10E14000284638BD0225BAE780B37AB373B33F29B6
:10E150002CD8F0B54FF0000E01F18045013D00EBE9
:10E16000850523F003070EF1010C634514780EF1C9
:10E17000020602D840F82140F0BDB3421488F9D914
:10E18000BE4596780EF1040E02D144EA0644F1E74A
:10E190007345146801F1010102F1040201D86C60B9
:10E1A000F0BD402945F8044FDDD1F0BD704700BFF8
:10E1B00078B373B36AB33F292BD8F0B54FF0000E94
:10E1C00001F18041013900EB810100F1FC0422F0F2
:10E1D000030751F8040F0EF1010C62454FEA1026B7
:10E1E0000EF10205187013D9AA424FEA104C5E7066
:10E1F0000ED9BE4583F802C04FEA10600EF1040E3E
:10E2000006D07245D87003F1040301D9A142E0D1D0
:10E21000F0BD7047B1F5804F01D301207047F0B5D4
:10E22000931E012B0C46054683B007D9012A16D050
:10E23000002637464CB9002003B0F0BD032A0E4635
:10E240000CBF0F460027002CF5D00021284601AA5C
:10E25000FFF75AFC48B1012804D00220ECE70F4632
:10E260000026E7E7012003B0F0BD019A014622EA4B
:10E2700004023A432846E4430192FFF775FC002864
:10E28000E9D10421284601AAFFF73EFC0028E2D18B
:10E29000019B04211C4044EA060228460192FFF734
:10E2A00063FC0028C7D0D6E7B1F5804F01D3012029
:10E2B00070470A4608B50C21FFF756FC18B1012833
:10E2C0000CBF0120022008BD0A4608B51421FFF743
:10E2D0004BFC10B1012818BF022008BD0A4608B542
:10E2E0001021FFF711FC10B1012818BF022008BD52
:10E2F00013462DE9F04F83B00D4601AA1C210646B6
:10E300001C46FFF701FC08BB43F2C962BDF80430AC
:10E31000934201931ED0022003B0BDE8F08F032288
:10E3200041463046FFF776FF0346002878D110219A
:10E33000304649EA0802FFF717FC034600286FD170
:10E3400039463046FFF7B0FF0028E5D00128E2D17A
:10E350000120E1E7024608213046FFF705FC0028CE
:10E36000F4D101AA18213046FFF7CEFB024600285F
:10E3700034D1019B03F03F03013B1F2BCBD8082175
:10E380003046FFF7F1FB0028E0D102460146304657
:10E39000FFF7EAFB0028D9D1024604213046FFF7F7
:10E3A000E3FB0028D2D1002D45D0002C43D0002320
:10E3B0001F46984699469A46194605F1040E05F1FE
:10E3C000050C55F83320B2F5804FC1D21EF833004A
:10E3D000032808D8DFE800F02D272A050128B7D048
:10E3E00099E748EA02081CF8330000B117430133EB
:10E3F0009C42E6D100223046FFF70CFF0028A5D151
:10E40000514601223046FFF705FF00289ED1022227
:10E4100049463046FFF7FEFE034600283FF47FAF33
:10E42000012B95D077E74AEA020ADCE749EA0209BC
:10E43000D9E71143D7E70027B846B946BA46394667
:10E44000D8E700BFB1F5804F01D3012070470A46DD
:10E4500008B51021FFF788FB18B101280CBF012077
:10E46000022008BD0FB404B0704700BF08B500F02B
:10E4700067F800F00DF838B101F014F8002801DB5E
:10E48000002008BD00F03EF84FF0FF3008BD00BF8F
:10E4900070B5164C25782DB115481649FFF7E2FFE7
:10E4A000207870BD144E3046FFF7DAF9002807DAFD
:10E4B00020780028F5D14FF0FF330020336070BD85
:10E4C00001233068237000F03DF8002806DB0B487C
:10E4D000FFF7C8FF20780028E3D1ECE7054908489A
:10E4E000FFF7C0FFFFF74AFA2570E4E7C489002070
:10E4F000F81F030094200300C86D0020382003009B
:10E500001420030038B50A4C23785BB1094D286804
:10E5100000F03CF8FFF732FA00224FF0FF33227090
:10E520002B6038BD04490548BDE83840FFF79ABF65
:10E53000C4890020C86D00208420030064200300EB
:10E54000704700BF00B50E4883B0FFF72FFA0D4AA1
:10E55000106090B10346EC460B4A92E8030001229A
:10E560008CE8030061461846FFF7C2FE002818BF7A
:10E570006FF0020003B05DF804FB4FF0FF30F9E7E5
:10E58000A420030094870020B020030038B5064D76
:10E5900004462B682BB11846FF21FFF795FE002398
:10E5A0002B60204638BD00BF94870020054B0146F4
:10E5B000186820B1012303FA01F1FFF743BF4FF0C0
:10E5C000FF3070479487002038B503460124064D7C
:10E5D0009C4021462868FFF735FF21462868BDE8A2
:10E5E0003840FFF761BE00BF948700200346012139
:10E5F000024A99401068FFF767BE00BF9487002069
:10E60000002300B5094A83B0106801A90193FFF700
:10E6100065FE002803DC019803B05DF804FB02F0FE
:10E620003BF8404203B05DF804FB00BF9487002034
:10E630002DE9F0471E4650EA01034CD0B2F54B7F5E
:10E64000924648D8002E46D00025264CDFF89890F8
:10E6500080460F464FF48072294620463560F9F710
:10E660005FFE4FF4807229464846F9F759FE4FF095
:10E67000B8532046C4E90287C4F810A06561A561BB
:10E680002360FFF741FB48BB4846FFF775FB28BBFB
:10E69000D9F80030002B4FEA136203F4803104DB19
:10E6A00052B16FF09600BDE8F08702F07F0253424E
:10E6B000DBB231B9002BF4D1D9F804303360BDE8B6
:10E6C000F087002BF8D00E2A14BF6FF096006FF081
:10E6D0009D00BDE8F0876FF08600E4E76FF09200E0
:10E6E000E1E700BF807A002098870020C0B370B5B2
:10E6F0001D4D1E4E04464FF4807200212846F9F746
:10E700000FFE4FF4807200213046F9F709FE4FF0FA
:10E710005C532846AC602B60FFF7F6FAE8B9304648
:10E72000FFF72AFBC8B93368002B4FEA136003F4E4
:10E7300080320BDA00F07F00404242B920F4803092
:10E7400010F0FF0018BF6FF0960070BD104310F07E
:10E75000FF0018BF6FF0960070BD6FF0920070BDA3
:10E760006FF08600704700BF807A002098870020F5
:10E7700000284CD02DE9F0410F46002944D0531E0B
:10E78000B3F54B7F15463FD2224CDFF88C8006460E
:10E790004FF4807200212046F9F7C2FD4FF48072D9
:10E7A00000214046F9F7BCFD00234FF01C5245F014
:10E7B00000652046A660E56027616361A361E361AF
:10E7C00023622260FFF7A0FAD8B94046FFF7D4FAD7
:10E7D000B8B9D8F80030002B4FEA136003F4803248
:10E7E00007DB104310F0FF0018BF6FF09600BDE884
:10E7F000F08100F07F004042002AF3D120F4803005
:10E80000F0E76FF09200F2E76FF08600EFE76FF04D
:10E8100086007047807A0020988700202DE9F84F05
:10E82000B2F54B7FDDE90AA75DD8BAF1000F5AD0E7
:10E83000002F58D01D462F4C2F4E904683468946B8
:10E840004FF4807200212046F9F76AFD4FF4807280
:10E8500000213046F9F764FD4FF01C536562002536
:10E860002360264B2046264AE3600A212923C4E977
:10E870000455C4E90655C4F808B02562FFF764FCE6
:10E88000E2683B6842EA0802E260226AC3F30903D5
:10E8900013432046C4E90495C4E906A52362FFF7A3
:10E8A00033FAE8B93046FFF767FAC8B93368002B86
:10E8B0004FEA136003F480320ADB104310F0FF00CC
:10E8C00014D17368C3F3090383B13B60BDE8F88FCB
:10E8D00000F07F004042002AF0D120F48030EDE7C4
:10E8E0006FF09200F2E76FF08600EFE76FF09600AE
:10E8F000ECE700BF807A002098870020000029887C
:10E900005C2103002DE9F8431D46013BB3F54F7F21
:10E910004CD21646002A49D00F46264CDFF8A0906C
:10E9200080464FF4807200212046F9F7F9FC4FF43D
:10E93000807200214846F9F7F3FC4FF01C526762E1
:10E9400000271D4B2046E360226029230A211B4A31
:10E95000C4E90477C4F80880FFF7F6FBE3682046B3
:10E960002B4326616761E360FFF7CEF9D8B94846CB
:10E97000FFF702FAB8B9D9F80030002B4FEA13605C
:10E9800003F4803207DB104310F0FF0018BF6FF074
:10E990009600BDE8F88300F07F004042002AF3D1E2
:10E9A00020F48030F0E76FF09200F2E76FF086001D
:10E9B000EFE700BF807A0020000029045C210300FB
:10E9C000988700202DE9F0479DF820A09DF824901D
:10E9D0009DF8388000286FD00F4600296CD015466E
:10E9E000002A69D01C46002B66D00646BAF1000FFB
:10E9F0004FD0B9F1000F5FD14FF4807249463148D2
:10EA0000F9F78EFC49464FF480722F48F9F788FCDD
:10EA10002E494FF01C502A460025234641EA044166
:10EA2000284C4FEA0868E16020600A212046C4E9CA
:10EA30000887C4E90455C4E90655A660FFF784FBBE
:10EA40000B9AE368C2F309021343E3600A9B204672
:10EA5000C4E90435FFF758F988BB1B4C2046FFF783
:10EA60008BF960BB2368002B4FEA136003F48032FC
:10EA700007DB104310F0FF0018BF6FF09600BDE8F1
:10EA8000F08700F07F004042002AF3D120F480306C
:10EA9000F0E74FF4807251460A48F9F741FC5146BD
:10EAA0004FF480720848F9F73BFCB9F1000F0849B0
:10EAB00008BF4FF08071ACE76FF08600DFE76FF0C2
:10EAC0009200DCE7807A0020988700200040000157
:10EAD0000080000100294DD081282DE9F84304462B
:10EAE00042D84FF00009DFF89880244FC1F8009019
:10EAF0000D46164649464FF480724046F9F710FC21
:10EB000049464FF480723846F9F70AFC4FF0E0634B
:10EB100024044046C8F81040C8F80030FFF7F4F865
:10EB2000F8B93846FFF728F9D8B93B68002B4FEA07
:10EB3000136003F480320CDB104310F0FF0016D199
:10EB40007B682B601EB1BB68C3F309033360BDE86B
:10EB5000F88300F07F004042002AEED120F480309C
:10EB6000EBE76FF09200F2E76FF08600EFE76FF0EF
:10EB70008B00ECE76FF08600704700BF988700209D
:10EB8000807A00202DE9F041002482B0CDE90044D4
:10EB9000002A6BD0164601AB6A46FFF725F900281C
:10EBA00063D0DDF804803460B8F54B7F5ED8314D1A
:10EBB000314F4FF4807221462846F9F7B1FB4FF4EC
:10EBC000807221463846F9F7ABFB4FF0B8532B6003
:10EBD00000232A4A2846C5E90544C5E90223C5F8A9
:10EBE0001080FFF791F800283CD13846FFF7C4F8B1
:10EBF000002837D13B68002B4FEA136203F48031C1
:10EC000006DB62B16FF09604204602B0BDE8F081E9
:10EC100002F07F025342DBB271B9002BF2D17D6862
:10EC2000019A28460099FFF7A3FD044680B92046C3
:10EC3000356002B0BDE8F081002BF0D00E2A14BF81
:10EC40006FF096046FF09D04204602B0BDE8F0819D
:10EC50002846FFF74BFD002818BF0446204602B0A7
:10EC6000BDE8F0816FF09204CEE730606FF086046B
:10EC7000CAE700BF807A00209887002001440F0077
:10EC800070B504460D461646D4E90012324800F02D
:10EC9000B3FF28B90122E0232A700020336070BD41
:10ECA0002E48D4E9001200F0A7FF18B901224FF452
:10ECB0008073F1E72A48D4E9001200F09DFF18B9EB
:10ECC00001224FF4C073E7E72648D4E9001200F0B0
:10ECD00093FF18B9012240F20923DDE72248D4E965
:10ECE000001200F089FF10B90222E023D4E71F4888
:10ECF000D4E9001200F080FF18B902224FF48073AB
:10ED0000CAE71B48D4E9001200F076FF18B90222C6
:10ED10004FF4C073C0E71748D4E9001200F06CFF4D
:10ED200018B902224FF40073B6E71348D4E9001271
:10ED300000F062FF10B90322FF23ADE70F48D4E9CA
:10ED4000001200F059FF10B90422FF23A4E70023AA
:10ED50002B706FF0040070BD1422030088210300A3
:10ED60001C2203002422030094210300A02103009D
:10ED7000AC210300B8210300C4210300C821030013
:10ED800010B504461848D4E9001200F035FF08B960
:10ED9000012010BD1548D4E9001200F02DFF08B97C
:10EDA000022010BD1248D4E9001200F025FF38B14E
:10EDB000D4E900120F4800F01FFF18B9062010BD5B
:10EDC000052010BD0C48D4E9001200F015FF48B131
:10EDD000D4E90012094800F00FFFB0FA80F04009B2
:10EDE000800010BD032010BDCC210300D4210300FE
:10EDF000DC210300E8210300C4210300C821030033
:10EE00002DE9F041002586B00C9C0D9E1D709846A2
:10EE1000174601900144256016B1C6E900553572C8
:10EE2000302302AA01A800F0F7FB40B1C31D072B55
:10EE30009CBF414A52F8230006B0BDE8F081DDE9ED
:10EE400001531D44294603AA01A800F035FC0028FF
:10EE5000ECD1039B012B02D06FF09700ECE7042369
:10EE6000294602AA0DEB030000F0D6FB0028DDD1F5
:10EE7000019B029A3B601344AB4238727A60019363
:10EE800008D0A023294602AA01A800F0C5FB18B1AA
:10EE9000831CCBD10020CFE7DDE90123002BCDE996
:10EEA0000300059002EB0307D6DD1378062B8DF8DF
:10EEB0001430D1D1394601A804AA00F0ADFB0028D6
:10EEC000B4D1019B049A039313449F420193C3D18D
:10EED0002246414603A8FFF7D3FE0028A6D1002E04
:10EEE000D8D0019BAB42D5D02946A12302AA01A8C4
:10EEF00000F092FB0028CBD1019C029B02AA1C448B
:10EF0000214601A800F0F2FC00288FD1DDE90123A1
:10EF1000D1188C42A0D1002B9ED098F80010013956
:10EF2000012999D81178042996D10132013BC6E90B
:10EF300000233072AEE700BFF42103002DE9F04B4F
:10EF4000002486B01C701F460F9E0E9B90460190B9
:10EF500001441C6016B1C6E900443472302302AA91
:10EF600001A800F059FB044648B1E31D072B9CBFE4
:10EF7000484A52F82340204606B0BDE8F08BDDE950
:10EF8000012302EB0309494603AA01A800F094FB00
:10EF900004460028E9D1039D25B1012D02D06FF070
:10EFA0009704E8E7019B4B45F9D03023494602AA74
:10EFB00001A800F031FB04460028D6D1DDE9012389
:10EFC000002BCDE90300059002EB030BE7DD13787E
:10EFD000062B8DF81430E2D1594601A804AA00F09E
:10EFE0001BFB04460028C0D1019B049A03931344E1
:10EFF0009B450193D3D139460E9A03A8FFF740FEF3
:10F0000004460028B1D10423494602AA0DEB0300AF
:10F0100000F002FB04460028A7D1DDE901131944E2
:10F02000042302AA0DEB030000F0F6FA04460028C0
:10F030009BD1019B029A88F80800C8F80030C8F8F4
:10F040000420002D97D0002E95D04B4593D04946F3
:10F05000A12302AA01A800F0DFFA08B1044684E760
:10F06000DDE901531D44294602AA01A800F03EFC37
:10F070000028F3D1DDE90123D1188D428FD1002B77
:10F080008DD039780339012989D8C6E90023307237
:10F0900071E700BFF4210300F0B50546002489B0F4
:10F0A00016461F466846302301AA2944CDE902448A
:10F0B000CDE90444CDE90644009500F0ADFA0446DC
:10F0C00040B1E31D072B9CBF2E4A52F82340204637
:10F0D00009B0F0BDDDE900531D442946684605AB83
:10F0E00002AA00F05FFC04460028EAD102A8FFF75C
:10F0F00047FE032840D021DC431E012B1BD80228E9
:10F100004FF0FF3318BF00230F993A460B7005A844
:10F110003146FFF7B5FD04460028D2D1294668469E
:10F1200001AA00F0E3FB04460028CAD1DDE9002370
:10F13000D1188D420AD06FF09704C8E70428FAD19D
:10F14000FF2330703B600F9B1C70E7E7002BF2D071
:10F15000317802290CD80029EDD011780429EAD1A0
:10F160000132013B00210E98026043600172AEE75C
:10F1700003390129F6D9DEE7FF230F9A30703B608F
:10F180001370CBE7F421030070B504469C4684B0AD
:10F190001646302301A802AA21446546019400F0D6
:10F1A0003BFA38B1C31D072B9CBF144A52F8230009
:10F1B00004B070BDDDE901431C44214603AA01A847
:10F1C00000F07AFA0028EDD1039B1BB16FF0970095
:10F1D00004B070BD3246214601A800F0B9FA0028FB
:10F1E000E0D12146089A01A800F0B2FA0028D9D14E
:10F1F0002A46214601A800F0ABFAD3E7F421030028
:10F20000F0B5074600248DB015461E4604AA3023EB
:10F2100003A83944CDE90644CDE90844CDE90A44C0
:10F22000039700F0F9F938B1C31D072B9CBF194AA9
:10F2300052F823000DB0F0BDDDE903431C44214624
:10F2400003A805AA00F038FA0028EDD1059B13B1F8
:10F250006FF09700EEE7214609AB06AA03A800F07D
:10F26000A1FB0028E0D106A8FFF78AFD0628EFD110
:10F270002146042304AA03A800F0CEF90028D3D124
:10F28000DDE90301129C33462A460094FFF77CFF18
:10F29000D0E700BFF4210300F0B50746002489B091
:10F2A00016461D466846302301AA3944CDE902447A
:10F2B000CDE90444CDE90644009700F0ADF938B13A
:10F2C000C31D072B9CBF224A52F8230009B0F0BD92
:10F2D000DDE900431C442146684602AA00F0F4FB25
:10F2E0000028EDD102A8FFF74BFD431F012B02D9E7
:10F2F0006FF09700EAE706284FF0FF3018BF0020B4
:10F300000E9B2146187005AA684600F08BFA00286B
:10F31000D6D19DF81C30002BEAD1059C002CE7D0FB
:10F32000069900940C4430232146684601AA00F057
:10F3300073F90028C4D132462146684600F008FA25
:10F340000028BDD12A462146684600F001FAB7E7F9
:10F35000F42103003AB11144024411F8013D00F8D0
:10F36000013B9042F9D17047012170B5154D164B04
:10F37000C0B028681960FEF7D9FDF8B90646042424
:10F3800001212868FEF70EFE60B16A460121286857
:10F39000FEF766FE08B9013CF2D16FF00606304672
:10F3A00040B070BD024601212868FEF7D7FD002855
:10F3B00008BF6FF00706304640B070BD6FF005061D
:10F3C000EDE700BFA0880020988800200C4B10B506
:10F3D0001C6864B10B4B1B680BB1204610BD204666
:10F3E000FEF760FE012804DD02380128F5D900246B
:10F3F000F3E70028FBDBFFF7B7FF0028EDD0F6E7C7
:10F40000A088002098880020024B1878003818BF88
:10F4100001207047C88900200022014B1A60704704
:10F42000988800200E4B1B68BBB180B10D4B1B7838
:10F4300083420CD30C4A013852F820301BB18B4266
:10F4400008D10020704742F82010002070476FF06C
:10F45000010070476FF0030070474FF0FF307047B6
:10F46000A0880020C5890020807B0020054B1888DB
:10F47000013080B210B102461A8070470122104656
:10F480001A807047C089002008B5FFF7BDFF10B192
:10F49000024B186808BD024808BD00BFCC6D0020B3
:10F4A000B8C9A5B010B5F8F7D7FC041E01DB0020E1
:10F4B00010BD21460448FEF7D5FF631C01D064341B
:10F4C000F5D16FF0010010BD342203000120704718
:10F4D000F8B50446FFF7D8FF002845D00646FFF7E9
:10F4E000F5FF0546002842D0FFF7C0FF2268234BF6
:10F4F0001340034303F07F42B2F17C5F23602BD0C3
:10F50000B2F1174F1CD1FFF761FF074690B33146A8
:10F510002846FFF787FF0646A0B968003146013844
:10F52000FFF752F80123224629463846FEF74AFDE6
:10F53000C31C0ED018B1043011D06FF01200F8BD0A
:10F540006660E0E702460E490E48FEF78BFF023682
:10F55000F3DA6FF00C00F8BD0B4B6360D3E7FFF7F5
:10F560005BFF6FF00200F8BD6FF00A00F8BD6FF0AE
:10F570000B00F8BD6FF00100F8BD00BF0000FBFFFD
:10F58000842203005C22030047365A4F10B50468FA
:10F590008446081B002838DD94F900E02378BEF18A
:10F5A000000F0ADB0134091B8B424FF0FF30136060
:10F5B000D8BF0020CCF8004010BD03F07F03013B12
:10F5C000032B25D8DFE803F01C14090204281CDDF6
:10F5D000D4F8013005341BBAE5E7032815DDA3781C
:10F5E00060781B0243EA0043E07804340343DAE71F
:10F5F00002280ADDB4F8013003345BBA9BB2D2E7CB
:10F60000012802D063780234CDE74FF0FF3010BDFF
:10F610006FF0020010BD00BF10B504688446081BDF
:10F62000002843DD207898423DD1601CCCF80000D2
:10F63000081A00283ADD94F901E06378BEF1000F62
:10F640000ADB0234091B8B424FF0FF301360D8BF36
:10F650000020CCF8004010BD03F07F03013B032BDA
:10F6600027D8DFE803F01B14090204281EDDD4F8B4
:10F67000023006341BBAE5E7032817DDE378A078EB
:10F680001B0243EA0043207905340343DAE70228EA
:10F690000CDD638804345BBA9BB2D3E7012805D044
:10F6A000A3780334CEE76FF0010010BD4FF0FF30B8
:10F6B00010BD6FF0020010BD2DE9F0410027036876
:10F6C0001646CA1A82B0BA4201973BDD1A78022A5E
:10F6D00032D10133036001AA0446FFF757FF002827
:10F6E00027DB019959B3236893F900201D78002A7C
:10F6F00025DB45B901330139236026D01D788846C2
:10F700000127002DF6D00FB1CDF80480042916D8BA
:10F7100003D193F90020002A11DB019AAAB100213C
:10F720001A4413F8015B9342236045EA0121F8D1A2
:10F73000316002B0BDE8F0816FF00100F9E76FF0D1
:10F740000200F6E74FF0FF30F3E70021F0E700BFDB
:10F7500003688446C81A00285CDD1878022856D150
:10F76000581CCCF80000081A002853DD30B593F976
:10F7700001E05C78BEF1000F19DB0233C81A844245
:10F78000CCF8003022DC002515721D7845B9002820
:10F790001CDD581CCCF8000093F90150002D0FDB44
:10F7A0001919C2E900340020CCF8001030BD04F073
:10F7B0007F04013C032C32D8DFE804F0241D120B37
:10F7C0000123013C091AA142137226DA4FF0FF30DF
:10F7D00030BD0428FADDD3F80240063324BACDE761
:10F7E0000328F3DDDC789878240244EA0044187991
:10F7F00005330443C2E70228E8DD5C88043364BAB9
:10F80000A4B2BBE70128E1D09C780333B6E76FF0E0
:10F81000010070474FF0FF3070470346C0E76FF0BC
:10F82000020030BD03688446C81A00285ADD1878E3
:10F8300003284ED1581CCCF80000081A002851DDCE
:10F8400030B593F901E05C78BEF1000F1ADB0233AA
:10F85000C81A8442CCF800303EDC002C3CD018782A
:10F86000072810723BD81D198D4203F1010304F1E2
:10F87000FF34136054600CBF00206FF00300CCF81D
:10F88000005030BD04F07F04013C032C27D8DFE892
:10F8900004F01B14090204281EDDD3F802400633CD
:10F8A00024BAD5E7032817DDDC789878240244EAE7
:10F8B0000044187905330443CAE702280CDD5C884C
:10F8C000043364BAA4B2C3E7012805D09C7803339B
:10F8D000BEE76FF0010070474FF0FF3030BD6FF0B2
:10F8E000020030BD4FF0FF30704700BF0368844610
:10F8F000C81A002850DD1878032844D1581CCCF8C9
:10F900000000081A002847DD10B593F901E05C7883
:10F91000BEF1000F10DB0233C91A8C421460CCF820
:10F92000003033DC002C34D0187890BB0133013C1C
:10F93000CCF80030146010BD04F07F04013C032CAF
:10F940002DD8DFE804F01B14090204281EDDD3F8CB
:10F950000240063324BADFE7032817DDDC78987805
:10F96000240244EA0044187905330443D4E702280A
:10F970000CDD5C88043364BAA4B2CDE7012805D05D
:10F980009C780333C8E76FF0010070474FF0FF30F9
:10F9900010BD6FF0040010BD4FF0FF3070476FF0E6
:10F9A000020010BD2DE9F04104681F460B1B002B1F
:10F9B00040F383802378302B74D1631C0360CB1A0F
:10F9C000002B054679DD164694F9012094F801C014
:10F9D000002A36DB0234091B8C452C606DDC0029C3
:10F9E0006BDD2378BCF1000F337204EB0C0806F1D9
:10F9F000040262DD062B55D10134414628462C60B5
:10FA0000FFF7C4FD00281ADB2A68716832605318BA
:10FA100043452B604AD0525C01333A724146284636
:10FA20002B603A1DFFF7B2FD002808DB2B687A68CF
:10FA30003B601344434518BF6FF003002B60BDE8E3
:10FA4000F0810CF07F0C0CF1FF3CBCF1030F37D8B8
:10FA5000DFE80CF022180A02042B2EDDD4F802C0D5
:10FA600006349CFA8CFCB6E7032B26DD94F803C021
:10FA7000A3784FEA0C2C4CEA034C237905344CEA6A
:10FA8000030CA8E7022B18DDB4F802C004349CFA7A
:10FA90009CFC1FFA8CFC9EE7012B0ED094F802C050
:10FAA000033498E76FF00100BDE8F0810C220021DB
:10FAB0003846F8F735FC0020C1E74FF0FF30BEE7CD
:10FAC0006FF00200BBE700BF70B505460C4684B07E
:10FAD000164600210C2201A8F8F722FC2B68E21A36
:10FAE000002A7DDD1A78302A6DD15A1C2A60A21AAC
:10FAF000002A75DD93F90110587800293CDB0233A8
:10FB0000E41AA0422B606BDC002C69DD1978002818
:10FB1000317203EB000406F1040261DD062952D1C3
:10FB20000133214628462B60FFF730FD002821DBFA
:10FB30002A687168326053189C422B6047D0565C2B
:10FB40000133214628462B6002AA8DF80C60FFF78E
:10FB50001DFD00280EDB2B68029A13449C422B608B
:10FB600044D1052E01D0002E3DD1029B002B18BFA1
:10FB70006FF0040004B070BD00F07F00013803286E
:10FB800037D8DFE800F01B140902042A28DDD3F877
:10FB90000200063300BAB3E7032A21DDD8789A7849
:10FBA000000240EA02401A7905331043A8E7022A0E
:10FBB00016DD5888043340BA80B2A1E7012A0FD07D
:10FBC000987803339CE76FF0010004B070BD0C22FD
:10FBD000002101A8F8F7A4FB00209DF80C60C0E705
:10FBE0004FF0FF30C6E76FF00400C3E76FF003008B
:10FBF000C0E76FF00200BDE7BAB1844600B500204F
:10FC0000531E04E048B9013BA2EB0E000BD39CF855
:10FC1000002091F800E07245F4D1013B0CF1010C99
:10FC200001F10101F3D25DF804FB1046704700BFFB
:10FC30000246084671B1002310B4013A02E00133D4
:10FC4000984204D012F8014F002CF8D118465DF804
:10FC5000044B7047704700BF03DF70472DE9F04F3A
:10FC60004FF0010A264B8FB0D3F80090D9F8082046
:10FC7000D9F800300AFA02FA0AF1FF32019213B100
:10FC80009847002838D1012709F10C0B4FF00041AB
:10FC90000198F8F79FFB06460028F7D0DA460024C3
:10FCA000D9F80820A24207FA04F508D9354209D14B
:10FCB0000134A2420AF1040A07FA04F5F6D8F8F76B
:10FCC000B9FBE3E7DAF80020013492B102A9284633
:10FCD000F8F788FB5AF8042B02A8DDF80C8090474F
:10FCE00001464046F8F79EFBAE43CFD0D9F8082036
:10FCF000D8E7F8F79FFBE9E7F8F79CFBC3E700BFFD
:10FD0000400C0020F0B593B005460C462C22002193
:10FD100007A8F8F705FB01233027142606AA02924C
:10FD200004AA0092002102AA01930548CDE90374B8
:10FD30000695ADF84430059600F0CCF813B0F0BD50
:10FD400000010040F0B5064693B00F46154600216D
:10FD50002C2207A81C46F8F7E3FA40F201720123AF
:10FD600006963026ADF8442006AA029204AA019312
:10FD70000092002102AA054804970595039600F019
:10FD8000A9F8059B236013B0F0BD00BF000100403F
:10FD9000F0B5302693B006AF04460D46324600213A
:10FDA0003846F8F7BDFA40F2022201230420ADF8EC
:10FDB00044202268CDE90440CDE9075204AA00920C
:10FDC0000021019302AA0348CDE9027600F082F8EF
:10FDD00013B0F0BD00010040F0B5302793B006AB82
:10FDE0000D46144606463A4600211846F8F798FA9A
:10FDF0000021039740F20237366802900223CDE9D2
:10FE0000001102AA0448CDE904540896ADF84470E4
:10FE100000F060F813B0F0BD000100402DE9F043A0
:10FE20004FF0300895B00DF1200904460F461646F4
:10FE30000021424648461D46F8F772FA0222042382
:10FE400001922268049440F20254059304AB0A9292
:10FE500000930021012302AA0648CDE90298CDE9CA
:10FE60000676ADF84C4000F035F8079B2B6015B0D6
:10FE7000BDE8F08300010040F0B5144628221F467B
:10FE800006460D4695B00DEB02000021F8F748FA42
:10FE9000CDE907760127099540F2062630251A9B01
:10FEA00004AA02931B9B0021039308AB049302ABAB
:10FEB00000930197022306480694ADF84C6005951F
:10FEC00000F008F8039B1C9A136015B0F0BD00BF4A
:10FED000000100402DE9F047B1F5004F0D46DDE986
:10FEE0000896074690461C4601D2042B11D9F8F714
:10FEF000A1FA2406360406F4E02604F0E064344354
:10FF0000A9B24B46424638462143BDE8F047F8F7D0
:10FF100055BA042EEDD9EAE72DE9F041802986B0E3
:10FF20009DF8305017D90DF115061F23B44681F006
:10FF300080010CF1FF32B61ACDE9012603EB411125
:10FF400001AC0CF8011C836894E8060000F0EAF9A3
:10FF500006B0BDE8F0819846182A78F100030DF14B
:10FF6000150622D30027B446124B52EA080401D1E9
:10FF7000002D12DD13F8014B94B1ACEB040E0CF81C
:10FF8000012DF4454FEA122242EA08624FEA18288E
:10FF9000F5D1F4462D1B0137E7E707F11703C8E752
:10FFA000E6462D1BF4460137DFE7002DDAD1134674
:10FFB000B446BEE7F422030030B583B06D46044674
:10FFC00085E8060098220021F8F7AAF995E80600CE
:10FFD000204600F093F9042304F11402C4F894209D
:10FFE000A37603B030BD00BF30B500250446002B1A
:10FFF00083B0BDBFDB43D243012100210095FFF751
:020000023000CC
:100000008BFF237C5BB9D4F894008288C2F57F41D2
:10001000FE310129D2BF062301328280237403B04E
:1000200030BD00BF30B587B002AD0929044685E870
:100030000C0006D01A4600230B2900931BD0FFF7B3
:100040006BFF95E8030004AA82E80300A36820463A
:1000500006CA00F067F9237C5BB9D4F89400828863
:10006000C2F57F41FE310129D2BF062301328280D1
:10007000237407B030BD0221FFF74EFFEBE700BF4E
:1000800010B5002482B006210094FFF745FF02B0AE
:1000900010BD00BF037C10B46BB9D0F89440A288A7
:1000A000C2F57F4C0CF1FE0CBCF1010FD2BF062350
:1000B0000132A2800374826812F1660F12D8D0F860
:1000C000943000F18C04A34211D003F10804C0F86D
:1000D000944000249A60224699739C815DF8044BF9
:1000E0000274704703225DF8044B027470470422C7
:1000F000F9E700BF2DE9F0430446D0F89460227C74
:10010000B379B088052B87B008BF40083AB904F12D
:100110001405AE4249D0994204D00523237407B098
:10012000BDE8F0830C2920D080294AD90DF1150EA5
:100130001F23704681F080014F013B4400F8013CD1
:100140000138AEEB0003CDE9010301AA3368204674
:1001500006CA00F0E7F8D4F894309D423CBF083B53
:10016000C4F8943007B0BDE8F08340271828034650
:100170004FF000020DF1150E1CD371469446DFF8C6
:10018000488098F80000B8B1081A01F8013D814292
:100190004FEA132343EA02634FEA1222F5D153EAEE
:1001A000020909D10CF11803C7E70723237407B02C
:1001B000BDE8F0837046C0E70CF1010C08F10108BE
:1001C000DFE74F01D2E700BFF42203002DE9F04F33
:1001D0000D461446D0F89410027C81460E6887685C
:1001E00089B042B900F1140841455BD08B79022BEC
:1001F0001AD0052303748CB11DB9D9F80830F71B48
:10020000FE18494605A800F0BBF8DDE90523B34216
:1002100007D39B1B02B13244C4E9002309B0BDE8F7
:10022000F08F00231A46F7E79446BB1B182B7CF18E
:1002300000020DF11D0038D38646E346DFF870A0BA
:1002400001919AF8002042B30199AEEB02020EF838
:10025000013D96454FEA132343EA0C634FEA1C2CF9
:10026000F5D1019153EA0C0117D101990BF1180353
:10027000403302F8013C013A801ACDE9032003AA79
:100280000B68484606CA00F04DF8D9F894309845F6
:10029000B1D2083BC9F89430ADE70BF1010B0AF17C
:1002A000010ACEE707230374A5E70246E0E700BF93
:1002B000F422030070B5837B82B02BB101231D466D
:1002C0000374284602B070BD057C002DF9D1D0F82A
:1002D000942000F114039A4203D00825284602B066
:1002E00070BD6E460C460146304600F049F896E86F
:1002F000030084E80300284602B070BD10B483B048
:1003000003466846002440F60F3C80E80600A3F848
:100310000CC003C89C6083E805009C7303B05DF8C3
:10032000044B7047F0B583B002AC04E90600827B51
:100330004AB9DDE9006540F60F32818904469142F1
:1003400003D00123A37303B0F0BDD0E901128A42A8
:10035000F7D8891A8D42F4D89A42F2D3076867B168
:100360001F443946D21A781900F09AF926B12A4664
:100370003146384600F094F9A2681544A560E2E7DA
:100380008B7B33B940F60F338A899A4206D001231A
:100390008B7300231A46C0E9003270470B688A68E5
:1003A000C0E90032704700BF0F280BD01038222858
:1003B00007D8012300F01F01064A40098B4042F88C
:1003C000203070474FF0E022136943F002031361BD
:1003D000704700BF00E100E00F280CD01038222841
:1003E00008D801224309074900F01F00203382404A
:1003F00041F8232070474FF0E022136923F00203F5
:100400001361704700E100E0A0F11003222B0CD82B
:1004100001215A09134803F01F03403201FA03F384
:1004200040F82230BFF36F8F7047022809D00E28A2
:100430000FD00F28F6D10C4A536843F08063536005
:10044000F0E7094A536843F000435360BFF36F8FEE
:100450007047054A536843F080535360BFF36F8F72
:10046000704700BF00E100E000ED00E00E2814D06E
:100470000F280CD01038222808D8012243090A4935
:1004800000F01F006033824041F823207047074A84
:10049000536843F0007353607047044A536843F055
:1004A00000635360704700BF00E100E000ED00E032
:1004B000704700BF43186CD21F2A6AD8013902F076
:1004C0001403014400B580EA010C142B0ED8DFE8B8
:1004D00003F03F0D0D0D480D0D0D0D0D0D0D0D0D06
:1004E0000D0D510D0D0D10005B0300D400205DF8C3
:1004F00004FBBCF11F0F40E8C0F304D99C4641E85F
:10050000C0F39C45F2D122F01402013A0A2AEDD838
:1005100001A151F822F000BF4B0503008D05030037
:1005200045050300ED040300ED040300ED040300A2
:10053000ED040300E90403004B05030087050300F5
:10054000450503009A02D2D4D0E71A03CFD4CDE7F1
:10055000BCF11F0F40E800F3D5D99C4641E800F3F9
:10056000CFE7BCF11F0F40E840F3CCD99C4641E8EF
:1005700040F3C6E7BCF11F0F40E880F3C3D99C46A7
:1005800041E880F3BDE7DB02B1D4AFE75902AED555
:10059000ACE70020704700BF08B5064B044613B116
:1005A0000021AFF30080044B1B6803B1984720463D
:1005B00000F028F800000000BC89002070B50D4D47
:1005C00000260D4C641BA410A64209D10B4D002639
:1005D0000B4C00F07FF8641BA410A64205D170BD3F
:1005E00055F8043B01369847EEE755F8043B0136D1
:1005F0009847F2E7F86D0020F86D0020F86D0020B4
:10060000FC6D0020FEE700BF2DE9E04F2746A04625
:10061000A146A246A346A4462DED108B4FF000053F
:1006200045EC185B45EC195A45EC1A5A45EC1B5A37
:1006300045EC1C5A45EC1D5A45EC1E5A45EC1F5A18
:10064000F1EE105A4FF66076C0F6FF763540E1EED7
:10065000105A84F3008825462646A447BDEC108B2B
:10066000BDE8E08F10F8012B11F8013B012A28BFEB
:100670009A42F7D0D01A7047034611F8012B03F8BD
:10068000012B002AF9D17047034613F8012B002AE9
:10069000FBD1181A013870470028B8BF4042704794
:1006A000884210B501EB020402D98442234607D8E0
:1006B000431EA14208D011F8012B03F8012FF8E7DF
:1006C000024401468A4200D110BD13F8014D02F8E0
:1006D000014DF7E7F8B500BFF8BC08BC9E4670476F
:1006E000F8B500BFF8BC08BC9E467047E100F7FFB4
:1006F000FFFFFFFF7F18000013000300FEFFFF1F36
:1007000054464D5F4154544553544154494F4E5FF4
:10071000534552564943450054495F43525950543A
:100720004F5F5345525649434500000054464D5FC4
:100730004954535F5345540054464D5F4954535FE9
:100740004745540054464D5F4954535F4745545FF5
:10075000494E464F0000000054464D5F4954535FD8
:1007600052454D4F5645000054495F464C41534851
:100770005F534552564943450000000054495F53BA
:10078000595354454D5F5345525649434500000067
:10079000781003005C110300340F0300780D030090
:1007A000940C0300500B0300AC090300B0080300D5
:1007B000B40703000400000044080300FC07030022
:1007C000D8070300200803000800000020000000F4
:1007D0008C08030068080300A3785913CA4DEB7511
:1007E000ABD841414D0A700098E879777940C78CC1
:1007F00073FE6F2BEE6C035200000000ECFFFFFF56
:10080000FFFFFFFFFFFFFFFFFFFFFFFFFFFFFFFFF8
:10081000FFFFFFFFFFFFFFFFFFFFFF7F0000000064
:10082000EDD3F55C1A631258D69CF7A2DEF9DE14FC
:1008300000000000000000000000000000000010A8
:1008400000000000EDFFFFFFFFFFFFFFFFFFFFFFC6
:10085000FFFFFFFFFFFFFFFFFFFFFFFFFFFFFFFFA8
:10086000FFFFFF7F000000005866666666666666EA
:100870006666666666666666666666666666666618
:100880006666666666666666000000001AD5258F95
:10089000602D56C9B2A7259560C72C695CDCD6FDD2
:1008A00031E2A4C0FE536ECDD336692100000000B2
:1008B00003000000400903001C090300F8080300BE
:1008C000D408030001000000200000008809030094
:1008D00064090300EDD3F55C1A631258D69CF7A2A5
:1008E000DEF9DE140000000000000000000000003F
:1008F00000000010000000000100000000000000E7
:1009000000000000000000000000000000000000E7
:10091000000000000000000000000000066D07005D
:1009200000000000000000000000000000000000C7
:1009300000000000000000000000000000000000B7
:10094000EDFFFFFFFFFFFFFFFFFFFFFFFFFFFFFFC9
:10095000FFFFFFFFFFFFFFFFFFFFFFFFFFFFFF7F27
:1009600000000000D9D3CE7EA2C5E929B2617C6D1A
:100970007E4D3D924CD148772CDD1EE0B486A0B868
:10098000A119AE20000000000900000000000000D6
:100990000000000000000000000000000000000057
:1009A0000000000000000000000000000100000046
:1009B000900A0300500A0300100A0300D009030044
:1009C0000100000040000000100B0300D00A0300EB
:1009D0006900A99C829687B5DDDA5D0881D3B11DD7
:1009E0004710AC7F196186411926A94C415C3E55E0
:1009F00070083370CA9C63D60ED2C9B3B38D30CBA6
:100A000007FCC933AEE6D43F8BC4E9DBB89DDDAA51
:100A100023F7168063BD0928DDE5BA5EB75040981C
:100A2000673E08DCCA94FC774DACC1E7B9C7F22B2E
:100A3000A717117FB5C89A8BC9F12E0AA13A25A82C
:100A40005A5DED2DBC6398EACA4134A81016F93DF1
:100A5000CA94FC774DACC1E7B9C7F22BA717117F39
:100A6000B5C89A8BC9F12E0AA13A25A85A5DED2D79
:100A7000BC6398EACA4134A81016F93D8DDDCB94C9
:100A8000C54C23AC457132E2893B608B31A3307891
:100A9000F3483A585660AA2885C6822D2FFF812830
:100AA000E680A3E62AA1CDAE4268C69B009B4D7DA1
:100AB00071083370CA9C63D60ED2C9B3B38D30CBE4
:100AC00007FCC933AEE6D43F8BC4E9DBB89DDDAA91
:100AD0009208D83A0F1ECD780654F0A82F2BCAD111
:100AE000AE63278AD84BCA5B5E485F4A49DEDCB2F8
:100AF00011811F885BC500A01A7BA52400F709F2AD
:100B0000FD2278CFA9BFEAC0EC3263565D38DE7DA6
:100B100022F8B9BC0922358B685E6A4047506D7C6B
:100B20005F7DB9937B68D1508DD4D0E2781F3BFFB5
:100B30008E09D0F4EE623BB4C116D9B5709FED8535
:100B4000936A4C9C2E32215A64D92ED8BDE4AE81D2
:100B500001000000040C0300D40B0300A40B0300ED
:100B6000740B03000100000030000000640C03005F
:100B7000340C0300656504E90232883B10C37F6BC7
:100B8000AFB63ACFA72504AC6C6E161FB35654ED22
:100B900009712F15DF41E6507E6F5D0F286D38A378
:100BA000821EB98C114C50FA9686B73A94C9DB95DF
:100BB0000239B47CD562EB3EA50E882EA6D2DC07A6
:100BC000E17DB72F7C44F01654B5398B2628CE2210
:100BD000DDC7A8042628CE22DDC7A804EBD43A50EE
:100BE0004A81A58A0FF991BAEF6591138727B24F11
:100BF0008EA2BEC2A0AF05CE0A08723C0C158C3D79
:100C0000C682C37B53EC073113004787711A1D90CE
:100C100029A7D3AC2311B77F19DAB112B45654ED1A
:100C200009712F15DF41E6507E6F5D0F286D38A3E7
:100C3000821EB98C15533C26410382421181917763
:100C40002146460E282991F94F059CE16458ECFE97
:100C5000290BB76252D5CF958EEBB15CA4C2F920B7
:100C6000751DBE8A1EAFD447E2B287EFAA46D636BC
:100C700034E026E8E810BD0CFECA7FDBE34FF17ECE
:100C8000E7A347886B3FC1B7813AA6A2FF45CF686B
:100C9000F0641C1D01000000180D0300F80C030097
:100CA000D80C0300B80C0300010000002000000075
:100CB000580D0300380D0300A7564897820E1E906A
:100CC000F7A661B5A37A398C718D839D900A663E33
:100CD000BCA9EEA1DB57FBA9B6078CFF18DCCC6BD7
:100CE000CEE1F75C29168495BF7CD7BBD9B530F32C
:100CF000444B4AE96C5CDC26D9B530F3444B4AE9F5
:100D00006C5CDC26C15580FBE7FF7A413075F6EE5E
:100D100057302CFC75095A7D77536E1F1D481320E0
:100D2000282026D523F63B6E728D839D900A663E61
:100D3000BCA9EEA1DB57FBA99769042FC7541D5C22
:100D4000548EED2D134577C2C91D61141A46F897CC
:100D5000FDC4DAC335F87E546232CE9ABD53443AAC
:100D6000C223BDE3E127DEB9AFB781FC2F484B2C8E
:100D7000CB577ECBB9AED28B01000000680E0300CA
:100D8000240E0300E00D03009C0D03000100000091
:100D900042000000F00E0300AC0E0300096438911D
:100DA0001EB76FBBAE479C89B8C9B53BD0A509F744
:100DB0004801CC7F6B962FBF83878651FAFFFFFFD8
:100DC000FFFFFFFFFFFFFFFFFFFFFFFFFFFFFFFF33
:100DD000FFFFFFFFFFFFFFFFFFFFFFFFFF0100001F
:100DE000003F506BD41F45EFF1342C3D88DF733545
:100DF00007BFB13BBDC052167B937EEC51391956EB
:100E0000E109F18E9189B4B8F315B3995B72DAA256
:100E1000EE4085B6A0219A921F9A1C8E61B93E952C
:100E200051000000FCFFFFFFFFFFFFFFFFFFFFFF80
:100E3000FFFFFFFFFFFFFFFFFFFFFFFFFFFFFFFFC2
:100E4000FFFFFFFFFFFFFFFFFFFFFFFFFFFFFFFFB2
:100E5000FFFFFFFFFFFFFFFFFFFFFFFFFFFFFFFFA2
:100E6000FFFFFFFFFF010000FFFFFFFFFFFFFFFF8E
:100E7000FFFFFFFFFFFFFFFFFFFFFFFFFFFFFFFF82
:100E8000FFFFFFFFFFFFFFFFFFFFFFFFFFFFFFFF72
:100E9000FFFFFFFFFFFFFFFFFFFFFFFFFFFFFFFF62
:100EA000FFFFFFFFFFFFFFFFFF0100005066D19F24
:100EB0007694BE8840C272A286703C356107AD3F11
:100EC00001B950C54026F45E9972EE972C663E2714
:100ED00017BDAF1768449B574944F598D91B7D2C23
:100EE000B45F8A5C04C03B9A786A29391801000013
:100EF00066BDE5C2317E7EF99B426A85C1B3483347
:100F0000DEA8FFA227C11DFE2859E7EF775E4BA19F
:100F1000BA3D4D6B60AF28F821B53F053981649C1F
:100F200042B4952366CB3E9ECDE90404B7068E8578
:100F3000C600000001000000E80F0300B80F030026
:100F4000880F0300580F030001000000300000006C
:100F500048100300181003007329C5CC6A19ECEC83
:100F60007AA7B048B20D1A58DF2D37F4814D63C708
:100F7000FFFFFFFFFFFFFFFFFFFFFFFFFFFFFFFF81
:100F8000FFFFFFFFFFFFFFFFEF2AECD3EDC8852A2D
:100F90009DD12E8A8D3956C65A8713508F08140357
:100FA000124181FE6E9C1D18192DF8E36B058E9879
:100FB000E4E73EE2A72F31B3FCFFFFFF0000000093
:100FC00000000000FFFFFFFFFEFFFFFFFFFFFFFF2E
:100FD000FFFFFFFFFFFFFFFFFFFFFFFFFFFFFFFF21
:100FE000FFFFFFFFFFFFFFFFFFFFFFFF000000000D
:100FF00000000000FFFFFFFFFEFFFFFFFFFFFFFFFE
:10100000FFFFFFFFFFFFFFFFFFFFFFFFFFFFFFFFF0
:10101000FFFFFFFFFFFFFFFF5F0EEA907C1D437A9B
:101020009D817E1DCEB1600AC0B8F0B51331DAE9FA
:101030007C149A28BD1DF4F829DC9292BF989E5D1D
:101040006F2C26964ADE1736B70A7672385E543A07
:101050006C2955BF5DF20255382A5482E041F75998
:10106000989BA78B623B1D6E74AD20F31EC7B18E9B
:1010700037058BBE22CA87AA01000000FC100300BE
:10108000DC100300BC1003009C10030001000000F2
:101090001C0000003C1103001C1103003D2A5C5C95
:1010A0004529DD133EF0B8E0A216FFFFFFFFFFFF6A
:1010B000FFFFFFFFFFFFFFFF00000000B4FF55230D
:1010C00043390B27BAD8BFD7B7B04450563241F591
:1010D000ABB3040C850A05B400000000FEFFFFFF5F
:1010E000FFFFFFFFFFFFFFFFFEFFFFFFFFFFFFFF11
:1010F000FFFFFFFFFFFFFFFF0000000001000000F7
:101100000000000000000000FFFFFFFFFFFFFFFFE7
:10111000FFFFFFFFFFFFFFFF00000000347E0085A0
:101120009981D5446447075AA07543CDE6DF224C28
:10113000FB23F7B5886337BD00000000211D5C115B
:10114000D68032342211C256D3C1034AB990133229
:101150007FBFB46BBD0C0EB70000000001000000A3
:10116000EC110300C8110300A41103008011030057
:1011700001000000200000003412030010120300E0
:10118000512563FCC2CAB9F3849E17A7ADFAE6BC29
:10119000FFFFFFFFFFFFFFFF00000000FFFFFFFF5B
:1011A000000000004B60D2273E3CCE3BF6B053CC53
:1011B000B0061D65BC86987655BDEBB3E7933AAA99
:1011C000D835C65A00000000FCFFFFFFFFFFFFFFFD
:1011D000FFFFFFFF00000000000000000000000013
:1011E00001000000FFFFFFFF00000000FFFFFFFF06
:1011F000FFFFFFFFFFFFFFFF0000000000000000F7
:101200000000000001000000FFFFFFFF00000000E1
:10121000F551BF376840B6CBCE5E316B5733CE2B1E
:10122000169E0F7C4AEBE78E9B7F1AFEE242E34F4D
:101230000000000096C298D84539A1F4A033EB2DE8
:10124000817D0377F240A463E5E6BCF847422CE1D8
:10125000F2D1176B0000000035870200C987020039
:101260004D8702009187020095870200010000006F
:10127000020000000400000041626F7274202D2003
:10128000257328293D25640A000000004B65794D2F
:10129000676D745F7073615F63727970746F5F699B
:1012A0006E6974005761726E696E673A2054727588
:1012B0006E636174656420426967496E742064617D
:1012C000746120746F20485720636F6E7665727367
:1012D000696F6E20282575203E202575290A00009B
:1012E000A0000000A00000000000000000000000BE
:1012F000E00000000001000080010000000200008A
:10130000E0000000000100000000000000000000FC
:10131000E000000000010000800100000002000069
:101320001400000014000000000000000000000095
:101330001C00000020000000300000004000000001
:101340001C00000020000000000000000000000061
:101350001C000000200000003000000040000000E1
:1013600048554B004B455900505341004B455900DF
:1013700025733A20496E76616C6964206E756D62E2
:101380006572206F6620737461746963206465768A
:101390006963657320282564292C206D61782025D8
:1013A000640A000025733A206661696C65642C202C
:1013B0006465766963652028696E646578202564B4
:1013C000292077697468206E616D6520257320651A
:1013D00078697374730A000025733A206661696C3A
:1013E00065642C206572726F722025640A0000000B
:1013F00025733A20756E726567697374657220642F
:1014000072697665720A000025733A206661696C1C
:1014100065642C206E6F7420696E697469616C69F3
:101420007A65640A0000000025733A206661696CE1
:1014300065642C20696E76616C6964206E616D65EF
:101440000A00000025733A206661696C65642074A7
:101450006F2066696E642064657669636520272560
:1014600073270A004465766963655F46696E6400A8
:101470004465766963655F556E496E697469616C30
:10148000697A65004465766963655F496E69746968
:10149000616C697A6500000025733A204661696CC9
:1014A000656420746F2066696E6420646576696384
:1014B0006520272573270A0025733A20496E766137
:1014C0006C696420446576696365202825707829F5
:1014D000206F7220427974654F66667365742028A8
:1014E0002575290A0000000025733A20496E7661AF
:1014F0006C6964204465766963652028257029201D
:101500006F7220427974654F666673657420282572
:1015100075290A0025733A20496E76616C6964204A
:101520004465766963652028257029206F722072D2
:101530006561642061726561202825752D257529F6
:101540000A00000025733A20496E76616C696420B8
:101550004465766963652028257029206F7220779D
:10156000726974652061726561202825752D257565
:10157000290A00004465766963655F57726974657E
:1015800033324172726179004465766963655F52F6
:101590006561643332417272617900004465766935
:1015A00063655F577269746533320000446576691C
:1015B00063655F526561643332436865636B000045
:1015C0004465766963655F496E7465726E616C5FD0
:1015D00046696E6400000000FF000017EDFFFFFF8A
:1015E000FFFFFFFFFFFFFFFFFFFFFFFFFFFFFFFF0B
:1015F000FFFFFFFFFFFFFFFFFFFFFF7FFF00010770
:10160000A3785913CA4DEB75ABD841414D0A700010
:1016100098E879777940C78C73FE6F2BEE6C035294
:10162000FF000207067E45FFAA046ECC821A7D4B9E
:10163000D1D3A1C57E4FFC03DC087BD2BB06A060E2
:10164000F4ED260FFF000307EDD3F55C1A63125883
:10165000D69CF7A2DEF9DE140000000000000000B6
:101660000000000000000010FF0004071AD5258FBD
:10167000602D56C9B2A7259560C72C695CDCD6FDE4
:1016800031E2A4C0FE536ECDD3366921FF000507B9
:1016900058666666666666666666666666666666F8
:1016A00066666666666666666666666666666666DA
:1016B0000400060708000000FF000007EDFFFFFF21
:1016C000FFFFFFFFFFFFFFFFFFFFFFFFFFFFFFFF2A
:1016D000FFFFFFFFFFFFFFFFFFFFFF7FFF0001078F
:1016E000066D070000000000000000000000000080
:1016F00000000000000000000000000000000000EA
:10170000FF000207010000000000000000000000D0
:1017100000000000000000000000000000000000C9
:1017200000000000FF000307EDD3F55C1A631258B8
:10173000D69CF7A2DEF9DE140000000000000000D5
:101740000000000000000010FF0004070900000076
:101750000000000000000000000000000000000089
:10176000000000000000000000000000FF0005076E
:10177000142C31815D3A16D64D9E839281B2C26D92
:10178000B32EB788D322E11F4B795F475EE6515FE6
:10179000040006070800000000020017F3483A584A
:1017A0005660AA2885C6822D2FFF8128E680A3E6F1
:1017B0002AA1CDAE4268C69B009B4D7D7108337057
:1017C000CA9C63D60ED2C9B3B38D30CB07FCC933E4
:1017D000AEE6D43F8BC4E9DBB89DDDAA0002010769
:1017E000CA94FC774DACC1E7B9C7F22BA717117F9C
:1017F000B5C89A8BC9F12E0AA13A25A85A5DED2DDC
:10180000BC6398EACA4134A81016F93D8DDDCB942B
:10181000C54C23AC457132E2893B608B31A33078F3
:101820000002020723F7168063BD0928DDE5BA5ED2
:10183000B7504098673E08DCCA94FC774DACC1E7CE
:10184000B9C7F22BA717117FB5C89A8BC9F12E0A19
:10185000A13A25A85A5DED2DBC6398EACA4134A887
:101860001016F93D000203076900A99C829687B50E
:10187000DDDA5D0881D3B11D4710AC7F1961864167
:101880001926A94C415C3E5570083370CA9C63D63A
:101890000ED2C9B3B38D30CB07FCC933AEE6D43F0B
:1018A0008BC4E9DBB89DDDAA0002040722F8B9BCAD
:1018B0000922358B685E6A4047506D7C5F7DB99325
:1018C0007B68D1508DD4D0E2781F3BFF8E09D0F4D5
:1018D000EE623BB4C116D9B5709FED85936A4C9CFE
:1018E0002E32215A64D92ED8BDE4AE8100020507FC
:1018F0009208D83A0F1ECD780654F0A82F2BCAD1E3
:10190000AE63278AD84BCA5B5E485F4A49DEDCB2C9
:1019100011811F885BC500A01A7BA52400F709F27E
:10192000FD2278CFA9BFEAC0EC3263565D38DE7D78
:1019300001000607010000008001001753EC073189
:1019400013004787711A1D9029A7D3AC2311B77FC5
:1019500019DAB112B45654ED09712F15DF41E65072
:101960007E6F5D0F286D38A3821EB98C8001010740
:101970002628CE22DDC7A804EBD43A504A81A58A96
:101980000FF991BAEF6591138727B24F8EA2BEC2AD
:10199000A0AF05CE0A08723C0C158C3DC682C37BF5
:1019A00080010207114C50FA9686B73A94C9DB952C
:1019B0000239B47CD562EB3EA50E882EA6D2DC0798
:1019C000E17DB72F7C44F01654B5398B2628CE2202
:1019D000DDC7A80480010307656504E90232883B7E
:1019E00010C37F6BAFB63ACFA72504AC6C6E161F41
:1019F000B35654ED09712F15DF41E6507E6F5D0F30
:101A0000286D38A3821EB98C800104071EAFD4470D
:101A1000E2B287EFAA46D63634E026E8E810BD0CDD
:101A2000FECA7FDBE34FF17EE7A347886B3FC1B778
:101A3000813AA6A2FF45CF68F0641C1D800105070E
:101A400015533C2641038242118191772146460E6F
:101A5000282991F94F059CE16458ECFE290BB762E7
:101A600052D5CF958EEBB15CA4C2F920751DBE8A0C
:101A700001000607010000000001001777536E1FE8
:101A80001D481320282026D523F63B6E728D839D9A
:101A9000900A663EBCA9EEA1DB57FBA90001010735
:101AA000D9B530F3444B4AE96C5CDC26C15580FB68
:101AB000E7FF7A413075F6EE57302CFC75095A7DF8
:101AC00000010207B6078CFF18DCCC6BCEE1F75C97
:101AD00029168495BF7CD7BBD9B530F3444B4AE96E
:101AE0006C5CDC2600010307A7564897820E1E9007
:101AF000F7A661B5A37A398C718D839D900A663EF5
:101B0000BCA9EEA1DB57FBA9000104076232CE9A03
:101B1000BD53443AC223BDE3E127DEB9AFB781FC30
:101B20002F484B2CCB577ECBB9AED28B000105078B
:101B30009769042FC7541D5C548EED2D134577C251
:101B4000C91D61141A46F897FDC4DAC335F87E54EE
:101B5000010006070100000009020007FFFFFFFF68
:101B6000FFFFFFFFFFFFFFFFFFFFFFFFFFFFFFFF85
:101B7000FFFFFFFFFFFFFFFFFFFFFFFFFFFFFFFF75
:101B8000FFFFFFFFFFFFFFFFFFFFFFFFFFFFFFFF65
:101B9000FFFFFFFFFFFFFFFFFFFFFFFFFF01000051
:101BA00009020107FCFFFFFFFFFFFFFFFFFFFFFF31
:101BB000FFFFFFFFFFFFFFFFFFFFFFFFFFFFFFFF35
:101BC000FFFFFFFFFFFFFFFFFFFFFFFFFFFFFFFF25
:101BD000FFFFFFFFFFFFFFFFFFFFFFFFFFFFFFFF15
:101BE000FFFFFFFFFF01000009020207003F506BEB
:101BF000D41F45EFF1342C3D88DF733507BFB13B6F
:101C0000BDC052167B937EEC51391956E109F18E15
:101C10009189B4B8F315B3995B72DAA2EE4085B638
:101C2000A0219A921F9A1C8E61B93E955100000026
:101C300009020307096438911EB76FBBAE479C8940
:101C4000B8C9B53BD0A509F74801CC7F6B962FBF2B
:101C500083878651FAFFFFFFFFFFFFFFFFFFFFFFB4
:101C6000FFFFFFFFFFFFFFFFFFFFFFFFFFFFFFFF84
:101C7000FFFFFFFFFF0100000902040766BDE5C288
:101C8000317E7EF99B426A85C1B34833DEA8FFA24C
:101C900027C11DFE2859E7EF775E4BA1BA3D4D6B7A
:101CA00060AF28F821B53F053981649C42B4952383
:101CB00066CB3E9ECDE90404B7068E85C6000000C3
:101CC000090205075066D19F7694BE8840C272A271
:101CD00086703C356107AD3F01B950C54026F45EC2
:101CE0009972EE972C663E2717BDAF1768449B5735
:101CF0004944F598D91B7D2CB45F8A5C04C03B9A9B
:101D0000786A293918010000010006070100000067
:101D100080010007FFFFFFFF00000000000000003F
:101D2000FFFFFFFFFEFFFFFFFFFFFFFFFFFFFFFFC4
:101D3000FFFFFFFFFFFFFFFFFFFFFFFFFFFFFFFFB3
:101D4000FFFFFFFF80010107FCFFFFFF0000000015
:101D500000000000FFFFFFFFFEFFFFFFFFFFFFFF90
:101D6000FFFFFFFFFFFFFFFFFFFFFFFFFFFFFFFF83
:101D7000FFFFFFFFFFFFFFFF80010207EF2AECD309
:101D8000EDC8852A9DD12E8A8D3956C65A871350A3
:101D90008F081403124181FE6E9C1D18192DF8E363
:101DA0006B058E98E4E73EE2A72F31B3800103076D
:101DB0007329C5CC6A19ECEC7AA7B048B20D1A5851
:101DC000DF2D37F4814D63C7FFFFFFFFFFFFFFFFEC
:101DD000FFFFFFFFFFFFFFFFFFFFFFFFFFFFFFFF13
:101DE00080010407B70A7672385E543A6C2955BFF1
:101DF0005DF20255382A5482E041F759989BA78B2F
:101E0000623B1D6E74AD20F31EC7B18E37058BBECD
:101E100022CA87AA800105075F0EEA907C1D437ADB
:101E20009D817E1DCEB1600AC0B8F0B51331DAE9EC
:101E30007C149A28BD1DF4F829DC9292BF989E5D0F
:101E40006F2C26964ADE17360100060701000000B7
:101E500000010007FFFFFFFFFFFFFFFFFFFFFFFF86
:101E60000000000000000000000000000100000071
:101E7000FFFFFFFF00010107FCFFFFFFFFFFFFFF68
:101E8000FFFFFFFF00000000000000000000000056
:101E900001000000FFFFFFFF000102074B60D22797
:101EA0003E3CCE3BF6B053CCB0061D65BC86987662
:101EB00055BDEBB3E7933AAAD835C65A00010307DC
:101EC000512563FCC2CAB9F3849E17A7ADFAE6BCDC
:101ED000FFFFFFFFFFFFFFFF00000000FFFFFFFF0E
:101EE0000001040796C298D84539A1F4A033EB2D20
:101EF000817D0377F240A463E5E6BCF847422CE11C
:101F0000F2D1176B00010507F551BF376840B6CB1A
:101F1000CE5E316B5733CE2B169E0F7C4AEBE78E8D
:101F20009B7F1AFEE242E34F01000607010000001A
:101F3000E0000007010000000000000000000000B9
:101F4000FFFFFFFFFFFFFFFFFFFFFFFFFFFFFFFFA1
:101F5000E0000107FEFFFFFFFFFFFFFFFFFFFFFFA6
:101F6000FEFFFFFFFFFFFFFFFFFFFFFFFFFFFFFF82
:101F7000E0000207B4FF552343390B27BAD8BFD777
:101F8000B7B04450563241F5ABB3040C850A05B4E2
:101F9000E00003073D2A5C5C4529DD133EF0B8E014
:101FA000A216FFFFFFFFFFFFFFFFFFFFFFFFFFFF87
:101FB000E0000407211D5C11D68032342211C25684
:101FC000D3C1034AB99013327FBFB46BBD0C0EB7B7
:101FD000E0000507347E00859981D5446447075A9F
:101FE000A07543CDE6DF224CFB23F7B5886337BDF0
:101FF000010006070100000025733A20416C72655C
:1020000061647920696E697469616C697A65640AD2
:102010000000000025733A20416461707465725FAE
:10202000496E74657272757074735F496E6974205D
:102030006661696C65640A00416461707465725F11
:10204000496E69743A20416461707465725F496ECB
:10205000746572727570747320656E61626C65640C
:102060000A00000025733A20416461707465722093
:102070006973206E6F7420696E697469616C697A26
:1020800065640A00416461707465725F556E496EE3
:1020900069740000416461707465725F496E6974AF
:1020A000000000004549503133305F414943000092
:1020B000FF000000030000004661696C65643A207F
:1020C000417373657420426C6F62204B454B2069ED
:1020D0006E697469616C697A6174696F6E0A000077
:1020E0004661696C65643A20417373657420426C83
:1020F0006F62204B454B206372656174696F6E0A95
:10210000000000004661696C65643A2047657420F0
:10211000526F6F74206B6579207265666572656EAB
:1021200063650A004A757374536F6D654173736F0D
:1021300063696174656444617461466F7254686573
:1021400041737365744C6F61644465726976617440
:10215000696F6E46756E6374696F6E00536F6D655F
:102160004173736F63696174656444617461466F40
:102170007247656E65726174696E675468654B6518
:1021800079426C6F620000002A8648CE3D03010749
:10219000000000002B2403030208010105000000D9
:1021A0002B24030302080101070000002B24030372
:1021B000020801010B0000002B24030302080101A7
:1021C0000D0000002B656E002B6570002A8648CE3E
:1021D0003D0201002B8104010C0000002A86488684
:1021E000F70D0101010000002A864886F70D010164
:1021F0000A00000076FFFFFF73FFFFFF68FFFFFF8D
:1022000068FFFFFF68FFFFFF68FFFFFF68FFFFFF3A
:10221000000000002B810400210000002B8104003D
:10222000220000002B8104002300000045495031AA
:10223000333000005645583A204641494C45442029
:10224000746F20696E697469616C697A6520646570
:102250007669636520282564290A00005645583AA6
:102260002025733A207665785F4465766963654C0E
:10227000696E6B4D61696C626F7828293D25640A2F
:10228000000000007665785F506879736963616C5F
:10229000546F6B656E45786368616E67650000001A
:1022A000B9230300AD230300A1230300C5230300CA
:1022B000D1230300DD230300E9230300F5230300FA
:1022C000012403000D240300192403002524030026
:1022D000312403003D240300492403005524030056
:1022E000612403006D240300792403008524030086
:1022F000912403000101020410000000000000000E
:10230000017A5200027C0E011B0C0D00100000002F
:1023100018000000EC47FFFF100000000000000064
:10232000100000002C000000E847FFFF160000002E
:10233000000000001000000040000000EC47FFFF1C
:1023400030000000000000001000000054000000F9
:102350002048FFFF220000000000000010000000E5
:1023600000000000017A5200027C0E011B0C0D00DF
:10237000100000001800000010E3FFFF1000000034
:10238000000000000000000000000000000000004D
:10239000000000000000000000000000000000003D
:1023A00010B53E4CA446F0F78FFA10BD10B53C4C6A
:1023B000A446F0F789FA10BD10B53A4CA446F0F7E0
:1023C00083FA10BD10B5384CA446F0F77DFA10BD65
:1023D00010B5364CA446F0F777FA10BD10B5344C62
:1023E000A446F0F771FA10BD10B5324CA446F0F7D0
:1023F0006BFA10BD10B5304CA446F0F765FA10BD6D
:1024000010B52E4CA446F0F75FFA10BD10B52C4C59
:10241000A446F0F759FA10BD10B52A4CA446F0F7BF
:1024200053FA10BD10B5284CA446F0F74DFA10BD74
:1024300010B5264CA446F0F747FA10BD10B5244C51
:10244000A446F0F741FA10BD10B5224CA446F0F7AF
:102450003BFA10BD10B5204CA446F0F735FA10BD7C
:1024600010B51E4CA446F0F72FFA10BD10B51C4C49
:10247000A446F0F729FA10BD10B51A4CA446F0F79F
:1024800023FA10BD10B5184CA446F0F71DFA10BD84
:1024900010B5164CA446F0F717FA10BDB54302006C
:1024A000BD4302005D430200853E0200C53E0200BE
:1024B000E94302009D44020001450200853F0200FD
:1024C00095400200813E0200214802009948020026
:1024D000DD480200094902003D490200714902003D
:1024E000A94502005D460200D94602008547020068
:102500007FE97FE9F4F794B97FE97FE9F4F71EB832
:102510007FE97FE9F2F73CBE7FE97FE9F3F77EBB15
:102520007FE97FE9F2F75CBF7FE97FE9F2F71EBB45
:102530007FE97FE9F2F7F4BC7FE97FE9F2F7F8BBC6
:102540007FE97FE9F3F7C6B87FE97FE9F3F75CBE7F
:102550007FE97FE9F4F7B2B97FE97FE9F2F7B0BA32
:102560007FE97FE9F2F7DABD7FE97FE9F3F7DEB9CA
:102570007FE97FE9F4F7EAB97FE97FE9F4F7D8B8B2
:102580007FE97FE9F3F7BABC7FE97FE9F4F762BA44
:102590007FE97FE9F3F72EBF7FE97FE9F2F7A0BA81
:1025A0007FE97FE9F2F7D0BA7FE97FE9F4F740B835
:1025B0007FE97FE9F3F7A0BD7FE97FE9F3F77AB917
:1025C0007FE97FE9F3F7EABA7FE97FE9F3F752BDE4
:1025D0007FE97FE9F3F760BA7FE97FE9F2F724BD8D
:1025E0007FE97FE9F3F75ABB7FE97FE9F2F7BEBEE7
:1025F0007FE97FE9F2F764BB7FE97FE9F2F7E8BFA3
:102600007FE97FE9F2F70CBC7FE97FE9F2F746BC8E
:102610007FE97FE9F4F7D2B97FE97FE9F3F796B86C
:102620007FE97FE9F2F7BEBC7FE97FE9F3F7B6BB4C
:102630007FE97FE9F2F7B6BB7FE97FE9F2F774BA89
:102640007FE97FE9F3F768BA7FE97FE9F4F738B803
:102650007FE97FE9F3F7B6B87FE97FE9F2F7F8BAE7
:102660007FE97FE9F3F7DEB97FE97FE9F3F7E6B8C1
:102670007FE97FE9F3F7CCBB7FE97FE9F2F73ABE68
:102680007FE97FE9F3F78EB97FE97FE9F3F7FEBDD4
:102690007FE97FE9F2F708BD7FE97FE9F3F766BCE0
:1026A0007FE97FE9F4F78CB87FE97FE9F2F796BA22
:1026B0007FE97FE9F3F7E4BB7FE97FE9F2F7DEBD6D
:1026C0007FE97FE9F3F70ABF7FE97FE9F3F74CBDC4
:1026D0007FE97FE9F2F704BF7FE97FE9F3F7C4BE42
:1026E0007FE97FE9F3F76CBF7FE97FE9F2F708BA8A
:1026F0007FE97FE9F2F7B2BF7FE97FE9F3F742BEF6
:102700007FE97FE9F2F77EBD7FE97FE9F3F70CBB54
:102710007FE97FE9F3F7FCBD000000000000000046
:082720003C1F00FFFF00000058
:0C272800FFFFFFFFFEFFFFFF01010000AC
:10273400B87B002000D8B805986F0020006E0020F8
:10274400FCD100000D360200313602000C4A0200B2
:102754000000000000000000000000000000010074
:1027640000021800000000004549503133300000D9
:102774000000000000000000000000000000000055
:102784000000000000000000000000000000000045
:102794000000000000000000000000000000000035
:1027A4000000000000000000000000000000000025
:1027B400FFFF0300070000004549503133305F4EEE
:1027C4005330000000000000000000000000000082
:1027D40000000000000000000000000000000000F5
:1027E40000000000000000000000000000000000E5
:1027F40000000000000000000000000000000400D1
:10280400FFFF0700070000004549503133305F41A6
:102814004943000000000000000000000000000028
:1028240000000000000000000000000000000000A4
:102834000000000000000000000000000000000094
:10284400000000000000000000000000003E000046
:102854001F3E000007000000FFFFFFFF47365A4FEE
:10286400D46D002000000000384A0200EC6D002006
:10287400000000000000000000000000904A020078
:10288400B089002000010200817F0200597F02000C
:0400000320002301B5
:00000001FF
